{"type":"FeatureCollection","features":[{"type":"Feature","geometry":{"type":"Polygon","coordinates":[[[35.07990210678781,32.85834681984382,0],[35.07989035402262,32.85836287798995,0],[35.07987497111848,32.85839035327233,0],[35.079868548268934,32.858412532854715,0],[35.07986737823784,32.85843637947189,0],[35.07986987365907,32.858469410700444,0],[35.07987517073064,32.85848299265327,0],[35.07988144251484,32.85849782711552,0],[35.079950151752605,32.85862319641796,0],[35.080009151515334,32.858726786632026,0],[35.08004499583907,32.858785439943034,0],[35.08008609336809,32.85884936881527,0],[35.08013400450946,32.85892120230505,0],[35.08015855550816,32.85895611470549,0],[35.08017576934929,32.85898091282265,0],[35.08022086471131,32.8590426103398,0],[35.08026657463726,32.85910339504244,0],[35.08029733789099,32.8591438769781,0],[35.0803322535893,32.85918606991454,0],[35.08036460204254,32.85922752452045,0],[35.08042029088161,32.85929112600511,0],[35.08047129612967,32.85935167693156,0],[35.080520316072125,32.85940404848517,0],[35.08057990906737,32.85946674756902,0],[35.08066653287969,32.85955455193851,0],[35.08073767206827,32.85962318283136,0],[35.080786772663075,32.85966923354328,0],[35.08082880554973,32.859707245942694,0],[35.08089638487581,32.85976456969897,0],[35.08096373226528,32.859822031147374,0],[35.08099725989665,32.859849410538125,0],[35.08104494145393,32.85988734728382,0],[35.08110547150882,32.859934248606855,0],[35.08116902884001,32.859981517163106,0],[35.08119825795838,32.86000317648149,0],[35.081231541557095,32.86002634289427,0],[35.081296774068974,32.86007061583192,0],[35.081331621552216,32.86009318323417,0],[35.081397049132136,32.86013475125489,0],[35.08144358160106,32.860162518411265,0],[35.08148025208887,32.86018485943708,0],[35.08156271239692,32.860229710910346,0],[35.08164219393712,32.860271652372596,0],[35.0817669787244,32.86033268179422,0],[35.081880533608285,32.860386328816155,0],[35.081942714632646,32.86041488114912,0],[35.08204028207753,32.86045579951399,0],[35.08210373207018,32.8604830464657,0],[35.0821894268688,32.86051467747039,0],[35.08224423961185,32.86053619562132,0],[35.082298546269044,32.860555941442556,0],[35.08235661756377,32.860575904612055,0],[35.08241422753992,32.860595730248605,0],[35.08247494176383,32.86061509812265,0],[35.08253695524999,32.860634388786146,0],[35.08261030362691,32.86065637386918,0],[35.08270715171606,32.860683099387195,0],[35.082795918254845,32.86070705871986,0],[35.08288960745575,32.86073053586057,0],[35.082924156721134,32.860738802700254,0],[35.082960856087986,32.86074588590122,0],[35.08298349818891,32.86074884556799,0],[35.08300309498151,32.86074979692753,0],[35.083037719813646,32.86074808936588,0],[35.083049415426885,32.86074557328668,0],[35.08306220899528,32.86074251004654,0],[35.0830945577053,32.86072625788027,0],[35.083117441902054,32.860715397626166,0],[35.08315345332874,32.86072163612626,0],[35.08336811285504,32.86076612213566,0],[35.083373270348204,32.860783065284274,0],[35.083377963559165,32.86079810001729,0],[35.08339521999035,32.86081605754213,0],[35.08342459055151,32.86083564800931,0],[35.083447076097364,32.86085322736691,0],[35.08346481721037,32.86086438033137,0],[35.08349112759526,32.86087482022699,0],[35.08352054031851,32.86088226050238,0],[35.083604174776205,32.860888139118465,0],[35.0836868815993,32.86089266425562,0],[35.083729776653065,32.86089257038352,0],[35.083729833426574,32.860891670556306,0],[35.08378700253917,32.86089423236946,0],[35.0838787529221,32.860900471185026,0],[35.08395740644587,32.860904952564496,0],[35.08407358409935,32.86093247829471,0],[35.084136941745676,32.86094970099158,0],[35.084206510201525,32.860951603677734,0],[35.08424242525847,32.86095258404463,0],[35.08439054457161,32.860953546748554,0],[35.08446696370777,32.86095205199902,0],[35.08455584075434,32.8609492066906,0],[35.08467383292259,32.86094399250536,0],[35.08478220510952,32.8609358836183,0],[35.08490411074347,32.86092583902237,0],[35.08500693210276,32.86091500154886,0],[35.08506675509535,32.86090878469798,0],[35.085129667072565,32.860900714193214,0],[35.08519764009961,32.86089089109423,0],[35.08530646624389,32.860873179236314,0],[35.0853726595439,32.860862397659794,0],[35.08544566365156,32.86084842334452,0],[35.085535060328716,32.860829956135326,0],[35.08568420712817,32.860796504559644,0],[35.085775738796926,32.860774452299616,0],[35.08581903164497,32.860762802088416,0],[35.085865134938146,32.86075065859807,0],[35.08594691496089,32.86072663761053,0],[35.08605340111468,32.86069599632458,0],[35.086165320338885,32.86065933231551,0],[35.086265355279,32.86062487152412,0],[35.0863248333567,32.86060299597813,0],[35.08640041501832,32.860574532550956,0],[35.086464672864984,32.86054944242934,0],[35.08654696115233,32.86051567430796,0],[35.08655640158929,32.86051134158519,0],[35.08656430709826,32.86050596687102,0],[35.08657550439461,32.86050289184929,0],[35.08666044107903,32.86046587917785,0],[35.08675127520364,32.860427938749865,0],[35.086829712868365,32.8603869046459,0],[35.086931699535135,32.86033593439114,0],[35.086939645926826,32.860330314432986,0],[35.087045844326724,32.86025227673575,0],[35.08703613714703,32.860243404963406,0],[35.08710997373009,32.86020107875896,0],[35.08723810701929,32.860124914422194,0],[35.087286185874795,32.86009435893672,0],[35.08732042139921,32.86008377543605,0],[35.08741211690402,32.860049176977704,0],[35.08748452435845,32.860021811783504,0],[35.0877010184482,32.85989356069189,0],[35.08783055220047,32.85981515275431,0],[35.087903511021935,32.85977194160803,0],[35.0880487097485,32.85968283690515,0],[35.088163007171055,32.85961504532243,0],[35.08832687235098,32.8595155224275,0],[35.08845624312502,32.859435079482,0],[35.08846691003739,32.85942811573032,0],[35.08855880052843,32.85937004392707,0],[35.08868566598724,32.85929259923203,0],[35.08878017994805,32.85923461084266,0],[35.08833171278107,32.85862649821794,0],[35.088427170403584,32.85858185501104,0],[35.088989352737265,32.85828416032825,0],[35.08950910941087,32.85800431720215,0],[35.089406778317176,32.85789984764486,0],[35.08950709378937,32.85781677281065,0],[35.08980173432393,32.85803161180398,0],[35.090025378129006,32.85820716729272,0],[35.0900711425629,32.85822868006315,0],[35.090108997238836,32.85824589176367,0],[35.090144599286056,32.858256898698954,0],[35.09019885659357,32.85826792265365,0],[35.09027459964694,32.858276103333075,0],[35.09029363818483,32.8582796516997,0],[35.09033964365572,32.858276518813625,0],[35.09036382623887,32.8582700424079,0],[35.09038586731325,32.85826567489243,0],[35.09040241511681,32.85826205527563,0],[35.09043649394243,32.858250361701515,0],[35.09048792732022,32.85822655444254,0],[35.09057896311121,32.85818574764638,0],[35.090648285755485,32.85815601358321,0],[35.09073780310223,32.858118711946474,0],[35.09080726754109,32.858091640601856,0],[35.090877054628656,32.85806704283549,0],[35.090954329275185,32.85804103887784,0],[35.09098395140666,32.85803311376644,0],[35.0910459598207,32.85801191632473,0],[35.091133739028834,32.857985268952156,0],[35.09116118050889,32.85797998556741,0],[35.09123386262036,32.8579604126118,0],[35.091292567621174,32.85794344186791,0],[35.09137927555638,32.857924900411724,0],[35.091440859180224,32.85791252177952,0],[35.09152773669716,32.857894999278415,0],[35.09156221076435,32.85788732997727,0],[35.09162542420342,32.85787864963603,0],[35.09164819494292,32.857866560517564,0],[35.09170573866157,32.85781399808921,0],[35.09174366722258,32.857766951619794,0],[35.09174614682649,32.857767787911904,0],[35.09192663373932,32.85775414097394,0],[35.09205337251629,32.85773745463172,0],[35.0920820836304,32.85776561300974,0],[35.092122340268894,32.857783542197524,0],[35.09216824150691,32.857808633116804,0],[35.09221833738467,32.857835992815254,0],[35.09223931468544,32.85783548774297,0],[35.09223934924016,32.85783774198866,0],[35.092295780289824,32.85783712621861,0],[35.0923770956348,32.85783676624276,0],[35.09244694859331,32.85783662137947,0],[35.09255395797446,32.85783741138465,0],[35.092652640970236,32.857838058608834,0],[35.09273034505291,32.85783879523472,0],[35.092776995660316,32.8578380803492,0],[35.09283536400278,32.8578396950317,0],[35.09285955400106,32.85784071296256,0],[35.09286009434644,32.85784431117104,0],[35.09286987087882,32.85784326491397,0],[35.09289060203812,32.85783882906425,0],[35.092909648833526,32.85783151533209,0],[35.09291912154864,32.857825671831456,0],[35.09293162391471,32.857814808638864,0],[35.09293894420686,32.857804481840105,0],[35.09294319644345,32.85779571222438,0],[35.09296757298058,32.85779449321778,0],[35.0930445508773,32.857798399329376,0],[35.093069343083805,32.85779710853806,0],[35.09307465563398,32.85780757552683,0],[35.09308660254945,32.85782314745184,0],[35.09310047781098,32.85783529288131,0],[35.093122883711224,32.857847425157985,0],[35.093140980202136,32.85785338246017,0],[35.0931668748732,32.85785728093061,0],[35.09322424444253,32.85785796220055,0],[35.09334126719822,32.857859707200014,0],[35.09346363287631,32.85786129452416,0],[35.09352850313198,32.85786117168946,0],[35.09361768461309,32.85786253108105,0],[35.0936624272048,32.857860082939006,0],[35.09375858476685,32.85785809593622,0],[35.093762566966895,32.8581545782856,0],[35.09366067816799,32.85815342595822,0],[35.09357816557144,32.85815241514489,0],[35.09349265822308,32.8581507172429,0],[35.093480736682814,32.85815157589962,0],[35.09345867275399,32.858153849324054,0],[35.09343764440052,32.8581575492284,0],[35.0934252589999,32.85816285999319,0],[35.09340053257873,32.85817558699494,0],[35.093393047750254,32.858179938201964,0],[35.09337705662477,32.85819303993529,0],[35.09336749361034,32.858204470235655,0],[35.09335732754737,32.85822230828136,0],[35.09335135101235,32.85823795804652,0],[35.0933499814594,32.858249919497055,0],[35.09334885360088,32.858264251694166,0],[35.09334778747744,32.8582641912366,0],[35.093324255801384,32.85826117945541,0],[35.09332243965906,32.85826115710424,0],[35.0932754180289,32.858255948688964,0],[35.09325130717772,32.858254764096834,0],[35.09320447314165,32.858253333885244,0],[35.09320272482842,32.85825374800858,0],[35.093158997447496,32.85825921753604,0],[35.09315632657941,32.858259241310186,0],[35.093155999808324,32.85823259620295,0],[35.09315052648763,32.85821567120129,0],[35.093152281194364,32.85821441400811,0],[35.093156652676996,32.85821024940139,0],[35.093156287703195,32.858199660579935,0],[35.09315436939544,32.85819333174465,0],[35.09314968761446,32.85818590039535,0],[35.09313968533301,32.85817605861675,0],[35.093133934540205,32.858171738935745,0],[35.0931174787574,32.85816079947435,0],[35.0931029308544,32.85815427275525,0],[35.09307955717189,32.85814625490868,0],[35.0930557712097,32.85814072804887,0],[35.093037314697156,32.85813985321728,0],[35.09302934051613,32.858139962436745,0],[35.0929975694586,32.85813986201663,0],[35.092962613644836,32.8581398038361,0],[35.092916019277084,32.85813728269017,0],[35.09285641021249,32.8581375271169,0],[35.09281507264722,32.85813623691268,0],[35.092722366324814,32.85813584762321,0],[35.09264348354444,32.85813516404038,0],[35.09253257808904,32.85813312630137,0],[35.09242975835021,32.858131492442396,0],[35.09231450443546,32.85813228191195,0],[35.09225192226452,32.85813332408417,0],[35.09225258907467,32.85814083031488,0],[35.09215545120121,32.85814136897616,0],[35.09215385014945,32.85814191486307,0],[35.092138971711606,32.85815698401308,0],[35.09213815089048,32.85815640619763,0],[35.092115242459855,32.85818195835242,0],[35.0920359523505,32.8581848690424,0],[35.09197319984003,32.85818540868314,0],[35.09191427049043,32.85818034594892,0],[35.09185471248795,32.85815535806947,0],[35.09183900268191,32.85815278314901,0],[35.091823385658856,32.858152028813784,0],[35.09180077727074,32.85815311393565,0],[35.09175710725191,32.858157124097154,0],[35.09173327531674,32.858160138614615,0],[35.09169008553001,32.85816793265893,0],[35.091601695678165,32.858184932733806,0],[35.091554911034564,32.85819348180813,0],[35.09149187429319,32.85820333356235,0],[35.09139563185059,32.85822137867202,0],[35.091287176354456,32.85824179762554,0],[35.091280918844014,32.85822938567285,0],[35.091020701713205,32.85829539428327,0],[35.090764498531165,32.858381047418746,0],[35.090533145773946,32.85848485374455,0],[35.0905413772279,32.85849579597921,0],[35.09049160023521,32.85851746055828,0],[35.09046614101311,32.85853222862981,0],[35.09043502554675,32.85854985529796,0],[35.090421455691114,32.858562242017406,0],[35.09042067962758,32.85856342883057,0],[35.090407199676264,32.85857735480792,0],[35.090393346314066,32.85859672662555,0],[35.090384051391936,32.858620398226684,0],[35.09037513519088,32.85865450808646,0],[35.090371211737505,32.85867578068755,0],[35.09037157222401,32.85870130954287,0],[35.090377877605185,32.858731344129694,0],[35.090709002432,32.859233817677996,0],[35.09080233961633,32.8591885738198,0],[35.090977602214956,32.85918157615116,0],[35.09114121892454,32.85944176691305,0],[35.08947942750675,32.86019855104357,0],[35.08920163463392,32.85981455352945,0],[35.088897694007194,32.85939770357296,0],[35.0888254108282,32.859442002457925,0],[35.08868608669365,32.85952727592674,0],[35.08857405743149,32.85959542084447,0],[35.088519523808024,32.85962882378301,0],[35.08844984547194,32.85967268033054,0],[35.088381882642295,32.859715048845125,0],[35.088349047810965,32.859737260270194,0],[35.08831651286647,32.8597654465333,0],[35.08831345210732,32.85976292979398,0],[35.08829398425782,32.859753331319716,0],[35.088254876346,32.859780210334364,0],[35.08819287801431,32.85982663555547,0],[35.088189085534644,32.8598355118321,0],[35.08816455029885,32.85985472109079,0],[35.08812035227018,32.859891725770765,0],[35.08807415400919,32.85992972854433,0],[35.08805564704138,32.859944342986566,0],[35.08804215907521,32.85995578184916,0],[35.088011049388136,32.859982142542286,0],[35.087983758758355,32.86000873130096,0],[35.087937549483954,32.86005180058391,0],[35.0878773303967,32.86010416309809,0],[35.087830385064414,32.86014549050041,0],[35.08780036382325,32.860171097443576,0],[35.087764364644286,32.86020113329575,0],[35.08771244261297,32.860240965527225,0],[35.08766017474864,32.860283783796405,0],[35.087597326260465,32.86033195358754,0],[35.087521998493706,32.86038721787221,0],[35.08745493900896,32.860431649777354,0],[35.08739543962067,32.86047412304249,0],[35.08732002303307,32.86052280662054,0],[35.087281318898164,32.86054762805843,0],[35.08725664291251,32.8605630796814,0],[35.08724252834934,32.86057315181626,0],[35.08722306025962,32.860588877913244,0],[35.087215374523005,32.860596950717685,0],[35.08721027637451,32.860604200903275,0],[35.08720606445491,32.86060209152242,0],[35.087195831667486,32.8606224023193,0],[35.08718763989229,32.86063831570436,0],[35.08718136028433,32.86065356994496,0],[35.08717485267227,32.860677280879095,0],[35.08706301367936,32.86074093962291,0],[35.08702184348227,32.8607698992059,0],[35.08691069522959,32.860819984488515,0],[35.0868946067861,32.86080939080584,0],[35.0868723480564,32.86079834949898,0],[35.08684548855714,32.860790845685464,0],[35.08682701210629,32.86078689967999,0],[35.086826381582604,32.86079028130937,0],[35.08680450101243,32.86078737805649,0],[35.08678239937703,32.86078683881105,0],[35.08676018384915,32.860788407595074,0],[35.08673970579183,32.8607921700064,0],[35.086718542255774,32.860798046221795,0],[35.08664087501094,32.860826543042684,0],[35.08656055278882,32.86085426006168,0],[35.08650230310269,32.86087218839604,0],[35.08644507746002,32.86088887785127,0],[35.08636799292005,32.86090884691129,0],[35.08632427445577,32.86092241659863,0],[35.086240918619254,32.86094635699536,0],[35.08607508589608,32.86099196169761,0],[35.086000652622445,32.86101131628544,0],[35.085925657855036,32.861032705400994,0],[35.0858276444142,32.861056978789314,0],[35.08573482498262,32.86107910650778,0],[35.08569845733482,32.861086599276895,0],[35.08561923740809,32.861104499185664,0],[35.085501414145774,32.86112793387642,0],[35.08543421317445,32.86114032857886,0],[35.08531299311633,32.86116082848285,0],[35.08523840614588,32.86117265249589,0],[35.0851812435774,32.86118100535103,0],[35.08511767869008,32.8611890328794,0],[35.085047478599805,32.861197516610225,0],[35.08500071812473,32.861203125559015,0],[35.084928839795786,32.86120987097564,0],[35.08486293942634,32.86121629114438,0],[35.084820352117575,32.8612202097463,0],[35.08475393886163,32.86122428228053,0],[35.084670355015234,32.86122894788748,0],[35.0845550855057,32.8612343414071,0],[35.084448797350845,32.861237670457555,0],[35.08436843720308,32.86123724172657,0],[35.08428601708933,32.86123930051932,0],[35.08422196154124,32.86123793787235,0],[35.08418026533802,32.861237014160594,0],[35.0841015176527,32.86123478884716,0],[35.084028806242515,32.861230208679906,0],[35.083954308198855,32.861227449958015,0],[35.08391346281004,32.86122466229133,0],[35.083845167464276,32.86121973461296,0],[35.083762916700586,32.86121350042472,0],[35.083710899451475,32.861208288107214,0],[35.08366410617244,32.861202558733844,0],[35.08360106475039,32.861193950804726,0],[35.083558715517334,32.86119087212916,0],[35.0834956162079,32.86118242188592,0],[35.08343255183255,32.86117421780472,0],[35.08332834114756,32.8611574998413,0],[35.08325926239799,32.861145773279645,0],[35.083171278166574,32.86112984814897,0],[35.083046076294586,32.86110447507002,0],[35.082951398274545,32.86108345508152,0],[35.08284813389081,32.86105768291299,0],[35.082776471924824,32.861039724732905,0],[35.08269858145601,32.86101703201527,0],[35.08264768006327,32.861002214687744,0],[35.082564356960525,32.86097486931342,0],[35.082501139541534,32.86095375338179,0],[35.082454553946256,32.86093850286324,0],[35.08242207403923,32.86092713972094,0],[35.082377021688046,32.86091102865724,0],[35.08233618639378,32.86089399385756,0],[35.08231238039915,32.86088666697762,0],[35.08220391360209,32.860842888856155,0],[35.08217620895137,32.86083026434779,0],[35.08213486855885,32.860812331811964,0],[35.082092938474474,32.86079437794719,0],[35.082031978685606,32.860766307482955,0],[35.08198512540894,32.86074461669094,0],[35.081949314667106,32.86072689057994,0],[35.08189890167683,32.860702064718254,0],[35.08186122724848,32.86068236657463,0],[35.08181273227172,32.86065735861292,0],[35.08166751203931,32.860581087843414,0],[35.08157217542557,32.86052927721641,0],[35.08153060115772,32.86050836508236,0],[35.081503707334505,32.86049437877439,0],[35.081470049126196,32.860475402199235,0],[35.08143352437202,32.86045575735377,0],[35.08136447056512,32.86041493238336,0],[35.08130729669209,32.860382058403374,0],[35.081209953800304,32.86032197797207,0],[35.081161312264705,32.86029197607897,0],[35.08110760406008,32.86025618846883,0],[35.08103360165112,32.86020629649988,0],[35.080978793192685,32.86016969983907,0],[35.08088796343673,32.860104240715586,0],[35.080846675495174,32.86007279424539,0],[35.080780762940975,32.860021388971425,0],[35.08066064007833,32.85992526957869,0],[35.080581682567605,32.8598573531578,0],[35.08051864031444,32.85980336094444,0],[35.08046814999604,32.859757210468054,0],[35.08043657215263,32.859726869027206,0],[35.08041523757521,32.85970582779507,0],[35.08039921861193,32.85969206842948,0],[35.0803711468747,32.859664992744854,0],[35.08031905889378,32.85961315730006,0],[35.0802887032413,32.859582123637345,0],[35.08023234855937,32.85952248073712,0],[35.08018711214553,32.85947442288488,0],[35.080133354729185,32.859416331613495,0],[35.08010355428088,32.85938256995618,0],[35.08007998456465,32.85935792511342,0],[35.08003299866193,32.859307356075256,0],[35.07998688184635,32.85925798261665,0],[35.07995238516833,32.859221843917915,0],[35.07991413953559,32.85917740326746,0],[35.07987661944234,32.859135188687056,0],[35.07983278747874,32.859083889640935,0],[35.07981207155675,32.85905765070301,0],[35.07979271018855,32.85903149696737,0],[35.079779143924625,32.859014993429795,0],[35.079753193263755,32.85897874236128,0],[35.0797305071046,32.85894428799275,0],[35.079699950596904,32.85889982427952,0],[35.07966414486868,32.858844257379225,0],[35.07962034024097,32.85877209688624,0],[35.07959814326548,32.85873169636415,0],[35.079566218050296,32.8586790583734,0],[35.079539621738476,32.85862795404941,0],[35.07949291778377,32.85854135462948,0],[35.079481657667536,32.85851912765718,0],[35.079479723234385,32.85852118066728,0],[35.07945375927564,32.85850374860151,0],[35.07944087669715,32.85848052544589,0],[35.079432749972995,32.85846062884909,0],[35.07939634928335,32.85838847566888,0],[35.07938148919848,32.85835767005982,0],[35.07936353005326,32.85831608079815,0],[35.07934237389416,32.85826500080169,0],[35.079327067957294,32.85822381904303,0],[35.07931106451645,32.85818484661651,0],[35.07931510234172,32.85818366493681,0],[35.07923976028098,32.8579957053451,0],[35.07920062298429,32.85786947527373,0],[35.07920191759124,32.857822471693055,0],[35.079187771637265,32.85777014173148,0],[35.07917495435624,32.85772261908269,0],[35.07914864366624,32.857654122338204,0],[35.0791389467404,32.85761439066837,0],[35.079117471381856,32.85751927468181,0],[35.07909782916054,32.857416669320656,0],[35.07909190621476,32.857362826436116,0],[35.079089781053014,32.85736301456336,0],[35.07908027296757,32.857286273383195,0],[35.07907544690787,32.85724404080009,0],[35.07907107013268,32.85719303526368,0],[35.079066813328936,32.85711217683301,0],[35.07906447274641,32.85705056229626,0],[35.079065626402645,32.85698987729059,0],[35.07906365624227,32.85690187799253,0],[35.0790688489173,32.85662791135401,0],[35.07906849418244,32.85650031252603,0],[35.079069847701106,32.85631267755086,0],[35.079068933215474,32.85620328048998,0],[35.079069708468445,32.85613818314759,0],[35.07906957314079,32.856067278034764,0],[35.07906367901694,32.85603023898609,0],[35.07904793464229,32.85600415907856,0],[35.07901436247051,32.85597571962584,0],[35.07898470096649,32.85596200951778,0],[35.07896635505813,32.855957356461076,0],[35.078938427894684,32.85574446564406,0],[35.078969264176195,32.85572724820926,0],[35.078992150487075,32.85571053134963,0],[35.07901522431413,32.85568961101347,0],[35.07903694264188,32.85566247940315,0],[35.079048476048165,32.85564425075192,0],[35.0790478212366,32.85564344939869,0],[35.0790655546283,32.855624016894524,0],[35.07911293680664,32.855574820569885,0],[35.079121282620775,32.85555869415663,0],[35.079130387166124,32.85553403584738,0],[35.07913276058573,32.85550767833377,0],[35.079131212371365,32.85549036891999,0],[35.07913713735241,32.855440069786944,0],[35.0791437176219,32.85535449644855,0],[35.079147341774856,32.85530854113744,0],[35.07915425258361,32.85524013082054,0],[35.07915594527804,32.855215438939695,0],[35.07916398190006,32.85515322433167,0],[35.07917377196434,32.85502154287417,0],[35.07917518319645,32.85494397042596,0],[35.07917499685548,32.854927566765355,0],[35.07917190357752,32.854918082439774,0],[35.079173732259946,32.854873387688194,0],[35.079172837925555,32.85484157260093,0],[35.07917304939328,32.854774694750866,0],[35.0791646571851,32.8546634642648,0],[35.07916179079501,32.85463240552065,0],[35.079146763013604,32.854523775163734,0],[35.07913397934097,32.85444279815904,0],[35.07912132430498,32.85437444488778,0],[35.07910868355018,32.854319506014704,0],[35.07909506204848,32.85426462025892,0],[35.079075920670675,32.85419077823288,0],[35.07906751240281,32.85415415593932,0],[35.07902310879061,32.85402677441909,0],[35.07899689908204,32.8539556916689,0],[35.07899314663167,32.85394779274297,0],[35.07896893779005,32.853925350752675,0],[35.07895709790401,32.85392238766386,0],[35.078958008527,32.853919793523715,0],[35.07892626404932,32.8539064482963,0],[35.078897321513814,32.85384997641313,0],[35.07887514230275,32.853767713161496,0],[35.0788730235725,32.85376794637607,0],[35.078865142040314,32.85371694630525,0],[35.07888466618933,32.853713733346765,0],[35.078802283260565,32.85356005292335,0],[35.078706376319296,32.853387367539575,0],[35.078680924697146,32.853346413524264,0],[35.078682816727344,32.85334557595529,0],[35.07867776997039,32.85333437013661,0],[35.07867679624829,32.853334740653,0],[35.07865520987256,32.85329440456429,0],[35.0786561835943,32.85329403404805,0],[35.07860864713261,32.8532087246076,0],[35.07860674551181,32.85320954683716,0],[35.07858246029203,32.85316952631717,0],[35.078578265056834,32.85315750352088,0],[35.07858031472632,32.85315699342408,0],[35.078579524085434,32.8531517790784,0],[35.07855722046463,32.85315418939853,0],[35.07855698972735,32.8531526689232,0],[35.07853162214724,32.85309692820566,0],[35.07853037811602,32.85309581246986,0],[35.07854039907488,32.85308785254415,0],[35.07853916873661,32.8530876312951,0],[35.07850037702185,32.8530207232061,0],[35.078494736106826,32.85301422538803,0],[35.078484514437775,32.85300773017357,0],[35.078473166458465,32.85299997236547,0],[35.078473838323355,32.85299927152962,0],[35.07844611816048,32.85294528671434,0],[35.07844506290852,32.852945144989015,0],[35.07844760943443,32.852931700702996,0],[35.07844478301247,32.85292322561232,0],[35.07839652153047,32.852837961342985,0],[35.078355977087924,32.85276872509082,0],[35.0783200740889,32.85270117334362,0],[35.0783191302072,32.852701597988535,0],[35.0782470662737,32.85257752002268,0],[35.07820096506934,32.85249687628982,0],[35.07819090603302,32.85247893881368,0],[35.07817068183041,32.852442580447814,0],[35.0781376736848,32.852387389178766,0],[35.078102969659106,32.85232808720351,0],[35.07804486496139,32.85222611452324,0],[35.07800756694086,32.85215954501241,0],[35.07800854171858,32.8521591763056,0],[35.0779638932654,32.852083414777184,0],[35.07794080570088,32.85208965456041,0],[35.077929898219736,32.85205991132476,0],[35.07788105983002,32.85207094908981,0],[35.07785793469804,32.85198549902148,0],[35.077838226658685,32.85196874198338,0],[35.07783791595111,32.851967879656776,0],[35.077851614967834,32.85196436070436,0],[35.07786353584528,32.851956716539696,0],[35.077873958866455,32.8519416544875,0],[35.077879635615794,32.851918307447754,0],[35.077877418469846,32.85190511713845,0],[35.077870456101934,32.851893444077625,0],[35.077829906512804,32.85183970763247,0],[35.077812671592014,32.85181086868835,0],[35.07781362505536,32.8518104620906,0],[35.0777892103546,32.8517763806872,0],[35.07776606292557,32.85173757572374,0],[35.077668378612906,32.85156677853775,0],[35.07766864346152,32.85155330760825,0],[35.07759551977839,32.851426790013114,0],[35.0775936149893,32.85142760681421,0],[35.077522988863834,32.85131025374334,0],[35.07745889357896,32.851197843089025,0],[35.077464557580484,32.85119024400979,0],[35.07746825911519,32.851179707047834,0],[35.077465791280964,32.85116932703275,0],[35.07745916279785,32.85115731705573,0],[35.07744032476833,32.85113892156938,0],[35.077424265430174,32.851128659408495,0],[35.07740711953775,32.851122250853244,0],[35.07737660282998,32.85111701804772,0],[35.0773476441468,32.8511144233485,0],[35.07733583496064,32.85111570347415,0],[35.077318083662604,32.851119587946776,0],[35.07725916839005,32.85114147965925,0],[35.07717282652996,32.85116882571498,0],[35.07716268823571,32.85114304971026,0],[35.077135300202094,32.85109308374569,0],[35.077134225000826,32.85109121886581,0],[35.07708773933729,32.851007998196366,0],[35.077071919964325,32.85098608734419,0],[35.07707144574858,32.85098527895038,0],[35.07715796141102,32.850949074068744,0],[35.07716563828888,32.85094426686821,0],[35.07717927540898,32.85093237846993,0],[35.07719573096593,32.85091421719606,0],[35.07720700602316,32.85088821499679,0],[35.07721007411501,32.850871681181616,0],[35.07720940494662,32.85083904846008,0],[35.077202261335366,32.85081451532043,0],[35.07719376902966,32.85079936736775,0],[35.07717558992626,32.850775201715685,0],[35.077154750906175,32.85075103335598,0],[35.07713566138364,32.850728570959994,0],[35.07713652954891,32.850728045257945,0],[35.07707109876063,32.85065978773453,0],[35.07706951389442,32.85066099798877,0],[35.07696780318851,32.850566074874926,0],[35.07696516594244,32.85056739766858,0],[35.07687968438523,32.85048577646156,0],[35.07688237403257,32.85048291905221,0],[35.07675960985453,32.85036704616043,0],[35.076670949301985,32.85028264797742,0],[35.076579340394616,32.850196143083735,0],[35.07646521113048,32.85008652831038,0],[35.07646602063103,32.85008593943487,0],[35.07642806520226,32.85005014423344,0],[35.0764087000878,32.850063620874984,0],[35.07640802061996,32.85006292497945,0],[35.076344297244006,32.8500055485697,0],[35.07634359211228,32.850004871582954,0],[35.07636291678116,32.84999054642271,0],[35.07636068840823,32.84998833771493,0],[35.07630715946652,32.849935296206624,0],[35.076306371301165,32.84993590584177,0],[35.076177309165494,32.84981266274892,0],[35.07609717808785,32.84973744845869,0],[35.076097974784446,32.84973684875214,0],[35.07604163041292,32.84968446337482,0],[35.076019479668595,32.84969995777969,0],[35.076009890986604,32.8496904721146,0],[35.075968982512734,32.849650043580226,0],[35.07596016136773,32.84964092748897,0],[35.0759589591259,32.84963977840757,0],[35.075980082588174,32.84962403319177,0],[35.0759236999159,32.84956867215469,0],[35.07592346890678,32.849568860370056,0],[35.07582499384902,32.84947491886838,0],[35.075693301124105,32.849348581583506,0],[35.075292292964235,32.84896614086523,0],[35.07522550218726,32.84890205757223,0],[35.07507831544581,32.848762526382444,0],[35.07507911214179,32.84876192578061,0],[35.07500999736183,32.84869627464057,0],[35.07500918466493,32.84869685989672,0],[35.0749323446505,32.8486223614875,0],[35.07483264807481,32.848527290821174,0],[35.07482431423996,32.84852186665969,0],[35.07481136650063,32.848518833501885,0],[35.074799443321005,32.84852011507444,0],[35.074791967579486,32.84852329479513,0],[35.07476595807578,32.84850234781292,0],[35.07472277424254,32.84846198503609,0],[35.07473313436056,32.84845426651098,0],[35.0747463595488,32.8484413283825,0],[35.074713332190406,32.84841356728237,0],[35.074656786236375,32.84835843091855,0],[35.07458984184194,32.84829483222973,0],[35.074590640670834,32.848294233436576,0],[35.07458141293417,32.84828576603943,0],[35.07457981314261,32.848286961820094,0],[35.074463650068125,32.84817626196222,0],[35.07438628220464,32.84810321979098,0],[35.07438707036422,32.84810261197112,0],[35.07431104574068,32.84802931597083,0],[35.07431024904741,32.84802991566617,0],[35.0742051991196,32.847929541515924,0],[35.074200815955656,32.84792535312745,0],[35.074088908212,32.84781923701288,0],[35.07409050373416,32.84781803762718,0],[35.07404868677124,32.84777914037746,0],[35.07404708058296,32.84778032893127,0],[35.07395375549416,32.84769045340098,0],[35.073836504327396,32.847581263046024,0],[35.07383071814515,32.847574496158735,0],[35.07372041918238,32.847469666292746,0],[35.07358399721907,32.847341027023745,0],[35.07357355166558,32.84734802401607,0],[35.07348895917661,32.8472580274208,0],[35.073502656416395,32.84724806548275,0],[35.07338251767728,32.847125985664434,0],[35.073372119724866,32.84713185377771,0],[35.07328094699728,32.847042218037465,0],[35.07324010851252,32.84699944608752,0],[35.073155295765034,32.84691222171993,0],[35.07302425539483,32.84677745419943,0],[35.072688270699516,32.84644065896269,0],[35.07235478986924,32.84610555611533,0],[35.07209471043467,32.845837673237874,0],[35.07208913602243,32.845840968421456,0],[35.07204060063587,32.84587421189977,0],[35.071852462392606,32.8456784863722,0],[35.07139496706701,32.84514103980382,0],[35.07103830785329,32.84477748576368,0],[35.0709073420789,32.84464492340053,0],[35.070769180839065,32.84450496027881,0],[35.07070902372894,32.844467845686424,0],[35.070686884918096,32.844454260652924,0],[35.07052717582646,32.84453224727419,0],[35.0704307359864,32.844391513277316,0],[35.07033373225287,32.84425020512606,0],[35.07043549473305,32.84420021093403,0],[35.07044425360642,32.84418533976045,0],[35.07045013950636,32.844169493491904,0],[35.07045300764425,32.84415306330616,0],[35.07032340479779,32.843983357662204,0],[35.069942984782905,32.84348522335535,0],[35.06990474514771,32.843433951978575,0],[35.06983781921662,32.84336847161104,0],[35.069768761068325,32.84330458940894,0],[35.06976444304529,32.84330070029303,0],[35.06975940406448,32.84329748756872,0],[35.0697537903186,32.8432950469721,0],[35.069747766198454,32.84329344811001,0],[35.069741507878476,32.84329273805964,0],[35.069735197980116,32.84329293865802,0],[35.069729020237915,32.843294041987654,0],[35.069724978145295,32.843298412626325,0],[35.06972012307891,32.843302146700175,0],[35.06971459405683,32.84330513976286,0],[35.06970854822715,32.84330730632322,0],[35.06970215658858,32.8433085843487,0],[35.069695600783405,32.843308937065615,0],[35.06968906882189,32.843308354757724,0],[35.06968274546904,32.84330685475603,0],[35.06967681118039,32.843304478732435,0],[35.06967143355275,32.84330129539573,0],[35.069666766266856,32.843297393276785,0],[35.06966294160217,32.843292886130776,0],[35.0696600693891,32.84328789941063,0],[35.069651972018626,32.8432848619232,0],[35.06959441183388,32.84331274142973,0],[35.069519466950936,32.84320247985301,0],[35.06947555500084,32.84311148378861,0],[35.06958865303533,32.843073455267906,0],[35.06959825097224,32.843043391617016,0],[35.0693139135791,32.84263402626125,0],[35.068966729963435,32.84213417188752,0],[35.06877515621649,32.84222784003976,0],[35.06861476092067,32.84199406945398,0],[35.068829142261066,32.84188848429873,0],[35.06870794016025,32.841707618625925,0],[35.068384474099055,32.84119642521571,0],[35.068246030304195,32.84098105888845,0],[35.068141091549045,32.84080382700718,0],[35.06788206646642,32.84038115797857,0],[35.06737889172325,32.83950176784496,0],[35.06712572522536,32.839038068658475,0],[35.06704400972816,32.83888211317037,0],[35.06694858310274,32.83870133712299,0],[35.066933734158546,32.838673059197966,0],[35.06691628105194,32.83866219812649,0],[35.06689691734225,32.838653963374846,0],[35.066876191674815,32.83864858637719,0],[35.06685469233499,32.83864622016472,0],[35.0668330258975,32.838646932128746,0],[35.06681180868615,32.83865070130618,0],[35.06680841978691,32.83865196805932,0],[35.06673756857424,32.83851693445844,0],[35.0667538260969,32.83850932315501,0],[35.066768556060865,32.838499748997556,0],[35.06678142916088,32.83848842622628,0],[35.06679215448384,32.83847560789632,0],[35.066800493401004,32.838461581384394,0],[35.06680625957906,32.838446661175404,0],[35.06680035644452,32.83842988869269,0],[35.066791740088156,32.838413975240485,0],[35.066780580927905,32.83839923118644,0],[35.066774083778775,32.838401252840704,0],[35.06652474124184,32.837925578543114,0],[35.066528115112625,32.837924345143385,0],[35.06650182279098,32.83787472331488,0],[35.06640663349694,32.83769935271219,0],[35.06610361307931,32.83712926384583,0],[35.065874154994624,32.83669112759472,0],[35.06576467061156,32.83648023666363,0],[35.06566501594011,32.83628119118998,0],[35.06555354746948,32.83605902675457,0],[35.0654505779805,32.835845888535374,0],[35.06544043054954,32.83582446216336,0],[35.06527425355495,32.83547712740253,0],[35.06524281904717,32.83540890224615,0],[35.065115743597254,32.83513712715762,0],[35.06506651677173,32.835027742601454,0],[35.06496280558767,32.83497014444275,0],[35.064865284634614,32.83490184554457,0],[35.06477927868986,32.83483412297131,0],[35.0647474465444,32.834763077659936,0],[35.064490051772054,32.834478619354655,0],[35.06438937630116,32.83435885627006,0],[35.06462420869839,32.83420853669792,0],[35.0646309798558,32.83420665702461,0],[35.064637298510796,32.834203872451695,0],[35.06464299792954,32.8342002585349,0],[35.06464792416519,32.83419590977977,0],[35.06465194886877,32.834190943262676,0],[35.06465496289354,32.834185490508354,0],[35.064656886978355,32.83417969569866,0],[35.06465767068098,32.83417371476947,0],[35.064657291325474,32.83416770549107,0],[35.06465576040917,32.83416182837689,0],[35.06460812023064,32.83403095093611,0],[35.064909708371104,32.833912035443085,0],[35.06504544177777,32.83386208249071,0],[35.06519404483439,32.83380535218347,0],[35.065249175026715,32.833917644908354,0],[35.06525590244338,32.83393693861238,0],[35.0653145522523,32.83395179510553,0],[35.065345560826174,32.83397642312563,0],[35.06548830901857,32.83434553831491,0],[35.065453269234126,32.83435328640609,0],[35.0658740177393,32.83524647071852,0],[35.06619062029936,32.83588418752361,0],[35.06622857765866,32.83589082528586,0],[35.06629025921784,32.83602213775837,0],[35.06626038825081,32.83603267348562,0],[35.066317912858146,32.83614891413631,0],[35.06642686246234,32.83636708514209,0],[35.06649226904564,32.83649975955546,0],[35.06651538600425,32.83650557206271,0],[35.066539325179484,32.83650806094552,0],[35.06656342233354,32.83650715694355,0],[35.066587005608476,32.83650288366249,0],[35.06660942008668,32.836495361207874,0],[35.06663004168731,32.83648479898678,0],[35.06680610777663,32.83673098323692,0],[35.06672352863576,32.836777151753026,0],[35.06670708146486,32.83678812163633,0],[35.0666928207624,32.836801091163366,0],[35.06668108451516,32.836815753230944,0],[35.06667214882483,32.83683176009184,0],[35.06666622682176,32.83684873507537,0],[35.066663457978414,32.83686627618234,0],[35.06679339881754,32.83710410060688,0],[35.0669228660339,32.837345444560135,0],[35.06709279758571,32.83766227523986,0],[35.067103256193676,32.83768177670911,0],[35.067325414353434,32.83809597815819,0],[35.067566041727055,32.838549339869694,0],[35.06802816676377,32.8394188463362,0],[35.06817859883146,32.839705859717725,0],[35.06807545564447,32.839801477836275,0],[35.06815928592421,32.83992845287454,0],[35.068321377549545,32.840212819677134,0],[35.06832370099697,32.84021613049708,0],[35.06832666590773,32.84021905338683,0],[35.068330182692065,32.84022150168694,0],[35.068334145717806,32.84022340224574,0],[35.068338438646805,32.84022469813038,0],[35.06834293015835,32.84022535132716,0],[35.0683474889056,32.84022534095445,0],[35.06835197709857,32.84022466866577,0],[35.068356261193635,32.840223353251496,0],[35.06841430871353,32.84019353709998,0],[35.06847118667251,32.840165078495026,0],[35.068900404819566,32.840857445257946,0],[35.06901147935268,32.84100586699678,0],[35.06913306628892,32.841204620497166,0],[35.06916641461041,32.84125096993604,0],[35.06921733259339,32.84131991661161,0],[35.069233817877084,32.8413285491443,0],[35.0692515998291,32.84133509837257,0],[35.06927030908165,32.84133942774219,0],[35.06928956123899,32.841341449373985,0],[35.0693089568844,32.841341119555544,0],[35.06938153793891,32.84144104178767,0],[35.06936517947202,32.84144950902128,0],[35.069353452059396,32.84145680995757,0],[35.06934336291284,32.84146568610622,0],[35.06933520829408,32.8414758808062,0],[35.0693292225764,32.84148709585222,0],[35.06932558142578,32.8414990068265,0],[35.0693243889777,32.8415112666918,0],[35.069325682089136,32.84152351932125,0],[35.06932942071147,32.841535408504804,0],[35.06933549855534,32.84154658878108,0],[35.06959568764126,32.84193382416803,0],[35.06977427470545,32.8421994958537,0],[35.069778033894835,32.8422041868709,0],[35.06978261639019,32.84220832423563,0],[35.0697879091238,32.84221180503369,0],[35.06979378297981,32.842214543465836,0],[35.06980009065677,32.842216471746916,0],[35.06980667947975,32.84221754372662,0],[35.069813384997055,32.84221773127574,0],[35.06982004271884,32.84221703151227,0],[35.06982648919484,32.842215460490834,0],[35.0698325641452,32.84221305681171,0],[35.06991816869782,32.84233817235611,0],[35.069885021016155,32.84235443473829,0],[35.07009429896652,32.84264619140177,0],[35.07023573787623,32.84284989191128,0],[35.070260481010195,32.842882225906976,0],[35.0702703737894,32.842888905392925,0],[35.070281357049566,32.84289423261346,0],[35.07029317568988,32.84289808286204,0],[35.070305551057125,32.84290036657277,0],[35.07031819376223,32.84290103023585,0],[35.07033080901838,32.842900058206695,0],[35.07034310091228,32.842897473612204,0],[35.070354782020395,32.84289333655768,0],[35.07044660906965,32.843015478316126,0],[35.0704156494032,32.84303276659441,0],[35.07043630836582,32.84306061479388,0],[35.070409601658284,32.84307675346287,0],[35.07042943093859,32.84310229245443,0],[35.07042232850759,32.843106033166656,0],[35.07060077849402,32.84334808648022,0],[35.07068747287671,32.84347158862327,0],[35.070788640388876,32.84358698195187,0],[35.07079902068159,32.84358133043575,0],[35.070815616292954,32.84359085193962,0],[35.07085105248,32.843630078007585,0],[35.07089104072483,32.84366605202601,0],[35.07093516287181,32.84369839844262,0],[35.070982960114804,32.84372678043444,0],[35.07103393512962,32.84375090261547,0],[35.07108755740956,32.84377051464923,0],[35.07113124869589,32.843781762850476,0],[35.071176478357074,32.84378714990125,0],[35.07122215064361,32.84378654659419,0],[35.07130921144098,32.84378707022126,0],[35.071396241849634,32.843785051898074,0],[35.07154240944366,32.84407445862706,0],[35.07150020226778,32.84412514636058,0],[35.07146127691444,32.84417767249994,0],[35.07145393937072,32.84422874981399,0],[35.07145453774875,32.84428019893831,0],[35.07146306161764,32.84433114432311,0],[35.07147936594092,32.8443807210944,0],[35.071503174266375,32.844428084074366,0],[35.07153408189607,32.84447243032723,0],[35.07162347992639,32.84457091735379,0],[35.07162610397782,32.8445733682195,0],[35.07162916228613,32.84457543001689,0],[35.07163257481915,32.84457704855978,0],[35.07163625191507,32.84457818047198,0],[35.0716400964134,32.84457879679642,0],[35.07164400899843,32.84457888119733,0],[35.071647886060425,32.84457843176142,0],[35.07165162717385,32.84457746010411,0],[35.071655132961396,32.84457599136724,0],[35.07167772894621,32.84455883818696,0],[35.0717184063532,32.844586572145566,0],[35.0717204313012,32.844588212658714,0],[35.071722096947184,32.844590119690395,0],[35.07172335423853,32.844592237284,0],[35.071724166947355,32.844594504988045,0],[35.07172451167315,32.844596856052895,0],[35.07172437783482,32.844599222840706,0],[35.07172376980964,32.84460153502454,0],[35.07172270478487,32.84460372770108,0],[35.07172121383536,32.84460573508012,0],[35.071719340841916,32.844607499500114,0],[35.07171714035765,32.84460896962274,0],[35.071714675469,32.84461010223387,0],[35.0722758536234,32.845181529980465,0],[35.0722995879926,32.845205697718285,0],[35.07239361048003,32.845301436215415,0],[35.073250024875264,32.84616264112119,0],[35.07332095326509,32.84621311975748,0],[35.07340709538124,32.84628727635773,0],[35.07341289700322,32.8463110860735,0],[35.07359690658613,32.846484631535375,0],[35.07365276502292,32.846573206745546,0],[35.07367307139733,32.84659361601114,0],[35.07369331259441,32.84660311298618,0],[35.0737269811921,32.84661248782531,0],[35.07378663182548,32.84660415178547,0],[35.07381296392133,32.84659028606991,0],[35.0738140950364,32.846591815610196,0],[35.07390343556853,32.8467196210856,0],[35.07387925315063,32.84673242236605,0],[35.07386576354176,32.846745112166815,0],[35.07386147398169,32.84676386459,0],[35.07386543669685,32.84678011983265,0],[35.07387803634232,32.84680110712175,0],[35.073895608105495,32.846821603667046,0],[35.07394734297064,32.84687205020405,0],[35.07394653561782,32.84687263996752,0],[35.07398295180983,32.84688635652077,0],[35.07398507250296,32.84688613871923,0],[35.073986813128144,32.846898192484566,0],[35.07402055204179,32.84693116807885,0],[35.074034848306674,32.84692348346618,0],[35.07403599546591,32.846925004004234,0],[35.07406565914108,32.84693976847256,0],[35.074103204134154,32.84698514440421,0],[35.074106833959995,32.84698581903895,0],[35.074088755928784,32.846997386895175,0],[35.07424767191764,32.847148965398816,0],[35.07429472481694,32.847193845313896,0],[35.07461698334447,32.84750133607857,0],[35.07463557776856,32.84749168476768,0],[35.0746365329848,32.84749298779446,0],[35.074677553361795,32.847533968724576,0],[35.07466483754871,32.847541963425414,0],[35.07474280286178,32.84760873120896,0],[35.07479592965869,32.8476553728111,0],[35.07478571153619,32.84766394628898,0],[35.07481921845995,32.84769451391985,0],[35.075093722082144,32.84795916171151,0],[35.075246231286485,32.848104740597705,0],[35.075275266801555,32.84813175084268,0],[35.075346683276706,32.848198185978255,0],[35.075362864755874,32.848212833439526,0],[35.07536429848912,32.848213440851666,0],[35.07536491667632,32.848212178225566,0],[35.07541220557384,32.84825714902827,0],[35.07541254763703,32.8482569870772,0],[35.07541369745596,32.84825817398086,0],[35.07541195987122,32.848259373236914,0],[35.07544792720181,32.84829372490879,0],[35.07547244508594,32.848318704361034,0],[35.07548541331266,32.848333421532175,0],[35.07550557925523,32.84834956807662,0],[35.07554295882136,32.848379498400604,0],[35.075569971356366,32.84841165332259,0],[35.07556837971513,32.848412391067264,0],[35.07557624951807,32.84842109143228,0],[35.07557782262851,32.848419871265854,0],[35.07560254363684,32.84844256873151,0],[35.07570505369446,32.84854050634,0],[35.07578787502461,32.84862034209952,0],[35.075806135419086,32.84863794466428,0],[35.076000825568094,32.84882290926655,0],[35.07607518003886,32.84889354885651,0],[35.07615175407622,32.84896663875659,0],[35.07619071305829,32.84900169569213,0],[35.07623825697158,32.84904447624192,0],[35.0762712871898,32.84908040351934,0],[35.07636206818306,32.84916741906119,0],[35.076378096571595,32.849183281706736,0],[35.076488347241956,32.8492881975251,0],[35.076486748524765,32.84928939423277,0],[35.07650312214949,32.84930589380591,0],[35.0765047133982,32.84930469077862,0],[35.076648665680445,32.84944034333414,0],[35.07664707443123,32.849441546363245,0],[35.076663257705704,32.8494567382748,0],[35.07666485108885,32.84945553705105,0],[35.0768262346938,32.849608005618926,0],[35.07682464131008,32.849609206844725,0],[35.07682937953181,32.849651330370435,0],[35.07683157247969,32.84965291596823,0],[35.07684086325011,32.84965863942926,0],[35.07684915703593,32.84966235020994,0],[35.07685748176804,32.849662350580196,0],[35.076867257764704,32.84965819384925,0],[35.07691820305521,32.84963262793658,0],[35.07695389324187,32.849680806255314,0],[35.076924626602924,32.84969669031507,0],[35.07691690749672,32.849702707522646,0],[35.077006312196666,32.84979089247939,0],[35.07700795678546,32.84978974089625,0],[35.077053103101555,32.849835669185076,0],[35.07713764857168,32.84992167603585,0],[35.0771735985188,32.84995641851893,0],[35.07725059453576,32.850030011307084,0],[35.077417142807235,32.85018784848446,0],[35.07748589332953,32.8502472934074,0],[35.077544049617146,32.85030415143308,0],[35.077580804483496,32.85034399455389,0],[35.077638811734005,32.850408840426795,0],[35.077648658713535,32.85042015755378,0],[35.07770810112152,32.8504884736366,0],[35.0777238553395,32.85050591648637,0],[35.07774525259725,32.850523704981995,0],[35.07776875056201,32.85053961377965,0],[35.07780602230394,32.85055864011435,0],[35.07782832453791,32.850565792312736,0],[35.07784723900399,32.85056793942455,0],[35.07785670083117,32.85056841065729,0],[35.077896606595004,32.85056054411661,0],[35.077932521615594,32.850550264222875,0],[35.0780588846805,32.850778973066646,0],[35.07806095430476,32.85077942149123,0],[35.078043423921464,32.85083703780118,0],[35.07803472362052,32.85087582949573,0],[35.07803301740625,32.85090537965249,0],[35.07803542710204,32.85094023768685,0],[35.0780374517259,32.85096263943218,0],[35.07804876089553,32.850986265125016,0],[35.07815598428374,32.851172498611646,0],[35.078208841452565,32.85126446445642,0],[35.07829519270441,32.85141609888648,0],[35.078334086570905,32.85148193505259,0],[35.078382126122975,32.85156418480153,0],[35.07839005305121,32.85155931285671,0],[35.07840577944725,32.851577017079215,0],[35.07843343633069,32.85160515951297,0],[35.07846395552714,32.8516276981341,0],[35.078481091214435,32.851638429219555,0],[35.07851296342673,32.85165450499902,0],[35.07854057816757,32.85166411229684,0],[35.07853976393903,32.851665779598044,0],[35.07858073997464,32.85179606041778,0],[35.078582374906546,32.85179722163069,0],[35.07857472175367,32.85180489991141,0],[35.07856913406216,32.851814480122364,0],[35.078560339464055,32.85183313799335,0],[35.078557222169394,32.851853653637804,0],[35.07855872178727,32.85186818582501,0],[35.078566850600374,32.851890582877346,0],[35.07858808388644,32.85192650938755,0],[35.0785882175408,32.85192642296002,0],[35.07867906973782,32.85208704333608,0],[35.078873818144686,32.85242531719996,0],[35.07896288948145,32.852582908610536,0],[35.079098004165445,32.852813765715325,0],[35.07914285544515,32.852895137328055,0],[35.0792008684035,32.852995177084225,0],[35.07924364737824,32.85307125098094,0],[35.079241716992506,32.85307202359866,0],[35.07925126531142,32.853088696313904,0],[35.07925318397433,32.853087903847204,0],[35.07929382745173,32.853157964046716,0],[35.079299063074195,32.85316480676938,0],[35.079307477032074,32.85317301601919,0],[35.07931932260885,32.8531809969655,0],[35.07933896993703,32.853191161478044,0],[35.07935233887453,32.85319457600058,0],[35.079377087629865,32.85319759342893,0],[35.07939512047136,32.85319656909643,0],[35.079395264302214,32.853198368104465,0],[35.0794306740826,32.8533151808782,0],[35.07943201224754,32.85331621735068,0],[35.07944343490039,32.85333785660777,0],[35.07942585442479,32.85335451664053,0],[35.07942037575436,32.85336786153656,0],[35.07941840249936,32.85339387321702,0],[35.07944945007059,32.853456195423846,0],[35.07952613711281,32.85360818899748,0],[35.07955882758696,32.85367603744694,0],[35.07959311971681,32.8537559132751,0],[35.07961654984401,32.85381654709549,0],[35.07967738719726,32.85399842918609,0],[35.079699602143315,32.85408397266384,0],[35.07971044208498,32.854129757569694,0],[35.0797131015916,32.8541392973555,0],[35.07971102213018,32.85413971005894,0],[35.07971528912536,32.85415938008825,0],[35.07971739301903,32.85415906659457,0],[35.07972554622584,32.854197986087236,0],[35.079732432384425,32.85423389809478,0],[35.07974276374776,32.85428969120723,0],[35.07975757522698,32.854381604921315,0],[35.07976734792863,32.85445266392316,0],[35.07977004850739,32.85447027834821,0],[35.079777358400065,32.85452941099686,0],[35.07977973034824,32.85458494640868,0],[35.079781591293084,32.854645326070866,0],[35.07978225515167,32.85468244734866,0],[35.07978154713102,32.854730403724304,0],[35.07978017503182,32.85478724285018,0],[35.079778038496876,32.85478720555645,0],[35.079778283602316,32.854810559472085,0],[35.079780417928134,32.85481064906145,0],[35.07977531836417,32.85489741865068,0],[35.07977182643837,32.854980465876096,0],[35.07976818512223,32.855048104939,0],[35.079765309184175,32.8551031743574,0],[35.07976084050618,32.85519026286557,0],[35.07975793287823,32.85526798801572,0],[35.07975421521577,32.855335966033024,0],[35.07975154374242,32.85535863716979,0],[35.079746891629895,32.85542485686879,0],[35.07974656534328,32.855445043491414,0],[35.079747382385825,32.85547574851923,0],[35.079752616643496,32.855495148099315,0],[35.07976858024174,32.855537197900574,0],[35.07977909598364,32.85555674971498,0],[35.0798062826755,32.855588474661786,0],[35.079836001694,32.85561454224036,0],[35.07986426117334,32.85563543899301,0],[35.07989428846027,32.855871422977,0],[35.07978345866079,32.85590079867503,0],[35.07971098299385,32.8559486177175,0],[35.079678152886366,32.8559791214935,0],[35.079663428684825,32.85599723881858,0],[35.079648269119865,32.85601422679696,0],[35.07963973392473,32.856026018650915,0],[35.079629973475996,32.85604308234204,0],[35.07961732917937,32.85606964512306,0],[35.07960555207372,32.856097162751404,0],[35.079600416668356,32.856119320168574,0],[35.07957485721391,32.85621401858498,0],[35.07955701993885,32.85628930869676,0],[35.079537347431874,32.85637058597154,0],[35.07952873607829,32.856410777241095,0],[35.07951752963041,32.85646098996192,0],[35.07947706223494,32.85661396746533,0],[35.07947547590949,32.856629124122996,0],[35.07947290725204,32.85665534348562,0],[35.0794638801043,32.856739854899615,0],[35.07945913690144,32.85679387647549,0],[35.07945512058421,32.85684758769503,0],[35.07945272073933,32.856898933602864,0],[35.07945201619479,32.85693664771328,0],[35.07945384455,32.856996523282454,0],[35.07945582648463,32.85707563737323,0],[35.079460748646,32.85716070462378,0],[35.07946447573483,32.85720663751569,0],[35.07947665654195,32.85731654353691,0],[35.07949585673654,32.85743298116105,0],[35.07950636671631,32.85748496932915,0],[35.07952626990743,32.857572458124515,0],[35.07955228586293,32.857672325947135,0],[35.0795699173105,32.857728942353475,0],[35.07959968532828,32.85783339266742,0],[35.07962329761631,32.8579134768927,0],[35.07964723349632,32.857989855506965,0],[35.07966122021008,32.85803023160919,0],[35.07967097312197,32.858047714197774,0],[35.079683374163956,32.858064626854876,0],[35.07969873406662,32.85808108079676,0],[35.07971428116552,32.85809431410204,0],[35.07973012806162,32.858106312394696,0],[35.0797574577328,32.85812037165688,0],[35.079789143354496,32.85813036323908,0],[35.07990210678781,32.85834681984382,0]]]},"properties":{"OBJECTID":"1","שם_רש":"נת''א","road_rashu":"שדרות ירושלים- ורבורג","area_2":"270413","source":"נתיבי איילון","date":"רבעון 1, 2026"},"id":1},{"type":"Feature","geometry":{"type":"Polygon","coordinates":[[[34.76739079367594,31.962947887396876,0],[34.767044051587845,31.963240337645715,0],[34.76695618186082,31.963310859829996,0],[34.76681889942433,31.96338388369839,0],[34.766669047729586,31.9635041546328,0],[34.76662328679899,31.96352848982138,0],[34.7664565422166,31.963662323081856,0],[34.766456412666436,31.963662427244117,0],[34.76636883350957,31.963731726268158,0],[34.76633684874979,31.963768725104703,0],[34.76633680097243,31.96376876191378,0],[34.76616514894731,31.963897544886628,0],[34.765989519791226,31.964022370304292,0],[34.765810037704945,31.964143148399277,0],[34.76562683216781,31.96425979212813,0],[34.76544003369791,31.964372218960428,0],[34.76524977492263,31.96448034817709,0],[34.76524971976975,31.964480378647604,0],[34.76477357867463,31.964742663198074,0],[34.764092590751,31.96511778163562,0],[34.76381714341817,31.965269508441338,0],[34.763795626161574,31.96528136100878,0],[34.763704387504475,31.965331618323564,0],[34.76342870131166,31.965483476010164,0],[34.763528201942584,31.965583791807145,0],[34.76145575593566,31.966728279770592,0],[34.76101609439402,31.966969645453467,0],[34.760933341915695,31.967015075080308,0],[34.760449337220464,31.967249980270225,0],[34.75998183600761,31.96750731056879,0],[34.75960873511729,31.96762536372641,0],[34.75823947849577,31.96831989374859,0],[34.75780989292193,31.968598477504408,0],[34.75729782074084,31.968930550047556,0],[34.75629593875444,31.969580244794635,0],[34.756300002833314,31.9696217014338,0],[34.75629709710954,31.96966322906137,0],[34.7562872796436,31.969703980188232,0],[34.75627075123681,31.969743123158725,0],[34.75624785005939,31.96977985926603,0],[34.75621904099359,31.96981343894718,0],[34.75618491449736,31.969843178012038,0],[34.756102169194406,31.969893078304224,0],[34.75609351476263,31.96991239228711,0],[34.75609784723647,31.969955856386456,0],[34.75608045562148,31.970116208329323,0],[34.75603876829555,31.97033939946103,0],[34.756011224046475,31.970472261080538,0],[34.75600977241805,31.9704792611471,0],[34.75595471937913,31.970744819453188,0],[34.755906375781144,31.97102007595274,0],[34.75589633886757,31.971183133076664,0],[34.755785666116914,31.971182817761523,0],[34.75563719651117,31.971186313217313,0],[34.755647419181564,31.9709736423661,0],[34.755748836193966,31.97024982271214,0],[34.75574941948235,31.970235388735137,0],[34.755747151114974,31.970221076342796,0],[34.755742094708616,31.97020729157041,0],[34.755734393287426,31.970194427206906,0],[34.755724266179314,31.970182848354753,0],[34.75571200059214,31.970172884284302,0],[34.755697946372415,31.97016481849531,0],[34.75568250230114,31.970158878749025,0],[34.75566610763493,31.970155236136325,0],[34.75564922735729,31.970153992400473,0],[34.75563234264007,31.970155183510776,0],[34.755615931819285,31.970158775987986,0],[34.755600462989975,31.970164666878187,0],[34.75558637387588,31.970172689994197,0],[34.75505047365631,31.970537081596106,0],[34.75425998163827,31.97092249206152,0],[34.75408081786482,31.971009880548138,0],[34.75354036162268,31.971273490350615,0],[34.75313944712072,31.97144748236797,0],[34.75276025308925,31.971612047205014,0],[34.752645154663924,31.97146288014122,0],[34.75289780744623,31.97126346371937,0],[34.75314394046875,31.971069190927206,0],[34.75312880155151,31.971037857232854,0],[34.75311988300689,31.97100483312939,0],[34.75311742483994,31.970971011352677,0],[34.753121493475696,31.970937301154883,0],[34.75318989109248,31.970801457063494,0],[34.7531917659459,31.970797733877344,0],[34.75326617035822,31.97064995771463,0],[34.75326955470645,31.970643235089675,0],[34.7535458793708,31.97019198865158,0],[34.75355650090825,31.97017464415234,0],[34.75365443585907,31.97004059646449,0],[34.75372661264862,31.96993643133089,0],[34.753792970606874,31.969829490495844,0],[34.75385336048121,31.9697200115143,0],[34.75396682098451,31.969501105943735,0],[34.754018314648185,31.96939724239106,0],[34.754065829778376,31.969292009293994,0],[34.75410931717388,31.969185519207713,0],[34.754155386546564,31.969066507728723,0],[34.75419634378448,31.968939747857426,0],[34.75431716331564,31.968693519096046,0],[34.7544332181616,31.968445629333885,0],[34.754433259937564,31.968445523069384,0],[34.75447491947254,31.96834077946279,0],[34.754664426671106,31.96834958070185,0],[34.75475725375326,31.96820337756169,0],[34.75478648072895,31.96798442441327,0],[34.75492843421117,31.967768954572765,0],[34.75494395316809,31.96774879202227,0],[34.75496280544514,31.96773081190756,0],[34.75498457441376,31.967715412250488,0],[34.75511069288299,31.967638925040983,0],[34.75513180234766,31.96762447622868,0],[34.755150799402884,31.96760803507166,0],[34.755167429068656,31.967589825217217,0],[34.75584984195252,31.966745457888198,0],[34.755961481614385,31.966598640319443,0],[34.7559926144041,31.966562995639375,0],[34.75602889563987,31.96653108546085,0],[34.75637312060905,31.966265221212996,0],[34.7565494492841,31.96608853373584,0],[34.756951528227546,31.965615954343214,0],[34.75695712944001,31.965605294040596,0],[34.75696069832775,31.96559401695671,0],[34.75696214785087,31.965582402343685,0],[34.75696144170638,31.965570737748536,0],[34.75695859647889,31.96555931180642,0],[34.756953683782264,31.965548408837304,0],[34.75694682502735,31.96553829710409,0],[34.75693819036835,31.965529227907282,0],[34.75692799239951,31.965521426544527,0],[34.75687899383116,31.965491939849517,0],[34.75692743915876,31.96540953077588,0],[34.7572771356873,31.965126910655925,0],[34.7572915147449,31.96511867824195,0],[34.7573072778147,31.965112557310487,0],[34.75732400096498,31.965108711398003,0],[34.75734123728922,31.965107242637696,0],[34.75735852219059,31.96510819267989,0],[34.757375394582326,31.965111533748793,0],[34.75739482589381,31.96511684434351,0],[34.75747618325131,31.96513907793441,0],[34.75748513907758,31.965140812064007,0],[34.757494311943184,31.965141198762556,0],[34.757503424739255,31.96514022803646,0],[34.757512203351354,31.96513792687677,0],[34.7575203819137,31.965134366491903,0],[34.75752771554263,31.965129654236254,0],[34.75753398246527,31.96512393091237,0],[34.75753899354449,31.965117369902487,0],[34.75754259760736,31.965110169071238,0],[34.75767831307,31.964756742466424,0],[34.75783711150469,31.964781253901215,0],[34.7578172973366,31.964941160339094,0],[34.75777658876259,31.965237581149047,0],[34.75777655122766,31.96523768652787,0],[34.757753547003716,31.965295193792485,0],[34.75670052739085,31.967663183684703,0],[34.75614084431337,31.969131714643808,0],[34.75613882076356,31.96913907431646,0],[34.75613826785458,31.969146617738733,0],[34.75613920142246,31.96915413394501,0],[34.75614159393023,31.96916141181643,0],[34.75614537972219,31.969168247313885,0],[34.756150450774804,31.96917444707025,0],[34.75615666617382,31.969179837441917,0],[34.756163851043155,31.96918426721039,0],[34.75617180181239,31.9691876121099,0],[34.75618029678248,31.969189777570122,0],[34.75618909716168,31.96919070322897,0],[34.7561979544752,31.969190362056896,0],[34.75620662112205,31.969188764903087,0],[34.756214852508435,31.969185956895966,0],[34.75622241869758,31.96918201477879,0],[34.75702199953792,31.96868245397807,0],[34.75739768817459,31.968458075320818,0],[34.75803665980124,31.96807644817479,0],[34.758478010959806,31.96782679777341,0],[34.75839782881346,31.967707764110813,0],[34.75850305064136,31.967655280918777,0],[34.75858329864236,31.967759392629848,0],[34.75883157658093,31.967600443308672,0],[34.75887896637453,31.967534728477986,0],[34.75888330663854,31.967525790618744,0],[34.75888728147001,31.96751672973365,0],[34.75889087918904,31.967507554799763,0],[34.75890243615476,31.96749755018285,0],[34.75891357899467,31.967487209543062,0],[34.75892429178862,31.967476543646285,0],[34.75893456389274,31.967465565982284,0],[34.75894438042738,31.96745429092784,0],[34.75895373180654,31.967442731976394,0],[34.75896260527511,31.967430901708575,0],[34.75897099017616,31.96741881631948,0],[34.758978876928154,31.967406488400854,0],[34.758986254869896,31.96739393504961,0],[34.758993116531265,31.967381169766657,0],[34.758999453371146,31.967368208754543,0],[34.75900525684849,31.967355068215827,0],[34.75901052054672,31.96734176255688,0],[34.75901523803179,31.967328309791316,0],[34.759019402887105,31.96731472432543,0],[34.75902301185226,31.967301024183918,0],[34.75902605850634,31.96728722467493,0],[34.75902853958894,31.96727334382311,0],[34.75903045291059,31.967259396951484,0],[34.75903179626873,31.96724540208835,0],[34.759032567465226,31.967231376360253,0],[34.75903276536411,31.967217335995695,0],[34.75903238988291,31.967203298128574,0],[34.75903144199707,31.967189279896623,0],[34.75902992162409,31.96717529843373,0],[34.75902783185947,31.96716136998318,0],[34.75902517578993,31.96714751259181,0],[34.75902195439525,31.967133742495506,0],[34.75901817288656,31.967120075944884,0],[34.75901383647067,31.967106530092465,0],[34.75900894930521,31.967093120283366,0],[34.75900351765048,31.967079864575584,0],[34.75899754884197,31.96706677742355,0],[34.758991049144335,31.967053875983463,0],[34.75898402589736,31.967041173808028,0],[34.75897648959281,31.967028688970004,0],[34.7589684475704,31.96701643502205,0],[34.758959910339186,31.96700442642985,0],[34.758950888403824,31.96699267856074,0],[34.758941391215416,31.96698120587666,0],[34.75893143246088,31.966970021952537,0],[34.7589210237157,31.966959139454104,0],[34.75891445901881,31.96695006322658,0],[34.75890753369936,31.966941183227913,0],[34.7589002572215,31.966932511214676,0],[34.75889263483101,31.96692405622327,0],[34.75888467811203,31.966915829115873,0],[34.75887639654176,31.966907838943705,0],[34.75886779748162,31.966900094750557,0],[34.75885889357793,31.96689260650062,0],[34.758849693254355,31.966885382339573,0],[34.75884020810371,31.966878431326055,0],[34.75883044972748,31.96687176071516,0],[34.75882042866501,31.966865378660017,0],[34.75881015757128,31.966859293321242,0],[34.75879964910558,31.96685351195757,0],[34.75878891276247,31.966848040013108,0],[34.758777964374765,31.966842884757792,0],[34.75876681449478,31.96683805163942,0],[34.75875547684404,31.966833547018698,0],[34.75902661413235,31.96662846286203,0],[34.758932631443855,31.966476550992066,0],[34.758732556251225,31.9661213313985,0],[34.75868590000709,31.966012346225483,0],[34.75864365825425,31.965902060804577,0],[34.75860588113181,31.96579060427377,0],[34.75857261241789,31.965678108453815,0],[34.75854389165866,31.96556470515009,0],[34.75851975309731,31.965450528854415,0],[34.75859990943129,31.965439020181847,0],[34.75884701989126,31.96598118097101,0],[34.75913821199975,31.96645416170203,0],[34.75951337900451,31.966968994703475,0],[34.75951827548399,31.966978293210335,0],[34.75951850761725,31.966978636708646,0],[34.75953893902841,31.9670087599606,0],[34.7595390136447,31.9670088621257,0],[34.759564841216225,31.967035926431507,0],[34.7595655121868,31.967036526677393,0],[34.759595891743416,31.967059653426062,0],[34.75959630095632,31.9670599109716,0],[34.75963058197457,31.96707864697972,0],[34.759631226889375,31.967078946833865,0],[34.759668508271126,31.967092809182784,0],[34.75966935972877,31.967093055652164,0],[34.75970893407121,31.96710175869538,0],[34.75970900805588,31.967101772481566,0],[34.759749752178145,31.967105037233583,0],[34.75975071900588,31.967105051441514,0],[34.759791337423444,31.967102791299837,0],[34.75979190904347,31.967102714844955,0],[34.75983161750871,31.96709500371664,0],[34.75983224348778,31.967094842682567,0],[34.759869985237486,31.967081887889815,0],[34.75987082693,31.967081526508956,0],[34.759905898512855,31.967063539317596,0],[34.763239978255356,31.965251541354576,0],[34.76422593599425,31.96470225776769,0],[34.76563881377386,31.963915107651268,0],[34.766184773382896,31.963529930410772,0],[34.76681850832192,31.963013990675833,0],[34.76716738220596,31.96271966360478,0],[34.76739079367594,31.962947887396876,0]]]},"properties":{"OBJECTID":"2","שם_רש":"נת''א","road_rashu":"ציר הכיכרות","area_2":"159301","source":"נתיבי איילון","date":"רבעון 1, 2026"},"id":2},{"type":"Feature","geometry":{"type":"Polygon","coordinates":[[[35.094747122219374,32.85856886891391,0],[35.094223600561826,32.8586148665445,0],[35.09419781696844,32.85841896882263,0],[35.09418037406859,32.85837849391224,0],[35.094156970347846,32.85834022197554,0],[35.09412798857675,32.85830477370654,0],[35.0940938970438,32.85827272659319,0],[35.094055252778,32.8582446004937,0],[35.09401268125479,32.858220854012195,0],[35.09396687641304,32.85820187097372,0],[35.093762735202965,32.858167078505524,0],[35.09375858476685,32.85785809593622,0],[35.093801704024955,32.85785779953477,0],[35.09384419919157,32.85785162447649,0],[35.09388495365091,32.85783973388259,0],[35.09392289547403,32.857822439693194,0],[35.09395702520295,32.85780019728162,0],[35.09398644791895,32.85777359105533,0],[35.09401038821635,32.85774332094341,0],[35.09402821693402,32.85771018348436,0],[35.09403946507121,32.85767504929557,0],[35.09402708353739,32.857436631705355,0],[35.094014420679514,32.85718388877111,0],[35.09399045891127,32.85671761659614,0],[35.09398146654408,32.856560084101154,0],[35.093967726424964,32.856346666315254,0],[35.093938855673066,32.85596274704714,0],[35.093854958903606,32.8552756962437,0],[35.09381600795838,32.85493702180982,0],[35.09379427928829,32.854778238181076,0],[35.093786407298296,32.85470915393187,0],[35.09377011943391,32.854572836110975,0],[35.093738621644285,32.85429512671623,0],[35.093721123980174,32.85416535225027,0],[35.093645817528916,32.85354694869731,0],[35.09358868561841,32.853069423519464,0],[35.093545841458976,32.85271806862393,0],[35.093529691993275,32.85259645736136,0],[35.09345062150485,32.85188533155774,0],[35.093444257381904,32.85181707363609,0],[35.09343436918066,32.8517547483923,0],[35.09341314046113,32.85160741107405,0],[35.093391382358014,32.85143658884575,0],[35.09337414229414,32.85129981921526,0],[35.09336977234597,32.851267008363294,0],[35.09335436729514,32.851151066616374,0],[35.09334392159629,32.8510724536941,0],[35.09328677617247,32.850604880100285,0],[35.09325012732434,32.85035775105831,0],[35.09321722275217,32.85033854925507,0],[35.09318092241292,32.850324361411325,0],[35.09314228868231,32.850315603244724,0],[35.09310245143106,32.85031253183725,0],[35.093062577058326,32.85031523659089,0],[35.093023832172555,32.850323639195565,0],[35.092987350479454,32.85033749179609,0],[35.09288706283658,32.850125820706054,0],[35.093061714014155,32.850025188359744,0],[35.09308105488053,32.850007724560996,0],[35.0930970923446,32.8499880207353,0],[35.093109464794686,32.849966516585624,0],[35.09311789709314,32.84994369517258,0],[35.09312219952816,32.84992006668307,0],[35.09310389378977,32.849811756885785,0],[35.093073933847464,32.849680211060274,0],[35.09306969945654,32.84965704746029,0],[35.09296188796463,32.849409324771244,0],[35.09293564987733,32.849396699422414,0],[35.09291286160538,32.84936573772744,0],[35.09274606918477,32.84912368709007,0],[35.092632344471845,32.848940734225444,0],[35.092493332773714,32.848735210148945,0],[35.092386823014564,32.848548650442524,0],[35.09211685238545,32.84813358635997,0],[35.09193275137582,32.847843700782065,0],[35.091748212099525,32.847553308680226,0],[35.09153079297184,32.8472128204482,0],[35.09136945449796,32.84696110763405,0],[35.09123519277743,32.8467453837991,0],[35.091026907079744,32.84641272324787,0],[35.09078121179377,32.84603307209182,0],[35.090610819570614,32.84576779045866,0],[35.09051258183269,32.84562303252651,0],[35.09034889272187,32.845371295461916,0],[35.09016476255702,32.845081403536405,0],[35.09003120697332,32.84486426244552,0],[35.08988875142011,32.84463927649332,0],[35.08970084415901,32.84435175814963,0],[35.08948571332112,32.84402563760534,0],[35.08934081983366,32.84379146326969,0],[35.089304426880275,32.843804400583814,0],[35.089173926096365,32.843592940178866,0],[35.089036761782985,32.843370680284316,0],[35.08885386052977,32.84306870576394,0],[35.08869128080617,32.84280309679824,0],[35.08860122605962,32.8426205406986,0],[35.08836235368997,32.84224644620404,0],[35.08826100920422,32.84208822766044,0],[35.08816114377531,32.841920693261585,0],[35.088044879322105,32.84173290874913,0],[35.08792577487715,32.84155599313497,0],[35.08785589281558,32.84142714536185,0],[35.08770717530529,32.841203623442404,0],[35.08756004113387,32.84098527670473,0],[35.08744857058798,32.8407976340474,0],[35.08732267687675,32.840599990693875,0],[35.087262953054214,32.84050622775077,0],[35.08715292425646,32.84033348927186,0],[35.08694360574593,32.84000745077043,0],[35.086774708328505,32.83975588788799,0],[35.08656355283731,32.83942451441235,0],[35.08645352397243,32.8392449711508,0],[35.08633668808439,32.83906252514318,0],[35.086249479512794,32.83892054862801,0],[35.086144482974554,32.83875526643057,0],[35.086039615476416,32.8385872079641,0],[35.085936156753924,32.83843475987075,0],[35.08576459604869,32.83816226305203,0],[35.0855739509034,32.837870347135954,0],[35.08537024606474,32.83754748967274,0],[35.0852037116061,32.837287266110295,0],[35.08512069318231,32.83715028090598,0],[35.08507775856898,32.83708309211773,0],[35.08494084828943,32.83686884468733,0],[35.08491685643867,32.83683106446758,0],[35.08486347643214,32.83674706356073,0],[35.08481135018877,32.83666484917203,0],[35.084724705467174,32.83653286009276,0],[35.08461403649247,32.83635976160442,0],[35.0844880218247,32.836412367191606,0],[35.08437249183168,32.83670105927507,0],[35.08434868206189,32.836835323152066,0],[35.08433188237551,32.837022493123165,0],[35.084218096899136,32.83701270067553,0],[35.084107191192125,32.836994840777734,0],[35.08409920731031,32.83686415585477,0],[35.08397386455783,32.83661610514952,0],[35.08394470284366,32.83655839424783,0],[35.0838533927036,32.83637769354705,0],[35.083730854967335,32.83613519247283,0],[35.083631410655,32.83593839041229,0],[35.083703216134275,32.835902612133495,0],[35.08344822728386,32.8357699159829,0],[35.08356657509052,32.83542083590977,0],[35.08382055555012,32.83549297792945,0],[35.08386616538178,32.83536782234299,0],[35.083948118628335,32.835329169188824,0],[35.08391798922637,32.83528287001643,0],[35.08367694264511,32.834888558149665,0],[35.083643643101716,32.8348346969909,0],[35.083618060630386,32.8347932045261,0],[35.08359661692981,32.83476272477285,0],[35.0835142687187,32.83463755483544,0],[35.08329077412881,32.834281460103774,0],[35.08314528122238,32.83405452456989,0],[35.08306770447819,32.8339307051707,0],[35.083004350708315,32.83383226583849,0],[35.08285201443621,32.83359574466683,0],[35.08276985070205,32.833467643006536,0],[35.08264847040434,32.83327661212323,0],[35.08256225372693,32.833141719362864,0],[35.08246723017439,32.832992861613704,0],[35.082304254135856,32.83273895382786,0],[35.08211737912932,32.83245202605203,0],[35.081976942164125,32.83223026793545,0],[35.08176280265734,32.831895992275555,0],[35.081520706419745,32.83151351242061,0],[35.081400839685166,32.83133007759398,0],[35.08120333847728,32.83101918276672,0],[35.08110464646715,32.83086421408608,0],[35.08099847897962,32.83069750607045,0],[35.08079690554884,32.830377017991395,0],[35.08066715145486,32.83017483285157,0],[35.08054482449157,32.829982867459,0],[35.08047196055307,32.829852065653,0],[35.08039016080026,32.82974517587777,0],[35.08033295948935,32.8297141461497,0],[35.08013020055336,32.8294314951916,0],[35.08013884380616,32.82942841999314,0],[35.0801467731135,32.82942418992237,0],[35.08015377364876,32.82941892018254,0],[35.080159658314344,32.82941275395674,0],[35.08016426561431,32.82940585609406,0],[35.080167472467856,32.8293984149257,0],[35.080169191021504,32.82939063053968,0],[35.080169377195666,32.829382712986046,0],[35.08006903347454,32.8291679110854,0],[35.07996707307471,32.828872099670285,0],[35.07994820839798,32.82880688783369,0],[35.07991611999386,32.82865135138373,0],[35.07986123256776,32.82839552341496,0],[35.07983162807562,32.828130183400155,0],[35.07981133731081,32.82793001687534,0],[35.07979434362765,32.82776337845957,0],[35.07977377547042,32.8275967743494,0],[35.07974731512382,32.827353933678594,0],[35.07970930823119,32.82701853201385,0],[35.07967284061875,32.82668613448216,0],[35.07965212985336,32.826485132502626,0],[35.07963481611606,32.82632477037451,0],[35.07962474305022,32.82620113769611,0],[35.07961820585949,32.82612342441248,0],[35.079606717093654,32.826046120968826,0],[35.079574913563306,32.82577508893748,0],[35.079542724427206,32.825483640428295,0],[35.07948448231964,32.824968463717276,0],[35.07945101364524,32.82468669081336,0],[35.07943701198314,32.82454254341252,0],[35.07941518488373,32.82442944061263,0],[35.079388382642634,32.824412193363685,0],[35.07932930065271,32.82440446096121,0],[35.07926962806976,32.824401325660595,0],[35.07920986677293,32.82440281501356,0],[35.07915051656358,32.824408915093,0],[35.07909207729398,32.82441957590516,0],[35.07905697000111,32.82408666185202,0],[35.07931800964466,32.824068295831914,0],[35.07933044034415,32.82406140581067,0],[35.079341504061894,32.82405301671447,0],[35.07935094743322,32.82404331854733,0],[35.079358558699774,32.82403253201223,0],[35.07936416237757,32.82402090309581,0],[35.079367632084676,32.82400869406402,0],[35.07935019736793,32.82383019240345,0],[35.07933637813537,32.82370924745777,0],[35.07928709860613,32.82327068440303,0],[35.07920850927497,32.82256823292265,0],[35.07913210048714,32.821897920663105,0],[35.07896574855378,32.82039101760838,0],[35.078936465721405,32.82011860450679,0],[35.07892167079177,32.81997010549033,0],[35.07891019048361,32.81989004454556,0],[35.07888666641948,32.81977905073002,0],[35.07887328401912,32.819717402210294,0],[35.078861166044554,32.81964888767622,0],[35.07883657257869,32.819551215262706,0],[35.07881599438129,32.819494512507276,0],[35.07877348035533,32.81937687218203,0],[35.07872399263626,32.81926119323185,0],[35.07866765684328,32.81914776882441,0],[35.078604616753296,32.819036887636344,0],[35.078535033232676,32.81892883385214,0],[35.07847351390986,32.818843821844354,0],[35.078459084246056,32.81882388085257,0],[35.078376961646065,32.81872229572003,0],[35.078297485359414,32.81863131528475,0],[35.078212985648186,32.818543621809866,0],[35.078123653384964,32.818459412948314,0],[35.07782656393104,32.8182075049698,0],[35.077407209637144,32.817859947124894,0],[35.0773582322365,32.817819709947834,0],[35.07719988002123,32.817826132407845,0],[35.07710988839879,32.817903698216135,0],[35.076694975447765,32.8175604670028,0],[35.076869714750316,32.817412544098765,0],[35.0767667688036,32.81731413768301,0],[35.07669274217862,32.81727934887266,0],[35.07629571625618,32.81695066891944,0],[35.0762627448006,32.81689246615279,0],[35.07571219652272,32.81642950138398,0],[35.075369702067775,32.81614173105156,0],[35.07500245107736,32.81583487422847,0],[35.074494446989284,32.81537130780835,0],[35.07444023688944,32.81532143127495,0],[35.07443584871745,32.81531590385775,0],[35.07440724753378,32.815327363521334,0],[35.07422870434618,32.81546159230392,0],[35.07408180817772,32.815329247869045,0],[35.07426846930487,32.81517568373701,0],[35.07427120795048,32.81516051291404,0],[35.07425117772662,32.81513712565236,0],[35.073635109821936,32.814574717082024,0],[35.07400231486997,32.81429216808663,0],[35.074883044579174,32.815089240127676,0],[35.07515273122741,32.81536096863102,0],[35.075464452783365,32.815637536840796,0],[35.075776768202424,32.815901999664,0],[35.07623788315299,32.816285682496186,0],[35.076738667678754,32.81669643047193,0],[35.07707508953873,32.81697291431295,0],[35.07722505316775,32.817073859624124,0],[35.07746899795785,32.81725519841098,0],[35.07747962312132,32.81726337941005,0],[35.07749165895704,32.81727002445411,0],[35.07750479496211,32.81727496461171,0],[35.077518696015325,32.817278071502734,0],[35.07753300556659,32.8172792672201,0],[35.077547358456314,32.81727852073618,0],[35.07755973956977,32.81727815096337,0],[35.077595167891275,32.817267311550545,0],[35.07767133981595,32.81722486761042,0],[35.07766704437836,32.81719668720478,0],[35.07823225093365,32.816908668981554,0],[35.07825787403741,32.81692736071875,0],[35.0785110131397,32.81679856270654,0],[35.07897070118249,32.81656331919351,0],[35.07898722771133,32.81658638298851,0],[35.079477425604274,32.81633745703834,0],[35.079455347107626,32.81631913066475,0],[35.0798253150877,32.816130772557436,0],[35.07971976620279,32.815987196610415,0],[35.07987838954745,32.81590259274672,0],[35.07998706205156,32.81604842319057,0],[35.080121621748326,32.81597991554955,0],[35.080450642339116,32.815802973626255,0],[35.08051370756114,32.81576803146937,0],[35.080579144119795,32.81573635304497,0],[35.08064589895164,32.81570884711553,0],[35.08069550701043,32.81569029423948,0],[35.080742627435555,32.81566758389079,0],[35.080813479860694,32.81563203882761,0],[35.08088855805722,32.81560002981983,0],[35.080966061514204,32.815572447759685,0],[35.081001483651825,32.81555525134663,0],[35.081106371124015,32.81552088841322,0],[35.08121712534878,32.81546005929472,0],[35.08133195604878,32.81540488318416,0],[35.08145045933284,32.815355555340936,0],[35.081572219598335,32.81531224847192,0],[35.0816968063221,32.81527511633514,0],[35.08182378154263,32.815244288337134,0],[35.08198345265277,32.81520615782165,0],[35.08206564070044,32.815187381974916,0],[35.08220345501829,32.815157394639954,0],[35.082865061497294,32.81503687017083,0],[35.083087016177274,32.81500526742857,0],[35.08330975516469,32.81497788226432,0],[35.08353316741935,32.81495472809213,0],[35.08380903135078,32.81493109385802,0],[35.08417456236731,32.814908620870966,0],[35.08445782927775,32.81489602361506,0],[35.084596444406465,32.8148937893911,0],[35.08487189607097,32.81490018146804,0],[35.08510114262091,32.81491192915347,0],[35.08529429253533,32.81492705228382,0],[35.085615418505,32.81495639094791,0],[35.0857350520817,32.81496709206185,0],[35.086083512009345,32.815011979860806,0],[35.086440020293736,32.815070711638526,0],[35.08646745534175,32.815074250476194,0],[35.08662655170901,32.81509448632784,0],[35.086786524920676,32.81510897812151,0],[35.086947083464196,32.81511770123461,0],[35.08710793688479,32.815120638260645,0],[35.08726879257398,32.815117785317916,0],[35.087429357912605,32.81510914664145,0],[35.0875893413354,32.81509473728901,0],[35.08774845232888,32.815074584944554,0],[35.08798386688093,32.815039262973265,0],[35.08950986832409,32.81481847496199,0],[35.089553106975806,32.8148054960027,0],[35.089593613395074,32.81478728741412,0],[35.08963050932156,32.814764246941756,0],[35.08966299004578,32.81473687429024,0],[35.089690350044854,32.814705764835104,0],[35.08971199367829,32.814671596106436,0],[35.08972745122547,32.81463511157292,0],[35.08973638531543,32.81459710261346,0],[35.089738602684626,32.814558398609265,0],[35.08990956859837,32.81446296398166,0],[35.08993044973146,32.814507031636246,0],[35.0899581940845,32.81454831031521,0],[35.08999229328796,32.81458604302982,0],[35.09003212036098,32.814619535800986,0],[35.09007694463957,32.81464817390385,0],[35.09012594244308,32.81467143089478,0],[35.090178215211324,32.8146888812522,0],[35.09023280124858,32.81470020219106,0],[35.09028869813015,32.81470518811057,0],[35.091148253614726,32.81458015278242,0],[35.091174253531975,32.814570243258,0],[35.091198014306094,32.814556914290485,0],[35.09121890975245,32.81454051697496,0],[35.09123639153628,32.814521482727784,0],[35.09124999879656,32.81450031247468,0],[35.091259374180396,32.814477563139675,0],[35.091264271335554,32.8144538332247,0],[35.09126456026975,32.81442974658371,0],[35.09126023377542,32.81440593800154,0],[35.09125140638759,32.8143830324539,0],[35.09123831012708,32.81436163338158,0],[35.091221289183984,32.81434230465202,0],[35.09120079139759,32.814325552517815,0],[35.091352526655854,32.81424916570755,0],[35.0913780133976,32.81429532650231,0],[35.091410641612896,32.81433816198418,0],[35.091449813257974,32.814376888939414,0],[35.091494812727774,32.81441080159328,0],[35.09154481859379,32.81443927793331,0],[35.09159891532605,32.81446179865577,0],[35.09165611571306,32.81447795079305,0],[35.09171537365917,32.81448744125119,0],[35.09177560554414,32.81449009502593,0],[35.0921794998419,32.814431467195575,0],[35.09258992114866,32.81433275465639,0],[35.092998279529326,32.8142281184227,0],[35.09340445420732,32.81411759086809,0],[35.09380832654597,32.81400120256621,0],[35.094209776838376,32.813878987697834,0],[35.09460868964774,32.81375098315399,0],[35.09500494526727,32.81361722672504,0],[35.09539842826263,32.813477757108,0],[35.095789023199714,32.81333261480458,0],[35.09617661571153,32.81318184302373,0],[35.09656109143262,32.81302548587728,0],[35.0967390079617,32.81295493548687,0],[35.09691987102492,32.8128899490109,0],[35.097103437089494,32.8128306127906,0],[35.097289459429234,32.812777006853814,0],[35.09747768705656,32.8127292049142,0],[35.09766786579556,32.81268726986385,0],[35.09785973934294,32.812651259184214,0],[35.09805304820548,32.81262122043693,0],[35.09824753396559,32.81259719577597,0],[35.098442931813956,32.81257921562939,0],[35.098638980150874,32.8125673059211,0],[35.098835414186695,32.81256148175368,0],[35.10020781606375,32.81254207457582,0],[35.10337438966962,32.8124072715852,0],[35.103497578953295,32.81240081922633,0],[35.10350555919226,32.81238605232608,0],[35.103507240007794,32.81236988272569,0],[35.10350403612518,32.81233727584154,0],[35.10349993283769,32.812295514249044,0],[35.10349274602299,32.81222237036665,0],[35.1035225793276,32.81222100219359,0],[35.10361095266568,32.81221694902305,0],[35.103619352735635,32.812254009039144,0],[35.10362213130188,32.81228032807601,0],[35.103623183275964,32.81230190372158,0],[35.103622962885225,32.81231836394257,0],[35.103623140228194,32.812340041677,0],[35.10362565581388,32.81235055202723,0],[35.10363689508225,32.812369692284705,0],[35.10365518562192,32.81238445057896,0],[35.10367263923109,32.81239429216922,0],[35.10378023210202,32.81238998924263,0],[35.10413009515117,32.81237508902378,0],[35.10426237988822,32.81236945562114,0],[35.10433139781521,32.81235566801762,0],[35.10439797390024,32.812335023758514,0],[35.104418953191725,32.81232599022453,0],[35.10446115747048,32.81230781784404,0],[35.10452004366722,32.81227443818684,0],[35.10455618446957,32.81224816373718,0],[35.10458832848904,32.812221929372086,0],[35.10462163397844,32.812191150491685,0],[35.104662885642206,32.81214243244562,0],[35.10469695640395,32.81208990532785,0],[35.10466868398922,32.812062837441566,0],[35.10468521794295,32.81176034714777,0],[35.10487129112481,32.81177096655751,0],[35.10509417369955,32.811783686079494,0],[35.105078122585745,32.81207667747878,0],[35.105073094816,32.81216844325881,0],[35.10506676238295,32.81228404063989,0],[35.105181680547396,32.812245670061074,0],[35.10525564671989,32.8122209726828,0],[35.10569420135326,32.812074538053785,0],[35.10584646602579,32.81239671555821,0],[35.10559863122954,32.812478213580754,0],[35.10522938253226,32.81259963842949,0],[35.10516912210303,32.81264265912806,0],[35.10511855843761,32.81270276464224,0],[35.10510667914113,32.81276337060209,0],[35.105109367142965,32.81283120616222,0],[35.10512561794952,32.81296076972299,0],[35.105138358966,32.81308648748301,0],[35.105161479099536,32.81320827036522,0],[35.1051857521712,32.81333612975832,0],[35.105233483820214,32.81344377645332,0],[35.105308117773355,32.81359372658502,0],[35.10537208455752,32.813705234494726,0],[35.10540228811564,32.81375364590058,0],[35.105473626335915,32.8138621244877,0],[35.10553090127289,32.81394209303824,0],[35.10557170630743,32.81399520337675,0],[35.105616540743576,32.81405170363731,0],[35.105684370528856,32.81413131706088,0],[35.105723468065925,32.81417595911099,0],[35.10576544141355,32.814220452831634,0],[35.10582842974782,32.814285799391634,0],[35.105890350731144,32.8143450072599,0],[35.10594040984032,32.814392279084835,0],[35.105975621147195,32.8144230355434,0],[35.10607455234107,32.81450677679944,0],[35.106080145663405,32.81451151146987,0],[35.106181513153174,32.81459098954907,0],[35.106244139253015,32.814635707598,0],[35.106316553469796,32.81468679832978,0],[35.106408978430046,32.81474681069765,0],[35.106548291936086,32.8148305831759,0],[35.10699287880275,32.8150803992551,0],[35.10759718950115,32.815419029596875,0],[35.108153972502706,32.8157310232669,0],[35.10866486174411,32.816017295565665,0],[35.109798872113345,32.816653418595514,0],[35.10998056895626,32.81675535228161,0],[35.11013244451019,32.81684022848631,0],[35.11016830712809,32.81683590662396,0],[35.11021893244238,32.81681455117355,0],[35.11024951455153,32.81678494547778,0],[35.11037674215226,32.81664409670811,0],[35.110433097395635,32.81667440701764,0],[35.11050712180789,32.81671422086311,0],[35.1104838166675,32.81674730900587,0],[35.11040728131445,32.81685597578987,0],[35.1103909335825,32.8168825021148,0],[35.11038075063577,32.8169088842881,0],[35.110375730041426,32.816938926698704,0],[35.11037692978369,32.8169627295636,0],[35.11038145712722,32.81698025283921,0],[35.11057374525888,32.81708812674728,0],[35.110858059937065,32.81724762699772,0],[35.11138368319722,32.817542497693964,0],[35.11173778470948,32.81774114332697,0],[35.11198183153246,32.817878049067794,0],[35.11216289000727,32.817899866482335,0],[35.112216788553425,32.81790009283138,0],[35.112277476938814,32.81789679493166,0],[35.11237369706471,32.81788207614761,0],[35.11242282068755,32.81787039656494,0],[35.112563286162754,32.81795944257213,0],[35.112723070454024,32.818059938727224,0],[35.112710342628255,32.818097432574255,0],[35.11270583467094,32.81812498858265,0],[35.11270406591736,32.818144075202135,0],[35.112704235899336,32.81817507278753,0],[35.11270985397493,32.81820721500327,0],[35.11272411822322,32.818251052181715,0],[35.11274079760143,32.81828173724598,0],[35.112745043753385,32.81828867346327,0],[35.11276801165417,32.818319459608574,0],[35.112778840294375,32.818325149995864,0],[35.112805456271346,32.81834007984801,0],[35.11291668658006,32.818402476199125,0],[35.11298203507166,32.818439135328326,0],[35.11288930128348,32.81857857462863,0],[35.1128018131662,32.81871012338358,0],[35.11258067590959,32.818586696515446,0],[35.11220446660141,32.81837671536622,0],[35.11208523325794,32.81831016469917,0],[35.11188028585638,32.818195771755526,0],[35.111159284146794,32.81779333474527,0],[35.110418795141,32.817381007213186,0],[35.11010861151381,32.817209108060865,0],[35.109856272167505,32.81706926460312,0],[35.10945230141836,32.816847988438944,0],[35.10917389929469,32.81669109718078,0],[35.10878218941366,32.81647401021775,0],[35.10865334518436,32.8164026032338,0],[35.108420719998,32.81627410982123,0],[35.10770172924998,32.81587849548953,0],[35.10741504462079,32.81572074992144,0],[35.10708117439115,32.815537037964454,0],[35.106853731146415,32.81541188732683,0],[35.10659577472883,32.81526994547464,0],[35.106385098159805,32.815154018766506,0],[35.10622061550465,32.815059855111706,0],[35.10611643905092,32.81499496063811,0],[35.10607404505495,32.81496736442232,0],[35.10599951363367,32.814918849826604,0],[35.10590560837772,32.814855329312515,0],[35.10581767662147,32.814790834193396,0],[35.105730971511775,32.814725734041524,0],[35.10561086151791,32.814630297089096,0],[35.1055070921047,32.8145410080429,0],[35.10540096110481,32.81444383174305,0],[35.105311707671596,32.814352847106534,0],[35.10527500546065,32.81431292267661,0],[35.10522013992314,32.81424890595815,0],[35.10517299901472,32.81418966709335,0],[35.10514006574211,32.814149277631664,0],[35.10506224096667,32.81403487049606,0],[35.10503642168306,32.813993376667156,0],[35.10501510599417,32.81395802512943,0],[35.10499075268994,32.813917634322436,0],[35.10496401365352,32.813866948797084,0],[35.10493785643898,32.81381736649769,0],[35.10490857992868,32.813754614299576,0],[35.10488168052661,32.81369556813595,0],[35.104871191870906,32.813668423365215,0],[35.10483751024301,32.813581255226424,0],[35.10481762566418,32.81351902624117,0],[35.10479724700218,32.81345271760251,0],[35.10478194844178,32.813392610334226,0],[35.10477049314063,32.813347602257075,0],[35.10475558520142,32.81326952185942,0],[35.10472903932578,32.813111146397304,0],[35.10470341962952,32.812950581452064,0],[35.10468509323725,32.81283572910106,0],[35.10468926507297,32.81280324534314,0],[35.10468700468392,32.81277062661868,0],[35.104663615707416,32.812708571542004,0],[35.10462164396447,32.81265803520211,0],[35.10455370699189,32.812619779935595,0],[35.10451732063206,32.81260866460311,0],[35.104458026758905,32.81260254078041,0],[35.10437724675576,32.812606029843174,0],[35.10425158539129,32.812613370158594,0],[35.10385727729261,32.81263640075999,0],[35.10264007238382,32.812707487866234,0],[35.1007488182586,32.812800637608504,0],[35.100449268870356,32.81283071678932,0],[35.10014889727271,32.81285423114893,0],[35.099847904292886,32.81287116642223,0],[35.099546493958975,32.81288151105371,0],[35.099244866023035,32.81288525799469,0],[35.098943225570984,32.812882404711374,0],[35.098641773413405,32.812872952275036,0],[35.09851217571464,32.81287096451236,0],[35.098382691459605,32.81287595851628,0],[35.09825384813038,32.81288791489702,0],[35.09812617004056,32.81290678541021,0],[35.09800017620143,32.81293249205309,0],[35.097876380318304,32.81296493067135,0],[35.09775528545406,32.81300396915113,0],[35.09690746817206,32.81330094508931,0],[35.09605728490386,32.813593064818626,0],[35.09520477529156,32.81388031389911,0],[35.09434997790918,32.814162679694206,0],[35.09399598761282,32.81427524998596,0],[35.093639568766854,32.814382219420274,0],[35.09328084747734,32.8144835511193,0],[35.092919947715664,32.81457920910633,0],[35.09255699558624,32.814669161014535,0],[35.09219211719421,32.8147533753802,0],[35.09182543971312,32.814831821643644,0],[35.091783509715036,32.81484543825808,0],[35.091744754768584,32.81486462295895,0],[35.09171020274952,32.81488886721825,0],[35.09168077065482,32.814917527155224,0],[35.091657241087105,32.814949842449984,0],[35.09164023767086,32.814984955256676,0],[35.0916302122084,32.81502193363525,0],[35.091627429698995,32.81505979588345,0],[35.091631965101094,32.81509753668261,0],[35.09163367066897,32.81511254598122,0],[35.09163227099281,32.81512757682859,0],[35.091627808287726,32.81514217661325,0],[35.09162041872566,32.815155901825,0],[35.091610326001174,32.81516833968993,0],[35.0915978338514,32.81517911267208,0],[35.09158332069526,32.81518789560092,0],[35.091567224674876,32.81519442287146,0],[35.091550032966055,32.81519849745169,0],[35.09153226575496,32.81519999537662,0],[35.09151446021401,32.815198871144,0],[35.09149715448085,32.81519516040515,0],[35.09148087058094,32.815188973637504,0],[35.091466102676904,32.81518049974085,0],[35.09145329679691,32.81516999249356,0],[35.09144283908735,32.815157771443594,0],[35.09143504622315,32.815144205669284,0],[35.0914301547409,32.8151297047528,0],[35.09142344217929,32.815096996128716,0],[35.09141061895405,32.81506561559208,0],[35.091392016139295,32.81503637135593,0],[35.091368113303446,32.815010016763594,0],[35.09133952571997,32.81498723044008,0],[35.09130698943943,32.814968599146944,0],[35.091271343156144,32.814954602437496,0],[35.09123350366347,32.81494560091288,0],[35.09095086957484,32.814994405286846,0],[35.09066744078528,32.81503980711768,0],[35.0903832739341,32.815081795631436,0],[35.09037373550229,32.81508901490791,0],[35.09036577477084,32.815097488070904,0],[35.09035961842703,32.81510697277205,0],[35.09035544300665,32.81511719866474,0],[35.0903533684814,32.81512787190694,0],[35.09035345397132,32.81513868778067,0],[35.09035569666996,32.81514933610129,0],[35.09036003182824,32.81515951384122,0],[35.09036633702089,32.815168928740505,0],[35.09037443106246,32.81517731192964,0],[35.09038408147512,32.815184423346466,0],[35.09039501408857,32.81519005986027,0],[35.090217098246214,32.815274386266644,0],[35.09018575945653,32.8152388012605,0],[35.09014849942529,32.815207548883244,0],[35.090106146956906,32.81518132599252,0],[35.09005964525265,32.81516071683939,0],[35.09001003057203,32.81514617952392,0],[35.08995840554839,32.81513803785605,0],[35.08978518514074,32.81515873463404,0],[35.08921566931164,32.8152272500174,0],[35.08921248774427,32.815227661868605,0],[35.08864703874408,32.81530083023398,0],[35.08805361326072,32.81538195994075,0],[35.08786027262494,32.81541120503468,0],[35.087689570106704,32.815432789421415,0],[35.0875178618986,32.81544763429244,0],[35.08734552075131,32.81545570753135,0],[35.0871729215317,32.815456992354434,0],[35.08700043908923,32.81545148550546,0],[35.08682844718638,32.8154391981562,0],[35.08636353599691,32.81539674997521,0],[35.08579180678804,32.81532135388835,0],[35.08549081312535,32.8153008957257,0],[35.085189456196666,32.81528469518469,0],[35.084887821377365,32.81527275775431,0],[35.084585990842825,32.815265086216236,0],[35.08363446050936,32.81531547015146,0],[35.08348139981493,32.81532199583902,0],[35.08332869297783,32.81533292824991,0],[35.08327968385196,32.81534817895174,0],[35.08322922025329,32.81535955726329,0],[35.083177730515956,32.81536696621494,0],[35.08198958597916,32.81559725914281,0],[35.08174688267947,32.815657615300424,0],[35.08163693494014,32.815688042431624,0],[35.081553815666844,32.81570492533149,0],[35.08147871256748,32.815736516328435,0],[35.081400935983815,32.815764712488956,0],[35.08133656794807,32.815790659436914,0],[35.08129670216481,32.81580968651774,0],[35.08119836377971,32.81584223463599,0],[35.08112339075542,32.8158683829351,0],[35.08103073312081,32.81590399775826,0],[35.08093592540701,32.815935317437706,0],[35.080839244323805,32.8159622475641,0],[35.080622902236406,32.81604310497053,0],[35.0793415488544,32.81669136250641,0],[35.079483963280914,32.816903395003784,0],[35.07927939536703,32.8170060160305,0],[35.07916228974403,32.81682697176503,0],[35.07915880803993,32.81682203512722,0],[35.07915445852479,32.81681761609386,0],[35.07914934783187,32.81681382207283,0],[35.07914359969997,32.81681074606206,0],[35.07913735497977,32.81680846214113,0],[35.07913076629219,32.81680702726922,0],[35.0791239926967,32.816806475869754,0],[35.07911719969018,32.816806820731955,0],[35.07911055279861,32.81680805390627,0],[35.0785601859046,32.81708878281083,0],[35.07854993618177,32.817097521621335,0],[35.07854157679318,32.817107594129794,0],[35.078535345206674,32.81711871203404,0],[35.078531421268906,32.81713055721805,0],[35.07852991651428,32.81714279075814,0],[35.07853087308159,32.81715506374214,0],[35.078534264770425,32.81716702538563,0],[35.07853999382207,32.817178333849014,0],[35.078547896244785,32.81718866616158,0],[35.07855774714134,32.817197726342016,0],[35.07864531262951,32.817276424701205,0],[35.078559220382644,32.81733055780918,0],[35.078455314144634,32.81723716341444,0],[35.07839427734162,32.817265091404934,0],[35.07788619394948,32.81753399811739,0],[35.07788682970708,32.81753447755803,0],[35.07787675577868,32.8175539637513,0],[35.07787036332208,32.81757453028414,0],[35.077867805743345,32.81759568228353,0],[35.07786914356033,32.81761691486357,0],[35.077874345462526,32.817637718536865,0],[35.077883286152,32.817657595442576,0],[35.07789575166702,32.817676070172304,0],[35.077911443640446,32.8176926987914,0],[35.07791363849107,32.81769466308957,0],[35.07807140815926,32.81782501671851,0],[35.07817114712256,32.8178706446253,0],[35.078521610497255,32.81817137616271,0],[35.0785710514651,32.81825370340291,0],[35.07865836722001,32.818336072275926,0],[35.07890256692448,32.81862316697744,0],[35.079049268140814,32.818834082499855,0],[35.0791510071773,32.81903690617633,0],[35.07920959591324,32.81915623148644,0],[35.07927410256846,32.819339804578306,0],[35.07931815988398,32.819466893296344,0],[35.07935640994939,32.819636873254574,0],[35.07939900050938,32.81986749265694,0],[35.079421423369176,32.82006148414506,0],[35.07949567189235,32.820716185997966,0],[35.07954963927165,32.82119204776454,0],[35.07957326341775,32.821405660277264,0],[35.079592168057964,32.82156623331692,0],[35.07962302330395,32.82184542037335,0],[35.07973103085757,32.822797049866715,0],[35.079795179898724,32.82339389774623,0],[35.07985529522308,32.82393025070788,0],[35.079881147560705,32.823955484990364,0],[35.07991088423226,32.82397745810864,0],[35.079943934486884,32.82399574750132,0],[35.07997966232915,32.82401000177607,0],[35.08027760847846,32.82399741600331,0],[35.08030955664732,32.824311445193395,0],[35.080217409177024,32.82431387945018,0],[35.080125797589126,32.82432260165942,0],[35.080035323187985,32.824337554711384,0],[35.079946577722964,32.824358641814236,0],[35.07991166946816,32.82440748504357,0],[35.07993260258697,32.82458084684701,0],[35.07996110437773,32.824828393734535,0],[35.07997600603021,32.82495882725402,0],[35.0800067024862,32.82523792013416,0],[35.080035103775145,32.82547281616331,0],[35.08006660704563,32.82578475387892,0],[35.08010985095685,32.82618147744605,0],[35.080182198928654,32.826846892966394,0],[35.08023079457912,32.82727415116117,0],[35.080308566001094,32.82798209377337,0],[35.0803600751387,32.82841249170983,0],[35.080390584597104,32.828612664649555,0],[35.080419265311754,32.8287140421078,0],[35.08048269235951,32.828893478992164,0],[35.08052209869642,32.828988179206306,0],[35.08060295401437,32.82920115088506,0],[35.08061650020163,32.82921743347195,0],[35.08063308351901,32.829231573038584,0],[35.08065223567605,32.82924316877048,0],[35.08067341672125,32.82925189552439,0],[35.08069602892332,32.8292575056456,0],[35.08071943384304,32.82925984070675,0],[35.08074297261908,32.82925883603652,0],[35.08076597878658,32.82925451892896,0],[35.08078780497353,32.82924701137488,0],[35.080807835723135,32.82923652556596,0],[35.08082550459062,32.82922335759982,0],[35.08084031444884,32.8292078775812,0],[35.080925610003106,32.829347017654065,0],[35.08079926548527,32.82941589747851,0],[35.08077094124068,32.829499977330244,0],[35.081047158774545,32.829929563287784,0],[35.08104763184315,32.82992805703039,0],[35.08117883930518,32.83013228373911,0],[35.081292433835124,32.83030791753423,0],[35.081425985239036,32.830508540421356,0],[35.08150629727181,32.8306152801716,0],[35.08173909930012,32.83100711684822,0],[35.08176000206701,32.83104229871719,0],[35.08204401327414,32.83147387914568,0],[35.08241882059011,32.83206093557199,0],[35.08266684563365,32.832446397710406,0],[35.08304127807229,32.83302610847026,0],[35.0833028154851,32.83343551593625,0],[35.083522089116826,32.833766484651306,0],[35.08374168951838,32.834118433786244,0],[35.083900178541754,32.83436863570316,0],[35.0840867551023,32.834654409900594,0],[35.084207923091185,32.83482198711814,0],[35.08424246951996,32.834847207170206,0],[35.084280776938236,32.834868202802056,0],[35.08432212493978,32.83488457747762,0],[35.08436573745591,32.834896024777,0],[35.08451861502794,32.83492513265237,0],[35.0845668699993,32.8349170221834,0],[35.084638849860504,32.83476557665174,0],[35.08506245990328,32.83488642168987,0],[35.08486646200677,32.83539027433631,0],[35.08482016682976,32.835513815610604,0],[35.08479711358005,32.83558405228854,0],[35.0847755232975,32.8356353566942,0],[35.084767432708965,32.835695087660035,0],[35.084781868212154,32.83575596546358,0],[35.0849326735244,32.83598660284185,0],[35.08501364573653,32.83611043961811,0],[35.085202688806,32.83639815577128,0],[35.085308872946705,32.83657533502456,0],[35.08541563014744,32.83673879012223,0],[35.085421529906924,32.8367478234396,0],[35.085480388410836,32.83684159099804,0],[35.08555945237585,32.8369694759793,0],[35.085666466232745,32.837134995965016,0],[35.08586321864368,32.837438055216666,0],[35.08596843859867,32.837604055637726,0],[35.086040045459406,32.83772631301917,0],[35.086232527862805,32.83802952632403,0],[35.08642424919996,32.838326091353906,0],[35.08663513332788,32.838655162852326,0],[35.08672521138215,32.83879536547687,0],[35.086919226893635,32.83910180536306,0],[35.08719684364013,32.839536633525086,0],[35.087447062083235,32.83992876394163,0],[35.08758259158401,32.84014361228414,0],[35.087735657437484,32.84038594675765,0],[35.087820270868086,32.84052806947191,0],[35.08785861451506,32.84058270331413,0],[35.087880855483974,32.840602758636294,0],[35.087909918352096,32.84061889255026,0],[35.08793255533454,32.840620350910235,0],[35.08796666091298,32.840614332316775,0],[35.087991076431905,32.84060343107566,0],[35.08803467700533,32.84058396630203,0],[35.08810733995659,32.84055152527493,0],[35.08820766302843,32.84050673511833,0],[35.088228523038765,32.84054150104376,0],[35.08830166217155,32.840663392418016,0],[35.08827472545536,32.84067545545989,0],[35.08821674693853,32.840701419864374,0],[35.08813179850256,32.84073946164898,0],[35.08808748173336,32.8407593072044,0],[35.08805797566259,32.84077335603406,0],[35.08804248092078,32.84078684531259,0],[35.088032655662566,32.84080370496168,0],[35.08803019125196,32.84081289628399,0],[35.088030459404,32.84083168411055,0],[35.088029373752555,32.84084184061961,0],[35.088044863580144,32.84086733132291,0],[35.088085103591645,32.840930036064655,0],[35.08813998358233,32.84101638403671,0],[35.08820943919572,32.841116809148616,0],[35.08832207349966,32.84130719693972,0],[35.08837845776198,32.841396100680555,0],[35.08844436964878,32.84149587315584,0],[35.088488790098666,32.84156166360582,0],[35.08860759932735,32.84174963401095,0],[35.08862166228196,32.841771959295585,0],[35.08873274569663,32.84194220966682,0],[35.08880970847881,32.842045964993304,0],[35.088891713466175,32.84215518825327,0],[35.08891000269757,32.84217954800661,0],[35.08917619803751,32.842083411938255,0],[35.08927295750776,32.84228964131802,0],[35.089238976842594,32.84229941320591,0],[35.08920726878856,32.84231362348189,0],[35.089178641330086,32.8423319077078,0],[35.089153822469775,32.84235380308855,0],[35.089133444202915,32.842378751161824,0],[35.0891180243335,32.842406117618374,0],[35.089107955774914,32.84243520581708,0],[35.08924382167424,32.84268178570194,0],[35.089465329166636,32.84308278875393,0],[35.08946976111732,32.84309259327095,0],[35.089813761110804,32.84364867761453,0],[35.09008406380908,32.84407326274712,0],[35.09022138867891,32.84428896725141,0],[35.09035138206351,32.84449315577404,0],[35.09053227492606,32.84477729714807,0],[35.09071064025562,32.84505749106921,0],[35.09072441947984,32.845050992499914,0],[35.09075243396687,32.845092525335374,0],[35.09076968756542,32.845108980573656,0],[35.09078332789529,32.845117599567885,0],[35.0907984052348,32.84512430017205,0],[35.09081454272943,32.84512891523131,0],[35.09083133888727,32.845131331669926,0],[35.09084837612691,32.84513148869567,0],[35.09086523145483,32.8451293814162,0],[35.09088148394036,32.84512506264936,0],[35.09110038739023,32.8450379424964,0],[35.091174170824615,32.84522791823418,0],[35.09114057755268,32.84523304638982,0],[35.09110852491101,32.84524296749964,0],[35.091078967154054,32.8452573866753,0],[35.09105277966349,32.84527587460647,0],[35.091030741837166,32.84529788377519,0],[35.091013508233544,32.84532276015146,0],[35.09100158931688,32.845349764815886,0],[35.09099533967922,32.84537809558928,0],[35.09099494519078,32.84540691136636,0],[35.09100041762613,32.845435357357914,0],[35.09118583148855,32.84577023439877,0],[35.091608309083654,32.84643016790813,0],[35.09169626926523,32.84657062908641,0],[35.0917396374873,32.84663528216328,0],[35.091770674343074,32.84666454822078,0],[35.09180650632651,32.84668960680277,0],[35.09184634473769,32.84670990446139,0],[35.09188930566995,32.84672499406275,0],[35.09193444311646,32.84673454112917,0],[35.091980757502874,32.84673833466707,0],[35.0920272266613,32.84673629080204,0],[35.09207282398718,32.846728455500056,0],[35.0921165419452,32.84671500098206,0],[35.092157413435224,32.84669622484104,0],[35.09230307915829,32.84695962291003,0],[35.09226005505307,32.84697253439681,0],[35.09221987303607,32.846990842311,0],[35.09218347579606,32.84701411649404,0],[35.09215171644116,32.84704181129183,0],[35.09212534246373,32.84707327545851,0],[35.09210497114788,32.84710777106935,0],[35.09209108207241,32.84714448884232,0],[35.0920839999963,32.84718256615625,0],[35.092083892691896,32.84722111049219,0],[35.092090760240374,32.84725921655621,0],[35.09225798066966,32.847521143509304,0],[35.09249546538517,32.84789312721786,0],[35.092956476877475,32.84855342225235,0],[35.093141081197174,32.84885641998184,0],[35.093206857547,32.848975045805616,0],[35.09329947051666,32.84916014796356,0],[35.09335904847794,32.84929498684519,0],[35.09339300859868,32.84937299127319,0],[35.093414172613464,32.84942254963886,0],[35.0934687169579,32.849553465266176,0],[35.09350636257205,32.84964615059014,0],[35.09355170836169,32.849731743740676,0],[35.09360057793723,32.849815944182424,0],[35.09387870068146,32.849713002878254,0],[35.09389867321009,32.8497511050747,0],[35.09393658137835,32.84976249980252,0],[35.09397222745557,32.84975027102618,0],[35.09403537059347,32.849935050855414,0],[35.093709301219405,32.85004178948204,0],[35.09370712887152,32.85004745286,0],[35.09370608537326,32.85005333905151,0],[35.09370620083025,32.85005929118976,0],[35.09370747010418,32.850065146064814,0],[35.09371825582313,32.85016001488403,0],[35.09373776413945,32.85032513102917,0],[35.09375321320465,32.85045409855366,0],[35.093769032048115,32.85058210700563,0],[35.0938072674378,32.850851838975274,0],[35.093907322233676,32.85162699755908,0],[35.0941494043739,32.85362454895452,0],[35.094320160833355,32.85507832691313,0],[35.09441921178468,32.85506921050645,0],[35.09461790456732,32.855043898836875,0],[35.09464693019591,32.85526860829893,0],[35.094356567951394,32.855298485811886,0],[35.09435904387781,32.85531957211983,0],[35.09438735527601,32.85555383436911,0],[35.09441132253756,32.85575218313104,0],[35.09442619363645,32.85588615701823,0],[35.09455017547476,32.85691983177118,0],[35.0945899200105,32.85725119119163,0],[35.094697980803524,32.85815135159958,0],[35.094747122219374,32.85856886891391,0]]]},"properties":{"OBJECTID":"3","שם_רש":"נת''א","road_rashu":"כביש 4 ו- 781","area_2":"423420","source":"נתיבי איילון","date":"רבעון 1, 2026"},"id":3},{"type":"Feature","geometry":{"type":"Polygon","coordinates":[[[34.894318786084085,32.161324677243606,0],[34.894378300458875,32.1613280099612,0],[34.894340706268494,32.162002413762096,0],[34.893922594769236,32.161977330856764,0],[34.89398387174895,32.16091615559574,0],[34.89403132435888,32.16091684191844,0],[34.89405403507215,32.1606582073569,0],[34.89408129115033,32.160280152063855,0],[34.894113325529325,32.159880316019276,0],[34.89415628479005,32.1593441141463,0],[34.89414502557915,32.159301230299114,0],[34.89411612124132,32.1592742611039,0],[34.89406707940366,32.15925228527855,0],[34.89402169293068,32.159247158259426,0],[34.89402540506627,32.159105257684566,0],[34.89409353951302,32.1591095910082,0],[34.89411302337543,32.159102898872455,0],[34.894144976726245,32.15907660733576,0],[34.894155889263466,32.1590359475309,0],[34.8942268932391,32.158149910582964,0],[34.894175293808345,32.158138317048696,0],[34.89419083532969,32.157983512095306,0],[34.894235393492345,32.15798575492937,0],[34.89436506601493,32.156143547558926,0],[34.89430337987195,32.15613642745185,0],[34.894318610795544,32.15600430508333,0],[34.89429548623066,32.155971888891614,0],[34.89425696161532,32.15593684143126,0],[34.89420537754108,32.15590793554558,0],[34.89415478142062,32.15589156141361,0],[34.89403417183272,32.155874249058606,0],[34.8940502860048,32.15572307965074,0],[34.89426093257414,32.1557440196065,0],[34.89430122707382,32.15574096932861,0],[34.89434967964627,32.15572604993718,0],[34.894373006141805,32.15570381324083,0],[34.894388782121524,32.15565801433033,0],[34.89444599423185,32.15497864397258,0],[34.89439156291256,32.154963021645166,0],[34.89443119622374,32.15443108734968,0],[34.89447828391373,32.154425222056204,0],[34.894532876368686,32.153688787564164,0],[34.89455137299727,32.15317078439594,0],[34.89456153439473,32.15314320753191,0],[34.89459203838751,32.15250492696722,0],[34.89458989018771,32.152455590623646,0],[34.89457163084211,32.152420975207484,0],[34.894535281726355,32.15240064481576,0],[34.89447619676966,32.15239303879393,0],[34.89447951498671,32.152253833412296,0],[34.89451816501098,32.15225263670179,0],[34.894549642993375,32.152234515810235,0],[34.89457620956611,32.1521973841425,0],[34.894590648735274,32.15214984507392,0],[34.89457671317489,32.15140104862169,0],[34.89456556011947,32.15127560866352,0],[34.89450959619919,32.15126496768609,0],[34.89450684957713,32.15099211412157,0],[34.89457494902211,32.15099185701133,0],[34.89455906026438,32.15020384614297,0],[34.89454408346001,32.1501622300957,0],[34.894520049559596,32.15013582117189,0],[34.89449112478632,32.15011696081095,0],[34.894446284767724,32.15011143129338,0],[34.894401915190485,32.15010596062634,0],[34.89440694993221,32.14988300365518,0],[34.89447124370709,32.14988197076117,0],[34.89449740460331,32.149872441659944,0],[34.89451025233311,32.1498490484182,0],[34.89451636740437,32.14981677056237,0],[34.894507977637524,32.149528186853985,0],[34.89454776787183,32.149522987203675,0],[34.894544040959126,32.14938072189453,0],[34.89453193000985,32.149280332870724,0],[34.894525226020704,32.1491833946774,0],[34.89452360046548,32.14904225271537,0],[34.894520823199144,32.14880101006661,0],[34.8944793694744,32.148796078618695,0],[34.89447619045726,32.14877513324665,0],[34.894472032606444,32.14874775035716,0],[34.89444949157823,32.14869939929048,0],[34.89441644489854,32.14866335166117,0],[34.89437159429729,32.148627334627214,0],[34.8943489377042,32.14861628459383,0],[34.894303360099364,32.148609676491866,0],[34.89422041142796,32.148597647257674,0],[34.89413547209331,32.14859189490675,0],[34.89413698427705,32.14830376825176,0],[34.894189955961615,32.14830476921612,0],[34.89422494038729,32.1483025229467,0],[34.89427753439436,32.14829047054713,0],[34.894321940432285,32.14827488652448,0],[34.894354588123264,32.148252759205086,0],[34.894397683352885,32.14821481675295,0],[34.8944263512914,32.14818722748912,0],[34.89444323269833,32.148154534121716,0],[34.89445170915194,32.14811226848755,0],[34.894452692161344,32.14808300804745,0],[34.89445424560848,32.14803677745433,0],[34.89445579660444,32.147990644247365,0],[34.89444955575838,32.14788218057878,0],[34.89443795680505,32.1475365691978,0],[34.89443059335737,32.147392751083814,0],[34.89441101624907,32.14699545339093,0],[34.89439885407009,32.1466309175679,0],[34.89437862954996,32.1465954171435,0],[34.89435076923445,32.14656428608667,0],[34.89431489951509,32.14653955429218,0],[34.89427359994287,32.1465257117383,0],[34.894234376413635,32.146521694673936,0],[34.89423790319065,32.146376637110365,0],[34.89431839941265,32.14637609487858,0],[34.89441258621092,32.146375458073024,0],[34.8944140500344,32.14626298407895,0],[34.894398619353055,32.14524490723435,0],[34.89439616859464,32.145068287016244,0],[34.8943980734525,32.1449426209925,0],[34.89439364028138,32.14484316690361,0],[34.894393357774156,32.14473995893613,0],[34.89438856827201,32.14463931361745,0],[34.89436733356625,32.1444946462486,0],[34.89433962984022,32.144305928953386,0],[34.89432882697044,32.14419071591791,0],[34.89430902671342,32.144071987329404,0],[34.8943003529773,32.143996010681654,0],[34.89429584483324,32.143941925106674,0],[34.8942847307293,32.143908674378864,0],[34.89426740541101,32.143886729418575,0],[34.89424479965084,32.14386664722629,0],[34.894201342457734,32.143845540005486,0],[34.894142001046106,32.143832044565286,0],[34.89411120699595,32.14382681448759,0],[34.89413268778974,32.143628211503355,0],[34.8941822057638,32.143633574037395,0],[34.89418928082302,32.1436300906542,0],[34.894204465027435,32.14362261240434,0],[34.89424618068351,32.14360207280835,0],[34.89426394497846,32.14358637300251,0],[34.89426803426439,32.14356253265728,0],[34.89426756582084,32.14353371231878,0],[34.89426160571814,32.14339004543723,0],[34.894259792803446,32.14325553460039,0],[34.894256567048224,32.143016119446735,0],[34.894256647733364,32.14286264332614,0],[34.89425617750028,32.14274917978577,0],[34.89425559462713,32.142608245840435,0],[34.89425500557931,32.14246537845312,0],[34.89424877582445,32.142208508202195,0],[34.89424324537039,32.14166363163172,0],[34.89424446920571,32.14152000214913,0],[34.89424936113307,32.14140930396681,0],[34.89425595648935,32.14126002804545,0],[34.89426129152303,32.14113927785965,0],[34.89426275396996,32.14102221369261,0],[34.894269545836956,32.14090379728022,0],[34.89427378645431,32.14081891916445,0],[34.89428188437387,32.14073673961653,0],[34.894298117587525,32.1406321057432,0],[34.89432962353675,32.1404711099194,0],[34.89436858087125,32.14032310178762,0],[34.894421299269226,32.14014632977514,0],[34.89447226332657,32.13995045546202,0],[34.89453355414461,32.13976597789503,0],[34.89457388637194,32.13965877515974,0],[34.89460899791045,32.13955587015993,0],[34.89464416672317,32.13945731910125,0],[34.89468436645411,32.13937418822004,0],[34.89472378230049,32.13929718573416,0],[34.89478186249213,32.13918372647713,0],[34.89482210393419,32.139105117194426,0],[34.894861321403255,32.13904473044777,0],[34.89495807892579,32.13889573979644,0],[34.895000095446846,32.1388287173054,0],[34.89505504184267,32.13874106832907,0],[34.89509732707357,32.13868985112706,0],[34.894972833094194,32.138552059081654,0],[34.89506442728226,32.13848378883313,0],[34.89510362530002,32.138505662697895,0],[34.89513666623006,32.138519178202415,0],[34.89518285419625,32.13851932710596,0],[34.89522183096992,32.138505635834306,0],[34.89526532434224,32.13846758216086,0],[34.89532363595398,32.138383824361384,0],[34.89545473713799,32.138216096923486,0],[34.89554296224133,32.13810322487521,0],[34.89563884043068,32.1379805600179,0],[34.89582333050616,32.137736889681705,0],[34.896135556156466,32.13732116133806,0],[34.89622597985521,32.137195028898496,0],[34.89638614837862,32.13699910928993,0],[34.8965851855566,32.13674042420748,0],[34.89694604782017,32.136285054154065,0],[34.897107078083664,32.13605940204866,0],[34.89723640779461,32.13589206516418,0],[34.89742244174551,32.135662716469646,0],[34.89776655697918,32.13521363749254,0],[34.897872790288275,32.135075010911414,0],[34.8979601936114,32.13496712017563,0],[34.898276272416766,32.134531136129205,0],[34.89849541105595,32.13422886635667,0],[34.899170536766306,32.13329761207879,0],[34.89944701369282,32.132938963940816,0],[34.89945617273578,32.132882795778976,0],[34.89944170204033,32.13284976460862,0],[34.89939747274708,32.132798817224135,0],[34.89936188390102,32.13277240837434,0],[34.89946712803342,32.13263773322802,0],[34.89954261129835,32.13267949452134,0],[34.89956609215715,32.13268644250309,0],[34.89963337614458,32.132689569563894,0],[34.89965749742289,32.13267666356725,0],[34.899675579533934,32.13265370435879,0],[34.89978585360979,32.13251368624981,0],[34.89987406923111,32.132401673124434,0],[34.89998243944613,32.13225651368878,0],[34.90117763341353,32.13073888720307,0],[34.90140018401949,32.130436867412655,0],[34.9016662095594,32.130094141773505,0],[34.902100939243766,32.13035312184169,0],[34.901944899424265,32.13054219625183,0],[34.9018559041841,32.13067596187392,0],[34.90176105869328,32.13079947998458,0],[34.90165434551282,32.130938449690035,0],[34.90012370397497,32.13289959158326,0],[34.90021082723924,32.13296344713364,0],[34.90001804476562,32.13317733626821,0],[34.899960435123454,32.13316754864513,0],[34.89991562819755,32.133164657979265,0],[34.89989537939322,32.133177539070296,0],[34.899871905621715,32.133202864247615,0],[34.89984175702857,32.133251861450766,0],[34.89970567989905,32.13342517451485,0],[34.899624627748935,32.13354024195764,0],[34.89945729880207,32.13377778758741,0],[34.89937649304493,32.1338810456815,0],[34.899220379333656,32.134080532021635,0],[34.89908360358671,32.134263681173415,0],[34.899033707118235,32.134334547522656,0],[34.898921540405425,32.13449385494355,0],[34.89852494358743,32.13505711696806,0],[34.89848005266175,32.135107073777014,0],[34.89842224738417,32.13518160905947,0],[34.898386945540636,32.1352271287835,0],[34.898338513231295,32.135289575714765,0],[34.89779270154213,32.13599333144562,0],[34.89721781727135,32.13675126191165,0],[34.89670823326871,32.13739612936342,0],[34.89664756508352,32.13747461747546,0],[34.89657781048608,32.137564860764556,0],[34.89649021734092,32.13767818056902,0],[34.896392937268075,32.13780402957696,0],[34.89638616922671,32.13783741519591,0],[34.89640444152801,32.13788140540144,0],[34.89644313551595,32.137932179810484,0],[34.896493211021856,32.137976400670695,0],[34.89639300786903,32.13810026765434,0],[34.896263759310536,32.138040334355495,0],[34.89622045176331,32.13804348256822,0],[34.89547399876627,32.13902353102793,0],[34.89543488090087,32.13899728201816,0],[34.89532965816868,32.139143040211465,0],[34.89524564852801,32.13927898280211,0],[34.89514723621351,32.139458556328734,0],[34.895058405354185,32.13962726504858,0],[34.89494513071971,32.13992424680637,0],[34.894898874382456,32.140033882613594,0],[34.89486738821107,32.14012409943559,0],[34.89483718874957,32.140247548324126,0],[34.89478674347086,32.14049835169499,0],[34.894733236985914,32.14079996125468,0],[34.89470030119588,32.141037354591525,0],[34.89469929316108,32.14114369045525,0],[34.894692659531906,32.14126185838317,0],[34.89468824308002,32.14134054082465,0],[34.89468222303982,32.14144774997146,0],[34.894672308993144,32.14164274543519,0],[34.894677185522504,32.14172961355478,0],[34.89468341943445,32.1418407303471,0],[34.894700805960035,32.142150549961094,0],[34.894707119098825,32.14244709707035,0],[34.89471536351528,32.143044671407544,0],[34.89472001661462,32.14320395036128,0],[34.89472351658506,32.14332370312922,0],[34.89474266506438,32.14397913181315,0],[34.89474235965904,32.14437370631819,0],[34.89475347361617,32.145054385003114,0],[34.89476858313772,32.14638944498141,0],[34.89477381198762,32.1465998491342,0],[34.894780790455144,32.146759243703485,0],[34.894789853322244,32.14696616010852,0],[34.89490948802706,32.14697180928777,0],[34.8949057241336,32.14706625101439,0],[34.89479247478971,32.14706426967128,0],[34.89481246772807,32.14751591336064,0],[34.894828852527645,32.14788606130203,0],[34.8948544614141,32.14896448642576,0],[34.8948644998657,32.149227849512485,0],[34.89486229864726,32.14942129270776,0],[34.89488756040712,32.150194198265766,0],[34.894892000060985,32.15022983854466,0],[34.89490170651105,32.15026650891332,0],[34.89492230915451,32.150302706338024,0],[34.89494653821383,32.150331637046,0],[34.894982220800216,32.15036016469918,0],[34.8950238971237,32.150377867569844,0],[34.895100351889845,32.15039617304788,0],[34.89506314805991,32.15056071691754,0],[34.89498254057997,32.150551686015504,0],[34.89496032385191,32.150565272057925,0],[34.89493643545864,32.150579813505345,0],[34.89491604342771,32.15059985174517,0],[34.89490846176915,32.15062574862572,0],[34.894910222835385,32.15067299911126,0],[34.894911467222954,32.150711288223945,0],[34.89491331239355,32.15076815732444,0],[34.894914713985955,32.15081137055227,0],[34.8949177495856,32.150904932476756,0],[34.89492415303255,32.15110227613031,0],[34.89492111396162,32.151499794142005,0],[34.89490353803562,32.15190291271841,0],[34.894906893036044,32.15207512163027,0],[34.894909295494244,32.15242759805199,0],[34.89490541692935,32.15265126297872,0],[34.89490466990524,32.15283344095855,0],[34.89488994127647,32.153080210043605,0],[34.89487860637573,32.15337540048187,0],[34.894868053322824,32.15355339183194,0],[34.89485577825717,32.15372462461784,0],[34.89483021514105,32.15397221303072,0],[34.894864827747334,32.15402918209117,0],[34.89480982705626,32.15483505108649,0],[34.89477780883915,32.15483587453718,0],[34.89476449549516,32.15500746004002,0],[34.89474647836155,32.155239646379826,0],[34.894740552019734,32.15535083057386,0],[34.89473703427604,32.155416816149895,0],[34.89469617392208,32.155755263011216,0],[34.89469554630423,32.1557916447548,0],[34.894711923083285,32.155832712286575,0],[34.89475983490327,32.15587363333692,0],[34.89494237011751,32.15593825420928,0],[34.89485955584269,32.15612220809149,0],[34.89478319725631,32.15611419202921,0],[34.89475526672908,32.15612990126126,0],[34.8947442285283,32.156161510551925,0],[34.89473986997896,32.15619462051866,0],[34.894723983009634,32.15631527427713,0],[34.89467930400864,32.15631138466879,0],[34.89464238053936,32.15661898574359,0],[34.89470999979338,32.1566277975193,0],[34.894676311363284,32.156974340015886,0],[34.89462874468215,32.15696974534254,0],[34.89457985461191,32.15772041995305,0],[34.894559628478255,32.157966017456445,0],[34.89456164191719,32.15800194574441,0],[34.8945921144411,32.158025919357016,0],[34.89463768304546,32.158035324666436,0],[34.89468582983315,32.15804032475555,0],[34.894676630312006,32.15809490329115,0],[34.89463141505534,32.158089461287474,0],[34.89457370515115,32.15811613717862,0],[34.89454544705541,32.15813447514902,0],[34.89453675509564,32.158158075123694,0],[34.89447757310173,32.15902437236435,0],[34.89449065559699,32.15905666472161,0],[34.894515488922316,32.15908434889521,0],[34.894545147995636,32.159100698670535,0],[34.89458677162931,32.15911130813634,0],[34.89463778901041,32.1591177689441,0],[34.89462091132028,32.15922837075802,0],[34.89454886086623,32.159220249666724,0],[34.894513046909026,32.15923708659608,0],[34.89448413618942,32.15925833389934,0],[34.89447201024412,32.159299223419204,0],[34.89441014190785,32.160086193235564,0],[34.89447239239164,32.16009148767025,0],[34.894440591900256,32.16049094021234,0],[34.89437639682259,32.160493185296076,0],[34.894318786084085,32.161324677243606,0]]]},"properties":{"OBJECTID":"4","שם_רש":"נת''א","road_rashu":"כביש 402","area_2":"154077","source":"נתיבי איילון","date":"רבעון 1, 2026"},"id":4},{"type":"Feature","geometry":{"type":"Polygon","coordinates":[[[34.836472690954565,32.21063233749453,0],[34.836558522892204,32.210604129137195,0],[34.836602377284045,32.21058798244882,0],[34.83696307915982,32.210455180381814,0],[34.83766414086133,32.21019706015981,0],[34.83792714779513,32.21010022402812,0],[34.83806697926907,32.21004525326544,0],[34.83821677090821,32.209993587330125,0],[34.838324883203,32.20995378058215,0],[34.84058330976532,32.20913001917368,0],[34.84150206739333,32.20849139510004,0],[34.84182983392724,32.20813727803307,0],[34.84188197129973,32.208080948646405,0],[34.84208060137241,32.207815644933454,0],[34.842271150059105,32.20751183823013,0],[34.8423874969649,32.20723580349011,0],[34.84272869776517,32.20643763298733,0],[34.84301151040812,32.20570029767161,0],[34.8430739209154,32.205567530430514,0],[34.843485418356096,32.204692135893964,0],[34.84348936630071,32.20468587623611,0],[34.84365938052839,32.20441626516704,0],[34.84387035870849,32.20414749568227,0],[34.84406467786432,32.2039276554355,0],[34.84438269742607,32.20365219499928,0],[34.84517194610201,32.203187933625024,0],[34.84555534785235,32.203031598848206,0],[34.845913969184,32.20289618141405,0],[34.84612427910952,32.202795326207735,0],[34.8461657673203,32.20271148327862,0],[34.84622373471164,32.20262418993771,0],[34.84623390002673,32.202612133169566,0],[34.84623106245638,32.20267911694391,0],[34.846229597806044,32.202745157744644,0],[34.84622938651425,32.20279908497182,0],[34.84622809140826,32.20285568919781,0],[34.846226922417415,32.202887143333534,0],[34.84622678507357,32.20292219666171,0],[34.846226672433914,32.202950944863375,0],[34.84622552455579,32.20297701006347,0],[34.84622539428805,32.20301025716003,0],[34.846203125732444,32.20301031041035,0],[34.84588643905418,32.20311581852618,0],[34.84508128076985,32.20344394813568,0],[34.844533048774714,32.20378400675976,0],[34.84414201810883,32.204126388435576,0],[34.84380436369503,32.204534247308004,0],[34.84361199774144,32.204858513449906,0],[34.843587900826186,32.20491457191618,0],[34.84329943342786,32.20558565731117,0],[34.84289263604836,32.20661205637773,0],[34.84277966049253,32.20689710275212,0],[34.84254677509629,32.20746766316447,0],[34.84236762127186,32.207780765017745,0],[34.842201712379094,32.20807710452576,0],[34.84202952238602,32.20829502213382,0],[34.8419027519968,32.20844162683919,0],[34.84185078936155,32.20850171892394,0],[34.841738326390164,32.20861340188242,0],[34.84149869559585,32.208816733903994,0],[34.84116822501308,32.209067797725474,0],[34.840831406739156,32.20925723877492,0],[34.8405672499974,32.20940208530018,0],[34.84007230560884,32.20958546918183,0],[34.83976809197777,32.20969080289004,0],[34.83958427618417,32.20975869006217,0],[34.83954874389556,32.20978595359757,0],[34.83956784860588,32.20984074175642,0],[34.83962378353252,32.20994489815657,0],[34.8397146836723,32.21011503792098,0],[34.839794806413465,32.21026500456778,0],[34.83986099096891,32.21046442561013,0],[34.83986299863758,32.210606738165744,0],[34.83983420536197,32.21072050109744,0],[34.839779724397296,32.21081667483428,0],[34.839707263137306,32.210899661479665,0],[34.83963749835666,32.210952004648234,0],[34.83956259157657,32.21100214343864,0],[34.83949033766338,32.21103258613383,0],[34.8393949255897,32.21105639252813,0],[34.83931759194243,32.21106930625355,0],[34.83916191178871,32.21107571820201,0],[34.839043509911214,32.21105129249886,0],[34.838922608381914,32.211007156654794,0],[34.83885062573506,32.21096973064441,0],[34.83877354505089,32.2109191528438,0],[34.83871194587953,32.21086205036965,0],[34.83866067090428,32.21080060053216,0],[34.838601761123186,32.21071504587564,0],[34.83855046771292,32.21065797494177,0],[34.83855220584879,32.210656997942074,0],[34.8384820997443,32.210556055465595,0],[34.83847207577569,32.21056041357282,0],[34.83850498199102,32.21061511918636,0],[34.838884044385736,32.21125229724541,0],[34.83909773705827,32.211665486085,0],[34.83909865278366,32.21166725800626,0],[34.839156066006105,32.211778269614165,0],[34.839292912395585,32.212104529863836,0],[34.83931000588268,32.21215146411937,0],[34.839460426543106,32.212564489418696,0],[34.83947313598178,32.21261309279828,0],[34.839474745943406,32.212619251132296,0],[34.83948911134351,32.21267418521495,0],[34.83957497279468,32.213151065984015,0],[34.8395891616828,32.21328319295744,0],[34.83960004409169,32.21342866832203,0],[34.839604709845986,32.21356559048145,0],[34.839607174833226,32.21369395479239,0],[34.839603894320334,32.21384558985913,0],[34.83959316242575,32.214010715558814,0],[34.83958197009136,32.214142110982365,0],[34.83956675221639,32.21426554567394,0],[34.83954272053561,32.21441319092279,0],[34.839519425758844,32.21454229878054,0],[34.83949463202011,32.21465123960766,0],[34.839448211535085,32.21483809593645,0],[34.839393817401834,32.215015629257735,0],[34.83933393050901,32.21519184272809,0],[34.839273830947945,32.215345830505534,0],[34.83921675424708,32.215478600197905,0],[34.83915457245668,32.215611523743334,0],[34.839081865997834,32.215763487491095,0],[34.83900370010078,32.215910821954,0],[34.83900042100342,32.21591700313277,0],[34.838902901540564,32.2160852621874,0],[34.83877410604538,32.21628676376329,0],[34.83854177462563,32.21660489911579,0],[34.838433682707986,32.21673724302823,0],[34.838427165012746,32.2167447566505,0],[34.83833861652266,32.21684683952405,0],[34.838139537354095,32.217058534301636,0],[34.83766304039888,32.21748966639984,0],[34.83743017177804,32.217675192717586,0],[34.8369241456596,32.21805019571885,0],[34.83653827681491,32.218328064084155,0],[34.83619969615012,32.21857174220168,0],[34.83477615163909,32.219596245298405,0],[34.83409895909845,32.22008359720868,0],[34.833952609576784,32.22019081090058,0],[34.833563431291125,32.2204759177557,0],[34.83329572050168,32.22068860811115,0],[34.83317293330472,32.220796464477644,0],[34.83306985916238,32.22088700423086,0],[34.83290205464829,32.2210497252185,0],[34.83270028673129,32.2212661285636,0],[34.83255096103402,32.221443762764046,0],[34.8324574560761,32.22156403444373,0],[34.83230253132007,32.22178181487954,0],[34.83216520041304,32.2219988524648,0],[34.832054995980506,32.22219433904918,0],[34.83196400209581,32.222374596235,0],[34.831810159489095,32.22273632056293,0],[34.83170629922373,32.22304855866374,0],[34.83162845367455,32.223357275320225,0],[34.83157889835036,32.22364694070978,0],[34.83176905621107,32.22420303639341,0],[34.83193800366767,32.22486862970288,0],[34.83207217513113,32.22563915204732,0],[34.83210302685031,32.225979364955414,0],[34.83210464107098,32.225997164317995,0],[34.83212653254185,32.226238567429476,0],[34.83215102819791,32.22650869052124,0],[34.832169290736736,32.22697912861364,0],[34.83217532484936,32.22713456264169,0],[34.83218686024913,32.22743171231118,0],[34.83219446793878,32.22762769628995,0],[34.83219758012881,32.227705376603744,0],[34.83227951560764,32.22769545581896,0],[34.83238762728978,32.22769987440025,0],[34.8324078916007,32.22770239586899,0],[34.83239883549338,32.22779260561172,0],[34.83240691925791,32.22794110923781,0],[34.83242851003602,32.228345191321516,0],[34.8324428939665,32.22860609909969,0],[34.832451536228795,32.22878187022478,0],[34.832452494354165,32.22880137288934,0],[34.83246164023091,32.22898738777839,0],[34.83247907759896,32.229209747593025,0],[34.83250659987817,32.22957463904504,0],[34.83252604389953,32.229778957644825,0],[34.832567237169656,32.230106920375036,0],[34.832595310097936,32.23032603169286,0],[34.83263854032875,32.23063274388148,0],[34.8326729310551,32.23087564796905,0],[34.83267514001715,32.23089125505825,0],[34.83273160783338,32.231266023800174,0],[34.832732630790275,32.231272485272875,0],[34.83275345723819,32.23140401170612,0],[34.83276180232825,32.231456710333006,0],[34.83276643618761,32.23148597461584,0],[34.8327799766841,32.23160436159427,0],[34.83278047414828,32.2316043892082,0],[34.83278741177828,32.231649177891356,0],[34.83278750069057,32.23164974987386,0],[34.832799017955026,32.23172409935926,0],[34.832809262671915,32.231790230894696,0],[34.83281158866454,32.231805246763614,0],[34.832840579916194,32.231992400204625,0],[34.83284852967729,32.232043721560906,0],[34.832853773026415,32.23207756680868,0],[34.83286698747731,32.23215697297793,0],[34.832902724624155,32.23237171237617,0],[34.83294474175276,32.232520967581664,0],[34.83300468578965,32.23257866572906,0],[34.83325012744455,32.23270783638611,0],[34.83338256297559,32.23282114012194,0],[34.8334122950566,32.23290857626435,0],[34.83341441358477,32.23300445215393,0],[34.83341021149312,32.23304092986478,0],[34.83340921514154,32.233049576699536,0],[34.833372088025676,32.23337183806839,0],[34.833328659079115,32.23374879387512,0],[34.83331436381735,32.23391715346269,0],[34.833303858182596,32.23404089206944,0],[34.83328652294774,32.234245066351264,0],[34.83328816098325,32.23451733382195,0],[34.8332895685889,32.23475128088229,0],[34.83332340715113,32.235062427011364,0],[34.83333494104396,32.23514698807892,0],[34.833335317097614,32.23514974408357,0],[34.833401424966716,32.23563439304345,0],[34.83344043523026,32.23590720390732,0],[34.83353596310366,32.23649425905874,0],[34.833564319919525,32.23671032101504,0],[34.83359190708083,32.236920513800364,0],[34.833626222240525,32.237196251444296,0],[34.83365754661915,32.23744795901247,0],[34.83370839536081,32.23789337207442,0],[34.833791420612094,32.23846556964587,0],[34.83383812308886,32.238763024687785,0],[34.833847641507816,32.238823650457206,0],[34.833941665878186,32.239465660653714,0],[34.833964853900625,32.239623996881924,0],[34.83413778991786,32.24044359859825,0],[34.83415935679476,32.24054580494026,0],[34.834235579619744,32.24091885749643,0],[34.8343615132147,32.241431604896874,0],[34.83446482266549,32.24192830299198,0],[34.834482038721575,32.2420111716578,0],[34.83456904369004,32.24242995433633,0],[34.83462981689945,32.24272247595399,0],[34.83475041750686,32.243422912674944,0],[34.83484806743994,32.24399004518099,0],[34.834945960230286,32.244586858117316,0],[34.83499894740226,32.24490303438684,0],[34.83504153796158,32.24515717657515,0],[34.835105161369974,32.24554723402204,0],[34.83514781914216,32.24579644639119,0],[34.8352009364267,32.24610676322476,0],[34.83525759813639,32.246358321368085,0],[34.835324610513254,32.24653108361858,0],[34.83540920372267,32.24669750545168,0],[34.8355089124702,32.2468469279733,0],[34.83565133558171,32.247012338945424,0],[34.83579124798524,32.247142704306036,0],[34.83593876140953,32.24725391742188,0],[34.83610636111712,32.247358797193975,0],[34.83622909799435,32.2473953734132,0],[34.83634193113858,32.24739996297466,0],[34.836427284031984,32.247378906438456,0],[34.836497690343066,32.24733224215712,0],[34.83678226737452,32.24703693760422,0],[34.83689685185647,32.24710585474937,0],[34.83677873334747,32.24723040938127,0],[34.83664777886117,32.24737823900068,0],[34.83658073503302,32.24747629669165,0],[34.836555908778635,32.24755615787485,0],[34.836567206493164,32.247579848598825,0],[34.83657340302498,32.247592844855646,0],[34.83664475033797,32.24764762831845,0],[34.8365148705388,32.24777214755515,0],[34.836485556856864,32.247749580273855,0],[34.83642879874489,32.24772693306567,0],[34.83634545684509,32.247734184909945,0],[34.83627282399953,32.24775978547454,0],[34.83620599237547,32.24780455370842,0],[34.836144966183355,32.24786848963246,0],[34.836099363489694,32.247925278898805,0],[34.83599504807444,32.24802905663718,0],[34.83593983371441,32.248083179251864,0],[34.83586411236354,32.2481445742909,0],[34.8358041962735,32.248176040687966,0],[34.835737433517934,32.24820415505464,0],[34.83567657158521,32.24822729172342,0],[34.83532082928177,32.248463779173456,0],[34.83561694689764,32.25022068670008,0],[34.835836619812234,32.251442921650586,0],[34.83594796092916,32.25168183912617,0],[34.836194609523844,32.25178753899494,0],[34.83653942080191,32.25186430431348,0],[34.83664119779601,32.25190261542454,0],[34.83676271199245,32.25197899871329,0],[34.83686912150226,32.25210179961298,0],[34.836881415059224,32.252142655592785,0],[34.83690346704008,32.252215943997,0],[34.83691042299541,32.25234056657828,0],[34.83688769966236,32.252427089808265,0],[34.836850068043546,32.252511457729625,0],[34.83678509764546,32.25259363326017,0],[34.836702805976735,32.252654639001264,0],[34.83657826824078,32.252711299640815,0],[34.83645386768836,32.252734168700755,0],[34.836225023988604,32.2527630691338,0],[34.83611060049415,32.25277751918977,0],[34.83577866933247,32.25282564871144,0],[34.8358645931569,32.253324730705486,0],[34.83591562220712,32.253621124767584,0],[34.835992381901505,32.254050319239134,0],[34.836062777417034,32.25445081985429,0],[34.83613006029445,32.2548068119324,0],[34.83620725843396,32.25515888131892,0],[34.83622183766749,32.255217419501534,0],[34.83626553166481,32.25539284634208,0],[34.83634010031886,32.25565147518568,0],[34.836359060634365,32.255710479699616,0],[34.836486967776274,32.2561084990288,0],[34.83674542561715,32.256843203280525,0],[34.83678383912882,32.25695239704527,0],[34.83703441153479,32.25766467153515,0],[34.8371571466509,32.2580128327108,0],[34.83750769188384,32.259007208096364,0],[34.8379250317223,32.26019102496243,0],[34.83814069464236,32.26080275538214,0],[34.83823374573813,32.261072406477325,0],[34.838235759951786,32.26107824312354,0],[34.83834747256908,32.261401969305346,0],[34.8385344406016,32.261978558824836,0],[34.83868218689887,32.26244552965863,0],[34.83870615589461,32.26252128681583,0],[34.83873362847865,32.2626274282298,0],[34.83903827973493,32.26357689516259,0],[34.83936199107664,32.26458573705868,0],[34.8394792123333,32.26495676019731,0],[34.839516649564565,32.26508162736389,0],[34.83963519304298,32.26542514945777,0],[34.83975091918686,32.26572869081316,0],[34.83981852505093,32.265882843170345,0],[34.839880420024805,32.266017636177914,0],[34.83995403531927,32.26616813742444,0],[34.84001215675331,32.266282966151785,0],[34.84026029286318,32.266694839928,0],[34.84047314271505,32.2669848797749,0],[34.84054757608747,32.267082143799385,0],[34.84067299139255,32.26722994513914,0],[34.840770595403754,32.26734212148139,0],[34.84093228430388,32.267506906187776,0],[34.841087165324986,32.26766074353448,0],[34.84124778026083,32.26780099767999,0],[34.841363145874695,32.267898346427934,0],[34.84157829603923,32.26807091466568,0],[34.84178393619931,32.26821732663947,0],[34.841894128271484,32.26829024480377,0],[34.84212651885847,32.2684347923927,0],[34.84226964339357,32.26851785753621,0],[34.84243946035658,32.26861028446804,0],[34.84249059704765,32.2686366858367,0],[34.84252507903166,32.268654488950645,0],[34.84268835619065,32.26873760143469,0],[34.84280183499282,32.26878899410898,0],[34.8429855162248,32.268867579152335,0],[34.84305991983927,32.26890003006215,0],[34.843229890484125,32.268962883943175,0],[34.84338386146134,32.26901818198204,0],[34.84349137391861,32.26905538396969,0],[34.8437122583442,32.269124832981625,0],[34.84402990443685,32.26921077953112,0],[34.84721988586032,32.26983036672339,0],[34.8474366546487,32.269872466047296,0],[34.84808439882669,32.26999826490482,0],[34.848650200872484,32.27011892679437,0],[34.849163385485014,32.27025455083491,0],[34.84970459447248,32.27042313339703,0],[34.850179861191116,32.27059674182686,0],[34.8508664312836,32.27088735413721,0],[34.85150492840061,32.271209369396125,0],[34.85189702112705,32.27143323050038,0],[34.85225225065808,32.27165781182837,0],[34.85257123549844,32.271871293294865,0],[34.85283313994751,32.27206761865042,0],[34.85294741207092,32.271968100645005,0],[34.85317640267511,32.27209961504589,0],[34.85324600250343,32.27201214093426,0],[34.85334462744309,32.272068783420174,0],[34.85343862623606,32.27210823077519,0],[34.85358825895358,32.272171025047854,0],[34.853723514992176,32.27220847484637,0],[34.853844617407304,32.27223237409743,0],[34.85397509304485,32.27224497940254,0],[34.85422936716675,32.27224779744546,0],[34.85439866295463,32.2722296479825,0],[34.85458470089596,32.27221159516133,0],[34.85471916972736,32.27218847297144,0],[34.85498689288166,32.27216052248319,0],[34.85508838341841,32.27217211041976,0],[34.8552432889038,32.272201773003324,0],[34.855387374312755,32.272266150444466,0],[34.85551599011028,32.272348511242704,0],[34.85563697846004,32.27246871318947,0],[34.855768695765946,32.27264139480122,0],[34.85587628293847,32.27274840730572,0],[34.85590232170012,32.272758618582145,0],[34.85590446253852,32.27275945862028,0],[34.85590593463352,32.2727600353018,0],[34.85590412261626,32.27276147312355,0],[34.855946484935146,32.27277831951641,0],[34.85601323990451,32.27279785280293,0],[34.856060328536735,32.27279669225642,0],[34.856121103839165,32.272791700868694,0],[34.856149999541856,32.272781459862316,0],[34.85626259031198,32.27273017495679,0],[34.85640106561695,32.272662190274715,0],[34.85654409623501,32.27259421798516,0],[34.85676604526072,32.27250348583473,0],[34.856800042070894,32.27248958763933,0],[34.8569020505074,32.272447886734916,0],[34.85736742622403,32.27228792642779,0],[34.857601644600436,32.27220472377042,0],[34.85780540320066,32.27214336618097,0],[34.858262873025424,32.27206464508856,0],[34.85830345876695,32.272175690360555,0],[34.85832106803792,32.27233826977107,0],[34.85826813256738,32.272346649987796,0],[34.857983766802604,32.27240537414616,0],[34.8580458443182,32.27245843462556,0],[34.858076654941854,32.27254446799566,0],[34.85805646478634,32.27273614288289,0],[34.858017078555406,32.27285834646468,0],[34.85793894222902,32.27293416343882,0],[34.85783766642036,32.272953719877336,0],[34.85783369780219,32.272973542372995,0],[34.857973281764316,32.27310715634191,0],[34.8578614016889,32.27318828677812,0],[34.85774403669244,32.273272029797866,0],[34.857332051221334,32.272849854217014,0],[34.85722349460919,32.27273716187749,0],[34.85715979620538,32.272702600727314,0],[34.85705516934958,32.27271470597458,0],[34.8567969765989,32.272817272824405,0],[34.85638687758039,32.27301090998132,0],[34.85630887780476,32.27305613579656,0],[34.85614785685599,32.27318788591945,0],[34.85605962289405,32.27325471125111,0],[34.85585044912906,32.27348635536539,0],[34.85573032028248,32.27368882764883,0],[34.85562400412652,32.27395098508101,0],[34.8555803495887,32.27435050612603,0],[34.85575356691692,32.274953428894825,0],[34.85603786838491,32.27588472190136,0],[34.85651657859919,32.277389170988855,0],[34.8572533852762,32.27971031094373,0],[34.85817029495138,32.28231825019873,0],[34.85926382209061,32.28502687306255,0],[34.85974855123267,32.2860803851741,0],[34.85988155656232,32.28656031757867,0],[34.85967057763112,32.28664563457508,0],[34.85899554680388,32.28466825192829,0],[34.85814401095548,32.282583014842686,0],[34.85915964572585,32.2858354135479,0],[34.860200577537114,32.289102187134,0],[34.86049188066325,32.29006211840656,0],[34.86020201069357,32.28872283089609,0],[34.85997056383147,32.287534013756876,0],[34.859854545415985,32.2870183396534,0],[34.86005666554119,32.287047521915454,0],[34.86030426210908,32.28842248399728,0],[34.860693035621686,32.290348976172716,0],[34.86093384231314,32.291294453352634,0],[34.86154986742974,32.29330029463612,0],[34.862481952905306,32.296423596198245,0],[34.863111681610334,32.29928839470764,0],[34.863700007994964,32.30196697568638,0],[34.86497802713332,32.307289803066006,0],[34.865144744627266,32.307785326747755,0],[34.86501823356222,32.307808846311346,0],[34.8648241131894,32.30712834039654,0],[34.865127607224096,32.308614383806955,0],[34.865597658317874,32.31064366789328,0],[34.86585799153367,32.31240993785415,0],[34.86602744450128,32.31406263208973,0],[34.866187928336416,32.31624020126125,0],[34.866418373999714,32.31849549809378,0],[34.86644350349514,32.31929484333498,0],[34.86683864621765,32.32070954847272,0],[34.86686149692405,32.32076042990956,0],[34.86693550602494,32.3208064370845,0],[34.86692849358697,32.32087894935328,0],[34.86687455195253,32.3208768969827,0],[34.86697229592889,32.321190188858736,0],[34.867014474214855,32.32133345553672,0],[34.86710229523945,32.32129169816873,0],[34.8671803535033,32.321457966207674,0],[34.86708580300372,32.321495887603255,0],[34.86716343803424,32.32177667763977,0],[34.867224873423716,32.322116375788674,0],[34.867354053221554,32.32255165799704,0],[34.867481725777374,32.322896423997705,0],[34.867590975264314,32.32315811234206,0],[34.86766782215457,32.32335220772342,0],[34.86767571234403,32.32337213775992,0],[34.86771652362682,32.32346838202173,0],[34.86776816832022,32.32357299731832,0],[34.867821652919375,32.32367750568191,0],[34.86807769762855,32.324177818276674,0],[34.86813224611699,32.324334881904704,0],[34.86813754124941,32.32435012848568,0],[34.86818518917704,32.324660891622955,0],[34.86816657335105,32.324670305057346,0],[34.868176899809015,32.32474719649016,0],[34.86818624047547,32.324771564292426,0],[34.86813951505313,32.32479479438752,0],[34.86812448617201,32.32475779945844,0],[34.868105191019566,32.324621434021154,0],[34.86805640198505,32.32436259816708,0],[34.86802702286323,32.324271428022676,0],[34.86800207673736,32.32419401696601,0],[34.86755217660424,32.323330695190165,0],[34.867539362146196,32.323306695900236,0],[34.86752018940882,32.323296202378984,0],[34.86750913074519,32.32329707731996,0],[34.86750084705572,32.32330398430433,0],[34.86749636013623,32.323319750362266,0],[34.867503073238304,32.32334264314478,0],[34.86763340320545,32.32379796058855,0],[34.86774798551044,32.32435010615493,0],[34.867758588024174,32.32450785345617,0],[34.867833345323774,32.32489084126745,0],[34.86782197719665,32.3248923511478,0],[34.86789394792092,32.32518269944524,0],[34.86790444297078,32.32518151186289,0],[34.867944624562945,32.325305007230405,0],[34.86798246207099,32.32539584193207,0],[34.8679825589194,32.32539607394165,0],[34.86805514242386,32.325570321729074,0],[34.86819623156103,32.32587613068557,0],[34.86825644966501,32.32598480845955,0],[34.86832410731105,32.32605126234101,0],[34.86842970058248,32.326112909832084,0],[34.868486179509,32.326134484112806,0],[34.86864895578649,32.32614844545213,0],[34.868788147538375,32.32612872007283,0],[34.868923769616615,32.32607532970051,0],[34.869034680073234,32.32599084948604,0],[34.86910750030485,32.32591537841741,0],[34.86917826167575,32.325796526453,0],[34.86920703984723,32.32570332251101,0],[34.86920681424478,32.32557661070982,0],[34.86920388481943,32.32551876697779,0],[34.869154832465604,32.32540132087036,0],[34.869304927537485,32.32536322263681,0],[34.869446434585626,32.32536820719114,0],[34.86943544157311,32.32552656972641,0],[34.86940949987497,32.32566749949756,0],[34.869366802367594,32.325832388628804,0],[34.869275097131236,32.32599182814184,0],[34.86908485926066,32.326172591144484,0],[34.868875531774634,32.326311837638144,0],[34.86864780994245,32.32651216850298,0],[34.86858535328114,32.326608932090714,0],[34.86858479677875,32.32660979359051,0],[34.86855322338463,32.32665871009671,0],[34.86853004956998,32.32677984896398,0],[34.868560108082896,32.32691604725874,0],[34.868649408230056,32.32715075682283,0],[34.86881953001595,32.327536230360266,0],[34.86882372513534,32.32753420895811,0],[34.86884258524697,32.32760526609258,0],[34.86898020783065,32.327879509729236,0],[34.8690479652286,32.32800470566877,0],[34.86905252227243,32.32801312485092,0],[34.8693075174438,32.32848428082852,0],[34.869417427897865,32.32868735953468,0],[34.86965018659245,32.329091694252995,0],[34.86984908075638,32.329450474017506,0],[34.870225193790276,32.330128926431634,0],[34.87025039038489,32.33017957714873,0],[34.87051532795282,32.33071215654763,0],[34.87079273488935,32.331269792946976,0],[34.870968377667346,32.3316058590873,0],[34.87140307834151,32.33243758703365,0],[34.871541013861055,32.33270149984646,0],[34.87190725036872,32.333408497575775,0],[34.87211114539353,32.33380209814438,0],[34.87222560448755,32.33401514344553,0],[34.87234144927894,32.334230765894155,0],[34.87258596182234,32.33469598624656,0],[34.872281997255506,32.334800681055874,0],[34.87210157247026,32.334459379506214,0],[34.871745689691515,32.33378418398382,0],[34.87174435008599,32.33378164381431,0],[34.87166206395637,32.33362552506989,0],[34.87131041067644,32.33294393243767,0],[34.87117331473164,32.332687213101195,0],[34.87110861416028,32.33256605729135,0],[34.871014966914764,32.33238293748844,0],[34.87084011185443,32.33204101843115,0],[34.87065260960063,32.33167738024878,0],[34.87040534313805,32.33122134481419,0],[34.87014408918647,32.33076418881172,0],[34.87010563652099,32.3307017061911,0],[34.87009142992107,32.330678621480544,0],[34.86974464054948,32.33011511034342,0],[34.8692739397594,32.32928907375869,0],[34.86918508829327,32.32914604290683,0],[34.868961963629005,32.32878686403332,0],[34.8689507806264,32.32876886140785,0],[34.86855350681364,32.32814205367958,0],[34.86832565836554,32.327774659600244,0],[34.8683093470795,32.327782209845815,0],[34.86825856935963,32.32766146562327,0],[34.86799133987222,32.327189687837944,0],[34.867936697524556,32.32707312453746,0],[34.86792959854127,32.327057980453375,0],[34.86790022054484,32.32699531212508,0],[34.867821175185576,32.32682669204309,0],[34.86756583412202,32.326236565167854,0],[34.86749473985486,32.326122011047296,0],[34.867376758356954,32.3260383538916,0],[34.8672323731747,32.326011350158055,0],[34.866997301866746,32.326038000893845,0],[34.86684331690561,32.32604968975623,0],[34.866794870328405,32.32605336737067,0],[34.86660043407285,32.326030592601036,0],[34.86655051085174,32.32600578419817,0],[34.86639446571895,32.32592823911929,0],[34.86621703712932,32.32578205527601,0],[34.8661773517015,32.32574935764292,0],[34.86615309174238,32.32572937011817,0],[34.8661442233577,32.325722062861836,0],[34.8661435158146,32.325721268321544,0],[34.8661689419266,32.325704962382375,0],[34.86617360898627,32.32570196933756,0],[34.86620366382211,32.325682694590995,0],[34.86623656209764,32.32566159689155,0],[34.866354594521425,32.325642527173606,0],[34.866386157361525,32.32569900845917,0],[34.8664275255166,32.325758180687345,0],[34.86653221875889,32.3258501200502,0],[34.866571365861525,32.32587625224691,0],[34.86661455037873,32.325905079766976,0],[34.86663382519602,32.325917947118995,0],[34.866772571376515,32.32596021220053,0],[34.86685166143845,32.32596721220112,0],[34.86702741333113,32.325959333730644,0],[34.867165716532604,32.32594009561529,0],[34.86720853315336,32.325934140308334,0],[34.867270859825695,32.32593119036191,0],[34.867297029319644,32.32593520725913,0],[34.867329756311655,32.325940231795045,0],[34.867393586064935,32.32595698196352,0],[34.867453718068,32.325981415109325,0],[34.8674932588928,32.326007139576475,0],[34.867540508720154,32.326047863683364,0],[34.86757761750596,32.32609253113814,0],[34.86761194792995,32.326139812572336,0],[34.86764275632504,32.32618059195308,0],[34.86766355989409,32.326224659485305,0],[34.867708211448374,32.32631924300468,0],[34.86771111043114,32.32632450978179,0],[34.86771411205311,32.32632614816555,0],[34.86771611794106,32.326325941604594,0],[34.86771803816385,32.32632276803703,0],[34.86771633317396,32.32631857753563,0],[34.86769261160533,32.32626030858344,0],[34.867625678966526,32.32595619302556,0],[34.8676254063688,32.32595495238318,0],[34.86754669897288,32.32559733119597,0],[34.86754454772738,32.32559377523884,0],[34.867540580561304,32.325594482447094,0],[34.86749268994951,32.325705351786006,0],[34.867441991090324,32.32579016006271,0],[34.86738977703586,32.32583930431845,0],[34.867316018419274,32.32587817049874,0],[34.867232003446134,32.32591080244402,0],[34.867219144981306,32.32591579718237,0],[34.8671221273207,32.32593386431204,0],[34.86704466720139,32.32594727558274,0],[34.866929220588766,32.32594772978907,0],[34.86687484463962,32.325941989867005,0],[34.86680042931595,32.32592048591496,0],[34.86670892599966,32.32588952726823,0],[34.86663580403141,32.325838348078086,0],[34.86662974708203,32.32583410894152,0],[34.866570982208025,32.32577192884098,0],[34.86653792911968,32.32570946406592,0],[34.86652613279785,32.32568325449782,0],[34.86650700631067,32.32564076032352,0],[34.866501633593046,32.325600705252896,0],[34.86650819982787,32.32551985423128,0],[34.866528028124904,32.32545343615816,0],[34.86657402080004,32.32537376287344,0],[34.8666584951287,32.32540842525645,0],[34.86660141487966,32.32550871460357,0],[34.86660530593917,32.32564120654639,0],[34.866662384125476,32.32575720524511,0],[34.86673889542208,32.32581169932784,0],[34.86674198731344,32.3258139015739,0],[34.866792230842265,32.32584968603408,0],[34.866811979631606,32.325854460462786,0],[34.8669391987347,32.32588521426497,0],[34.86713755034056,32.325875652076945,0],[34.8672926981417,32.32581832356548,0],[34.86736114184242,32.32575636635763,0],[34.867400146075354,32.32572105945596,0],[34.86745259208565,32.32560524987052,0],[34.867489243165934,32.32548178997422,0],[34.86748925070022,32.325481762941656,0],[34.86748577520004,32.325411361659825,0],[34.867483051442576,32.32535620747738,0],[34.8674796818894,32.32531713710045,0],[34.867472205551834,32.32523044572677,0],[34.86748959178375,32.32522847762144,0],[34.867488875831796,32.325224215812824,0],[34.867488834229526,32.325223978539846,0],[34.867480704875106,32.325177976277644,0],[34.8674806050057,32.325177413315,0],[34.86745291943746,32.32502076111915,0],[34.86743817118387,32.32493730927074,0],[34.8674204480625,32.32493935402072,0],[34.86739948083028,32.32484582376186,0],[34.86739180710082,32.32481159243333,0],[34.8673192543133,32.324487949436,0],[34.86729466932466,32.324378281575484,0],[34.86728741816287,32.32439168214566,0],[34.86728465661459,32.32441756329587,0],[34.86726325257774,32.32451277578731,0],[34.86722623238775,32.32458225821429,0],[34.86719247051459,32.324637097597076,0],[34.867129472142366,32.32469285076817,0],[34.86711188485235,32.32470582151923,0],[34.867109502605445,32.324707578987685,0],[34.86704079336709,32.3247582570942,0],[34.866967568589104,32.32480400310557,0],[34.86681882576205,32.32486548201797,0],[34.866708812864914,32.324903960497984,0],[34.86657902487744,32.324949355620745,0],[34.86652681614813,32.324967616187614,0],[34.86637763577813,32.325019793591174,0],[34.866236699322485,32.32506893144579,0],[34.866201508200795,32.32499578946352,0],[34.86658638967277,32.32484532437034,0],[34.86658711714751,32.32484504046094,0],[34.86698217667191,32.32469059489319,0],[34.86707514568119,32.32463328612569,0],[34.86711038606908,32.32459732178377,0],[34.86711255244707,32.32459420659482,0],[34.86715564508471,32.32453223943659,0],[34.8671612334528,32.3245242043907,0],[34.867180467232814,32.32449421737842,0],[34.86721598713383,32.324355867418696,0],[34.867216370031365,32.32431673942356,0],[34.8671609428592,32.32413815173616,0],[34.86716003925662,32.32413524115665,0],[34.86713209906857,32.32404521627362,0],[34.867022329604694,32.32360191059931,0],[34.86702120166138,32.323597353713026,0],[34.86692100296277,32.323192693042,0],[34.8669076916068,32.32313893529131,0],[34.86682972708467,32.32282406508582,0],[34.866778856273115,32.32261861883585,0],[34.86672757450335,32.322411507718805,0],[34.86670935619251,32.32233793152808,0],[34.86664055544891,32.32206007034534,0],[34.86661889287726,32.32197257892806,0],[34.86654100563137,32.32165801800363,0],[34.866521316539625,32.321578498870004,0],[34.86642987121638,32.321209170326654,0],[34.866409823430665,32.32112820469383,0],[34.86638000869262,32.32100778988774,0],[34.86637859353762,32.321006523637685,0],[34.86630461492324,32.32080028573079,0],[34.866410092863994,32.32084637841438,0],[34.86637700056583,32.320712065061976,0],[34.86637577025196,32.32070706783651,0],[34.86629715513775,32.32038798244545,0],[34.86622273635335,32.32045267890101,0],[34.86615644546535,32.32015032787822,0],[34.86614038417216,32.32003095080984,0],[34.866139507858385,32.320024432364484,0],[34.86607504102541,32.319545244382766,0],[34.86601687128138,32.31911285998903,0],[34.866011127591285,32.319032785682595,0],[34.865982950436106,32.318639956979354,0],[34.865962087056765,32.318404480162194,0],[34.86591976945554,32.317926865429925,0],[34.86587077077911,32.3173738340844,0],[34.86585732380807,32.31720647511645,0],[34.8658263255692,32.31682068683944,0],[34.86575224837935,32.31589871690975,0],[34.86573784981481,32.315719514358555,0],[34.865652700836804,32.31465972591552,0],[34.86565201474513,32.31465119434691,0],[34.865607295034955,32.31409458331052,0],[34.86557143658815,32.313648270178035,0],[34.86553543132605,32.31320012333708,0],[34.865518040442474,32.3129848973395,0],[34.86549494372989,32.31269905827334,0],[34.86544650743572,32.31209959721133,0],[34.865415255785585,32.31182180332217,0],[34.86540674678324,32.31174631322626,0],[34.86539030030573,32.31160041056235,0],[34.86536309588016,32.31135907116888,0],[34.865301314392156,32.31096890916954,0],[34.86521896324378,32.31058387154688,0],[34.86517627303038,32.31038427344069,0],[34.865052092177,32.30980365087561,0],[34.86499880260109,32.3095621113579,0],[34.86488197037518,32.309032561380725,0],[34.864837245722875,32.30886437040624,0],[34.864820580514476,32.308866582676515,0],[34.86482369065715,32.308896178645156,0],[34.86470774696509,32.3088939306078,0],[34.864707053798625,32.30887480785293,0],[34.86469340435575,32.3086052165301,0],[34.86469017740246,32.30858246639439,0],[34.864688765172176,32.308572506276526,0],[34.86465070917661,32.3083042109066,0],[34.864635839551184,32.3082011674972,0],[34.864609786248806,32.308020613969504,0],[34.86454012222857,32.30766278530046,0],[34.864492504981065,32.30741820380733,0],[34.864428851118284,32.30709124400743,0],[34.86437635937333,32.306773394939455,0],[34.86435492002152,32.306643577689236,0],[34.864205861213634,32.30596790650149,0],[34.86420542581356,32.30596593408297,0],[34.86394913556165,32.30480416971423,0],[34.86388332480826,32.304505848083586,0],[34.863725924502226,32.30379233294253,0],[34.86370343553864,32.30368891981421,0],[34.86370299400189,32.303686890565906,0],[34.86354621254457,32.30296593186453,0],[34.86345921877082,32.30256589108577,0],[34.863351532872606,32.30207069025886,0],[34.863278096201,32.301732981284374,0],[34.86309248667051,32.30087942042269,0],[34.863045727856736,32.30066438933511,0],[34.862771152697995,32.29940167256686,0],[34.862743452519226,32.29927428083381,0],[34.862477861275444,32.298052838510365,0],[34.86243009606665,32.29783316482941,0],[34.86230627974409,32.297263726777174,0],[34.86230502420942,32.29725795301189,0],[34.86219811663619,32.29676627612344,0],[34.86206924036598,32.29619673566757,0],[34.86204817089502,32.29613101505701,0],[34.86192322799915,32.29574129157872,0],[34.86175189601174,32.295206863723244,0],[34.86156446273457,32.29462220439772,0],[34.861491607866945,32.294394946857224,0],[34.861300404505535,32.293798516077295,0],[34.86119611013453,32.293473181279865,0],[34.861072306637325,32.293086988512655,0],[34.86100166612905,32.29286663062654,0],[34.86086634298459,32.292444495476566,0],[34.860703115301796,32.291935312075054,0],[34.86052252396599,32.2913719529414,0],[34.86033414618,32.290784296885015,0],[34.860262912173276,32.29056207476638,0],[34.860008052722705,32.28976700773704,0],[34.859923203365426,32.289502307773986,0],[34.85985827088052,32.2892997384316,0],[34.85977349591057,32.28911298679555,0],[34.859639366138374,32.288936705064835,0],[34.85935089162789,32.28870846856718,0],[34.85934518823108,32.28870607774269,0],[34.859371028331715,32.28861474853522,0],[34.8593993293791,32.28862933430054,0],[34.85950399212498,32.288698876387535,0],[34.859654811369154,32.28882700018521,0],[34.859723408273226,32.28889444711772,0],[34.85977021984598,32.28894374342158,0],[34.85978002777981,32.28895810548856,0],[34.85979692162081,32.288989380488225,0],[34.85980041846025,32.28899585475771,0],[34.85980181002716,32.28899843128021,0],[34.859803540717564,32.28899947934111,0],[34.85980425036221,32.28899990961435,0],[34.85980590040157,32.288999546198774,0],[34.85980638179077,32.2889988567634,0],[34.85980644258593,32.288997097593125,0],[34.85980537510105,32.288993601256884,0],[34.859790575362375,32.28894223171534,0],[34.85974299924874,32.288780449436025,0],[34.85966003465239,32.288517197224415,0],[34.859586478319926,32.28828424817971,0],[34.85958384424139,32.288275904203175,0],[34.85940599894143,32.287712664326214,0],[34.859323279563405,32.28745020066647,0],[34.859320839645065,32.28744245868904,0],[34.85931921981879,32.287440177314735,0],[34.85931612391794,32.28743774131238,0],[34.85931543681066,32.287438371569394,0],[34.85931435448763,32.287439363254464,0],[34.85931648835812,32.28744914959057,0],[34.859333974589894,32.28752935675383,0],[34.859350892314716,32.287610560610204,0],[34.859362483133076,32.28767632077012,0],[34.859370819841146,32.287734048163884,0],[34.85937418496947,32.287783974361,0],[34.85937607179609,32.28782311956801,0],[34.85937128447488,32.287886361441274,0],[34.859362793460086,32.28794450635755,0],[34.85935501796441,32.287990592169606,0],[34.85934847907789,32.28801036345471,0],[34.859323017575704,32.288075208068946,0],[34.859311717913315,32.2880979394486,0],[34.859292438091614,32.28813052871447,0],[34.85927987475137,32.28814719229232,0],[34.85923828625286,32.28819781982621,0],[34.85923201658543,32.288203961717905,0],[34.859157159613964,32.28814932044528,0],[34.85916765431142,32.28813984277067,0],[34.859243057760075,32.288021644934155,0],[34.8592711828736,32.28790353967005,0],[34.85927756537943,32.28777259340713,0],[34.85926103424399,32.28760868014156,0],[34.85923158497968,32.28746909264393,0],[34.85921042124951,32.2873844766208,0],[34.859210006081874,32.28738281895009,0],[34.85913275326468,32.287073945614374,0],[34.85911530294137,32.28701122457393,0],[34.85905328546554,32.28678831717996,0],[34.85893631401276,32.286368825990685,0],[34.85889356736958,32.28621552048415,0],[34.85876678382824,32.28580538328512,0],[34.858677469929475,32.28551645782831,0],[34.858440517697,32.28474991468109,0],[34.85829326936792,32.28427355949623,0],[34.858063328436856,32.28352967797625,0],[34.85799876782785,32.283320816948006,0],[34.857952937176464,32.283172546156884,0],[34.8576230408599,32.28215816834077,0],[34.85762043664742,32.28215015805072,0],[34.85745787508742,32.281650299435306,0],[34.857354596386806,32.281332723409584,0],[34.857090537135626,32.28052075048691,0],[34.85700680124503,32.28026326450809,0],[34.8568295996566,32.27971836403998,0],[34.85677135618992,32.2795392606951,0],[34.85664654471338,32.27915545610368,0],[34.85648963295311,32.27867293626976,0],[34.85640325758674,32.278407321284504,0],[34.8563254396072,32.27816801980443,0],[34.85627526814938,32.27801373330823,0],[34.85602430065945,32.27722763300733,0],[34.85602424716648,32.27722746513189,0],[34.855966383814774,32.27707164321686,0],[34.85558002273578,32.276031182306404,0],[34.85557885338849,32.27602803462948,0],[34.85553682751344,32.27591486002476,0],[34.8554003041456,32.275718020258886,0],[34.8553642339073,32.275685364232686,0],[34.8552129179707,32.27557607522287,0],[34.85514142063728,32.27554244015706,0],[34.85502930512891,32.27548969615917,0],[34.85488348587867,32.27545436922825,0],[34.8547033681166,32.275450100372645,0],[34.854535452143544,32.27546810343772,0],[34.85453132249454,32.27546854648644,0],[34.85438597857938,32.275487787777934,0],[34.854229016392,32.2754823488036,0],[34.85401004117463,32.275436147453306,0],[34.85399151281747,32.275432237405035,0],[34.85375887874647,32.275328210049345,0],[34.85360838060507,32.275207865778235,0],[34.85348088822016,32.27507048872635,0],[34.85338724466598,32.27493992014918,0],[34.8532968482366,32.27489755745656,0],[34.85329624543877,32.27489808331218,0],[34.85326710030347,32.27488767439591,0],[34.85316987915572,32.27487088016304,0],[34.85303118503285,32.27488701829259,0],[34.85287021082617,32.27500430452594,0],[34.85267742821936,32.27517107548744,0],[34.85251753603442,32.275314678618045,0],[34.85251265452933,32.275319062915116,0],[34.85245045072227,32.27537492874256,0],[34.85212559598332,32.27573135921608,0],[34.85177861313057,32.275519707566296,0],[34.85208887620752,32.27522276895374,0],[34.852233016681765,32.27507846776556,0],[34.85223865455392,32.275072823120084,0],[34.85232375956537,32.27498762286326,0],[34.85243501722475,32.2748842527666,0],[34.85251659025668,32.27480846054534,0],[34.852709309688564,32.274658215350435,0],[34.852709369959975,32.274658275034625,0],[34.85279178138858,32.27459313839376,0],[34.85303369173119,32.27437436397997,0],[34.85320445418201,32.27422538702642,0],[34.85332397111489,32.27408119373233,0],[34.8533868872998,32.27398329104438,0],[34.85341102242521,32.273935205770854,0],[34.853412281380834,32.27393269695741,0],[34.853443362641784,32.273870772684305,0],[34.85347697966804,32.273771330378594,0],[34.85349506790354,32.27367550517604,0],[34.85350801512994,32.27355664908328,0],[34.8534836316897,32.27338030376887,0],[34.853438050996125,32.27323837305175,0],[34.853437917784206,32.27323796057582,0],[34.853412882748195,32.27319121664494,0],[34.8533450787774,32.273064616328945,0],[34.8532581210937,32.27294371146691,0],[34.85315162628306,32.27281811264079,0],[34.853073919748205,32.27271967014841,0],[34.85303290861868,32.27266771549796,0],[34.852910168194114,32.272516600064385,0],[34.852752884261385,32.272375784770446,0],[34.85260998483436,32.27226196034528,0],[34.85196732492541,32.27180248417676,0],[34.851964762360815,32.271800651857305,0],[34.85165501978877,32.27157919603449,0],[34.85112351567372,32.27128504955194,0],[34.851006647539336,32.271228430040985,0],[34.85100147871164,32.2712259258103,0],[34.850682983483914,32.27107162087983,0],[34.850169021258594,32.270874298561104,0],[34.84968909579309,32.27069004070935,0],[34.84935758344105,32.27056276141208,0],[34.84870542115268,32.270377689129646,0],[34.84825330093536,32.27027957203851,0],[34.848199540846096,32.27026790492367,0],[34.84761406431562,32.27014084424333,0],[34.846322757403485,32.269890436964396,0],[34.846142791629084,32.26985553699996,0],[34.8457170014459,32.2697729642912,0],[34.84477945676172,32.26957947541484,0],[34.84431714283977,32.269484060201144,0],[34.84427490176577,32.269475342362355,0],[34.843713115343164,32.26933452787774,0],[34.843455274114326,32.26925152526848,0],[34.84327850344293,32.269194619217764,0],[34.84278224380447,32.268998405934646,0],[34.84274602851069,32.26898138516771,0],[34.842435220565484,32.268835315489596,0],[34.84186496199784,32.26851291559696,0],[34.84166151790662,32.26837214428278,0],[34.84150899610541,32.26826660926795,0],[34.84140958299382,32.268197820259935,0],[34.8411846081943,32.26801931423212,0],[34.840879936853206,32.26774854088231,0],[34.840659278974925,32.26752763189359,0],[34.84048502439953,32.26733540153722,0],[34.84037450235759,32.26719842351839,0],[34.840233095583805,32.267023167580525,0],[34.84020276934229,32.26698077120463,0],[34.84008800843389,32.266820330348054,0],[34.83995939482487,32.266622572315654,0],[34.83979131567185,32.26633225413852,0],[34.83969099563125,32.26614875140912,0],[34.839630324722265,32.26601524595859,0],[34.83957004115564,32.265882591056936,0],[34.83951345379011,32.265745041207055,0],[34.83944551680853,32.265579900640226,0],[34.83930278097036,32.26522207321618,0],[34.83919731396855,32.26493750354613,0],[34.83908005562411,32.26461789140262,0],[34.83904250245945,32.264515534496596,0],[34.839010736153675,32.2644289463281,0],[34.83865320294921,32.263409380120606,0],[34.838584037392586,32.26321214080409,0],[34.838574351343226,32.26318451877541,0],[34.83844252311512,32.26304357627687,0],[34.838403467340456,32.26298646713149,0],[34.83818239710512,32.26228663283684,0],[34.83813125852685,32.26212474145507,0],[34.83797644587835,32.261634646272526,0],[34.83801901100609,32.26143139304013,0],[34.83785924267813,32.26093052524731,0],[34.83785826168934,32.260927449188245,0],[34.83760023280274,32.26011852551492,0],[34.83752486775758,32.25988225269842,0],[34.837289439094825,32.2591441661978,0],[34.83724230833001,32.25899640586635,0],[34.83709748494824,32.25857972494621,0],[34.83692308509854,32.258077945750614,0],[34.83681732597378,32.257780430865196,0],[34.83677502922059,32.25766144618489,0],[34.83645399596701,32.25675832840431,0],[34.83629836199143,32.25637520841481,0],[34.83626021668907,32.25628522016472,0],[34.836239826371724,32.25623711832044,0],[34.836167034469284,32.256065397705605,0],[34.83589487855242,32.25540725629336,0],[34.835805682841105,32.25517379425374,0],[34.835783794561664,32.25512727416401,0],[34.83576126211202,32.25509389541623,0],[34.83572998183821,32.25505902486795,0],[34.83569926799377,32.255032625342196,0],[34.83566026567552,32.255006611019695,0],[34.83559015640342,32.25497979438996,0],[34.83552735021323,32.254965613835466,0],[34.83545961853071,32.25496440789028,0],[34.8353339847904,32.25498567880442,0],[34.83515548949836,32.2550304943974,0],[34.83482224507807,32.255115905494876,0],[34.834726059699925,32.255143651849565,0],[34.834707475650056,32.25515444660557,0],[34.834552945292856,32.25521252068075,0],[34.834473174541756,32.255260922025585,0],[34.83440783094286,32.25534068927796,0],[34.83436195104435,32.25540732519176,0],[34.83435683999342,32.255463641673714,0],[34.8343557340321,32.2554974356821,0],[34.83438338107408,32.25561951462838,0],[34.83425516563981,32.255648815233414,0],[34.83423450106913,32.25547977025764,0],[34.834214280137594,32.25544096758209,0],[34.834206855190544,32.255430949761966,0],[34.83413240656179,32.25536443654296,0],[34.83412858871624,32.25536068302935,0],[34.834067597277304,32.25530072536437,0],[34.8340483875256,32.25524787071722,0],[34.834039836319384,32.25520082131324,0],[34.83409385860308,32.25505166091341,0],[34.8340987960418,32.25503187533139,0],[34.834105709101905,32.255003021980244,0],[34.834064915684664,32.25482936946125,0],[34.83396972784357,32.254391921933426,0],[34.83396714419192,32.25437693604048,0],[34.83394209661254,32.254231676618105,0],[34.83392600580802,32.254138363479555,0],[34.833861362071794,32.253727654352595,0],[34.83385564339248,32.253691320792605,0],[34.83386127650994,32.25352871929484,0],[34.83391660505831,32.25337259842658,0],[34.833979256241236,32.25325029084683,0],[34.833983601226926,32.25324520049608,0],[34.83406918817127,32.25314495867255,0],[34.8341565296728,32.253064962051525,0],[34.83426621039549,32.25299347764962,0],[34.83436588786211,32.252936747394365,0],[34.83448790669383,32.25288853020956,0],[34.83462730176403,32.25284670046679,0],[34.835191252599614,32.25278021142337,0],[34.83524221234745,32.252774203976514,0],[34.83551699981425,32.25273459394074,0],[34.83546892368199,32.25245603711058,0],[34.83546481660453,32.25243223925165,0],[34.8354547526446,32.25237393056898,0],[34.83543253856941,32.252245225254335,0],[34.83529368652245,32.25144070278212,0],[34.83515204876971,32.25062003031988,0],[34.835138128163294,32.250539371787276,0],[34.83508632165816,32.25023919300813,0],[34.83498483823123,32.249651168712575,0],[34.83495109815668,32.249455663726394,0],[34.834928850211824,32.249326753470406,0],[34.834862657307085,32.24894320750971,0],[34.8348181760256,32.24871754666217,0],[34.834805534568346,32.2486534130662,0],[34.834776342190764,32.24850531542073,0],[34.83476715174386,32.248458691584155,0],[34.834765167876775,32.24844862838501,0],[34.83476465214978,32.2484460135586,0],[34.83476374339793,32.248441403777925,0],[34.83476321895555,32.24844094053958,0],[34.83476114958052,32.24843915079276,0],[34.834746653386595,32.24842661261387,0],[34.83467656224397,32.248365989222386,0],[34.83466755514014,32.24835819866174,0],[34.83463608738801,32.24833098145858,0],[34.83427344560614,32.24801732253355,0],[34.834146890445446,32.24790786151976,0],[34.834188042692425,32.24781320829581,0],[34.8343233003559,32.24750210837606,0],[34.83442012600854,32.24727940320839,0],[34.83451015401544,32.24707233001253,0],[34.83451013951827,32.24707224159702,0],[34.834486959137834,32.24692496492469,0],[34.83447090341487,32.24680849990945,0],[34.83446346415539,32.246754536281045,0],[34.83441412112255,32.2463966160719,0],[34.83440725814239,32.24634683110557,0],[34.834160620599214,32.24487512130544,0],[34.833926018985025,32.243503542099766,0],[34.83389809661599,32.24333999699869,0],[34.83368588630224,32.242097023244526,0],[34.83363338260703,32.24178948575519,0],[34.833488008402554,32.24093796432963,0],[34.83326725507686,32.239738278055356,0],[34.83319302378248,32.23933486010114,0],[34.83297576481897,32.23815412313231,0],[34.83284672643049,32.23745282348233,0],[34.832844024411806,32.23743814017517,0],[34.83281089965938,32.23725811312542,0],[34.83271263526588,32.23679612191581,0],[34.83269080561632,32.23669573697695,0],[34.83259452655218,32.23625299880657,0],[34.83253000705794,32.235956302377524,0],[34.83247857688688,32.23572767287462,0],[34.832592833444146,32.235713663743546,0],[34.83245562451839,32.23490294236119,0],[34.832430046606845,32.234758167621365,0],[34.83242871398627,32.234750626723994,0],[34.832241671098124,32.233691946184294,0],[34.8321653795254,32.233161937338366,0],[34.832163414086004,32.23314828238919,0],[34.831996837482876,32.23199102161326,0],[34.831983010601384,32.23189496510582,0],[34.83196737707076,32.23175206543185,0],[34.83177477298904,32.22999150209049,0],[34.83176815271338,32.22993382981091,0],[34.831767864826794,32.22993132294764,0],[34.831683748414406,32.22919855665577,0],[34.83160102959977,32.22847796281758,0],[34.83155873176655,32.228109481785026,0],[34.83152873786569,32.22795264245936,0],[34.8313610788782,32.22707592609182,0],[34.83123427619437,32.226412845458086,0],[34.83116678317149,32.22605990302893,0],[34.83117528447741,32.22605898127355,0],[34.831065802845174,32.225484957026424,0],[34.83084756509289,32.224533236227984,0],[34.83083874196321,32.22450264198194,0],[34.83083640622252,32.224494540799014,0],[34.8306098574576,32.223708927858446,0],[34.83057251130716,32.223579418034404,0],[34.83039240513168,32.22297714631821,0],[34.83028895568837,32.22263121272777,0],[34.830260757954974,32.22253613868467,0],[34.830179385818255,32.22226177703826,0],[34.82994187996823,32.22146097780327,0],[34.82981165493116,32.221021890089474,0],[34.829710678095985,32.22067135522297,0],[34.82949922580002,32.21993730275686,0],[34.82944195900001,32.21973850098301,0],[34.829314841077746,32.21931683685541,0],[34.82931192124649,32.219307151299766,0],[34.829188485130935,32.21889769708927,0],[34.828854034923374,32.217926164144814,0],[34.82877251736607,32.21762053572939,0],[34.828645261115426,32.21714341965748,0],[34.82846286816295,32.21616458840944,0],[34.828460259484714,32.21615151129572,0],[34.82829220643814,32.21530921878101,0],[34.82798413991207,32.21435104194944,0],[34.82788537268751,32.21436275131222,0],[34.82774647014233,32.21437919886881,0],[34.82767509135079,32.21405299976562,0],[34.827575723227696,32.21391469486532,0],[34.82736683404597,32.21369812869908,0],[34.82718389278559,32.21354897932472,0],[34.826864690485216,32.21338174815657,0],[34.82652138060379,32.21326831320062,0],[34.82588087780544,32.21308092192567,0],[34.82552432284683,32.212969578201175,0],[34.82533787801607,32.2128724000286,0],[34.82523803339249,32.21279513180837,0],[34.82520900504592,32.21274294855995,0],[34.82511641094961,32.21257309285266,0],[34.82508184897198,32.21236888149741,0],[34.825069024828124,32.21220999341535,0],[34.82497278434766,32.21207703883134,0],[34.8248978517194,32.2120408386918,0],[34.824851374803245,32.212018385761695,0],[34.82477577007515,32.21198186069832,0],[34.824641330598844,32.211895002396936,0],[34.82450947296233,32.2117558769645,0],[34.824432200990934,32.211570671747985,0],[34.824402343254675,32.21135746202419,0],[34.82442151272082,32.21101319830306,0],[34.82444016293612,32.2107379148623,0],[34.824459757695514,32.21023566572257,0],[34.824438818682445,32.210008634268405,0],[34.824369787893644,32.20973536784503,0],[34.82420845099254,32.209323998964706,0],[34.82414302850225,32.20912675262508,0],[34.8239682117051,32.2088068257426,0],[34.82388583381291,32.20865606864826,0],[34.823254147096,32.20763513844951,0],[34.822905566214914,32.20708594643663,0],[34.822050582880614,32.20573888324942,0],[34.82189922978235,32.205541987201165,0],[34.82157492980624,32.2051262540032,0],[34.82128002644359,32.2047551258869,0],[34.82160613823106,32.20456511653014,0],[34.82186174420585,32.204894681402166,0],[34.82237217561293,32.205527194131854,0],[34.82280668184127,32.2060838179375,0],[34.823359712028726,32.20681533350413,0],[34.823925366427886,32.20754658881589,0],[34.82394107710127,32.2075668979891,0],[34.823991425774054,32.207631986027636,0],[34.82400667223884,32.20765170674288,0],[34.823984895389046,32.20766255355968,0],[34.824098538593894,32.20779876529796,0],[34.824559931843254,32.208353518724984,0],[34.82482944348785,32.20866791090248,0],[34.8251799991418,32.20909969919286,0],[34.82539897458635,32.209356413677064,0],[34.825704199306664,32.20971467125856,0],[34.82596698986989,32.21001754777766,0],[34.82622508397622,32.21031386283931,0],[34.82633462210595,32.210430701945036,0],[34.826445901764394,32.210538917114654,0],[34.82677125919643,32.21079598774403,0],[34.82680530329559,32.21082288644698,0],[34.827122976594495,32.21107388233701,0],[34.827590408866556,32.211419071046876,0],[34.82771303281301,32.211509379075956,0],[34.828048151323124,32.2117561799756,0],[34.82821855109635,32.21188903098609,0],[34.82830956962147,32.21198136535824,0],[34.82838705011903,32.21207509772664,0],[34.828449223999705,32.212186041720756,0],[34.8285091062303,32.21233505524028,0],[34.82850974746062,32.21233491827402,0],[34.82855285604584,32.21243952469591,0],[34.82861925957537,32.21248543103855,0],[34.828718930514036,32.2125379668274,0],[34.828810819478015,32.212614420532276,0],[34.828872107976615,32.21265813557363,0],[34.828913016473685,32.212675671171006,0],[34.82912915041764,32.212690828693226,0],[34.829309613853546,32.21268787977743,0],[34.82947360421409,32.212702306671346,0],[34.8296375046188,32.2127376460527,0],[34.82991467689843,32.212730171953865,0],[34.83041729113841,32.212709870214255,0],[34.830732924659976,32.21264325632861,0],[34.83151416203673,32.212451238470884,0],[34.831717062611794,32.212364679668724,0],[34.831807056075064,32.21230175601934,0],[34.83184835273362,32.21223432965888,0],[34.83185634690027,32.2121602700241,0],[34.831850437586354,32.21206975989305,0],[34.83181232888354,32.21197421948146,0],[34.831700851764076,32.211774851113724,0],[34.831558154991626,32.21152077662185,0],[34.83132166054695,32.21109968593926,0],[34.830605189274884,32.209826406960175,0],[34.830020221548835,32.2088820366342,0],[34.82984298390109,32.208561172759985,0],[34.82939489108435,32.20774994919151,0],[34.82894506864083,32.206920953931075,0],[34.828943649630446,32.20691833999047,0],[34.828738924220026,32.206541036660674,0],[34.82795283407161,32.20509355818053,0],[34.82770037862867,32.204525993133494,0],[34.82765436559792,32.204466884674815,0],[34.827597913339886,32.204447058738666,0],[34.8275233689372,32.20445120476304,0],[34.827119320895974,32.20459415258637,0],[34.827088726197,32.20453508992694,0],[34.82738212423162,32.2044289427876,0],[34.8275057694201,32.20435723456776,0],[34.827549670621224,32.20430494721721,0],[34.82754473805821,32.20425469660724,0],[34.82753209706055,32.20420442392429,0],[34.82751939992597,32.204167255621954,0],[34.82727204404727,32.20370348168161,0],[34.82734409699078,32.20367967154726,0],[34.82747411880795,32.20393123424733,0],[34.82759905675027,32.20416967710804,0],[34.827642345662746,32.20426590883254,0],[34.82767822432601,32.204290040737504,0],[34.82772702206745,32.20429673748318,0],[34.82792006815941,32.204220869193676,0],[34.83035814500903,32.203299450798724,0],[34.830411626319524,32.2034175526705,0],[34.827789172127034,32.20435331491286,0],[34.8277478207488,32.20440997992858,0],[34.82776047088808,32.20445806942652,0],[34.82780123632185,32.20454337131605,0],[34.82814059684986,32.20517892236528,0],[34.8284084302095,32.205664596341705,0],[34.82887291905118,32.20652348402239,0],[34.82919171801619,32.207116329879916,0],[34.82940943136658,32.20750027735456,0],[34.8294154578658,32.207510905471324,0],[34.829521241430854,32.207697459316684,0],[34.82985028472907,32.208301255168685,0],[34.83034316192673,32.20916445692655,0],[34.83057539605346,32.209562654482255,0],[34.83091528690301,32.21016121588052,0],[34.83117290502057,32.21063811631581,0],[34.831178502141974,32.21064801625011,0],[34.83162743927345,32.211442106610725,0],[34.831859586756714,32.211864328247806,0],[34.831923436127916,32.212013850550775,0],[34.83198215357407,32.2121101261609,0],[34.832082253620236,32.21216966643092,0],[34.832172104591166,32.21219395597814,0],[34.83229296636085,32.2121768381362,0],[34.832491112230485,32.21211408166397,0],[34.834898667430885,32.21124238913425,0],[34.83554447957945,32.210981479787954,0],[34.83568958077487,32.210892441895915,0],[34.83601174394153,32.21080516881559,0],[34.836472690954565,32.21063233749453,0]],[[34.83257060510651,32.21388210565069,0],[34.83254196573528,32.213867980846565,0],[34.832485444980684,32.2138401040765,0],[34.83244689944819,32.21378065867222,0],[34.83242641920805,32.21373005596848,0],[34.83244494064762,32.213626828848646,0],[34.832463326815045,32.21355656375467,0],[34.832414459463045,32.21341271649093,0],[34.83214024865773,32.21280760478519,0],[34.83205021431088,32.21269307085327,0],[34.83199856370499,32.2126775372193,0],[34.83185897924574,32.2126661388162,0],[34.8317787685328,32.212679086330304,0],[34.83140045076003,32.212812221901785,0],[34.83101622638402,32.212884219567584,0],[34.830473251044914,32.212927617702796,0],[34.83004294329533,32.212937595686,0],[34.82989309215624,32.21293212361333,0],[34.82953993796983,32.21291922864411,0],[34.829109907436454,32.212861697714665,0],[34.82886498968708,32.212860970468064,0],[34.82877213239407,32.21290569929042,0],[34.82872551922838,32.21297306644645,0],[34.8287249366649,32.21311476716172,0],[34.82876564610694,32.213240631026665,0],[34.82880153781332,32.21341450796781,0],[34.828782215034245,32.21360098723083,0],[34.82884921723247,32.2141301558947,0],[34.82904626280108,32.21541927730022,0],[34.82904837113469,32.21543306531671,0],[34.829106275096485,32.21581188247984,0],[34.82916192476694,32.21620997275363,0],[34.82921515459872,32.2165743990284,0],[34.829241256253766,32.21673000570064,0],[34.82923796230717,32.21652728699649,0],[34.82936142851375,32.21655013265697,0],[34.82935419928959,32.21664346156382,0],[34.829379858454374,32.217081111752535,0],[34.8294735920975,32.21765897624903,0],[34.82947872260672,32.21768105236815,0],[34.8296763127498,32.218531230025484,0],[34.82997447092149,32.21948892922908,0],[34.82998509521368,32.21951495331062,0],[34.83046425635353,32.22068864434465,0],[34.83087856395828,32.22182028164322,0],[34.83106212702041,32.222321657689626,0],[34.83107522832469,32.22235744252524,0],[34.83108937876014,32.222396090870475,0],[34.8311363139007,32.22251601421599,0],[34.83132880218269,32.22300783037854,0],[34.831347173056855,32.222928493717816,0],[34.83144225443384,32.22263536285299,0],[34.83152243060811,32.2224290337488,0],[34.83162635733609,32.22219692540265,0],[34.8318201617924,32.2218336390593,0],[34.8319727632963,32.2215906794779,0],[34.832048549098694,32.22148576180159,0],[34.83219005997833,32.22128985517553,0],[34.832352398840236,32.22109143873806,0],[34.83261908219993,32.220803086197805,0],[34.832796853562364,32.220630840627464,0],[34.83289535480749,32.220543110193894,0],[34.83306684228224,32.2203903726895,0],[34.83328651940279,32.22020702156363,0],[34.83372931654393,32.21985415326947,0],[34.83464119309275,32.21913664855779,0],[34.83465556797098,32.21912533731685,0],[34.835451248832385,32.21849805330199,0],[34.83561084703499,32.21837222967096,0],[34.83590652188174,32.218127868971216,0],[34.83610548871978,32.21795037528914,0],[34.83621615299052,32.217844762165534,0],[34.83641779627781,32.21763532965516,0],[34.836586401482535,32.21744055005057,0],[34.83676647431441,32.21720796707501,0],[34.83696272596691,32.21691684101994,0],[34.83708500374369,32.21670874397808,0],[34.83719919878467,32.2164888389938,0],[34.837327974908426,32.21619830717395,0],[34.83736582037082,32.216096394329,0],[34.837385363974725,32.21604376241053,0],[34.83741028536702,32.21597665284127,0],[34.8375007469728,32.2156771442801,0],[34.83754395592038,32.21549763152854,0],[34.83758242676719,32.215298993780685,0],[34.83759634100604,32.215159358873024,0],[34.837605209090334,32.21493891155539,0],[34.837598523618574,32.214724529503734,0],[34.83757207831861,32.21447804478178,0],[34.83752878315549,32.21424722541091,0],[34.83750837076659,32.2141739775443,0],[34.83734558606218,32.21406650360118,0],[34.83719407301033,32.214007069767646,0],[34.837148953382474,32.21398635939509,0],[34.837031228556995,32.21395446169671,0],[34.83690379849092,32.213928023856255,0],[34.836756947017314,32.21391387736231,0],[34.8366245337056,32.21392172360751,0],[34.836289725877165,32.21398948850272,0],[34.83609090160185,32.21405201987747,0],[34.835869416586874,32.21412957692164,0],[34.83547656048967,32.21427554153288,0],[34.835374104676305,32.214313608356115,0],[34.83525949975014,32.214354419782616,0],[34.83482764939928,32.21450820318231,0],[34.83478508043232,32.21452385160871,0],[34.834687616436135,32.214559679842026,0],[34.83468416498167,32.21456094845967,0],[34.83445999972447,32.214643353018324,0],[34.834423185820874,32.21456504282911,0],[34.83469319224932,32.21446567842864,0],[34.83455943778614,32.21440629337607,0],[34.83439021536084,32.21433445643622,0],[34.83431446234762,32.21430405153835,0],[34.83427203910965,32.21427482269432,0],[34.83408488785208,32.214341131031716,0],[34.83337707805188,32.21460949774338,0],[34.83335861165533,32.21457085948546,0],[34.833047352707126,32.213919563297004,0],[34.8328598039995,32.21398184315161,0],[34.83272249273415,32.21404736259937,0],[34.83264462554861,32.214119651354125,0],[34.83248203716595,32.214042261135155,0],[34.83260137270214,32.213945923374276,0],[34.83267129505134,32.21391975850136,0],[34.83257060510651,32.21388210565069,0]],[[34.83551802675317,32.25484403409423,0],[34.835517755074,32.25484351208079,0],[34.83555845164564,32.25482814759109,0],[34.835575727813875,32.25482084323019,0],[34.835598607764254,32.25480576668002,0],[34.83561914973726,32.254789938443295,0],[34.83564425627899,32.25476404630116,0],[34.835661582238174,32.25474468096565,0],[34.83568458498316,32.25471286709605,0],[34.83571090413771,32.25466551646967,0],[34.83571935001565,32.25463274301746,0],[34.83572612790782,32.25459623770199,0],[34.83572865652954,32.25456294018962,0],[34.83572450510096,32.25448048960962,0],[34.83571872006304,32.25445434228005,0],[34.83570973382299,32.25436611891734,0],[34.8355986931067,32.25327599262733,0],[34.83558266303037,32.25311503753827,0],[34.835549389127415,32.252922252088865,0],[34.83553872055929,32.25286044009697,0],[34.83540824329744,32.252879359588626,0],[34.8350226928025,32.252926806587304,0],[34.834681926611005,32.252965936630055,0],[34.83446790443104,32.25301810852212,0],[34.834293496049156,32.25311052284925,0],[34.83417128183428,32.25320731285523,0],[34.83407102731221,32.25334937350084,0],[34.83400071893652,32.253520233160195,0],[34.83398286337624,32.25363211241536,0],[34.83398486741756,32.25375038569405,0],[34.8340066871218,32.25388772447017,0],[34.83414048822474,32.25463897226159,0],[34.834196608632276,32.25490101468972,0],[34.83423359244758,32.25497715356637,0],[34.83429799388137,32.255036476381136,0],[34.83443456338608,32.25507911414413,0],[34.834563872937665,32.255073156936724,0],[34.834713122666216,32.25505458634385,0],[34.834857468033725,32.25501910575999,0],[34.83551802675317,32.25484403409423,0]]]},"properties":{"OBJECTID":"5","שם_רש":"נת''א","road_rashu":"כביש 2","area_2":"1351414","source":"נתיבי איילון","date":"רבעון 1, 2026"},"id":5},{"type":"Feature","geometry":{"type":"Polygon","coordinates":[[[34.86593777894998,32.04395506344031,0],[34.865941487279706,32.04393045790669,0],[34.86594673694904,32.04389325027615,0],[34.86596707313869,32.04373368029178,0],[34.865995479621475,32.04347439676482,0],[34.86604405860925,32.043023929391246,0],[34.866055801644386,32.04291587410703,0],[34.866054524886316,32.04292016595668,0],[34.86614727575838,32.04215080672784,0],[34.86616881054192,32.04200770306106,0],[34.86630451817684,32.04113502479913,0],[34.86634359260003,32.040868850039175,0],[34.86643375162319,32.04026972554312,0],[34.86643610772794,32.04000965630194,0],[34.86642645312032,32.039969068644545,0],[34.86640277869658,32.03993202284717,0],[34.866362294025585,32.039896124406454,0],[34.86630776764566,32.039869733131624,0],[34.86626160915703,32.03985290786573,0],[34.86618457780631,32.03985270241878,0],[34.86607530586945,32.039859568466326,0],[34.865874972366285,32.03987287274931,0],[34.86587240457821,32.03980939832827,0],[34.86585296679398,32.03961083026402,0],[34.865924717982,32.03959956899549,0],[34.866065910953346,32.03959612851053,0],[34.86629005227342,32.03958336445941,0],[34.86641779163155,32.03958179590987,0],[34.8664828690527,32.03955715551175,0],[34.86653233783896,32.039511476048915,0],[34.86656389957794,32.039460021544095,0],[34.866598320372844,32.039240600523094,0],[34.866630491673334,32.039023082596664,0],[34.8667017116893,32.038546070122344,0],[34.866781928785805,32.038059537804884,0],[34.866777573459856,32.03802516773462,0],[34.866762048056835,32.037981224201715,0],[34.866735304623184,32.03794106720022,0],[34.86669958333224,32.0379047053946,0],[34.866648141606916,32.03787784452494,0],[34.86661010311707,32.03786247306683,0],[34.86655634205108,32.03785660342815,0],[34.866408430192905,32.03786002656241,0],[34.866119336093796,32.037864982063546,0],[34.86611554142953,32.037677909436376,0],[34.866326190754435,32.03767656212818,0],[34.866561490373044,32.037675280147894,0],[34.8666668460329,32.037666017081634,0],[34.86672741261908,32.03764899914576,0],[34.86676786143807,32.03761856568548,0],[34.86682634783139,32.03755763996613,0],[34.86684000314582,32.03750041128885,0],[34.86684464798302,32.03737969193271,0],[34.86684887609621,32.036990783246395,0],[34.86685244658912,32.036780824561376,0],[34.86680842660745,32.03656357980871,0],[34.86671473120904,32.03614339301612,0],[34.86658477077894,32.03558137941523,0],[34.866450225635,32.034996925712626,0],[34.866425745381775,32.03495104914942,0],[34.86637208525966,32.03491845583495,0],[34.86630486111885,32.034918276620544,0],[34.86618609776574,32.03491795991944,0],[34.86604266485954,32.03492330369978,0],[34.866036623304595,32.03473813319336,0],[34.866097124911185,32.0347382946151,0],[34.86615987468576,32.03473655380074,0],[34.866233912290035,32.034711936495114,0],[34.86628557062379,32.03467962485834,0],[34.86632390229971,32.03461482738404,0],[34.86633985472204,32.034542334717415,0],[34.86632222921804,32.034460208807396,0],[34.866293520430425,32.03434560395642,0],[34.86641458623166,32.0343287474439,0],[34.86664103989052,32.03429308320822,0],[34.866800240643826,32.0342648750624,0],[34.86681347529059,32.03432217445263,0],[34.866848766712295,32.03447535487667,0],[34.86687971843672,32.03458996647434,0],[34.86689749743262,32.03463009870241,0],[34.866933224541484,32.034664552277604,0],[34.86698913881198,32.034693333142464,0],[34.86708092832286,32.0347164830027,0],[34.86716830553123,32.03472053271079,0],[34.867199354607926,32.034808420614254,0],[34.86723467622813,32.03495358402164,0],[34.86718761231093,32.03495536798234,0],[34.86712706157774,32.03496856888567,0],[34.867073142278876,32.03500660126502,0],[34.86702818546146,32.0350446574659,0],[34.86700552611653,32.035113315061174,0],[34.86701427868064,32.03517060249839,0],[34.86704069951704,32.03529856302454,0],[34.867122350571044,32.03564236510579,0],[34.8672116349228,32.03604345246049,0],[34.86731653635315,32.03646366959264,0],[34.86734955463885,32.036626006051925,0],[34.867373925661504,32.036855127373805,0],[34.86737319149907,32.03705555079478,0],[34.86736150684714,32.03718675019294,0],[34.86730953851184,32.03753282196834,0],[34.86725228537537,32.0378686199032,0],[34.86721324641536,32.03812620556101,0],[34.86714901097201,32.03853261089596,0],[34.86709163062313,32.0389027668318,0],[34.86704384734086,32.03925290581262,0],[34.86699405798759,32.03953909479445,0],[34.866886919705394,32.04027521163989,0],[34.866815204834225,32.040734327513015,0],[34.86673315677289,32.04126101898567,0],[34.86669417790074,32.04150142436478,0],[34.866691656286285,32.041577770071044,0],[34.866700494377234,32.04161215206495,0],[34.86671830264817,32.04164464974624,0],[34.866751791066456,32.04167909738345,0],[34.86679873233799,32.041711671728415,0],[34.86688606014389,32.04173099254798,0],[34.86703394427327,32.04173711252531,0],[34.867008452780496,32.04196610105375,0],[34.866844903169564,32.04195421293216,0],[34.866764221020084,32.041955907214245,0],[34.86669914196653,32.041980548638165,0],[34.86664298403093,32.04201666661055,0],[34.86661593810121,32.04205858762395,0],[34.866600047621795,32.04211390117428,0],[34.86658620218642,32.04222266604897,0],[34.866556346986684,32.04241919349105,0],[34.8664921275618,32.042819871828684,0],[34.86645957092185,32.04314151448709,0],[34.86641234299384,32.043644359251324,0],[34.86637897877666,32.04395683744113,0],[34.86626764526503,32.04395176826947,0],[34.86626474180744,32.04397979557122,0],[34.86593777894998,32.04395506344031,0]]]},"properties":{"OBJECTID":"6","שם_רש":"נת''א","road_rashu":"אלכסנדרוני 4622","area_2":"53983","source":"נתיבי איילון","date":"רבעון 1, 2026"},"id":6},{"type":"Feature","geometry":{"type":"Polygon","coordinates":[[[34.86309132679552,31.942790258320134,0],[34.86287460563661,31.94267609991007,0],[34.86287467005185,31.942658682513823,0],[34.862826267799505,31.94258124463804,0],[34.862724366916794,31.94255187092141,0],[34.862453400974694,31.942440164870295,0],[34.862369996870314,31.94240902261768,0],[34.8623063349411,31.942386165214145,0],[34.86224235011952,31.94236397515058,0],[34.86217805085841,31.942342454252827,0],[34.86211344771906,31.94232160615613,0],[34.862048549147616,31.94230143449004,0],[34.861983366762836,31.942281942892677,0],[34.86191790902086,31.94226313228823,0],[34.86185218542191,31.94224500721091,0],[34.86178620758808,31.942227570397133,0],[34.86171998291443,31.942210823670056,0],[34.86165352408057,31.94219476976892,0],[34.86158683848151,31.942179410516978,0],[34.86151993773589,31.94216474955248,0],[34.86145283135385,31.942150788704314,0],[34.861385529906435,31.942137528902617,0],[34.861318042900386,31.94212497287813,0],[34.86125037984241,31.94211312336167,0],[34.8611825523611,31.94210198128621,0],[34.861114569969864,31.942091547578997,0],[34.86110884519125,31.94209070243991,0],[34.86110311827747,31.942089862705625,0],[34.86094911457565,31.94207088438211,0],[34.860807270021105,31.942056183588814,0],[34.860713386556604,31.942047365980848,0],[34.860619414774355,31.94203926590572,0],[34.86052536101436,31.942031884282162,0],[34.86043123373844,31.94202522023113,0],[34.86033704033738,31.942019276477907,0],[34.860242788218805,31.942014051238747,0],[34.86014848477351,31.94200954723902,0],[34.86005413740907,31.942005762695057,0],[34.86002429502733,31.942004715943867,0],[34.8598305670102,31.942004580999694,0],[34.85968428034894,31.94200531671994,0],[34.859538000511066,31.94200677373866,0],[34.85939173278107,31.942008952070168,0],[34.85924548350099,31.942011851731728,0],[34.859099254782585,31.942015472729164,0],[34.85895305402888,31.942019814180796,0],[34.85880688546674,31.94202487609823,0],[34.858660753323086,31.942030658493106,0],[34.85851466182145,31.942037162278808,0],[34.85836861836825,31.942044385672034,0],[34.85822262507522,31.94205232867865,0],[34.85819954663829,31.942053650954378,0],[34.85815357580891,31.94205631944746,0],[34.858070794089684,31.94205851600677,0],[34.85798618385903,31.942057874938275,0],[34.85790167012181,31.942054348283175,0],[34.85781739034775,31.942047942729523,0],[34.85773347776262,31.942038668561413,0],[34.85765006769027,31.94202654057792,0],[34.85756729226461,31.942011578078986,0],[34.85748528571758,31.941993804879516,0],[34.85740417803343,31.941973249292296,0],[34.8573240991792,31.941949944139388,0],[34.85724517804691,31.941923926749226,0],[34.857167539277434,31.941895239849842,0],[34.85709130856196,31.941863927975973,0],[34.85701660733704,31.941830041963705,0],[34.856943554913286,31.941793635348883,0],[34.8568722674076,31.941754767069746,0],[34.856802860926074,31.941713498770103,0],[34.856735445211626,31.941669896585584,0],[34.85667012893193,31.941624031158025,0],[34.85660408272085,31.941573742121314,0],[34.856508626320945,31.941494780595356,0],[34.85646558186257,31.941460448897814,0],[34.85642196433826,31.941426648585555,0],[34.856377781133894,31.941393384187286,0],[34.85633304384869,31.941360664752338,0],[34.85628775986163,31.941328496613004,0],[34.85624193867022,31.94129688520563,0],[34.85619559081934,31.941265838674845,0],[34.85614872474885,31.941235362454048,0],[34.856101351010295,31.941205462884305,0],[34.85605347804346,31.941176145399087,0],[34.85600511745055,31.941147418145913,0],[34.8559562776781,31.941119284754688,0],[34.85590696927404,31.941091752468246,0],[34.85585720279317,31.941064826725924,0],[34.85579230629558,31.941030977721496,0],[34.85574152879832,31.941005462295973,0],[34.8556903270031,31.94098056973814,0],[34.85563871145775,31.940956307290918,0],[34.85558669272352,31.94093267859007,0],[34.855534281354956,31.940909689074925,0],[34.85548148896401,31.94088734418779,0],[34.855435177282196,31.940868398874215,0],[34.85538859195039,31.94084994878758,0],[34.85537204400383,31.940843519398094,0],[34.85537203534421,31.940829300527863,0],[34.85537182053338,31.940464707854066,0],[34.855314705639145,31.94042011056668,0],[34.85525816494888,31.940374983665546,0],[34.85520220690273,31.940329332585478,0],[34.85511384172815,31.94025516549133,0],[34.854622780135486,31.93978985420411,0],[34.85457435693175,31.939738318539725,0],[34.85452659539662,31.939686335577623,0],[34.8544795039696,31.939633910752683,0],[34.854433086859906,31.939581049488066,0],[34.85436008110749,31.939495397242187,0],[34.854213164785385,31.939330494787658,0],[34.85402912481804,31.93912228581386,0],[34.85395965911494,31.93904313072629,0],[34.85391826172466,31.938995852703744,0],[34.85377198630007,31.93882801791104,0],[34.8536278019022,31.938661371898153,0],[34.85348429859473,31.93849429833927,0],[34.85334148059919,31.938326799051975,0],[34.85319934684598,31.938158876740957,0],[34.85305790155996,31.937990532322033,0],[34.852917144725524,31.937821769404614,0],[34.85274810979538,31.937617440884573,0],[34.85155292780002,31.935947911648988,0],[34.85129279080819,31.9355845218359,0],[34.8512603249755,31.935539169682112,0],[34.85123958862456,31.935512486058077,0],[34.85111064464654,31.935351267837067,0],[34.85100299737291,31.935224309020537,0],[34.850909915634624,31.93512964843075,0],[34.85085959323599,31.935080091835136,0],[34.850808633511306,31.935031009601655,0],[34.850757043835706,31.93498240896451,0],[34.85070483053365,31.93493429535145,0],[34.8506519988721,31.93488667418727,0],[34.85059855622599,31.934839552706222,0],[34.850544508926596,31.934792934532435,0],[34.8504898632913,31.93474682689724,0],[34.85043462670182,31.934701235231305,0],[34.850378804428345,31.934656164057614,0],[34.849921664254516,31.934319162903865,0],[34.84888489634309,31.93357962006119,0],[34.84742617325693,31.932539056654424,0],[34.84711118078747,31.932314355029156,0],[34.846823074351825,31.93207783792293,0],[34.84674360421888,31.93200618983353,0],[34.84654079308534,31.931811516373397,0],[34.84646510813251,31.93173494586346,0],[34.84637549765645,31.931636493286447,0],[34.84627115924433,31.931517769690803,0],[34.84615256163467,31.931371644836545,0],[34.8460669317361,31.931257213245818,0],[34.845986091268244,31.93114497388604,0],[34.84590795628637,31.93102666299746,0],[34.84583444345879,31.930910860418674,0],[34.845790982845706,31.930835647500512,0],[34.84579021445162,31.93083418710213,0],[34.845592515388354,31.930458724149403,0],[34.84548146913061,31.930206777063184,0],[34.845314278243336,31.929827440891767,0],[34.84498276535128,31.92994673290621,0],[34.84496952868385,31.92991669849558,0],[34.844901837083846,31.929763113303846,0],[34.84486358109264,31.9296763129824,0],[34.84462016869226,31.929124025320714,0],[34.844441948779334,31.92877946034685,0],[34.84426452292786,31.928458854893407,0],[34.84424450792542,31.92842490986844,0],[34.84422434253395,31.928391028442494,0],[34.84413292447401,31.928241239807615,0],[34.84408553433686,31.928165913237827,0],[34.84403739955656,31.9280909317351,0],[34.843988524353485,31.928016298015994,0],[34.843938912930426,31.927942019306077,0],[34.84388856844325,31.92786810012259,0],[34.84383749510172,31.927794545887444,0],[34.84378569394329,31.92772136201361,0],[34.84373317234984,31.92764855393203,0],[34.843679931362274,31.927576126153838,0],[34.84362597519018,31.927504084101002,0],[34.84357188248821,31.92743317792004,0],[34.843501129418726,31.927345137757218,0],[34.84343782048059,31.92726771860307,0],[34.84337381952516,31.92719071589106,0],[34.84330913077591,31.92711413143582,0],[34.84324375738123,31.9270379715579,0],[34.84317770356096,31.92696223897371,0],[34.843110973520886,31.926886940006867,0],[34.84304357041978,31.926812078272533,0],[34.84297549741295,31.92673765828772,0],[34.84290676083136,31.926663683676637,0],[34.8428373627728,31.92659015895323,0],[34.84276730744628,31.92651708953927,0],[34.84269660012875,31.926444478154174,0],[34.84265845535699,31.926405771090266,0],[34.842620125046125,31.92636719785644,0],[34.84249188779011,31.926241035243557,0],[34.842416644276504,31.926168509978393,0],[34.842340769839595,31.926096465339697,0],[34.84226426869871,31.926024904043917,0],[34.842187144005074,31.925953831509712,0],[34.842109401035295,31.92588325045649,0],[34.84203104400146,31.925813165404207,0],[34.841952077119146,31.925743579970987,0],[34.8418725046039,31.925674497775038,0],[34.841792330667666,31.925605923336295,0],[34.84171156058328,31.925537860275938,0],[34.84163019750875,31.925470312209104,0],[34.84154824777417,31.925403282760023,0],[34.841465714533975,31.92533677644561,0],[34.84138260201047,31.925270795080465,0],[34.841298916523016,31.92520534499417,0],[34.84121466124003,31.92514042709656,0],[34.84112984142692,31.92507604681234,0],[34.84104446235617,31.92501220776281,0],[34.840958527192505,31.924948911759504,0],[34.84087204225857,31.924886164230248,0],[34.840785011772866,31.924823967891477,0],[34.84069743995383,31.924762325459593,0],[34.8406093320666,31.924701242359422,0],[34.84052069445138,31.924640719509856,0],[34.84043152920106,31.92458076232664,0],[34.84034184370964,31.92452137263353,0],[34.84025164219172,31.924462554048716,0],[34.84044396218011,31.924331568619795,0],[34.84040626120158,31.9243054803028,0],[34.84029077256336,31.92422703980844,0],[34.84021542672759,31.924177038404174,0],[34.84013956482921,31.92412760902815,0],[34.84006319214382,31.924078754400007,0],[34.83998631393994,31.92403047904305,0],[34.83997092727301,31.924020994737692,0],[34.8404978995932,31.92350504174189,0],[34.84057345251439,31.92357163692177,0],[34.84062264889441,31.92361603694013,0],[34.840671226927284,31.923660930264028,0],[34.84071918029706,31.923706309661554,0],[34.84076650163038,31.92375216789787,0],[34.84081318460051,31.923798500446456,0],[34.84085922289489,31.9238452991736,0],[34.84090461018676,31.9238925595529,0],[34.840976596059875,31.923969920942774,0],[34.84105086818518,31.923918985291497,0],[34.841138633340094,31.924000972021435,0],[34.842283598986526,31.925070543427296,0],[34.84230361870559,31.925109394644235,0],[34.84231596951434,31.92513087854598,0],[34.84232907448062,31.925152034532545,0],[34.84234292099038,31.92517284362966,0],[34.84235749748342,31.92519328776796,0],[34.84237279028817,31.925213347970125,0],[34.84238878467218,31.925233006157715,0],[34.84240546590648,31.92525224335041,0],[34.842422820308826,31.925271043276396,0],[34.84244083208922,31.925289387854143,0],[34.84245948333223,31.92530726170152,0],[34.84247875718687,31.925324647635836,0],[34.84249863785243,31.925341530280967,0],[34.84251910635596,31.9253578942518,0],[34.842540143724456,31.925373724163197,0],[34.842561730977856,31.92538900643368,0],[34.842583848082164,31.925403726576846,0],[34.8426064760572,31.925417871011266,0],[34.84262959380441,31.925431427051166,0],[34.84265318022171,31.925444382912662,0],[34.842677214206915,31.925456726811827,0],[34.84270167360049,31.925468446961794,0],[34.842726535181846,31.925479532474494,0],[34.84281210996488,31.925556997334493,0],[34.84289706755631,31.92563495457336,0],[34.842981402679484,31.92571340147194,0],[34.84306511323353,31.925792334418123,0],[34.84314819394872,31.9258717488892,0],[34.843267346620486,31.925987561982037,0],[34.8435016289953,31.926222002680937,0],[34.84375842387807,31.926502213394034,0],[34.84382008311428,31.926572558409678,0],[34.843881064020934,31.926643333438044,0],[34.843941361334885,31.92671453215249,0],[34.84400096977891,31.92678615183351,0],[34.84405988726204,31.926858186163518,0],[34.84411810956781,31.926930631524186,0],[34.844175631432954,31.927003481588862,0],[34.84423244970189,31.927076731840508,0],[34.84428856121552,31.9271503786638,0],[34.844343961771294,31.927224414833265,0],[34.84439864714912,31.927298837632453,0],[34.844452613142856,31.927373640737617,0],[34.84450585765766,31.92744881873289,0],[34.844558376476805,31.92752436799992,0],[34.84461016539403,31.927600282215042,0],[34.84466122231439,31.927676555962314,0],[34.84471154302103,31.927753185623413,0],[34.84476112330757,31.927830164874592,0],[34.844809961075434,31.927907489201694,0],[34.84485805211465,31.9279851531828,0],[34.844936006876104,31.928114271559526,0],[34.84497141204181,31.928174555954282,0],[34.84501995063218,31.928258477007148,0],[34.84506065732305,31.928330596421436,0],[34.84508620587218,31.92837657992616,0],[34.84545571833051,31.929038724715436,0],[34.845505573381025,31.929128061067352,0],[34.84552832703893,31.929152939599454,0],[34.84554227460713,31.929166581026493,0],[34.84555684900969,31.929179738146065,0],[34.84557202600973,31.9291923892461,0],[34.8455877824208,31.92920451442096,0],[34.84560409293801,31.929216094660962,0],[34.84562093225295,31.929227111858136,0],[34.84563827188486,31.92923754789566,0],[34.84565608546427,31.929247385564405,0],[34.845689705936636,31.929262617412608,0],[34.84570767668334,31.92926956250587,0],[34.84572597992855,31.92927584480194,0],[34.845744581883075,31.929281451579897,0],[34.845763448743696,31.929286373726065,0],[34.84578254565322,31.92929060122201,0],[34.84580183668306,31.92929412765352,0],[34.84582128802641,31.929296944808794,0],[34.84584086268662,31.929299048976056,0],[34.8458605257855,31.929300435547763,0],[34.84588024032286,31.929301101713992,0],[34.84589996929161,31.929301046468535,0],[34.845919678849896,31.929300270617645,0],[34.84593932986871,31.92929877495274,0],[34.84595888849925,31.929296562083795,0],[34.845978317713374,31.929293636415373,0],[34.84597877800479,31.9292935583546,0],[34.84625080750276,31.929687021292878,0],[34.846223285511826,31.929706323630803,0],[34.846210251852675,31.929716840783886,0],[34.846197813660915,31.92972787094191,0],[34.84618599852788,31.929739388932063,0],[34.84617483299096,31.92975136867687,0],[34.84616434253017,31.929763784095748,0],[34.846154548402815,31.92977660729271,0],[34.84614547504206,31.929789809478823,0],[34.846137140536456,31.929803361847256,0],[34.846129564039046,31.929817233790597,0],[34.84612276364196,31.929831395600193,0],[34.846116752164164,31.929845813945324,0],[34.84611154452551,31.92986045910838,0],[34.846107151437195,31.929875295949035,0],[34.84610358359283,31.929890293835907,0],[34.846100848531286,31.929905417619707,0],[34.84609895166257,31.92992063575227,0],[34.84609789841422,31.92993591217658,0],[34.846097689969945,31.929951214430716,0],[34.84609832752401,31.92996650734738,0],[34.846099809087875,31.929981758455806,0],[34.84610213162601,31.929996932576678,0],[34.84610529103495,31.930011997233198,0],[34.84610927899196,31.93002691723119,0],[34.846114086102844,31.930041660980592,0],[34.84620483381819,31.930312995155315,0],[34.84635031852617,31.93074798649327,0],[34.84637041431945,31.930808073120723,0],[34.84644186242184,31.930916257384595,0],[34.84651508184847,31.93101791477662,0],[34.84659294290687,31.931121964178367,0],[34.8467002344678,31.931254156271002,0],[34.84679591149002,31.93136302449097,0],[34.84687624422992,31.931451284544238,0],[34.8469406279344,31.93151642050817,0],[34.84713339039891,31.931701448161554,0],[34.84719868275071,31.931760313548786,0],[34.847464577547555,31.931978595003205,0],[34.85026420346433,31.933975652593393,0],[34.850900777465334,31.934444929172148,0],[34.85115352542518,31.934668874763183,0],[34.85138358884826,31.934903629945058,0],[34.85166411110683,31.93523848248831,0],[34.851734018322496,31.935334521987826,0],[34.85186574320354,31.935519668740998,0],[34.851885866620954,31.935547951277268,0],[34.852992401271834,31.93710331731588,0],[34.85301075959766,31.93712651578745,0],[34.85302041138217,31.93713411048548,0],[34.85302874515654,31.93713956604845,0],[34.85303756552497,31.937144432270742,0],[34.85304681761615,31.93714867743709,0],[34.85305644019646,31.937152274323697,0],[34.85306636990002,31.937155200209887,0],[34.85307654440822,31.93715743508344,0],[34.853086896090666,31.937158965230058,0],[34.8530973583609,31.937159780545617,0],[34.853107863557646,31.937159875432084,0],[34.85311834400255,31.93715924880049,0],[34.85312873199323,31.937157905874436,0],[34.853138958756084,31.937155855481915,0],[34.853148959737275,31.93715310916795,0],[34.85358617849049,31.93691204324841,0],[34.85379684338004,31.937212063127507,0],[34.85374679511502,31.937240295043342,0],[34.853608800773884,31.937313418822804,0],[34.85342483476718,31.937420566108703,0],[34.853408515038254,31.93742886096067,0],[34.85339251510868,31.93743760038523,0],[34.853381222074155,31.93744639429877,0],[34.85337461571245,31.937452772586557,0],[34.85336866646917,31.937459605399074,0],[34.85336341789151,31.937466843257223,0],[34.85335890507678,31.937474433953014,0],[34.8533551631292,31.937482323474864,0],[34.85335221764551,31.937490455079562,0],[34.85335009000267,31.937498769306654,0],[34.853348795229124,31.93750720758005,0],[34.85334843276402,31.937519935639173,0],[34.853349245497135,31.937528418515114,0],[34.85335089720373,31.937536810823232,0],[34.85335337541298,31.937545054813143,0],[34.85335666449184,31.93755309002028,0],[34.85336073927915,31.93756085865912,0],[34.85336401327581,31.937565906124878,0],[34.85349799594864,31.93772770499588,0],[34.85351883123478,31.937752866263548,0],[34.85360877837529,31.937858957543295,0],[34.85370672752314,31.937971623409826,0],[34.85389243153173,31.938200363583483,0],[34.854111717603814,31.938452605303972,0],[34.85414530693614,31.938491243130134,0],[34.85425478730568,31.93861717534129,0],[34.85447095120016,31.93886582312894,0],[34.85470726393866,31.939137615078902,0],[34.85478788514604,31.939226359659532,0],[34.854834101325984,31.939275594063627,0],[34.854880973905054,31.939324373940806,0],[34.85492849867385,31.93937269386794,0],[34.85497666825717,31.939420546609465,0],[34.85502547738801,31.939467926739336,0],[34.85508243250078,31.93952186287236,0],[34.85513259300317,31.939568204184212,0],[34.85520402344642,31.93963240209046,0],[34.85529446569394,31.939710904428875,0],[34.85535990403656,31.939766468976206,0],[34.85536582979225,31.939828255683715,0],[34.85584708986801,31.940334113281672,0],[34.85595188048328,31.94040081555373,0],[34.85600742480112,31.94043485976931,0],[34.85606345785993,31.940468316418656,0],[34.856136744639294,31.940508953675533,0],[34.856195860471274,31.940540766602314,0],[34.856255424954554,31.94057196569654,0],[34.85631542646199,31.94060254912216,0],[34.856375858674646,31.94063250964664,0],[34.85643671102286,31.940661845436892,0],[34.85649797612665,31.940690550159363,0],[34.85655964341966,31.940718621079146,0],[34.85662170551506,31.94074605366634,0],[34.856684151853216,31.940772843382426,0],[34.8567469739862,31.940798986596487,0],[34.85681016240855,31.940824479674685,0],[34.85687370867563,31.94084931808436,0],[34.85693760221752,31.940873499992378,0],[34.85700183459296,31.94089701996431,0],[34.857066396292865,31.94091987526822,0],[34.85716770247345,31.940955689916535,0],[34.857232648364054,31.940977646179427,0],[34.857297900336555,31.940998930494974,0],[34.85736345100031,31.941019539235217,0],[34.85742928873104,31.941039469662552,0],[34.857495405077024,31.941058719047998,0],[34.857561789474886,31.941077283755057,0],[34.857628433469486,31.941095161956568,0],[34.85769532543983,31.941112350013178,0],[34.857762456930686,31.94112884609779,0],[34.85782981842941,31.94114464838044,0],[34.858222766090435,31.941227844280785,0],[34.85933306018519,31.9414591679996,0],[34.85983889126001,31.941575728626837,0],[34.85995316050963,31.941601475043264,0],[34.86004471603341,31.94162126373865,0],[34.86013647620619,31.94164035221602,0],[34.86022843257218,31.941658738648382,0],[34.860320578787274,31.941676422116313,0],[34.8604129063956,31.941693400792822,0],[34.86050540905641,31.94170967285683,0],[34.86059807936465,31.9417252382878,0],[34.860690909921914,31.941740095261792,0],[34.86078389121131,31.941754242850845,0],[34.86087701900719,31.941767679239607,0],[34.860970283792625,31.941780403500168,0],[34.861063678162445,31.941792415612248,0],[34.86112357185412,31.94180001293364,0],[34.86119068667101,31.941809060913723,0],[34.86125766454177,31.94181882091877,0],[34.8613244949021,31.94182929021508,0],[34.861391167174396,31.94184046967608,0],[34.86146272050129,31.94185328734431,0],[34.861529015123054,31.941865924842947,0],[34.86159511996064,31.941879265207113,0],[34.86166102550396,31.941893306607774,0],[34.86172672012771,31.941908047210294,0],[34.86179219432846,31.941923483382098,0],[34.86185743859269,31.941939614196066,0],[34.861922442355976,31.941956436918645,0],[34.8619871950572,31.941973947914445,0],[34.86205168718279,31.941992146256478,0],[34.86211590817494,31.942011027407556,0],[34.862179848526665,31.942030588637063,0],[34.862243497670065,31.94205082811335,0],[34.8623068471624,31.94207174130504,0],[34.862435724062756,31.942116357347192,0],[34.862533136925215,31.942152894921964,0],[34.862633624362154,31.942192270577262,0],[34.862954669576936,31.942237183011287,0],[34.86329312682521,31.94240907665785,0],[34.863313613680184,31.94239242563604,0],[34.86335404798496,31.942370867315606,0],[34.86337829774613,31.94235793914178,0],[34.863387199073536,31.942353193365392,0],[34.86339052329457,31.942351421214763,0],[34.863399547543644,31.94234660993537,0],[34.86340366484702,31.942344009346108,0],[34.863408030204404,31.94234125250765,0],[34.86341802346216,31.942334940510168,0],[34.863425003795676,31.942329442874513,0],[34.86343491372107,31.942321639057155,0],[34.86343502194766,31.94232154375577,0],[34.8634477625883,31.942309282672127,0],[34.86345915294019,31.942296090901134,0],[34.863468046943794,31.942284732121788,0],[34.86353148644989,31.942186253329854,0],[34.86356489326524,31.942148550803516,0],[34.86360353503618,31.942114601221984,0],[34.863646687726245,31.942084865266885,0],[34.86369372470595,31.942059775023676,0],[34.86374396248537,31.942039695691854,0],[34.86379666814013,31.942024919292436,0],[34.86385107836398,31.942015660210405,0],[34.86390639841742,31.94201205338825,0],[34.86396182646114,31.942014151686013,0],[34.863991544486765,31.942016815027277,0],[34.86478926204368,31.9420882934937,0],[34.864909400516254,31.942097159333933,0],[34.8650298394771,31.94210225449097,0],[34.866306221081516,31.942136219162286,0],[34.86643563029057,31.94214199969583,0],[34.866564636436586,31.942152443190913,0],[34.866693009061606,31.942167528294423,0],[34.86682051877808,31.942187230049697,0],[34.867719090062515,31.94234287254806,0],[34.8677537947194,31.94235660172374,0],[34.86781031562728,31.942395823380384,0],[34.867826685176006,31.94241495448874,0],[34.867841278276174,31.942441836460596,0],[34.867850953050954,31.942474371475367,0],[34.86786283916542,31.9425722314069,0],[34.8677912121797,31.94258183075017,0],[34.86778008822516,31.942539508145202,0],[34.86776503910155,31.942508329633224,0],[34.86774416181149,31.942479695911818,0],[34.86771802987973,31.94245439397574,0],[34.86768735783597,31.942433115601336,0],[34.86765298750555,31.94241644648899,0],[34.86761586271297,31.942404842749234,0],[34.86693687322433,31.942285603968678,0],[34.86693132184165,31.942288227015034,0],[34.86692634206433,31.942291580243065,0],[34.866922062179746,31.942295576518116,0],[34.866918596795934,31.94230010973107,0],[34.86691603624268,31.942305061082994,0],[34.86691444762253,31.94231030089148,0],[34.866913873749844,31.942315689489718,0],[34.86691432888426,31.94232108713488,0],[34.86691959946938,31.94234928723602,0],[34.86683204363942,31.942337895549826,0],[34.86682228431038,31.942266969246262,0],[34.866701801107936,31.942247565736587,0],[34.86658063583352,31.942231335574405,0],[34.86655905058586,31.942254972336436,0],[34.86656404071099,31.942293024890716,0],[34.866464495294494,31.942277514052737,0],[34.866449992745714,31.94223640880504,0],[34.866449300065,31.942235240920578,0],[34.86644676898641,31.94223097583519,0],[34.86644428137911,31.942227547745826,0],[34.86644114183979,31.942224532754665,0],[34.8664374452276,31.94222201949149,0],[34.86643329914545,31.942220082191078,0],[34.86642882501077,31.942218777088762,0],[34.86642415593388,31.942218144218373,0],[34.866303418222024,31.942212834956536,0],[34.86592087195136,31.94220265725215,0],[34.86591379019326,31.94220297565622,0],[34.865906871854314,31.942204298210783,0],[34.86590030849575,31.942206587550423,0],[34.865894286486835,31.942209780143287,0],[34.86588897325951,31.942213785352838,0],[34.86588452046144,31.94221849085699,0],[34.86588105125828,31.942223764417932,0],[34.86586333442376,31.942256946216666,0],[34.86576167166964,31.942252736087866,0],[34.865761838694475,31.942246988391453,0],[34.86576393470307,31.94224270136074,0],[34.8657651412534,31.942236978079414,0],[34.86576525246742,31.942231164401978,0],[34.865764267793146,31.942225410929392,0],[34.865762212063856,31.94221986742841,0],[34.86575913763305,31.942214677426524,0],[34.865755125442114,31.94220997550924,0],[34.865026606475865,31.942190588134114,0],[34.864902363826786,31.942185332203884,0],[34.86477843162367,31.942176186570823,0],[34.864706620367244,31.94216975219299,0],[34.864054488844964,31.942111314016945,0],[34.86405348039331,31.942119502461203,0],[34.864037664029404,31.942118084815597,0],[34.86403867246249,31.942109901782285,0],[34.86398071225961,31.942104708029312,0],[34.86393815444852,31.94210363713401,0],[34.8639374734221,31.94210361997766,0],[34.86392718400177,31.942103360629826,0],[34.86390903830078,31.942105240056524,0],[34.86387402283625,31.942108867953277,0],[34.863850810586435,31.942114372593657,0],[34.86382242958283,31.94212110426123,0],[34.86380913592392,31.942126189094267,0],[34.863785558525514,31.94213520800155,0],[34.8637735696571,31.942139794021514,0],[34.86376631998207,31.942143774108676,0],[34.86374637992289,31.942154722718772,0],[34.863728544503466,31.942164515438762,0],[34.86371358352616,31.942172900023852,0],[34.86367997987025,31.942191732574752,0],[34.86365899070993,31.942212125725174,0],[34.86364016625465,31.942234000943944,0],[34.863621310530164,31.942258042225145,0],[34.86357644352259,31.94231525174082,0],[34.86355058206238,31.942348227387274,0],[34.8635212223739,31.94238025755988,0],[34.86349233993898,31.942404185336034,0],[34.86346018567418,31.942424856902544,0],[34.86339382101644,31.94246222201442,0],[34.86335916978371,31.94248173163139,0],[34.863330155388,31.942525332916045,0],[34.86334174972974,31.942568313683488,0],[34.863355116766066,31.94258576714787,0],[34.8631887678692,31.94277334064653,0],[34.863156317315614,31.942771106251346,0],[34.86309132679552,31.942790258320134,0]]]},"properties":{"OBJECTID":"7","שם_רש":"נת''א","road_rashu":"כביש 421 עוקף רמלה","area_2":"197610","source":"נתיבי איילון","date":"רבעון 1, 2026"},"id":7},{"type":"Feature","geometry":{"type":"Polygon","coordinates":[[[34.780516209406315,32.04035370374521,0],[34.780587157513594,32.040427392842666,0],[34.780648246184946,32.040491825412396,0],[34.78062644958823,32.04046855123826,0],[34.78076317603524,32.0403716550796,0],[34.78062626784593,32.04046801406406,0],[34.780587157513594,32.040427392842666,0],[34.780525371446345,32.04036222475429,0],[34.780516209406315,32.04035370374521,0],[34.78047246827851,32.040308273076015,0],[34.780313621523185,32.04015215736078,0],[34.78014984670014,32.0399997800224,0],[34.77998126503576,32.03985125597552,0],[34.77980800095468,32.039706694734846,0],[34.77963018312595,32.03956620312408,0],[34.77924917920858,32.039269449211076,0],[34.77886272061083,32.03897785935248,0],[34.77847090332237,32.038691506866755,0],[34.778319757089676,32.03858436383903,0],[34.77830394445087,32.03857315462134,0],[34.77811212061284,32.0384371759845,0],[34.77773128598702,32.03817514973515,0],[34.77734588694694,32.03791801272438,0],[34.77709243320791,32.03775495153165,0],[34.776835167750626,32.03759628223933,0],[34.7765741950729,32.03744206830252,0],[34.77632684389507,32.037300446463014,0],[34.776074969768715,32.03716473184099,0],[34.77581876909381,32.037035028779805,0],[34.7755584372287,32.0369114371113,0],[34.77529417590083,32.03679405218118,0],[34.77524852940503,32.0367751304861,0],[34.77534178719812,32.03682071789317,0],[34.77540802215856,32.03685363920885,0],[34.77545698540975,32.03687826959548,0],[34.77553413310699,32.03691758900898,0],[34.775548651617235,32.03692512209329,0],[34.775556870360134,32.03692938651334,0],[34.77562987378514,32.03696726521602,0],[34.775742901610954,32.03702718825043,0],[34.77582805030058,32.03707325830229,0],[34.77591346879659,32.03712028961847,0],[34.77601310011906,32.037176194743886,0],[34.77610407468786,32.037228244243444,0],[34.7761924359744,32.03727973205369,0],[34.77629112024302,32.037338340945716,0],[34.776337235933184,32.037366200619985,0],[34.77636012170674,32.03738002661464,0],[34.77646965391566,32.0374474121654,0],[34.77655952773835,32.03750383943659,0],[34.77664398624729,32.0375578171418,0],[34.776715004359716,32.03760393091243,0],[34.77679999539628,32.03765999615742,0],[34.776877400249404,32.03770643798423,0],[34.776875130191065,32.03770899502998,0],[34.77683907019267,32.03774387383671,0],[34.77671507600171,32.037660941611165,0],[34.776707272742485,32.0376558652501,0],[34.77668928608616,32.03764416513736,0],[34.776596911542974,32.03758407184852,0],[34.77644976113722,32.03749091335915,0],[34.7763356447726,32.03742057517593,0],[34.776324452845586,32.03741387765093,0],[34.7761605775061,32.03731580981392,0],[34.77607407829756,32.03726616792961,0],[34.7759981398779,32.03722258654643,0],[34.775926210622245,32.03718130561255,0],[34.775731176859885,32.03707420147353,0],[34.77567075307162,32.03704188343477,0],[34.77561212071603,32.03701090517709,0],[34.7755556517058,32.03698142487288,0],[34.775486159810136,32.03694561589747,0],[34.77544874714824,32.03692656070439,0],[34.775443423003125,32.03692384903749,0],[34.775398752469016,32.03690130368603,0],[34.775352404753896,32.03687813311209,0],[34.7752842538841,32.03684446851886,0],[34.775222281197124,32.03681427145331,0],[34.77518628993614,32.03679691365955,0],[34.775134890463896,32.03677235337736,0],[34.775086175040876,32.03674932078138,0],[34.775034396090874,32.036725100051555,0],[34.77497470344219,32.036697506848114,0],[34.77495196186033,32.03668711872765,0],[34.77492363287656,32.036674177640194,0],[34.77488925606419,32.036658663986564,0],[34.774861638413846,32.03664620053975,0],[34.77482446015211,32.036629600637795,0],[34.77477613521535,32.03660822313447,0],[34.77475119935095,32.03659731712865,0],[34.774719536664065,32.036583469219416,0],[34.77467260628551,32.03656317404507,0],[34.77463305024987,32.03654636132196,0],[34.77459152908446,32.036529148743796,0],[34.77453608052925,32.036506848817005,0],[34.7744794331797,32.03648486223276,0],[34.77440610481356,32.036457572425995,0],[34.77426084035656,32.036407749858256,0],[34.774201961139056,32.03638832208272,0],[34.7741646123022,32.03637723136515,0],[34.774122387663475,32.036364692044295,0],[34.77403511886209,32.03633877684696,0],[34.77386614509353,32.03629478370981,0],[34.77369529357847,32.03625640845383,0],[34.773522823383274,32.036223710568116,0],[34.77334899362767,32.0361967378201,0],[34.773174066635704,32.036175531676875,0],[34.772998304776976,32.036160123687395,0],[34.7728219725798,32.03615053639137,0],[34.77262326495061,32.036146252759735,0],[34.77242450910026,32.03614841106224,0],[34.77222599295256,32.036157009574296,0],[34.772028005545316,32.03617203485372,0],[34.771830831716,32.0361934662313,0],[34.771634758475244,32.036221271323754,0],[34.771440068629865,32.03625541142266,0],[34.77124704504726,32.036295835196306,0],[34.77105596638729,32.03634248588956,0],[34.77086710924947,32.036395295018465,0],[34.770613762671225,32.03647421652155,0],[34.77036318670735,32.0365593152622,0],[34.770115589147395,32.03665052072637,0],[34.76987117463334,32.03674775697997,0],[34.76963014571816,32.0368509426722,0],[34.76939270285344,32.03695999374107,0],[34.769061999458735,32.037117148678604,0],[34.76902606227537,32.03713422608821,0],[34.76901901362955,32.037137798235946,0],[34.76897382989578,32.03716069922196,0],[34.768330906190826,32.03746622028736,0],[34.76815091213408,32.037551753018086,0],[34.768045886167634,32.037600937931046,0],[34.76801014974742,32.03761980309324,0],[34.76779499945437,32.03771512862445,0],[34.767577114878605,32.037805837108955,0],[34.76735657657982,32.037893027193945,0],[34.767133216602886,32.03797484149583,0],[34.76690721527983,32.038051212085996,0],[34.76667875609088,32.038122077360484,0],[34.766448023551234,32.03818738113063,0],[34.76621520428242,32.03824706992186,0],[34.765980486999354,32.03830109567873,0],[34.7658710726197,32.03832345691867,0],[34.766031696344264,32.038292117732745,0],[34.76571819676748,32.03837490201527,0],[34.765383112743464,32.038449097868174,0],[34.76515738588103,32.038494934285914,0],[34.76493464690787,32.038535351865995,0],[34.7647499522417,32.038565293187666,0],[34.764537727869445,32.03859574925559,0],[34.764339347963784,32.03862044096479,0],[34.76425080661817,32.038630292336265,0],[34.76410129995829,32.03864529852822,0],[34.763941425678304,32.038660255904894,0],[34.76380064035131,32.03867285268863,0],[34.7636956834579,32.038680790741346,0],[34.76361473694246,32.03868691300157,0],[34.763406014477695,32.03869917847195,0],[34.76325401126132,32.03870577568763,0],[34.76303385272078,32.038711852337464,0],[34.76269549868603,32.038713182909426,0],[34.762512762057916,32.038709955360815,0],[34.762258180722895,32.038696928873016,0],[34.761859512516075,32.03867851857681,0],[34.761845442013694,32.038678389208805,0],[34.76177533407032,32.03867774049372,0],[34.76168166028662,32.03869036139592,0],[34.76166155265814,32.03864192537006,0],[34.761659401072436,32.03854783478378,0],[34.76177496010952,32.03854180033308,0],[34.7617888464115,32.03854192275326,0],[34.76179122943123,32.03854194369665,0],[34.76180749980737,32.03854208796363,0],[34.76183761545455,32.03854362151815,0],[34.76186474125862,32.038546054539076,0],[34.761903496052454,32.038551288523024,0],[34.76222807126233,32.03859761591754,0],[34.762280130000434,32.03860586307573,0],[34.762356034670745,32.03861523762188,0],[34.76247197817677,32.03862813249463,0],[34.762584605706884,32.03863797756945,0],[34.76269772484241,32.038644663475196,0],[34.762697743463185,32.03864409270559,0],[34.76286884345355,32.038648725941606,0],[34.76291005884231,32.03864930952791,0],[34.76296347595165,32.03864983999063,0],[34.76301612998149,32.038650099942295,0],[34.76302155460748,32.03865012694143,0],[34.76309778741673,32.03865004689477,0],[34.76316661569738,32.03864952801538,0],[34.76316711861259,32.038649520747484,0],[34.763250522036664,32.038648322088626,0],[34.763337333638624,32.03864641109097,0],[34.76346243844469,32.03864247160725,0],[34.76356829745278,32.038638041248426,0],[34.763648725774225,32.03863400216002,0],[34.76371443568778,32.03863027168293,0],[34.76379282936336,32.03862531101431,0],[34.76389031338261,32.038618368650035,0],[34.7640513963734,32.0386050126091,0],[34.76411669509973,32.038598927719256,0],[34.764200667554924,32.038590530501246,0],[34.764268301937,32.038583298445815,0],[34.76435594720898,32.03857330327241,0],[34.76443212752549,32.038564041995315,0],[34.76454684083799,32.038549084258584,0],[34.76465609221943,32.03853370257093,0],[34.76474295044548,32.03852067888667,0],[34.76505557600606,32.03847488281361,0],[34.76510892066053,32.038467067836244,0],[34.76534765330141,32.038423717690684,0],[34.76515491669324,32.03845686017517,0],[34.76491451341995,32.03849241989471,0],[34.76467306213265,32.03852238441038,0],[34.76443074190301,32.03854673089126,0],[34.764187731777575,32.03856544191838,0],[34.76398460295339,32.03857633629749,0],[34.76397998797386,32.03857658449311,0],[34.763944212907816,32.038578502786905,0],[34.76372404414745,32.03858523710654,0],[34.7635037332672,32.038585612012284,0],[34.76328353440389,32.038579626584216,0],[34.76307297226105,32.03856780905856,0],[34.763063700592305,32.03856728891821,0],[34.76293453436568,32.038556300028844,0],[34.76276214072202,32.03853580796754,0],[34.7625910058593,32.03850871984102,0],[34.76242147784875,32.0384750927788,0],[34.76225390047769,32.038434993817084,0],[34.76208861428177,32.038388505312824,0],[34.76204550806507,32.03837451693694,0],[34.761925954448984,32.038335720427504,0],[34.7617662518564,32.038276747639514,0],[34.761609830974194,32.03821170622787,0],[34.761457008798004,32.0381407280719,0],[34.76130809590742,32.03806395765473,0],[34.7611633943571,32.03798155025243,0],[34.761023198722185,32.03789367464262,0],[34.76088779295268,32.037800506781,0],[34.76075745244709,32.03770223882618,0],[34.76063244092856,32.03759906830725,0],[34.760560183031785,32.03753380610256,0],[34.76051301464914,32.037491204450895,0],[34.760399413920275,32.03737886815134,0],[34.760291869491056,32.037262286582035,0],[34.760190600417886,32.03714169589334,0],[34.760095811947224,32.03701734120483,0],[34.76000769763734,32.036889475710964,0],[34.75992643513267,32.03675835886241,0],[34.75988783501406,32.03668864035599,0],[34.759852189339874,32.03662425637712,0],[34.759763080410266,32.03644538545405,0],[34.75976098446455,32.036441177555766,0],[34.75967710012141,32.036255576776774,0],[34.75960063371115,32.03606766451354,0],[34.759531673073504,32.03587765751739,0],[34.759470295459366,32.035685772501424,0],[34.75941657069834,32.03549222795507,0],[34.75939202590496,32.03538821113887,0],[34.75922009522542,32.035404055444396,0],[34.7591551033951,32.034767588290244,0],[34.75915530698437,32.034695761227226,0],[34.759156734325636,32.03455830960308,0],[34.75915877431272,32.0344031994205,0],[34.75916052446816,32.03434911604446,0],[34.759163043738575,32.034294920840715,0],[34.75916448793966,32.034271467579806,0],[34.75916682588928,32.034233522041994,0],[34.75917514582285,32.03412739853621,0],[34.75918477103613,32.0340079294721,0],[34.75919457416571,32.033886253441,0],[34.759204149363235,32.03377120297927,0],[34.759211551171106,32.03369093965474,0],[34.75921822767853,32.03360413668693,0],[34.759219329148564,32.03358981287091,0],[34.759225781306014,32.033499051145284,0],[34.75923030217887,32.033446868546484,0],[34.75923435551886,32.03340007612472,0],[34.75924269701665,32.03331790880045,0],[34.75925412686346,32.03321969769875,0],[34.75926814294472,32.03311447882293,0],[34.7592806572115,32.0330317156257,0],[34.759284947471045,32.033003341345356,0],[34.75930253768864,32.03289937857954,0],[34.75931493144789,32.03283188681468,0],[34.75932120818658,32.032800779857624,0],[34.75934457861809,32.0326849571502,0],[34.75940877307961,32.03241473113644,0],[34.75943333638935,32.03232342332202,0],[34.759465820028545,32.032210267597826,0],[34.75948801378372,32.03213718480712,0],[34.75949674449519,32.03210997768359,0],[34.75952576660517,32.03201953137075,0],[34.75957281839717,32.03188191327975,0],[34.75963512433268,32.03170187872642,0],[34.75966317770928,32.031620816642786,0],[34.75969729152674,32.03152224404558,0],[34.75970229881333,32.031507776103,0],[34.75974959851711,32.03137110207733,0],[34.759805973182985,32.03120820774745,0],[34.75985272212384,32.031068898508394,0],[34.75990201462601,32.03091164346218,0],[34.75995955735882,32.03071128093159,0],[34.760003564247434,32.03054233089244,0],[34.76005438492048,32.03032410367129,0],[34.76008735928175,32.03016425009975,0],[34.760111086583024,32.03003687196356,0],[34.76013402036707,32.02990040006188,0],[34.760154235354605,32.02976507833494,0],[34.760169422295355,32.02965030438604,0],[34.76018083629304,32.029553532342995,0],[34.76019371110044,32.02942430445996,0],[34.76019816884961,32.02937955595267,0],[34.76020835008574,32.02925108425226,0],[34.76021897085298,32.02906926218539,0],[34.76022458666278,32.0289119919453,0],[34.760226862139554,32.02876184138455,0],[34.7602255083723,32.028555407096924,0],[34.7602162389561,32.02776149510549,0],[34.76021158378138,32.02736286346845,0],[34.760208731000034,32.027118504362214,0],[34.76020497257362,32.02679661847406,0],[34.760202989175724,32.02662677580718,0],[34.760200546866564,32.02641756732744,0],[34.76019617743149,32.026043310291584,0],[34.76019424213699,32.02587754117607,0],[34.760194107335806,32.02571047617207,0],[34.76019799766861,32.02553145214367,0],[34.76020395460895,32.02540631573275,0],[34.76020837659213,32.02531343562195,0],[34.760217668688696,32.02518155554812,0],[34.760244636494086,32.02490439613518,0],[34.76024957023124,32.024852205852035,0],[34.76026680412388,32.0246699243515,0],[34.760295715564695,32.02446879655859,0],[34.76032178799705,32.02401027053524,0],[34.76032216379819,32.024010265538514,0],[34.760336644205275,32.02369434018728,0],[34.76033787547225,32.023648217725174,0],[34.76033829662049,32.023632448622756,0],[34.76037958928817,32.023055132854374,0],[34.76038811675608,32.023043927252616,0],[34.760403131272305,32.0230196764584,0],[34.76041246185544,32.023000849897386,0],[34.760420034186645,32.02298181517884,0],[34.76042734385212,32.02295776376045,0],[34.76043833692496,32.0229205887973,0],[34.760456610007054,32.022864628787374,0],[34.76059675210123,32.02242370984313,0],[34.76071032479719,32.02206638248522,0],[34.76082381454093,32.021686322274846,0],[34.760870610068196,32.021529611553,0],[34.76089912346148,32.02143412374304,0],[34.760926409248945,32.021342746521235,0],[34.7609546395751,32.021248206393516,0],[34.760984475001486,32.0211482917627,0],[34.76101922051129,32.02103193473212,0],[34.76105108268596,32.0209252312421,0],[34.761070814700844,32.020859148166025,0],[34.76109432394363,32.02078041799286,0],[34.761115850373635,32.02070832891458,0],[34.76113765971891,32.020635291230604,0],[34.76116391436892,32.020547366919075,0],[34.76118390398201,32.0204684170123,0],[34.76121159654386,32.020359043114745,0],[34.76123349374318,32.02027277819138,0],[34.76125803737669,32.020174142670704,0],[34.761285015956375,32.020062209668495,0],[34.76131281129808,32.01994264491687,0],[34.76133918104099,32.01982478858684,0],[34.76135674644374,32.01974363520558,0],[34.761381114162816,32.01962716694616,0],[34.76139269280702,32.01956953941146,0],[34.76140358390332,32.01951533268698,0],[34.76142327294407,32.01941340484645,0],[34.76143940242114,32.01932685099414,0],[34.761460900244145,32.01920667532901,0],[34.7614884176424,32.01904357089136,0],[34.76151662537272,32.018863238257566,0],[34.76153875238423,32.018710133919726,0],[34.76156336176666,32.018524386949494,0],[34.76157066991018,32.018463761339824,0],[34.76158501034748,32.01832437225293,0],[34.76159477395724,32.018202149986166,0],[34.761601841179896,32.01808156498106,0],[34.76160627271121,32.01796452474669,0],[34.76160838290879,32.017836506069216,0],[34.76160504205158,32.01760768554187,0],[34.76159727834959,32.0174476682597,0],[34.761585864788536,32.01726571468925,0],[34.76158380841212,32.01721219408308,0],[34.761590723147734,32.01703152281497,0],[34.76160916344683,32.01654971200125,0],[34.76162112951623,32.016237074289435,0],[34.76163099422116,32.015866383363445,0],[34.761625645348204,32.01564727440595,0],[34.7616219503131,32.015604583138774,0],[34.761615263547746,32.0155662010281,0],[34.76162602350242,32.01467670392433,0],[34.76164315573986,32.014597980159884,0],[34.76164528577316,32.014588191389485,0],[34.761652437993185,32.014545163731725,0],[34.761654289797434,32.01453248463699,0],[34.761658442128684,32.01450405379246,0],[34.7616881335692,32.01417279172959,0],[34.76168655985162,32.01382975670431,0],[34.761668238615705,32.01349185935743,0],[34.761651321607346,32.01295128919472,0],[34.76164979962551,32.012784639234205,0],[34.76164727922279,32.012508650253714,0],[34.76164023665824,32.01202609363623,0],[34.76163802008429,32.0118742568327,0],[34.76161214138128,32.01097369434605,0],[34.76159216045505,32.01067075909413,0],[34.76156498839486,32.010323502496284,0],[34.761521853513884,32.00998806500059,0],[34.76145482507915,32.009588644571735,0],[34.76138148350889,32.00922807487065,0],[34.76131456650041,32.00893464734844,0],[34.761091567340685,32.00815354118334,0],[34.761088484502814,32.0081427413182,0],[34.7606294868255,32.00653495219603,0],[34.76061743114713,32.006491516473304,0],[34.760549078419714,32.006245241077075,0],[34.760221180368404,32.00522993018802,0],[34.76010649763572,32.00486412506402,0],[34.75992276463544,32.00430926600881,0],[34.75988307476557,32.004198377275486,0],[34.759813613263255,32.00400431337704,0],[34.759766448996494,32.00387959280175,0],[34.75965354262241,32.003581025107465,0],[34.75957634312004,32.003366288199274,0],[34.75947398047279,32.00308155569084,0],[34.75935232299942,32.00273762728004,0],[34.759247853866036,32.00245437875223,0],[34.75924799161863,32.00245434226187,0],[34.75923613874292,32.002422616032284,0],[34.75913579710619,32.00214099970808,0],[34.759111077512344,32.00208415293784,0],[34.75909293857962,32.002041479358795,0],[34.75922524235014,32.001975246723354,0],[34.759233190427345,32.00200406538813,0],[34.75924411304033,32.00204367367057,0],[34.759259832942355,32.00209574178065,0],[34.759270430185964,32.00212997781481,0],[34.759286540696976,32.00218203015728,0],[34.7593049939376,32.0022378710497,0],[34.75932682387464,32.00230165779575,0],[34.759348328247064,32.00236449470497,0],[34.75944047590881,32.00263045668092,0],[34.75943942909484,32.00263071182546,0],[34.75951775512351,32.002860932133856,0],[34.75968044277758,32.003339114055066,0],[34.75968599202091,32.00335542537142,0],[34.75980133290056,32.0036944381549,0],[34.759898621046055,32.00398038806445,0],[34.75990134997969,32.003985079755104,0],[34.759904655663966,32.003987143826436,0],[34.75990780447365,32.003987943028704,0],[34.759912747578824,32.00398754551992,0],[34.75991579892131,32.00398617285347,0],[34.75991852368568,32.00398361317982,0],[34.75991980422142,32.0039809817135,0],[34.759919733549744,32.00397764301357,0],[34.75991886288569,32.00397450712069,0],[34.759843410252756,32.00371754625174,0],[34.75984273973725,32.003715261454104,0],[34.75969294978237,32.00320513101345,0],[34.75965120616372,32.00306296698408,0],[34.75963990012523,32.00302446209869,0],[34.75957793323187,32.00281580888962,0],[34.759577223015896,32.00281342024448,0],[34.75955251694197,32.00273022941202,0],[34.75950579893821,32.002560417723075,0],[34.75945713106617,32.00238351736225,0],[34.75945696051222,32.00238289542587,0],[34.75940722238526,32.002187917469605,0],[34.7593940943571,32.002136453654884,0],[34.75938270833303,32.00209045272337,0],[34.759325307067165,32.00185855532492,0],[34.75931162701755,32.00180439950193,0],[34.759238934199814,32.00151663347396,0],[34.75916120098335,32.00119389694443,0],[34.759061729574654,32.000791013468785,0],[34.75900709624131,32.00052276152505,0],[34.758969953301815,32.00032930560992,0],[34.75894515974253,32.00033362384695,0],[34.75895753060417,32.00073400399891,0],[34.75895960218534,32.00078423146498,0],[34.75898889617062,32.00100876641369,0],[34.75899237480624,32.00104398389127,0],[34.758995151249806,32.00107209454426,0],[34.7590036799609,32.00111058794297,0],[34.75892888439344,32.00112013871632,0],[34.75887414905583,32.0011008437565,0],[34.75884121913307,32.00075354516636,0],[34.75876900591735,31.999996656479407,0],[34.758768377397516,31.99999007565946,0],[34.758727688020514,31.999563592650645,0],[34.7586576878073,31.999055740245467,0],[34.75863170256227,31.998867219249895,0],[34.75860210752598,31.998652502768667,0],[34.758466670247095,31.997440020632766,0],[34.758403273476866,31.996904745825358,0],[34.75835909739978,31.99656803325532,0],[34.75829421160186,31.99607346566491,0],[34.758126357023976,31.994971472486196,0],[34.75810619093977,31.994839077112516,0],[34.757956940289574,31.993859192018984,0],[34.75786467609567,31.99325343786173,0],[34.757825548738744,31.993001059046726,0],[34.757736565842706,31.99242710106089,0],[34.757651766582235,31.99197611522156,0],[34.7575168233285,31.99139985161455,0],[34.75726598525261,31.990328648437977,0],[34.75705190634914,31.98950654734278,0],[34.75703735214114,31.98945065755378,0],[34.75698137818453,31.989235708544243,0],[34.75690505003462,31.988942587437233,0],[34.756891963757845,31.98889233543994,0],[34.756874685087766,31.988825981465556,0],[34.756809374573024,31.988575169161624,0],[34.75679692931395,31.988527376815238,0],[34.75675156724194,31.988353173216133,0],[34.75670088801019,31.98815855214551,0],[34.75668111975437,31.988082635696994,0],[34.756661638233936,31.98800781774575,0],[34.75664468479557,31.98795299528275,0],[34.756627456332694,31.987909922288427,0],[34.75660882489095,31.987869014971498,0],[34.7566498028509,31.98783994306924,0],[34.75665391985754,31.98784671748043,0],[34.75668123242363,31.987903889604222,0],[34.756705285653354,31.987969855389704,0],[34.756836388645425,31.98844609796473,0],[34.756841773651004,31.98846566164554,0],[34.75686818408086,31.98856159797985,0],[34.75690483604073,31.988707679782607,0],[34.7570808054417,31.98940941635692,0],[34.757119256108616,31.989402143606746,0],[34.75694397469229,31.98854619557287,0],[34.756887502405974,31.98820802833191,0],[34.75688637855654,31.988201298751747,0],[34.756825624177615,31.987837482728665,0],[34.75679649386681,31.987663040582902,0],[34.756755223511995,31.987492185346582,0],[34.756704346282405,31.987281560227633,0],[34.75668311959831,31.987217518927178,0],[34.75663194656427,31.987080708598054,0],[34.7566008749495,31.987006739809544,0],[34.756540969567496,31.986878223136557,0],[34.75648901157654,31.986782838630223,0],[34.756422808255316,31.986696000670094,0],[34.75633865508272,31.986616215401135,0],[34.756262285031895,31.986563062440457,0],[34.75614217597978,31.98651220604172,0],[34.756044674993824,31.986492757005852,0],[34.75592459275345,31.9864914597744,0],[34.75577389125564,31.986525622056732,0],[34.75567138901766,31.98657697514929,0],[34.75558527762345,31.986647675609348,0],[34.755521366542325,31.98673283462308,0],[34.75549809494566,31.98678081099002,0],[34.75547991824132,31.986838313042906,0],[34.75546952935946,31.98691336730407,0],[34.75546865330275,31.98697158616026,0],[34.75547646467885,31.98704797002518,0],[34.75548982157751,31.987107624390166,0],[34.755511955791796,31.987166558601082,0],[34.75555196673502,31.987232439467547,0],[34.75557708456051,31.987262751195995,0],[34.75564480287992,31.987323032452657,0],[34.7557020173137,31.987358564535803,0],[34.755763189907384,31.98738588798184,0],[34.75582280823268,31.9874040679746,0],[34.755883972659426,31.987415250933793,0],[34.755950328924335,31.987419536312615,0],[34.75597966675226,31.987418289083923,0],[34.75597553520478,31.9874625888923,0],[34.75591407850207,31.987463407889937,0],[34.75579068468086,31.987442875171116,0],[34.755664763583276,31.987391812006788,0],[34.755591709012954,31.98734308287365,0],[34.75551544661939,31.987267135975724,0],[34.75545850167331,31.9871739049509,0],[34.755428438248934,31.987077349380414,0],[34.755416089762306,31.98698054625662,0],[34.7554168067741,31.9869093670831,0],[34.75542151594605,31.98686448496808,0],[34.75543217144307,31.986813123720818,0],[34.755446546445036,31.986769956752163,0],[34.75548653450169,31.98669208897267,0],[34.75555053562126,31.98661277756028,0],[34.75563629293528,31.986543084082825,0],[34.755755149431685,31.98648339669042,0],[34.75584830371994,31.986456955157745,0],[34.755949109322685,31.986444593330535,0],[34.75605772783486,31.98644877367361,0],[34.75617753678706,31.98647514794846,0],[34.756315782302025,31.986540222088824,0],[34.75639708890826,31.986601976670936,0],[34.75647443566073,31.986679525765133,0],[34.75654451980928,31.986775793981327,0],[34.756604729866126,31.986892547758913,0],[34.75666109709698,31.98701909501517,0],[34.756703975723546,31.987128006872624,0],[34.75675289040104,31.987271673701674,0],[34.75685647022879,31.98725056176986,0],[34.75678192396262,31.9872653066019,0],[34.756764696252596,31.98715563124744,0],[34.75673959942095,31.98699585302651,0],[34.756719276312914,31.986867553607542,0],[34.75669349114602,31.986737772195987,0],[34.7566577578085,31.986600368842907,0],[34.75663517557224,31.986527460765025,0],[34.756596525487595,31.986418322114343,0],[34.75655525380922,31.986316968450556,0],[34.75649117037182,31.98618064274812,0],[34.75641881911582,31.98604803660705,0],[34.75633486617853,31.985910411531293,0],[34.75623930955592,31.985747298449482,0],[34.756171228116,31.98561169793551,0],[34.756108713673115,31.985669056117757,0],[34.75605729526778,31.98575796955072,0],[34.75598995251071,31.985863420706476,0],[34.75591740968096,31.985965922600162,0],[34.75586634017573,31.98603241935444,0],[34.75578982390296,31.986124709581812,0],[34.75571553805856,31.98621045246767,0],[34.755632565003665,31.986306219651073,0],[34.755631334932744,31.986307640144176,0],[34.755539403255156,31.986413748079727,0],[34.75546946483299,31.986496413019893,0],[34.755399566759074,31.98660074739479,0],[34.75536762312369,31.986662594291154,0],[34.75534182724448,31.986724607219934,0],[34.755322188775075,31.986785241437175,0],[34.75530375164618,31.98686794241751,0],[34.75529427969072,31.986954786422334,0],[34.755295465758834,31.987053185920235,0],[34.75530567170986,31.98713256412463,0],[34.755325363316615,31.98721525393291,0],[34.75537671980176,31.987349643192474,0],[34.75538393872585,31.987366695602134,0],[34.75522810062993,31.987384784320028,0],[34.75520182217159,31.98724893628218,0],[34.75518830039953,31.987151929689492,0],[34.755185338111474,31.987044799901092,0],[34.75519184956836,31.986959919465566,0],[34.75520505389317,31.98688212290337,0],[34.75520605066151,31.986876252111916,0],[34.75523488143582,31.98677230006214,0],[34.75526166621524,31.98670235572511,0],[34.755278941382244,31.986664213042086,0],[34.75533443972925,31.986563411533655,0],[34.75539119544866,31.986481628883137,0],[34.755471389675854,31.98638600173147,0],[34.75552018070218,31.986329682905772,0],[34.75558584999364,31.98625388085972,0],[34.75573026352682,31.986087184381702,0],[34.75584597261955,31.985943989977333,0],[34.75594163986871,31.985808023807117,0],[34.756041338199296,31.98564049980663,0],[34.7560559544758,31.98561593953491,0],[34.75611772134712,31.985492547184677,0],[34.75612614529071,31.985472852783815,0],[34.75617780840034,31.98535205977,0],[34.756237024984955,31.98518142930882,0],[34.756273969208976,31.9850403172311,0],[34.75628702668818,31.984958089467046,0],[34.75628957423444,31.984942043726374,0],[34.75629994115875,31.984876762093197,0],[34.756306739383845,31.984750919237985,0],[34.756308257834206,31.984722813705623,0],[34.7563031785507,31.98459187071798,0],[34.75628073334822,31.984316561352628,0],[34.756266355373505,31.984140213281425,0],[34.756240835851784,31.983827203222706,0],[34.75622602364954,31.983645529375902,0],[34.75619518328404,31.98326724897646,0],[34.75617301123022,31.982995291590854,0],[34.75615782886033,31.98281080820218,0],[34.75615011929689,31.982717130872885,0],[34.75610107732509,31.982410345731974,0],[34.756048742773395,31.982099261771562,0],[34.756010230055765,31.98179312067544,0],[34.75594923790433,31.981308285125248,0],[34.75580206800771,31.980140075597213,0],[34.75577692896755,31.97994683648892,0],[34.75574608688407,31.97970975964333,0],[34.75575326123454,31.979707816373264,0],[34.75570747562635,31.97941295434103,0],[34.75568927408593,31.97927303881873,0],[34.75566769687199,31.979107171072812,0],[34.75565637479457,31.979015268260074,0],[34.75562395573382,31.97875212014274,0],[34.75559094243463,31.97842502324452,0],[34.7555601385835,31.97802225504673,0],[34.75554182614048,31.977663729132942,0],[34.75553198142152,31.977299665425964,0],[34.75553103748522,31.976925843227523,0],[34.7555369232029,31.97662823648741,0],[34.75555901731152,31.97614516050309,0],[34.75561618693758,31.975378833841148,0],[34.75563461470716,31.975131821808912,0],[34.75566233968498,31.974786538222713,0],[34.7556726579218,31.97465803921804,0],[34.755705646943625,31.97424752349563,0],[34.75573643071522,31.973663489821355,0],[34.75574369663123,31.973295731277098,0],[34.75578843615586,31.972702328413046,0],[34.755811414710145,31.972397540398703,0],[34.75581794872352,31.972223470764323,0],[34.75581790609183,31.972045158356476,0],[34.75581789752295,31.972011679856454,0],[34.755817834674964,31.97175398992013,0],[34.75581783440647,31.971753827594952,0],[34.75581775486106,31.971426694377506,0],[34.75581770769853,31.971232124256353,0],[34.75582326111493,31.971085638130518,0],[34.75582563357852,31.971063323322422,0],[34.75583286523187,31.970995288121415,0],[34.75583545943112,31.970970884622446,0],[34.75585184700435,31.970850921777842,0],[34.75587858103467,31.970655224324233,0],[34.755896087535056,31.970508763279106,0],[34.75594413052495,31.970106840459724,0],[34.75600262881261,31.97006740029806,0],[34.75605747892335,31.970078118051706,0],[34.75597628580146,31.970521807090304,0],[34.7559617700956,31.970593202838774,0],[34.75594426514911,31.970679303620702,0],[34.75591952125078,31.970801008097542,0],[34.755904166546614,31.970876533827617,0],[34.75588241009124,31.97100563730647,0],[34.75587353410644,31.97108397248684,0],[34.75586530242597,31.97118666489186,0],[34.75586533919757,31.971336834788715,0],[34.75586535257569,31.971391084499807,0],[34.755865387547544,31.971534226647762,0],[34.755865418038724,31.971658056701642,0],[34.75591373670307,31.97165804796193,0],[34.75592418316204,31.971528044216434,0],[34.75593878608997,31.97137629648826,0],[34.75596596984579,31.971195370323954,0],[34.75601057201385,31.97098856535691,0],[34.756053609462754,31.97083396824163,0],[34.7561053593507,31.97067901680559,0],[34.756150528520116,31.97056157779009,0],[34.756191195598596,31.970466026716615,0],[34.756238120014494,31.970365056248735,0],[34.756291233374135,31.970260326354254,0],[34.75636685926288,31.97012502726388,0],[34.756461976688875,31.969972768183947,0],[34.75651105782056,31.969902259956054,0],[34.75655829797351,31.96983439741189,0],[34.75662827539143,31.969743253880168,0],[34.75665869517309,31.969703633205878,0],[34.7566905742549,31.96966456776951,0],[34.75674768506535,31.969597217014943,0],[34.756806774503964,31.96953108432948,0],[34.756816975168825,31.969519667413778,0],[34.756841973990305,31.96949293687115,0],[34.756855952239405,31.969427477474227,0],[34.75690268477859,31.969207911020504,0],[34.75692135803411,31.969120175624425,0],[34.75694874119226,31.968991595858352,0],[34.7562629910213,31.969417448885185,0],[34.75623627963342,31.969437145527177,0],[34.75621378382452,31.969460355135148,0],[34.756196130895944,31.969486431530687,0],[34.75619570146728,31.969487068490107,0],[34.756195157058045,31.96948763740842,0],[34.75619451149522,31.969488123003863,0],[34.75619378281974,31.969488513616643,0],[34.7561929880147,31.969488797583377,0],[34.75619215038856,31.96948896777192,0],[34.75619129217437,31.969489020653555,0],[34.75619043454293,31.9694889535976,0],[34.75618960075889,31.969488768489853,0],[34.75618881406937,31.969488470823144,0],[34.756188093476815,31.969488068780812,0],[34.756187459037164,31.96948757145172,0],[34.756186928664384,31.96948699332788,0],[34.75615889919092,31.969456378295295,0],[34.75612551651218,31.969429951258032,0],[34.75612485894451,31.96942942408749,0],[34.756124314999624,31.9694288089416,0],[34.75612390257388,31.969428123919606,0],[34.756123632145304,31.96942738979993,0],[34.75612351208051,31.969426626451774,0],[34.75612354649711,31.969425857336496,0],[34.75612373423203,31.96942510409327,0],[34.75612406882841,31.969424389244274,0],[34.75612454172683,31.969423732598994,0],[34.756125139074015,31.96942315484988,0],[34.75612584280708,31.969422672165614,0],[34.75612663169829,31.969422298900064,0],[34.75612748454182,31.969422044898135,0],[34.7561656085157,31.969411503085237,0],[34.75620187102608,31.969396949787683,0],[34.75623569121556,31.969378616522953,0],[34.7569624322042,31.968927307773583,0],[34.75697939680991,31.968847650093245,0],[34.75697988830384,31.968845338703943,0],[34.75700152838884,31.96874372690091,0],[34.75705899174626,31.968473921826437,0],[34.75710421008977,31.96826164279626,0],[34.75711244052721,31.96822300704045,0],[34.75713966832999,31.968095155320697,0],[34.757257720535755,31.967540836740287,0],[34.75729489185404,31.967366295828736,0],[34.75730919179725,31.967299151119715,0],[34.757340628890766,31.96715153403358,0],[34.7574552519446,31.96661211259263,0],[34.75747077921042,31.966538981505494,0],[34.75753128470487,31.966254017603955,0],[34.75760190847364,31.96592095016511,0],[34.75766354441042,31.965631965403325,0],[34.75770284321981,31.96544767249346,0],[34.75774032421934,31.965271080874178,0],[34.757773054415765,31.965117840929153,0],[34.75773794494435,31.965104609713777,0],[34.7577091878813,31.96518249008948,0],[34.757673444611825,31.965275248158136,0],[34.757640322074096,31.965357634791154,0],[34.75762118939849,31.96540379925788,0],[34.75758187253243,31.96549568079381,0],[34.75753909106578,31.965591502720397,0],[34.75749537731497,31.965685405019027,0],[34.757450022173394,31.965778986793183,0],[34.75738542001081,31.9659062417105,0],[34.75731355244907,31.966044158263283,0],[34.75722231274906,31.966219248260632,0],[34.757146345426676,31.966365029313486,0],[34.757089548093475,31.966474023914962,0],[34.75679941520947,31.967030783929538,0],[34.756798746753695,31.9670320675424,0],[34.75653991258216,31.96752876000151,0],[34.756429120090154,31.96774136298532,0],[34.75635135077587,31.967891282738076,0],[34.75629905913109,31.967999852771953,0],[34.75628155446517,31.96803619582258,0],[34.75623907034618,31.968132127426347,0],[34.75618489282605,31.968265176472674,0],[34.756134183943665,31.968403671997834,0],[34.75612733995524,31.968424676946828,0],[34.75608987356462,31.968539661442655,0],[34.75594345464674,31.969201560932163,0],[34.75589289385768,31.969191263193995,0],[34.75602928458168,31.96856478989607,0],[34.75604622344614,31.968509734303098,0],[34.756068079033746,31.96844255511397,0],[34.75608947859026,31.968380392836632,0],[34.75611304745476,31.96831548050541,0],[34.75613317244692,31.96826262842924,0],[34.75615049340256,31.968218829556697,0],[34.75616646077346,31.968179712566226,0],[34.75616729232321,31.968177742359867,0],[34.75618754382856,31.968129756842938,0],[34.756213976451534,31.968069593569123,0],[34.7562409346009,31.968010779436202,0],[34.75626485945867,31.967960521706964,0],[34.75629136233549,31.967906782197538,0],[34.7563001860036,31.96788938512014,0],[34.756306786918095,31.967876372873384,0],[34.75640701047572,31.967683833871796,0],[34.75646048843238,31.96758121174867,0],[34.756483207533876,31.96753761403535,0],[34.75648399344821,31.96753610719184,0],[34.75664534153907,31.967226488958357,0],[34.75668862023545,31.96714343773493,0],[34.756731431141375,31.967061285745903,0],[34.756808145041155,31.96691407373108,0],[34.75693456408092,31.966671477412614,0],[34.75697344609014,31.96659686407785,0],[34.757046023608076,31.966457589417193,0],[34.75708959202116,31.966373979946606,0],[34.75713363551576,31.966289460411296,0],[34.757176674133454,31.966206868979476,0],[34.75718210600544,31.966196446147205,0],[34.75721120554979,31.966140604453393,0],[34.75727903174344,31.96601044545993,0],[34.757340116804656,31.965893220684297,0],[34.75737367869756,31.965827670529915,0],[34.75738736787216,31.96580093340123,0],[34.75739273410015,31.96579007565919,0],[34.75742506283558,31.96572466543615,0],[34.757462600343,31.965646166747348,0],[34.757491320751505,31.965583789188702,0],[34.75750649345003,31.965550837537865,0],[34.7575460882154,31.965461225939276,0],[34.75757992306416,31.965381626605303,0],[34.75761688043307,31.96529114628156,0],[34.75765333084574,31.96519786135984,0],[34.75768930390403,31.96510133817765,0],[34.757728126838536,31.964991463906493,0],[34.75775925057862,31.96489843345387,0],[34.757790955567046,31.964798295226615,0],[34.75779197182158,31.96479508658151,0],[34.75782994989551,31.96466628948609,0],[34.75783051633404,31.964664220940197,0],[34.75787705306861,31.96449438043855,0],[34.75788005536729,31.964483422374883,0],[34.75789026186343,31.96444617415155,0],[34.757910646973365,31.96436956468041,0],[34.75793566391745,31.964275552277,0],[34.757948106111726,31.964228794286317,0],[34.75798203148737,31.96408943179084,0],[34.75801718461959,31.9639317615975,0],[34.75803079407647,31.963867613732617,0],[34.758034341494266,31.963850893258797,0],[34.75805686006084,31.96374475000869,0],[34.75814713186176,31.963319249687146,0],[34.758205930223546,31.96304210063083,0],[34.75825315095176,31.962819520413493,0],[34.75829015815111,31.962645081289057,0],[34.758460324175964,31.96181715500035,0],[34.75852876944305,31.96155696193254,0],[34.75860207538399,31.961211282338972,0],[34.75868371832406,31.960816771360925,0],[34.758691205658984,31.960780590254807,0],[34.75876010494577,31.960368034471163,0],[34.75879744833432,31.960051925739403,0],[34.75879959755908,31.960024805241062,0],[34.758818902418355,31.959781163400265,0],[34.75883111213232,31.959493800676267,0],[34.75883285282061,31.959236903792146,0],[34.75882381984245,31.95893468954795,0],[34.758799874825556,31.95860083729546,0],[34.758790392521874,31.958517017470683,0],[34.75876685774125,31.958308985334565,0],[34.75872728601359,31.95804557667207,0],[34.75872289935764,31.958021719396715,0],[34.75868416578609,31.95781106013451,0],[34.75863038077675,31.95756309361122,0],[34.7585713201629,31.95732734239958,0],[34.75851760914673,31.957135991297196,0],[34.75843046568799,31.95685886042985,0],[34.75830484294793,31.95651056736022,0],[34.75818474877754,31.95621743977436,0],[34.75806590259335,31.95595665242601,0],[34.75805418861504,31.955930947721388,0],[34.758022931649585,31.955869177018528,0],[34.757891799096015,31.955610031776786,0],[34.757774948647416,31.955398363388415,0],[34.757648166427664,31.9551836677607,0],[34.757527152944206,31.95499118840028,0],[34.75738095469492,31.95477263839435,0],[34.75723343733056,31.95456560952549,0],[34.75710103907369,31.954389937155906,0],[34.75690939900278,31.954150594146213,0],[34.75683395199967,31.954062582727097,0],[34.75672080332432,31.953930590841086,0],[34.75660837112543,31.95380577793517,0],[34.75645715873141,31.953644406077245,0],[34.75630079145193,31.95348479781189,0],[34.75620843004269,31.95339449977486,0],[34.755732149900496,31.95292885863806,0],[34.75559700064171,31.952797087406285,0],[34.75548310084049,31.952686033446803,0],[34.75537449320262,31.952580160024418,0],[34.75520822459801,31.952418075113624,0],[34.75518285743038,31.952393346288748,0],[34.75502342696919,31.95223811468704,0],[34.75511580923466,31.95216914244955,0],[34.755702814122046,31.951635269493615,0],[34.754555581084134,31.950774062027524,0],[34.753224513443,31.949774820254614,0],[34.75308234965048,31.949668094269505,0],[34.75316476441449,31.94958893097131,0],[34.755751917411196,31.951531074489598,0],[34.75576429450768,31.95154044197108,0],[34.755848688344514,31.951604359680356,0],[34.75596928017504,31.951695858790043,0],[34.75601401557832,31.95172980104719,0],[34.756028709838574,31.951740973078625,0],[34.7561301608183,31.951818106345343,0],[34.75629582906299,31.951951024505274,0],[34.7564444984008,31.95207609901281,0],[34.75657102265664,31.952186424701083,0],[34.75666489111382,31.95227069924003,0],[34.75679903496268,31.952394898768237,0],[34.7569003408087,31.952491777711572,0],[34.75701945813059,31.952609277754654,0],[34.757124216025595,31.95271723111109,0],[34.757179158479516,31.952775343891396,0],[34.75721063432157,31.952808636622027,0],[34.75736048435247,31.952971975052687,0],[34.75750224326888,31.95313250186274,0],[34.757604217267115,31.9532518366114,0],[34.75769461806404,31.953365694490433,0],[34.75775856836243,31.953448155850925,0],[34.75788935591978,31.953619835021122,0],[34.75801668240982,31.95379712463547,0],[34.758023960233864,31.953807258539896,0],[34.75809970429664,31.953916059590888,0],[34.758164938758256,31.954013095703303,0],[34.75817938596524,31.954034585959487,0],[34.758251746695265,31.95414864697424,0],[34.75832536093024,31.95426272407368,0],[34.758387191677954,31.95436904210307,0],[34.75852622502353,31.95461266752591,0],[34.75867710231235,31.954891164736225,0],[34.758795050620826,31.955133601208694,0],[34.75879720413869,31.955138428005558,0],[34.75884431999672,31.955244028633047,0],[34.75889564883651,31.955359072381885,0],[34.7589984418131,31.955612053477758,0],[34.75908315303551,31.955842708242194,0],[34.759114170168324,31.955933726948764,0],[34.75913916937256,31.956007083460218,0],[34.759171933614546,31.956103227816957,0],[34.75922176017706,31.956262807140913,0],[34.75929699333378,31.95653220697308,0],[34.759348208664456,31.95674321916376,0],[34.759404651019494,31.957010305757223,0],[34.7594515765758,31.957270682915624,0],[34.75949381596343,31.95756298640937,0],[34.75952409594788,31.957880637349753,0],[34.75953999903153,31.958141206948007,0],[34.75954589374759,31.958314396400183,0],[34.75954776995416,31.958571640583568,0],[34.75954366362906,31.95879306220413,0],[34.759529581614956,31.959061605962585,0],[34.75950228690901,31.95935271161876,0],[34.75950008356875,31.959369381847452,0],[34.759469089711516,31.959603856608798,0],[34.75942138951852,31.959895908848367,0],[34.759381078494066,31.960105760544995,0],[34.75935321879029,31.96023726843454,0],[34.75921371834006,31.960900670558487,0],[34.7588298473312,31.96272613851391,0],[34.75874447134638,31.96314296048344,0],[34.75873771157868,31.96317673992639,0],[34.758705651429196,31.963336940840925,0],[34.75865143637131,31.963607849508577,0],[34.75860976729739,31.963816061985074,0],[34.758608876247905,31.96382051376103,0],[34.7585660871797,31.964034324279897,0],[34.75854590394801,31.964135177729865,0],[34.758530676780325,31.964248263495172,0],[34.75852686816585,31.964281179437783,0],[34.7585180885055,31.96435705061387,0],[34.75851685319371,31.964367725420434,0],[34.75850847893936,31.964456893292407,0],[34.75850162532374,31.96455426839661,0],[34.75849656415708,31.96466642943461,0],[34.75849487122597,31.96479236651089,0],[34.75849610810597,31.964841562373483,0],[34.758497979431105,31.96491598477917,0],[34.75850926776322,31.96507773743499,0],[34.758524750108975,31.96520411267996,0],[34.75852786836295,31.965229565279675,0],[34.75853357191039,31.965263794281263,0],[34.75854629598609,31.965340144973403,0],[34.75857041989349,31.965451225327165,0],[34.75858632210783,31.965524451607298,0],[34.75860180323258,31.965580181441172,0],[34.758603918111994,31.965587797373576,0],[34.75863100830579,31.965685318708932,0],[34.75864701264765,31.9657337024882,0],[34.75867449950751,31.965816796368653,0],[34.75872110950317,31.965939931565682,0],[34.75875049834502,31.966010579117235,0],[34.75880495223762,31.96613050073787,0],[34.75884735836301,31.96621491577706,0],[34.758861805301926,31.966243673549304,0],[34.75891761380105,31.966345357315532,0],[34.75896762723021,31.96642999289421,0],[34.759020189991546,31.96651335864068,0],[34.759054803401405,31.96656551225096,0],[34.75911094201849,31.966646006539396,0],[34.75916634975882,31.966721017987425,0],[34.75923132680394,31.966806609543145,0],[34.75941880564637,31.967048970535476,0],[34.759378874401115,31.967071063596187,0],[34.75912638496339,31.966743065762508,0],[34.75907608627138,31.966675165794946,0],[34.759035693091846,31.966618093325746,0],[34.758999246134096,31.966564458831293,0],[34.758975957907175,31.966529033693266,0],[34.758933514383884,31.966461950305234,0],[34.75889125083928,31.966391564232715,0],[34.758854505230694,31.96632708177058,0],[34.75880223163408,31.966229236730907,0],[34.75878195153421,31.966188459096642,0],[34.758764374477,31.96615311799316,0],[34.75873691763033,31.966094652460445,0],[34.75870887021334,31.966031654193614,0],[34.758699960739875,31.966010010322396,0],[34.758664322861094,31.965923440241625,0],[34.75862835863171,31.965826922124947,0],[34.75859461982748,31.96572654217803,0],[34.758562574454906,31.9656192125667,0],[34.7585354046567,31.96551519795999,0],[34.758513993924524,31.9654208041605,0],[34.75848639039081,31.96527194589541,0],[34.75846681176791,31.965128565400754,0],[34.758455806972954,31.965010811775734,0],[34.758454278978185,31.964983330293254,0],[34.758449481723325,31.964897080391562,0],[34.758448593780976,31.96485514346055,0],[34.758447268267936,31.964792555520464,0],[34.75845018308075,31.96462853511105,0],[34.75845119362564,31.964607242595918,0],[34.75842026616084,31.964602494183314,0],[34.75836608823874,31.964856412839655,0],[34.75824914925208,31.965404472733585,0],[34.75820371823666,31.965617392723193,0],[34.758201308846665,31.96562868293603,0],[34.75818468981729,31.965706571805782,0],[34.75817302918974,31.965761443365075,0],[34.758163704566776,31.965805323851434,0],[34.758129118729016,31.96596808039163,0],[34.758097569563,31.966116908436096,0],[34.758043976995154,31.966369719725915,0],[34.75800712455071,31.966544109610858,0],[34.75797884989996,31.966677902555503,0],[34.75795303277829,31.96680007178746,0],[34.757919972581675,31.96695651017005,0],[34.757895446951046,31.967072561591902,0],[34.757875856054774,31.967165264672268,0],[34.75786053082552,31.96723778689541,0],[34.75790194502179,31.96723877303815,0],[34.75792593810265,31.967170254633732,0],[34.7579488240483,31.967113438623,0],[34.75798403040544,31.967040787902498,0],[34.75802171150373,31.966978541847098,0],[34.758062453778386,31.96692443809158,0],[34.758091380876245,31.9668923734105,0],[34.75812168231807,31.96686333098372,0],[34.75813541436845,31.96685155572793,0],[34.758137429701115,31.96685000630176,0],[34.75817098850215,31.966824201961,0],[34.758203773368464,31.96680268025473,0],[34.758277958228206,31.96676425455824,0],[34.75832746355526,31.966745175038444,0],[34.75838149509507,31.9667294579888,0],[34.758445268160514,31.966717100080462,0],[34.75853497591792,31.966710214279956,0],[34.75863681269449,31.966716785311654,0],[34.75867358617246,31.966724481448995,0],[34.758724076932175,31.96673504747075,0],[34.75880607358801,31.966764142466726,0],[34.758896330478294,31.96681266506335,0],[34.75894303415233,31.966846670877274,0],[34.75899830555989,31.96689820530244,0],[34.75903635058021,31.966944275674052,0],[34.7590505813251,31.966967013134738,0],[34.75907270954539,31.967002367454945,0],[34.75910739182421,31.967088075543423,0],[34.759123657188944,31.96718571209317,0],[34.759109755373075,31.967315960210346,0],[34.759058523841475,31.96743729833395,0],[34.759019162740614,31.967494847627247,0],[34.75897434783831,31.96754984821747,0],[34.75893660646919,31.967512050224435,0],[34.75898937611533,31.96745167486058,0],[34.759050214654536,31.96733223900166,0],[34.75907027568176,31.96717872345801,0],[34.75902347735727,31.9670189962229,0],[34.75900535498079,31.96699203729738,0],[34.75897515700453,31.966947112683794,0],[34.758915539018595,31.966886767720194,0],[34.75886413176949,31.966848437480486,0],[34.75876889661851,31.966798800795072,0],[34.75868974355184,31.96677473068029,0],[34.75866903233266,31.96676843282472,0],[34.75856170380438,31.966755574105832,0],[34.758482696158055,31.96675812286689,0],[34.758399627870055,31.966771942465336,0],[34.75832441601815,31.96679523959924,0],[34.758251345001405,31.96682952725989,0],[34.75820072117874,31.96686178536155,0],[34.758174477010385,31.96688201432751,0],[34.75813214441298,31.96692111646231,0],[34.7580925470315,31.966966643618434,0],[34.758055453568225,31.967019610414308,0],[34.758020677175445,31.967081464488988,0],[34.757998433465076,31.96712908709588,0],[34.7579649252979,31.967215443066024,0],[34.75793929393227,31.967293289367078,0],[34.757913933676825,31.967375874683114,0],[34.75790975587032,31.96738947900398,0],[34.75788381624824,31.967473947942807,0],[34.75782235152941,31.96767892055383,0],[34.757765961802036,31.96786737914851,0],[34.75774919766986,31.967923945214107,0],[34.75774259009253,31.96794624066257,0],[34.75771923879104,31.96802503009879,0],[34.75766755102073,31.968213252676662,0],[34.757636856920335,31.96833461196429,0],[34.75761014107562,31.96852507318471,0],[34.758018040671736,31.9682717598969,0],[34.75825617526198,31.968126713409518,0],[34.758497401097685,31.96798542882191,0],[34.75874163756173,31.9678479545311,0],[34.758990662940214,31.96771057141501,0],[34.75938879461522,31.96749092783822,0],[34.75940974047241,31.967478232643618,0],[34.75942932673304,31.967464047412,0],[34.759430706417426,31.967463126097112,0],[34.75943224484253,31.96746241185127,0],[34.759433901718346,31.967461923471088,0],[34.759435630429486,31.96746167522204,0],[34.759437383337485,31.967461674151547,0],[34.75943911178516,31.967461919187286,0],[34.75944076925282,31.96746240475536,0],[34.759442310322086,31.96746311626777,0],[34.75944369276562,31.96746403554049,0],[34.75944487756871,31.967465136284495,0],[34.75944583313911,31.96746638862958,0],[34.75946611818479,31.9674933171954,0],[34.75946704104475,31.967494552291473,0],[34.75946771688405,31.96749589834524,0],[34.75946812788874,31.96749732012399,0],[34.75946826366283,31.96749877971565,0],[34.759468120157564,31.967500239230283,0],[34.75946770285356,31.967501659007837,0],[34.75946702038768,31.967503003006485,0],[34.75946609197535,31.9675042352215,0],[34.759464942108266,31.967505322372016,0],[34.759463600536996,31.967506237508225,0],[34.75946210335489,31.967506954604424,0],[34.75942886375604,31.96752253036033,0],[34.759005331316274,31.967756187328053,0],[34.75877037508056,31.96788580844964,0],[34.75852695216363,31.96802282573294,0],[34.75828652830681,31.968163640649596,0],[34.75804918624746,31.968308203908126,0],[34.7578450541813,31.968434974655487,0],[34.75783928828281,31.96843855526819,0],[34.75760156923601,31.96858618247583,0],[34.7575839116015,31.968712069578856,0],[34.75754757964558,31.96887712022528,0],[34.75754186075529,31.968902873590128,0],[34.757624131852936,31.968848752946432,0],[34.75778387294496,31.96875211342025,0],[34.758020579935376,31.96862062276682,0],[34.75820589848266,31.968518388577426,0],[34.75901362737432,31.968072783207663,0],[34.75909304583878,31.96802897000638,0],[34.75938733677305,31.967866616173012,0],[34.75953067180912,31.967787540820783,0],[34.759783352007986,31.96764859710723,0],[34.75991117347363,31.967579435505748,0],[34.759915494534724,31.96757709783314,0],[34.76046011428858,31.9672824133969,0],[34.760834196970166,31.967080001156635,0],[34.76117078905749,31.966897873716707,0],[34.7611859401323,31.966889675121894,0],[34.76168698783512,31.96661855873853,0],[34.76195853205174,31.966471624221843,0],[34.762549162991704,31.96615202634509,0],[34.76255551923192,31.96614858734933,0],[34.763548928479516,31.965611030584228,0],[34.763719146996046,31.965518918949964,0],[34.76482617686642,31.964919860187255,0],[34.7648880830968,31.965001385559752,0],[34.76434048116584,31.96529765255995,0],[34.76432344278779,31.965306871245676,0],[34.76267088032765,31.966200924498224,0],[34.76265914043121,31.966207275625187,0],[34.761510787448586,31.966828523124484,0],[34.761316895480135,31.96693341514456,0],[34.760840630144585,31.96719106344274,0],[34.76035557052523,31.967453465934774,0],[34.75988941203833,31.967705639560762,0],[34.75987982437064,31.967710929327488,0],[34.75949423892028,31.96792365018336,0],[34.75916718693896,31.96810407781385,0],[34.75912472887147,31.96812750110204,0],[34.75858587084442,31.968424772793202,0],[34.7583692203302,31.968544292319013,0],[34.758362594024476,31.968547946585637,0],[34.75819497372502,31.968640417178676,0],[34.75802703169133,31.968733064972643,0],[34.75802389301218,31.96873479621764,0],[34.757971161257394,31.968763885984526,0],[34.75786100550272,31.968824768781047,0],[34.757801907925895,31.968857432470408,0],[34.75764104176897,31.968952835294388,0],[34.7575686735747,31.968999960357614,0],[34.757523500724155,31.969029375939463,0],[34.75751248608116,31.969036548874485,0],[34.75751212092634,31.969036804602556,0],[34.757503234331885,31.96907682323749,0],[34.75750304576144,31.96907775142948,0],[34.75749860136729,31.96909962431608,0],[34.757481580784315,31.9691769434959,0],[34.757481272495184,31.969178344712283,0],[34.75746125120608,31.969269300289895,0],[34.75739269674671,31.969580733308206,0],[34.75739040459348,31.96959114645728,0],[34.75735525530812,31.969750824645,0],[34.75730606298279,31.969974295505235,0],[34.757214257771224,31.970391347560692,0],[34.757212033736465,31.970401448921628,0],[34.75715126608426,31.970677499938795,0],[34.75709964205498,31.970912013690814,0],[34.75706049942173,31.971096286045263,0],[34.75698497998321,31.97145199518856,0],[34.757032273933234,31.97145929602018,0],[34.75703803715221,31.971443661960055,0],[34.75706560247034,31.97137122180246,0],[34.75710699632076,31.9712666108029,0],[34.75715664259348,31.97114722759536,0],[34.757212689598674,31.971019457614922,0],[34.75733291048642,31.970766226846692,0],[34.75740257993373,31.97063034434415,0],[34.75745158469669,31.970538842450534,0],[34.757524954737136,31.97040746928571,0],[34.757617530039596,31.97025028466817,0],[34.75765330978733,31.97019301272065,0],[34.75772387655518,31.970080055176282,0],[34.75782962156611,31.969920360123233,0],[34.757941699762235,31.9697602516792,0],[34.75805815964203,31.969602716045642,0],[34.75813943550407,31.96949918997566,0],[34.75821138653457,31.96940754117253,0],[34.75835262252941,31.96923840949233,0],[34.75838443129867,31.969202327437895,0],[34.758485122928015,31.969088105443035,0],[34.75855754156907,31.969010104141933,0],[34.75862790554189,31.968934315819137,0],[34.75880087309421,31.968758288038266,0],[34.75892503353807,31.96863826470028,0],[34.75909835264526,31.968478809245596,0],[34.759207191169004,31.96838394716089,0],[34.75925955362402,31.9683383093181,0],[34.75928625256286,31.968316169907773,0],[34.75941541567969,31.968209064794667,0],[34.75960366214805,31.968060985782323,0],[34.75968363418959,31.968001688404897,0],[34.759808889824384,31.967908814058124,0],[34.7598417574678,31.967885703247152,0],[34.75996217154084,31.96780103261907,0],[34.760008808201185,31.967769855551644,0],[34.76010341676244,31.967705903535094,0],[34.760215505691896,31.967633142483734,0],[34.760354195829294,31.96754632149651,0],[34.76049341347914,31.967462600791894,0],[34.760600290897685,31.967400575162532,0],[34.76072141905546,31.967332561681292,0],[34.760837005577876,31.967268792441505,0],[34.76095092666309,31.967205941624776,0],[34.7610738740257,31.9671381118119,0],[34.76120258603096,31.96706710060505,0],[34.76124407149822,31.96704421339681,0],[34.76127884812947,31.967025026299645,0],[34.76140329239294,31.966958195174055,0],[34.76140735769563,31.9669560125694,0],[34.76344600534063,31.96586115241097,0],[34.763881609524475,31.96562720309715,0],[34.764934066014376,31.965061950192442,0],[34.76499614267837,31.965143712373763,0],[34.7641755746024,31.965584537653935,0],[34.764153720395825,31.965596278191242,0],[34.76231040649383,31.966586508702935,0],[34.762308072120774,31.966587762195456,0],[34.761306146181646,31.967125977339595,0],[34.76114572814821,31.967214480230435,0],[34.76108270214729,31.967249251888465,0],[34.76096438030139,31.967314530433825,0],[34.760783493463315,31.96741432587352,0],[34.760661796581296,31.967482680109686,0],[34.76050904722867,31.967572000770883,0],[34.760382810251215,31.967648994357656,0],[34.76037381408241,31.967654481019984,0],[34.76027252842653,31.967718431524027,0],[34.76017539872604,31.96778156953587,0],[34.76011176532105,31.967825228544044,0],[34.75998175321096,31.967912967913694,0],[34.75981999228652,31.968028673573663,0],[34.75973709826376,31.968091078332023,0],[34.75968977661765,31.96812670238828,0],[34.759641770110576,31.96816284256327,0],[34.759572743061206,31.968217915445198,0],[34.75952266577001,31.968257869253165,0],[34.75944062939861,31.96832332130244,0],[34.75925391861686,31.96848161474717,0],[34.75924202932871,31.968492289169404,0],[34.75908485563932,31.96863340560041,0],[34.758889160111906,31.968820151290753,0],[34.758786638878675,31.968923035150993,0],[34.75865779888659,31.969057489681386,0],[34.75850081884252,31.96922972632457,0],[34.75834550379608,31.9694101831283,0],[34.75824689592308,31.969530484158227,0],[34.758224132034535,31.969559787558786,0],[34.758082489729084,31.96974212093364,0],[34.75800476370576,31.969849406430434,0],[34.75800096904868,31.969854643376152,0],[34.75792583828786,31.969958346973517,0],[34.757759670516464,31.97020641170175,0],[34.757752524524115,31.970217080122907,0],[34.757645128379416,31.97038950904192,0],[34.75763999477342,31.97039815638665,0],[34.757581598687345,31.97049653219959,0],[34.757536245566065,31.970575456045935,0],[34.75745897649914,31.970715227490373,0],[34.75739512115663,31.9708363102894,0],[34.757311489307334,31.97100358942627,0],[34.75725208622159,31.971130591018582,0],[34.75722689419089,31.971184450747582,0],[34.75720321797836,31.971237469019364,0],[34.7571491857575,31.971362923048563,0],[34.75708355980065,31.97153676654059,0],[34.757008092391004,31.971768923659532,0],[34.75694045244385,31.97203091014263,0],[34.75691466248961,31.9721523207257,0],[34.75685353326141,31.972440098163833,0],[34.75682512518672,31.97257383162092,0],[34.756819836351106,31.972598729741048,0],[34.756753850727904,31.972909363269522,0],[34.756716101985596,31.973088175451977,0],[34.75656852082802,31.97378724782453,0],[34.75654904674486,31.973879492884308,0],[34.75647191018861,31.974244871260623,0],[34.75643320104792,31.97444888977187,0],[34.75637955369561,31.974760858823924,0],[34.75633494791087,31.975025235648815,0],[34.756300769448465,31.975231854645067,0],[34.75626698912766,31.975456006037618,0],[34.75624668813554,31.97560615633888,0],[34.75623569317624,31.975687472573767,0],[34.75621480413894,31.975859332542196,0],[34.756197170898346,31.976019118967137,0],[34.756183162498836,31.97615882155684,0],[34.7561715618423,31.976323810116764,0],[34.75616480659071,31.976455297655466,0],[34.75615978760531,31.976579573310158,0],[34.75615678188002,31.976654016257164,0],[34.75615155290595,31.97684456178635,0],[34.75614866796925,31.977043468064256,0],[34.756148149323934,31.9772000152013,0],[34.756148522426635,31.977256682959244,0],[34.756149143354676,31.97735117130216,0],[34.75614942470921,31.977367292881844,0],[34.75615209912053,31.97752034869402,0],[34.75615759501193,31.977706312147667,0],[34.75616364149329,31.97785409891641,0],[34.75617070668083,31.977991906348212,0],[34.756171642119874,31.97801015577965,0],[34.75618076033709,31.978158093167202,0],[34.756188376517066,31.9782589512664,0],[34.756200151784135,31.9784148690432,0],[34.75621688574529,31.978600000110962,0],[34.75623049179145,31.978734731132153,0],[34.756231497663755,31.97874371661509,0],[34.756249716012704,31.978906447682366,0],[34.756252355422994,31.978930025552476,0],[34.75627546076848,31.97911540364267,0],[34.75629293710248,31.979244706848796,0],[34.75630266961416,31.979323770474032,0],[34.75632985197992,31.979544578435775,0],[34.756334521828336,31.97958251291487,0],[34.75637795579138,31.979759493023675,0],[34.75639836219314,31.979847170432134,0],[34.75647113560456,31.98017611900713,0],[34.756684610551424,31.981141039878047,0],[34.75672090937946,31.98113454509729,0],[34.75671568259308,31.98102190356171,0],[34.75671676581124,31.980884441493195,0],[34.75672848011791,31.980723441159967,0],[34.756748729822945,31.980578716854307,0],[34.75677754539102,31.98043744869008,0],[34.75682689665486,31.980228487160854,0],[34.75685640359136,31.98009884290648,0],[34.756880818197466,31.97992210852088,0],[34.75688164259354,31.97968836841968,0],[34.756868174933075,31.979556512007658,0],[34.75696348650802,31.979566063532378,0],[34.75696251083002,31.979630206948027,0],[34.75696041615583,31.97976796848708,0],[34.75695593539345,31.979909923098624,0],[34.75694986284571,31.97997697758968,0],[34.756916680040874,31.980168200057484,0],[34.75687912719569,31.980327211033345,0],[34.75687159209323,31.9803607512697,0],[34.75682771035529,31.980556084256822,0],[34.75679771447771,31.980775513592796,0],[34.75678934163407,31.980997522569098,0],[34.75679555212285,31.98120679093449,0],[34.75679913386269,31.981264924576248,0],[34.75680101596364,31.981295467965246,0],[34.756805450054465,31.98136742199135,0],[34.75683387684149,31.98165111217477,0],[34.75687888163659,31.981952808417198,0],[34.75688927828857,31.982022501001882,0],[34.75689216638726,31.982040887161627,0],[34.75695251382558,31.982425093527205,0],[34.75701173175621,31.98280210220526,0],[34.75701533424488,31.982825035047615,0],[34.757056309222946,31.983085898810625,0],[34.757057009181835,31.983090357972124,0],[34.757100285482345,31.983365871443123,0],[34.75719329983752,31.983958030517165,0],[34.75722065678338,31.98413219498079,0],[34.75723974943276,31.984253745480547,0],[34.757271486980336,31.984445578087062,0],[34.75731858863627,31.984674349308143,0],[34.75734986810905,31.984800986477246,0],[34.75736037903136,31.984843537938183,0],[34.757386623133854,31.98493593316555,0],[34.75741205584311,31.98502547043149,0],[34.75745573169497,31.985162651781554,0],[34.75750778535989,31.985311444425594,0],[34.75755953941091,31.985446991262318,0],[34.75764516136537,31.98564661381935,0],[34.75769132602689,31.985734536733972,0],[34.75781498531487,31.985954130833402,0],[34.75791063678643,31.986134765035686,0],[34.75795820254672,31.986221003708305,0],[34.75806983542,31.98641859192011,0],[34.7581273507067,31.986520357528892,0],[34.75818596662474,31.986624073063478,0],[34.75822179697621,31.986687470179373,0],[34.75824983978752,31.98673709017397,0],[34.75828695015331,31.98680275077797,0],[34.75830421791042,31.986824703556234,0],[34.75818185048256,31.9868923195343,0],[34.75817071566682,31.986863335331815,0],[34.75814031321148,31.986786848735097,0],[34.75810171769456,31.986701891575255,0],[34.75804620240671,31.98659504233428,0],[34.757973473378776,31.986466283723036,0],[34.757902044047405,31.986339895962722,0],[34.757846426441326,31.98624115525065,0],[34.757809369559325,31.986173301527216,0],[34.75774232150329,31.986044442830092,0],[34.75764826496518,31.98584809394809,0],[34.757558036054725,31.98563796454521,0],[34.75748364054088,31.98544314837597,0],[34.757433552804756,31.985297183477325,0],[34.757383142085914,31.985302528548857,0],[34.75742679804368,31.985580444653234,0],[34.75746133354466,31.985800304134894,0],[34.757512449936335,31.986125712672813,0],[34.75758221990105,31.986569864541227,0],[34.75761449563377,31.98677539361918,0],[34.757618810709324,31.986802871303343,0],[34.75763582060037,31.986915769718728,0],[34.75765893225669,31.9870831059785,0],[34.75765945565853,31.98708689177053,0],[34.75767350312916,31.98719582445675,0],[34.757680289755534,31.987248456606284,0],[34.757680991367685,31.98725389692515,0],[34.75771000318624,31.987478879805415,0],[34.757705239414335,31.98749420083815,0],[34.75770812564169,31.987526359235677,0],[34.75770922091154,31.987538560826316,0],[34.75771570115293,31.98761075822924,0],[34.757732957363096,31.987803023023893,0],[34.75773601832204,31.987837120902434,0],[34.75774489707996,31.987935358977474,0],[34.757762556220335,31.98813074810738,0],[34.7577764580788,31.988266731520103,0],[34.757780078761925,31.988302149795345,0],[34.75779309278156,31.988415446225194,0],[34.75780568246695,31.988525041978953,0],[34.757814497398414,31.98859891591062,0],[34.757852095069126,31.988913983477126,0],[34.75786176524352,31.98899502249821,0],[34.75789140637149,31.98924341007958,0],[34.75790310014159,31.989341407327984,0],[34.7579089572169,31.989390488501712,0],[34.757938014863505,31.98963399437154,0],[34.75798941524788,31.990064721921915,0],[34.758025959564876,31.990370950743035,0],[34.75808484090421,31.99037224721579,0],[34.758088762500535,31.990170956069505,0],[34.758098586520774,31.989946028785816,0],[34.758114105775995,31.98970396840548,0],[34.758121309342805,31.989612875077015,0],[34.758122107356904,31.989602784048362,0],[34.7581391461729,31.989416847942195,0],[34.75816171212188,31.98920958478033,0],[34.75818438465491,31.989038861974798,0],[34.75818704218907,31.989018850479887,0],[34.75821563037231,31.98880357794884,0],[34.75824716384445,31.988576577941544,0],[34.758265937168765,31.988441432698448,0],[34.75827725659591,31.98835994895302,0],[34.75834999124953,31.987791254144092,0],[34.75835249445921,31.987692909117545,0],[34.758433315395386,31.98769085388928,0],[34.75849167599217,31.98770604776523,0],[34.75847714546166,31.9878045958239,0],[34.75839521676696,31.988254057691456,0],[34.758372831278876,31.988386137673704,0],[34.75837244460969,31.988388418768185,0],[34.7582944140767,31.98884880328705,0],[34.75829327256858,31.98885553841834,0],[34.75826094974541,31.9890462472614,0],[34.75822465982507,31.98926844288128,0],[34.758222891129634,31.989279270875343,0],[34.75819373377278,31.989496678653378,0],[34.758191022306605,31.98951689917457,0],[34.7581671753329,31.989748124034115,0],[34.758150653030896,31.989974024264743,0],[34.7581436234652,31.990117473936074,0],[34.758138227502165,31.990322802665716,0],[34.75813816634513,31.99035138857054,0],[34.7581378737699,31.990488529492907,0],[34.75814129734873,31.990630705597805,0],[34.75814294210335,31.99069902985107,0],[34.75815674427576,31.990822787136757,0],[34.75825764229681,31.991532238828096,0],[34.758262294325725,31.99156494989246,0],[34.75827616755519,31.991662497525,0],[34.75827669047173,31.991666175094515,0],[34.758277833528034,31.991674212335006,0],[34.75829442477123,31.991790866908275,0],[34.75840406522126,31.992561772419936,0],[34.758407772814365,31.99258783931084,0],[34.75843801685738,31.992800493190686,0],[34.758443364900955,31.992838094436294,0],[34.75845935478106,31.992950524635344,0],[34.75848854910641,31.993155791779834,0],[34.758537407510104,31.993499316883078,0],[34.75856160299935,31.993669435974645,0],[34.75860684018884,31.993987497751842,0],[34.75861230092365,31.994025892962476,0],[34.75863654069121,31.994196319695973,0],[34.75864547276069,31.994259121643356,0],[34.75880466891128,31.995378401109974,0],[34.75880644248937,31.995390867482666,0],[34.75898920381638,31.996675800298092,0],[34.759013072582626,31.99682254888987,0],[34.75907172224545,31.997183139334002,0],[34.75914830147569,31.997615195198225,0],[34.75922225735081,31.99795824787435,0],[34.75931237487547,31.998376265914636,0],[34.75931987893173,31.998411072771532,0],[34.75937060469083,31.998655067033486,0],[34.75937678718841,31.998684806558376,0],[34.759420179736566,31.998852087100957,0],[34.75942158847007,31.998857519961465,0],[34.75946062950073,31.998961068713577,0],[34.759526713588535,31.9990809103618,0],[34.75961279857439,31.999202075587572,0],[34.75968779515339,31.999289111235537,0],[34.75974768455919,31.999351112300356,0],[34.75982444869067,31.999418401086615,0],[34.75996033815558,31.999528028926182,0],[34.76019870789178,31.999720329714428,0],[34.7602358071061,31.999749699474442,0],[34.760627060802676,32.00005943006377,0],[34.7606295245438,32.00006138025091,0],[34.760754471202,32.00016029258487,0],[34.760799710443706,32.00019722065122,0],[34.76082875004089,32.00022402349943,0],[34.760859988153996,32.00025643689448,0],[34.76088762773382,32.00028895223147,0],[34.760910190608264,32.00031888690909,0],[34.760931764197075,32.000351205182994,0],[34.760949623211914,32.000381567998794,0],[34.760969299083285,32.0004203238786,0],[34.76098587142546,32.00045945307499,0],[34.76099872946458,32.00049656910204,0],[34.76101069106357,32.00054118404842,0],[34.76101979913659,32.00058193924832,0],[34.76103410242528,32.000626607464845,0],[34.76105290094279,32.00067001173636,0],[34.76107071778331,32.00070300222467,0],[34.76109631857338,32.000741620069256,0],[34.76095213255594,32.000771581640954,0],[34.7609521317648,32.00072491271723,0],[34.76094610190891,32.00066310679193,0],[34.76093406634745,32.00060396001712,0],[34.76091555679534,32.0005449475251,0],[34.76088471148291,32.00047553747139,0],[34.76085145740837,32.00041892271025,0],[34.76080897983917,32.000361383816156,0],[34.76076844968239,32.00031633710336,0],[34.76072147837292,32.00027252586168,0],[34.760553236466876,32.00013075291971,0],[34.7605511885926,32.00012902783163,0],[34.76040646973845,32.0000070755243,0],[34.760307422605756,31.999929598147283,0],[34.76008606106713,31.999756442769414,0],[34.75997731941232,31.999671381336775,0],[34.7597388070149,31.999486835995405,0],[34.759649630188015,31.99940804270394,0],[34.75959496315664,31.999352416672714,0],[34.75953601792701,31.999271102342156,0],[34.75943143768669,31.999142133880447,0],[34.75938956586233,31.999072101324135,0],[34.759352715006145,31.99900062635455,0],[34.7592855991638,31.999007893882176,0],[34.759367554970396,31.999519400498862,0],[34.7594458463317,31.99995477164565,0],[34.759496346870705,32.00021737090035,0],[34.75953389693713,32.0004047535905,0],[34.759545271821054,32.00045961193525,0],[34.7595506019539,32.00048531922484,0],[34.75956478258722,32.000553707151354,0],[34.759565388617766,32.000556629296106,0],[34.759575051979,32.000603231993786,0],[34.75964666565623,32.00092806427429,0],[34.75965357138385,32.00088015344126,0],[34.75962955682811,32.00075552022033,0],[34.75962728141674,32.0006744406573,0],[34.75964932603611,32.000543990871584,0],[34.75968720119591,32.00044836897354,0],[34.75974905027832,32.00035005444648,0],[34.75980966585388,32.00028605797684,0],[34.75982676876267,32.00027302200141,0],[34.759907654342825,32.00021137083862,0],[34.760047034038955,32.00014306000777,0],[34.76015021393428,32.00011293424623,0],[34.7602992713303,32.000102959131816,0],[34.76042822591163,32.00012180168372,0],[34.76052898860975,32.000156259305506,0],[34.760614341089855,32.00020258381036,0],[34.760673009654475,32.00024695814063,0],[34.76070691324492,32.000279196928005,0],[34.760754614871345,32.0003370481088,0],[34.760807833493516,32.00043726967626,0],[34.76083048838265,32.00052436963271,0],[34.76082614282398,32.0006649040879,0],[34.76079093141818,32.00077897108755,0],[34.7607294662841,32.00088299043006,0],[34.7606614569464,32.00095839716951,0],[34.76058409194134,32.001019850099055,0],[34.76054914446742,32.001040596343735,0],[34.76047875811029,32.00096355212786,0],[34.76050305951925,32.00094894326352,0],[34.76059676353948,32.000873979090755,0],[34.76066548798998,32.00079291340151,0],[34.760706966663186,32.000705196331396,0],[34.760724798100576,32.00060700965492,0],[34.76071301531877,32.0004989177828,0],[34.760679804286085,32.000415147299755,0],[34.76063323512151,32.00034650463438,0],[34.76056129247923,32.00027759824691,0],[34.760480373136154,32.00023585411612,0],[34.76036364019673,32.00020229015955,0],[34.76025466532527,32.000193767312574,0],[34.76017087850262,32.00020115369734,0],[34.76006724165387,32.0002281441282,0],[34.75999005976437,32.000263527281476,0],[34.759924811332944,32.000307113459094,0],[34.75986480068881,32.00036396626022,0],[34.759800791081034,32.000461337207696,0],[34.75976966607477,32.00052966825254,0],[34.75974002513885,32.0006402284488,0],[34.75973324059586,32.000741323215664,0],[34.759746069990086,32.000807740466186,0],[34.759777949443404,32.0009727801056,0],[34.759778048563,32.00097329267388,0],[34.759791508863,32.00104297483149,0],[34.75980630519362,32.00111957484714,0],[34.759876611669945,32.00145040746603,0],[34.75988287779565,32.00149271469546,0],[34.75989209089641,32.001530918249614,0],[34.75989994173921,32.0015634753865,0],[34.75992928263581,32.001685140450114,0],[34.75993322830502,32.00170150205344,0],[34.75993473335772,32.00170233968472,0],[34.759936449234296,32.00170247194721,0],[34.75993860650538,32.00170148752729,0],[34.759939006177724,32.001700025310406,0],[34.759940359338195,32.0016939591513,0],[34.759941954374916,32.001687551156515,0],[34.75994355617322,32.001681715826685,0],[34.759945635080825,32.00167481894911,0],[34.75994719792913,32.001670037683795,0],[34.75994914665189,32.00166446058136,0],[34.759959844761575,32.001639000639706,0],[34.759979160103676,32.00160503627165,0],[34.76000615436994,32.001570165436135,0],[34.76004251644744,32.00153550595915,0],[34.76008225517435,32.001507482899314,0],[34.76013541651676,32.001480865835475,0],[34.76019794384391,32.001461420167544,0],[34.760234436284705,32.00145501349943,0],[34.76034961325318,32.0014413143435,0],[34.761196445106386,32.001340586610915,0],[34.76120483718251,32.00140130057755,0],[34.76057376858933,32.00148316379442,0],[34.76055707668406,32.00148532833461,0],[34.76036098932088,32.00151076459634,0],[34.76020331351153,32.00153121733836,0],[34.76015755824071,32.00155052604422,0],[34.7601249520016,32.00157026133513,0],[34.76009194208182,32.00159733493221,0],[34.760059868569954,32.001634750905914,0],[34.76003727813451,32.00167503082567,0],[34.760029007658815,32.00170028284497,0],[34.76002442989917,32.0017142590986,0],[34.76001931288738,32.00175622254554,0],[34.76002364287472,32.00180327094788,0],[34.76004098144271,32.00187176095196,0],[34.760055043891654,32.001927249090116,0],[34.7600323378574,32.0019302645359,0],[34.76005538955972,32.001927548795614,0],[34.76014190234638,32.002265300667176,0],[34.76015449790143,32.00231447378015,0],[34.76034303336627,32.003049751277196,0],[34.76037988793184,32.003196698240984,0],[34.76044084449271,32.003439749276396,0],[34.76044354001076,32.00345049911158,0],[34.76056588086964,32.003938301550725,0],[34.76058911084693,32.00403092612247,0],[34.76071462998682,32.004523394575926,0],[34.76082234841974,32.00494601508864,0],[34.76083911280987,32.005011787638566,0],[34.760899240440985,32.00524769056343,0],[34.76101884730941,32.00571323376737,0],[34.7610702851172,32.00590445555845,0],[34.761108563682114,32.00604163716767,0],[34.761143964794094,32.00616561993278,0],[34.761159371299854,32.006218959123785,0],[34.761250850971535,32.00653565873362,0],[34.761307980729434,32.00673625823462,0],[34.76132322795201,32.00678622683167,0],[34.761345358555204,32.00686150133406,0],[34.761594256151355,32.007708074244825,0],[34.76174892158318,32.008247030685055,0],[34.7618121597002,32.00847767022954,0],[34.761872316252706,32.00869706621075,0],[34.76187476207081,32.00870786653981,0],[34.76192512560586,32.008930202453364,0],[34.76201776955182,32.00933919620275,0],[34.762079944658836,32.00966651796299,0],[34.762124838564404,32.00997325364765,0],[34.762152932929375,32.010173379009636,0],[34.76216935673404,32.010297685743666,0],[34.76217226462965,32.01032887007281,0],[34.76227187579603,32.011396916818086,0],[34.762278246332144,32.01146435188143,0],[34.76228354718334,32.011520473791876,0],[34.76229274144008,32.01162672568196,0],[34.76231324289803,32.01190662532623,0],[34.76231518645683,32.011944694201674,0],[34.762325540676,32.012147541488225,0],[34.76233062828361,32.012247218489165,0],[34.76233164016727,32.012267049802254,0],[34.762339211168715,32.012405672296815,0],[34.76234042050455,32.01242780658235,0],[34.7623426309001,32.01246827967027,0],[34.76235326653305,32.01266301536369,0],[34.76235541764102,32.012702391659595,0],[34.76235604606535,32.01271391248788,0],[34.76237203564673,32.013006665882806,0],[34.76237904932105,32.01313507358016,0],[34.76240185810857,32.01355268720133,0],[34.7624038428896,32.013589016645625,0],[34.76243230646184,32.01411016435537,0],[34.7624361709322,32.014180911965575,0],[34.762436781907375,32.014192102672915,0],[34.76245678234001,32.01455828424464,0],[34.76245866946261,32.01458718254667,0],[34.76246263901451,32.01461112101351,0],[34.76246709487998,32.014626575277894,0],[34.762473132235016,32.01464220639299,0],[34.7624860404461,32.014665641234856,0],[34.76242874147749,32.01469923729719,0],[34.76234757548486,32.014697473723196,0],[34.76234369633736,32.01456276801669,0],[34.76233827844912,32.014374667037394,0],[34.76233952343515,32.014375268364745,0],[34.76233408393878,32.01413081950524,0],[34.76233374341361,32.01411554731094,0],[34.76232955402863,32.01392729819606,0],[34.76232873042589,32.013890291041776,0],[34.76232865903602,32.01388708310573,0],[34.76232865387182,32.01388683599571,0],[34.76231806721117,32.01341114424347,0],[34.76231800029991,32.0134081058604,0],[34.762314170541124,32.01323600914017,0],[34.76231158649622,32.01311992007927,0],[34.762306414050336,32.01298543978971,0],[34.76230126511554,32.01285157640743,0],[34.762295780266676,32.01270898066409,0],[34.762289799266746,32.01255399251295,0],[34.76228311425507,32.012380746849914,0],[34.76227881066981,32.012269225689025,0],[34.76227746645077,32.01223440536919,0],[34.76225497577949,32.012225115136026,0],[34.76226087798395,32.01237445507403,0],[34.76226532025382,32.01248684694999,0],[34.762265366421104,32.0124880329725,0],[34.76227126866267,32.01263737110057,0],[34.762278356317246,32.01281669355911,0],[34.76228117434872,32.01288800296627,0],[34.76228573739645,32.01300346496661,0],[34.762289122036854,32.01308925107069,0],[34.76229440254799,32.01329844190798,0],[34.76230086677596,32.01355450859885,0],[34.762304811649905,32.013710780099096,0],[34.76231002286429,32.01391722019737,0],[34.76231398468061,32.01407415637106,0],[34.76231448805261,32.014094088711175,0],[34.76231585216535,32.01414814168586,0],[34.762316333028664,32.014233832885495,0],[34.762317006308564,32.01435374158588,0],[34.76231871330351,32.01465759583844,0],[34.76231971814289,32.01483653271449,0],[34.762321241828026,32.01489989908161,0],[34.762322649942945,32.01495845757333,0],[34.762314718776636,32.015164675076754,0],[34.76231432820546,32.015174818914986,0],[34.7623129494795,32.015210670400855,0],[34.76231383439692,32.015393417831085,0],[34.762314245787586,32.01547836569243,0],[34.76231474856637,32.01558219746779,0],[34.76231475560212,32.01558359798066,0],[34.762314837855456,32.01560063679044,0],[34.76231505313566,32.015645082529005,0],[34.762313178266005,32.015851292259384,0],[34.76231219148344,32.01595982440563,0],[34.76231074767869,32.01600327508989,0],[34.76230931004766,32.01604654182907,0],[34.76230281978547,32.01624184808508,0],[34.762302736873814,32.016244346670995,0],[34.76229874743488,32.01651355203969,0],[34.762298028477026,32.0165259546302,0],[34.762294057424654,32.01659446731317,0],[34.7623147789295,32.01658600855037,0],[34.762327270838874,32.01647551993722,0],[34.76233415183246,32.01641465650136,0],[34.76233493075497,32.01637719593247,0],[34.76233504471446,32.016371757601966,0],[34.76233952062779,32.01615662737484,0],[34.76234108088922,32.01608164131284,0],[34.76234342299166,32.01596902515122,0],[34.762344216945415,32.01593085672261,0],[34.76234925709429,32.01568857718953,0],[34.76234930622346,32.01568628048776,0],[34.762351988507575,32.01557026303015,0],[34.76235601980062,32.01539591763139,0],[34.76255397246093,32.01541705732417,0],[34.76255312036007,32.015420159237905,0],[34.76251545269636,32.01568114921383,0],[34.762509852989844,32.01574126683721,0],[34.76250185291909,32.015827153919815,0],[34.76249961882094,32.01585114110939,0],[34.76246121737794,32.01626340196106,0],[34.76243122417691,32.016585402520356,0],[34.76242400291672,32.01666292003191,0],[34.76240772005666,32.016837730419255,0],[34.76239241832044,32.016954549765586,0],[34.76234737763202,32.01729839161542,0],[34.76232964755922,32.01743374790008,0],[34.76227917641546,32.0178190488381,0],[34.7622455166561,32.01807600804483,0],[34.76224392349304,32.018088168608806,0],[34.76221524084794,32.0183071299747,0],[34.76221474970715,32.01831087972997,0],[34.76219608943955,32.01846594506716,0],[34.76216927418538,32.01868876899407,0],[34.76216824149285,32.01869618446102,0],[34.76216582303759,32.01871356444018,0],[34.76214546586276,32.018859817814985,0],[34.76212250011811,32.01901255140352,0],[34.76209582646387,32.01917784487889,0],[34.76206616811486,32.019349244809966,0],[34.76205386530292,32.01941713591817,0],[34.76204147354996,32.019483707388225,0],[34.76202692312833,32.01955983846938,0],[34.76202223586638,32.01958391898226,0],[34.762011857787904,32.019636508828775,0],[34.76200553848599,32.019667829570125,0],[34.76199718612637,32.01970922438446,0],[34.76198278860573,32.0197788522464,0],[34.76196679860556,32.01985431186889,0],[34.76194845646478,32.019938617104806,0],[34.761931101802105,32.02001632554541,0],[34.76192952873055,32.02002318812703,0],[34.76191124314628,32.02010297916754,0],[34.76189461269861,32.020173803120656,0],[34.76187444086559,32.02025799193858,0],[34.76185492158974,32.02033919989184,0],[34.7618546051215,32.02034051721159,0],[34.76183307250157,32.02043010663009,0],[34.76181500370304,32.02050528121819,0],[34.7617909533245,32.02060534249943,0],[34.76176464657678,32.02071479079704,0],[34.76174735640532,32.020786727038725,0],[34.761730707773815,32.02085599620387,0],[34.76171534885356,32.02092075999225,0],[34.76170169939877,32.0209804562479,0],[34.7616949201809,32.021011404723225,0],[34.76168426760187,32.021060031085504,0],[34.761668711993885,32.02113464538373,0],[34.76165205347387,32.021218930281734,0],[34.76164065360183,32.02128009077847,0],[34.76163898792344,32.02128903256993,0],[34.76163686050373,32.02130044456848,0],[34.761623091757436,32.0213712757547,0],[34.761578971815,32.02159610955182,0],[34.76156723293636,32.02166149015454,0],[34.76156183062352,32.021691580408884,0],[34.76154908674665,32.021762556742104,0],[34.76153871060102,32.02182123545242,0],[34.76153206883046,32.02185879274446,0],[34.761518207468725,32.02193717882314,0],[34.76151104992823,32.021977650715726,0],[34.76150896075456,32.02198946684821,0],[34.76150097731937,32.02203461166033,0],[34.7614836660025,32.022118546150345,0],[34.761477787926495,32.022142127388356,0],[34.761467816239325,32.022182284643016,0],[34.7614461514656,32.02227078864525,0],[34.76143516990531,32.022316231393916,0],[34.761431565111636,32.02235902698633,0],[34.76140344279162,32.02269290742474,0],[34.76140342811989,32.02269309675033,0],[34.7613949077045,32.02282428618875,0],[34.761382424853444,32.0230164825996,0],[34.761308542327036,32.023044466003,0],[34.76118735993729,32.023040356054416,0],[34.761191455469195,32.02301658373708,0],[34.761224688928884,32.02282369152664,0],[34.761225841025414,32.02281700513989,0],[34.761249569006175,32.0226792839473,0],[34.76129144799383,32.02245914894624,0],[34.7613105765128,32.02235860437244,0],[34.76132105624877,32.022303517896,0],[34.761328001836866,32.022272358107614,0],[34.76133565520757,32.02223885251845,0],[34.76134432015668,32.022201900196634,0],[34.76133396846433,32.02219146003297,0],[34.76132009681922,32.02224422606851,0],[34.76130902860798,32.022286327355005,0],[34.7613085520271,32.02228813919868,0],[34.76124393675459,32.02253392206565,0],[34.761224150768776,32.02260918522836,0],[34.76119765449827,32.02272673352374,0],[34.761197022826536,32.02272953770051,0],[34.761173058546134,32.02284069029242,0],[34.76117240460007,32.02284372344695,0],[34.761165347621954,32.02287645285817,0],[34.76115320196955,32.0229327860863,0],[34.76112035491256,32.02309397524135,0],[34.76111418184956,32.023124267482125,0],[34.761103705437314,32.0231779579672,0],[34.76109957942621,32.0232007995227,0],[34.76105137623759,32.02344726365401,0],[34.761045706920854,32.02347625004875,0],[34.76102130160176,32.02360438815329,0],[34.76099382122009,32.023762848249994,0],[34.76099149018371,32.02377628765588,0],[34.76097369747292,32.02388219889425,0],[34.760968278050306,32.02391445335729,0],[34.76096806989353,32.023915694400124,0],[34.76094280000441,32.024075593352855,0],[34.76092317421527,32.02420866381622,0],[34.760919746937475,32.02423190369252,0],[34.76089423934195,32.02440485165824,0],[34.76088244338042,32.02449156570773,0],[34.76087640001273,32.02453598588926,0],[34.76085837593217,32.02467821063412,0],[34.76083677675903,32.02486510225607,0],[34.76082129775941,32.025013596142834,0],[34.76080955057683,32.0251371621595,0],[34.76079578883219,32.02528118102826,0],[34.76083703751044,32.02494498859365,0],[34.760847361490775,32.02485337176369,0],[34.76086285266382,32.02472452439793,0],[34.7608783182565,32.02460141595557,0],[34.76088365085037,32.0245612741054,0],[34.7608889560206,32.02452133055357,0],[34.76088951398913,32.02451713104601,0],[34.76089976729746,32.024439940860226,0],[34.760906326158,32.02440540614295,0],[34.76092256308349,32.024319914219056,0],[34.760958847904035,32.02412885982791,0],[34.760962228861004,32.02411105760698,0],[34.76096940347817,32.024073280381835,0],[34.76103496309544,32.02372807821284,0],[34.761048443367756,32.02365709461128,0],[34.7610527181141,32.02363458724306,0],[34.76116623402349,32.02364888786117,0],[34.76105304405407,32.02363328619151,0],[34.76105693159844,32.02361776637494,0],[34.76106121352352,32.02360102059479,0],[34.76106662394487,32.023579855458294,0],[34.761081305929295,32.023522429117776,0],[34.76112000016138,32.02352177258678,0],[34.76112043736674,32.02352176509689,0],[34.76121978453373,32.023520078735345,0],[34.76125108457858,32.0235553490605,0],[34.76123843748635,32.023570274655356,0],[34.761225370068885,32.023590935093395,0],[34.76121334633373,32.02361313763797,0],[34.761205260281756,32.023632265295866,0],[34.76119879771937,32.0236529902932,0],[34.761199365802256,32.02365306171649,0],[34.76118880027259,32.023701954347345,0],[34.76118869091039,32.02370246347889,0],[34.76115922666361,32.02383881279974,0],[34.761141225412274,32.02392212166473,0],[34.76112574458502,32.02399375839472,0],[34.76109939059282,32.024115718715514,0],[34.761082511969626,32.02419382723769,0],[34.76107984646817,32.024206161679174,0],[34.761055700991136,32.02431789885128,0],[34.761040696357874,32.024387339558004,0],[34.76101124031536,32.02452365007893,0],[34.76100603184514,32.02455012207209,0],[34.76100055318143,32.02457796745452,0],[34.76099718504157,32.024595084356406,0],[34.7609968182714,32.02459694978795,0],[34.760977700958,32.02469411529138,0],[34.76096593953806,32.024753891073125,0],[34.76096539481681,32.02475665947999,0],[34.76095664887772,32.02480111079524,0],[34.760952312785136,32.02482315171365,0],[34.76094807367443,32.02484527593597,0],[34.760934884021886,32.02491410704423,0],[34.76092021765388,32.02500865125079,0],[34.760905438076094,32.025131299468875,0],[34.76090460444429,32.02513866601452,0],[34.76089041800871,32.02526408661343,0],[34.7608881802224,32.02528386505005,0],[34.760868602074424,32.02550605002279,0],[34.76086678348918,32.025528458653625,0],[34.760846195112336,32.0257821108853,0],[34.76083585188784,32.02590954778973,0],[34.760818645001315,32.02612154895055,0],[34.76081624347608,32.02615113381866,0],[34.76078613810483,32.02653355142984,0],[34.76078489101067,32.02654938887957,0],[34.760784049970404,32.026564656914104,0],[34.76077715474691,32.026689800872894,0],[34.76077026639711,32.026814832128565,0],[34.76076000350947,32.02700110050665,0],[34.76075306267754,32.02709462380031,0],[34.76073181560554,32.027380903244364,0],[34.76073153283672,32.02743956393447,0],[34.76073049771326,32.027654299930305,0],[34.760729826995174,32.02779343893215,0],[34.76071827833369,32.02796420996488,0],[34.76070876643055,32.028104875426116,0],[34.76071117391151,32.02845812901233,0],[34.76071171545763,32.028593704742384,0],[34.76071171639878,32.02859416826753,0],[34.760711986561816,32.02866175322579,0],[34.76071209591188,32.02878092111044,0],[34.76070742273251,32.029001064111114,0],[34.76070078673936,32.02914966006171,0],[34.760689124517725,32.02932790381891,0],[34.76068338763838,32.029392097749835,0],[34.76067153563018,32.029524720910665,0],[34.76064318667004,32.029765980397826,0],[34.76062895673251,32.02986725430003,0],[34.76061807637806,32.02993752905169,0],[34.76061026847454,32.02998795886834,0],[34.76060686932448,32.03000991105107,0],[34.76056343390679,32.030249421431144,0],[34.76051592231334,32.030475611559346,0],[34.76050614158983,32.03051803284803,0],[34.76047215870536,32.0306654328354,0],[34.76045422504161,32.03073869846855,0],[34.76041734527826,32.030880030047385,0],[34.76039623593344,32.030960928150044,0],[34.760362407199366,32.03108179337232,0],[34.76033485313218,32.03117625440899,0],[34.760288627662256,32.03130726014589,0],[34.76017938718272,32.03161347184891,0],[34.76017611411429,32.03162264785118,0],[34.76010583757185,32.03181963551637,0],[34.76003866862128,32.03201535077274,0],[34.75998900260136,32.03218542352096,0],[34.759960181125564,32.032299291107655,0],[34.7599464438002,32.03235356245969,0],[34.759937060265194,32.03239584350003,0],[34.7599222604067,32.032462534223754,0],[34.75990345581473,32.03255090804526,0],[34.759903096716954,32.03255270766702,0],[34.75988819639483,32.03262747448996,0],[34.75988164475742,32.03274007553712,0],[34.75987612304432,32.03279177580676,0],[34.75987127928072,32.032850398810744,0],[34.75986781177949,32.032911860071636,0],[34.7598665830438,32.03294641517204,0],[34.75986479379496,32.033053388585515,0],[34.759864114702786,32.03309907463727,0],[34.75986279106206,32.033188116628274,0],[34.75986268022068,32.03328994938975,0],[34.75986264339081,32.033323211888266,0],[34.759865139067486,32.03342939411358,0],[34.759872234561136,32.033573917752726,0],[34.75987838859234,32.03365540187289,0],[34.75988081935336,32.033687589064634,0],[34.759891605953136,32.03379713427427,0],[34.75991613119367,32.03398412940894,0],[34.75994064153149,32.03412491662424,0],[34.75996583638274,32.034245204876456,0],[34.75999484966394,32.03436487073994,0],[34.76002590896402,32.034477828115065,0],[34.7600534805793,32.03456854316951,0],[34.76006604179807,32.034606614878534,0],[34.7600675574049,32.03461107775021,0],[34.760131199234,32.03479852370573,0],[34.76018969213887,32.03496906191493,0],[34.760259596094365,32.03517367822218,0],[34.760324730220276,32.035375406474586,0],[34.760180908870595,32.035401843778445,0],[34.760167816620005,32.035360804228716,0],[34.7601291248248,32.03523977256404,0],[34.76008716302618,32.035108420135565,0],[34.76003202967175,32.03493583847102,0],[34.76000859595326,32.03486140355098,0],[34.759991484695846,32.03480381282309,0],[34.75994507533291,32.03462764820532,0],[34.75994013159976,32.03460723323019,0],[34.75992905755479,32.03455848047902,0],[34.75992600336871,32.03454401313607,0],[34.75991468598681,32.03449041059128,0],[34.75990229635024,32.0344262596251,0],[34.75988984034952,32.03435503115574,0],[34.75988155420477,32.03430268280437,0],[34.759871044191705,32.03422835177239,0],[34.75986192125155,32.03415331498867,0],[34.759852538143534,32.034058725523934,0],[34.75984681416453,32.03398442208705,0],[34.7598421095941,32.033914515757004,0],[34.75984150015266,32.03390546232695,0],[34.75983744356727,32.03384517859241,0],[34.75983155075616,32.03375761910913,0],[34.7598270842466,32.0336912504419,0],[34.75982327855193,32.03363469649763,0],[34.759822276974475,32.03361981881646,0],[34.75981828580715,32.03355870836412,0],[34.75981496714602,32.03349732341851,0],[34.7598119429537,32.033422100592524,0],[34.75981065949254,32.033376169589566,0],[34.759809731930915,32.03332493909599,0],[34.7598093591934,32.03328113771273,0],[34.75981154312165,32.03323469312008,0],[34.75981578150312,32.03314778507152,0],[34.7598142137927,32.03316244002118,0],[34.75979492027996,32.03335458049737,0],[34.75978174325809,32.03355596955377,0],[34.759777200623276,32.03368589564995,0],[34.759777735804704,32.03376158318766,0],[34.75977773814375,32.033761975475684,0],[34.75977851275762,32.033871584785295,0],[34.759781949408854,32.033990488284445,0],[34.759791332509096,32.03417072912239,0],[34.75979559199115,32.03425255558991,0],[34.75980947733991,32.03443108978092,0],[34.75982032283138,32.03453282656792,0],[34.759820645885846,32.03453585952738,0],[34.75984048763268,32.03472199054998,0],[34.75985383232067,32.03481218503029,0],[34.75987584180561,32.034960948846425,0],[34.75988822376716,32.0350323961868,0],[34.759903313043694,32.0351105713699,0],[34.75992039462178,32.0351990700405,0],[34.75996239824989,32.03538111693437,0],[34.760008208946914,32.035549799962226,0],[34.760005738276824,32.03554909241446,0],[34.76008908784557,32.03577265929134,0],[34.760107466657516,32.03582299410872,0],[34.760107659955075,32.035823523236374,0],[34.76013932535721,32.03590996367438,0],[34.760178836608034,32.03600692394462,0],[34.76017907935367,32.03600751727266,0],[34.76021677436277,32.03610001991993,0],[34.76028703131187,32.036255157871466,0],[34.760371624796576,32.036425254416784,0],[34.76043793283662,32.03655878954208,0],[34.76048832116012,32.03664637939197,0],[34.76053942097775,32.03672826967864,0],[34.76053363145376,32.03673982572124,0],[34.76056929542442,32.036713837355215,0],[34.76058606738062,32.03665624086579,0],[34.76059516875401,32.03658930742244,0],[34.760593588785476,32.03652245653205,0],[34.76059106011235,32.03650786930596,0],[34.76066744844074,32.036500197261404,0],[34.76066787104333,32.036502791393396,0],[34.76067041144422,32.036526364118494,0],[34.76067175012838,32.036549084953386,0],[34.76067200791179,32.03655995155198,0],[34.76067045830356,32.036624209658186,0],[34.76066748341375,32.036691823756264,0],[34.7606583457547,32.036756411515086,0],[34.76064562364183,32.03681612246049,0],[34.76064578674088,32.03687976432075,0],[34.76067052716044,32.03691198176063,0],[34.760699352395825,32.036948281474345,0],[34.760767702879114,32.03702353622093,0],[34.76082700950305,32.03708489243318,0],[34.76092172763965,32.03717617851124,0],[34.760991643549936,32.037238839670934,0],[34.76110585257406,32.03733358630951,0],[34.761233826975726,32.03742983644833,0],[34.76133045491314,32.03749535206416,0],[34.761335632959195,32.03749886279886,0],[34.76136999041469,32.037522158005444,0],[34.76148160447033,32.03759091730847,0],[34.761609450488706,32.03766274518316,0],[34.76178096591858,32.03774853632157,0],[34.76190991292433,32.03780571992524,0],[34.76207547559952,32.037870655786,0],[34.762283193140846,32.03793959358298,0],[34.762432322574554,32.03798023240502,0],[34.76246917172259,32.03799027424214,0],[34.7626647499113,32.038032960317075,0],[34.76275133454939,32.03804733439367,0],[34.76285352667239,32.03806429950296,0],[34.76308332491743,32.038089832063626,0],[34.763271591503205,32.03810066840803,0],[34.7634845155094,32.03810212229834,0],[34.76350210657767,32.03810126183423,0],[34.76371275884102,32.03809096069518,0],[34.76398525188145,32.03806017066474,0],[34.76418160794616,32.038025874698896,0],[34.76437611599155,32.0379814935832,0],[34.76458698217478,32.03792016741587,0],[34.76491631732104,32.037811833510034,0],[34.76499513645278,32.03778590599166,0],[34.76531416511513,32.037680961238735,0],[34.76545195317614,32.03763563535582,0],[34.7657492606648,32.037491652359414,0],[34.765979549066934,32.03736599133569,0],[34.76612855100135,32.03725197787048,0],[34.766227212324125,32.03712108908109,0],[34.76626124520223,32.03703292479,0],[34.76626734755913,32.0369279618829,0],[34.766270625968524,32.036827761503126,0],[34.76624552409247,32.03675588125137,0],[34.76620253510723,32.03672197138578,0],[34.76615266172366,32.03667403377405,0],[34.76611616676558,32.03662722183073,0],[34.76607006758016,32.036562186617246,0],[34.76602838410974,32.03649916502498,0],[34.76597873019779,32.03641787710397,0],[34.765973191011895,32.036404816226174,0],[34.76607313239712,32.03637152937936,0],[34.76607935201664,32.03638309833447,0],[34.76607392298925,32.03637135626266,0],[34.76629555568285,32.03629815625567,0],[34.76645626627589,32.036666154963086,0],[34.766604209577025,32.036774035977615,0],[34.7668243826635,32.03688943183821,0],[34.76686465383158,32.036892948917185,0],[34.76709477111507,32.03690578257096,0],[34.76718761459033,32.036906283087035,0],[34.76730204480379,32.03690225519848,0],[34.76739117532196,32.03689521550285,0],[34.76752704036713,32.03688252381244,0],[34.76762634607382,32.036866055594814,0],[34.76773883476036,32.03683902040053,0],[34.76785412899108,32.03680727387974,0],[34.768003681912184,32.03676390562307,0],[34.768138690483575,32.03672503489112,0],[34.768296683762024,32.03667947060262,0],[34.76850502965582,32.036619789408846,0],[34.76880501622129,32.036525183351046,0],[34.76880771987084,32.03652433052467,0],[34.76904138279157,32.03645063948661,0],[34.769192635183295,32.03640293893193,0],[34.76943893037223,32.036325263104594,0],[34.76953288544574,32.036295631401856,0],[34.77032800021411,32.03604486713307,0],[34.77063379320197,32.035948423411256,0],[34.770838319248156,32.03589687569799,0],[34.770927424262865,32.0358767871817,0],[34.7709274761918,32.03587677563592,0],[34.77105728254503,32.03584837274848,0],[34.77113200227399,32.03583369528344,0],[34.77113204041923,32.03583368819944,0],[34.77126295730155,32.0358093090885,0],[34.77137415770844,32.03579075032047,0],[34.771492655107586,32.03577248600268,0],[34.77158832971532,32.03575941826447,0],[34.771701963200734,32.0357455027292,0],[34.771764798189366,32.035737807499544,0],[34.7718514074153,32.03572991558592,0],[34.771948644858966,32.03572105436036,0],[34.77198634514725,32.035717619040476,0],[34.77198058350701,32.03571792944897,0],[34.772131674032174,32.03566940418436,0],[34.77248528777151,32.03564604609322,0],[34.772589871484726,32.035639137430955,0],[34.77275649675069,32.0356349838453,0],[34.77291601494929,32.035634497798526,0],[34.77308243242739,32.035637628664475,0],[34.77323038973023,32.03564353629073,0],[34.77334446148852,32.03565010590547,0],[34.773486136939184,32.035660716373584,0],[34.77363281631217,32.035674579316414,0],[34.77381244917451,32.03569558076601,0],[34.77390591305123,32.03570827521621,0],[34.77395756531268,32.03571594175806,0],[34.77398910108666,32.03572062179666,0],[34.77399281335576,32.035721172767644,0],[34.77417746667765,32.035752340424175,0],[34.77432502215707,32.035781079717275,0],[34.77445126278875,32.035808419130156,0],[34.7746113037576,32.03584679911114,0],[34.77473942300032,32.03588040846087,0],[34.77552351564092,32.03607611963736,0],[34.775625095066424,32.03610352958115,0],[34.77646440731272,32.036330005077154,0],[34.77655057994778,32.03634682934043,0],[34.776935474036435,32.036386964062665,0],[34.7769207986575,32.03649248301847,0],[34.77663346294869,32.03644958063965,0],[34.77644019160395,32.03639844971915,0],[34.7753239730983,32.03609786316724,0],[34.774838141269655,32.03598881201368,0],[34.77483333467035,32.03598773341832,0],[34.77467191871413,32.03595150073557,0],[34.77413123056418,32.03583815690355,0],[34.773891697793125,32.03580614817055,0],[34.77369799404921,32.03578219706974,0],[34.77361838131027,32.03577048468169,0],[34.77360998660238,32.03576924956355,0],[34.773578648567415,32.03576529784963,0],[34.77379394947173,32.03579819070875,0],[34.77383436268281,32.03580456834742,0],[34.77408800683872,32.03585322528576,0],[34.77416539507467,32.03587045331534,0],[34.774334567892,32.035909550892946,0],[34.77440387834831,32.035927287947686,0],[34.77474291822145,32.0360222056449,0],[34.77482089141225,32.03604753155686,0],[34.77496360430572,32.03609438786328,0],[34.7750284496692,32.03611777452078,0],[34.775202597033676,32.03618204240726,0],[34.77527973356727,32.03621271193789,0],[34.77537230689209,32.03625126482378,0],[34.77544283502663,32.036280636760786,0],[34.77573182584524,32.03641228838964,0],[34.77627148281843,32.036675362891444,0],[34.77664503761328,32.03687125671284,0],[34.776937269302024,32.037032791138245,0],[34.7773572102563,32.037318693901696,0],[34.77740396793364,32.037354741830114,0],[34.77776753349892,32.037605978731165,0],[34.77797474727967,32.037747909182706,0],[34.77821754069299,32.03791527762972,0],[34.778375894597694,32.03803105081251,0],[34.77846666850915,32.038097415716464,0],[34.77850770267142,32.038127747384735,0],[34.778571447474434,32.038174867340324,0],[34.77890675527607,32.038422722646544,0],[34.779071008647854,32.03854267472903,0],[34.779077825862935,32.038547652949234,0],[34.779079380073135,32.03854878810925,0],[34.779244252207086,32.03866919113575,0],[34.77926246384992,32.03868249142219,0],[34.77932619621144,32.038729033809,0],[34.77936510229445,32.03875744626435,0],[34.77959252665002,32.03893302819884,0],[34.77978260431362,32.03908240390826,0],[34.779974982337386,32.03923608768337,0],[34.78022510933027,32.03943909495273,0],[34.78044515438758,32.03961082616606,0],[34.78044699350172,32.03961240414048,0],[34.780642786768006,32.03978039264085,0],[34.78101946001403,32.04011665891259,0],[34.78079100397003,32.03988822922209,0],[34.780586951162334,32.03968692996804,0],[34.780273070748635,32.0394037436823,0],[34.77982264228637,32.03899546084371,0],[34.77971410946576,32.03890031442049,0],[34.77969672187945,32.038885071791306,0],[34.77969230340057,32.03887991136055,0],[34.77968734433751,32.03887512065769,0],[34.779666119111035,32.03885824374608,0],[34.77960153102135,32.03880162112531,0],[34.77957552456659,32.038778822337555,0],[34.77938494942118,32.03861244404491,0],[34.779330733729495,32.03856796262475,0],[34.77932703595845,32.03856492922176,0],[34.77924835980978,32.03850037932387,0],[34.77922064614296,32.038478434147734,0],[34.77922044256409,32.03847827204414,0],[34.77913581329775,32.03841125284425,0],[34.7791310507272,32.03840748180477,0],[34.77922823499965,32.038331332950825,0],[34.7793766811174,32.03834567314455,0],[34.77937924139901,32.038353844757765,0],[34.77937975158892,32.03835547059729,0],[34.77938892696232,32.038375935984156,0],[34.77940293826187,32.03839873428564,0],[34.77942069860038,32.038420343962464,0],[34.7794402968899,32.038438734082604,0],[34.77954298771914,32.038523868399075,0],[34.77967403415714,32.03863873594762,0],[34.779683007350854,32.03864660168421,0],[34.77980631776957,32.03875468785124,0],[34.77989126342964,32.03886803277389,0],[34.779935050826026,32.038909651022536,0],[34.78037367329934,32.03933870737068,0],[34.780555854715544,32.039529534387675,0],[34.78061567858563,32.039589620617726,0],[34.780616578557876,32.039590524516846,0],[34.78065813115431,32.03963225949278,0],[34.78082095383301,32.039795796299074,0],[34.78128906941855,32.040322774486356,0],[34.78149076545649,32.04054982896874,0],[34.78168096352266,32.04077807754564,0],[34.78175503858328,32.04086643956857,0],[34.78189423593171,32.04103454046644,0],[34.781956053713174,32.041113399914984,0],[34.781962714308115,32.041121896253784,0],[34.78196423315059,32.041123833856226,0],[34.78205914884266,32.04124491544444,0],[34.78223128968111,32.041487523605596,0],[34.782287511987626,32.041566761048024,0],[34.78248266506305,32.04184179909154,0],[34.78254958686155,32.04194492624181,0],[34.782620891284324,32.04205790198507,0],[34.78266487111174,32.042129271871296,0],[34.78271943128222,32.04222043611115,0],[34.78274311481673,32.04226118031746,0],[34.78278054702487,32.04232713025596,0],[34.78283049125301,32.04241830885597,0],[34.782834119893664,32.04242516552765,0],[34.782861500039,32.042476902230035,0],[34.7829105012129,32.04257290586002,0],[34.782940760705024,32.042634460915515,0],[34.7829643051094,32.042683663431916,0],[34.78300155196341,32.042764029646044,0],[34.783049470296035,32.04287298567591,0],[34.78309037804529,32.04296892626417,0],[34.78311154267612,32.04301856362391,0],[34.783211296946405,32.043252517051464,0],[34.7832253282183,32.04328542498536,0],[34.78328753732665,32.043431321627644,0],[34.78342763736339,32.043759894188796,0],[34.7834490809949,32.04381018441028,0],[34.78347174782573,32.043854622448016,0],[34.783495224615976,32.04388610621504,0],[34.78351105911953,32.043902129526984,0],[34.78352173384419,32.043912931464035,0],[34.78355378001542,32.04393775597288,0],[34.7835777392776,32.043952427403994,0],[34.783607606504354,32.0439670796615,0],[34.783655649367,32.043984525562486,0],[34.783695003370084,32.043997959396584,0],[34.78372759175467,32.044011892006836,0],[34.78377713186302,32.04405038164967,0],[34.783894299792614,32.04417419955282,0],[34.78383360821571,32.044171245975605,0],[34.783713861343244,32.04404694150966,0],[34.783682343013965,32.04403262016692,0],[34.78365911879493,32.044024826461104,0],[34.78363067444178,32.04401805880104,0],[34.78360769063171,32.0440146485954,0],[34.783545083859906,32.04400776482494,0],[34.78349432076353,32.0440021828521,0],[34.78348998170699,32.0440033975905,0],[34.78348847581293,32.04400763642687,0],[34.78348939047736,32.04401112940048,0],[34.78354940224628,32.044262598670606,0],[34.78347204930806,32.04442890746514,0],[34.783473876761526,32.044474478400275,0],[34.78347394428556,32.044476149645874,0],[34.78347573945321,32.044520909762014,0],[34.78359706380024,32.04520116748564,0],[34.783664390099986,32.04557866116446,0],[34.78366897557669,32.045604371149906,0],[34.783675083696984,32.04563861894672,0],[34.78370719141618,32.0458186411702,0],[34.7837372251014,32.04597111666557,0],[34.783754676239695,32.0460597134328,0],[34.78378428989381,32.046195486326255,0],[34.78379061064291,32.04622446745174,0],[34.78382537854908,32.04637297901494,0],[34.7838566166367,32.04649762555177,0],[34.783860174890165,32.04651182254594,0],[34.78390955676411,32.04669059529809,0],[34.783953237152815,32.046847846787074,0],[34.783963366286876,32.046884511175314,0],[34.78402582967286,32.0471105991978,0],[34.7841091163887,32.04741205675761,0],[34.784136003131614,32.04750782873221,0],[34.784164514176915,32.04760938296398,0],[34.78424169523748,32.04788590366561,0],[34.78424743987767,32.04790685510018,0],[34.784256400528605,32.047939534175946,0],[34.7842988293618,32.04809426898102,0],[34.78432542965033,32.0481928021469,0],[34.784328393902186,32.048203785875394,0],[34.784355862609814,32.04830553499574,0],[34.78443270424926,32.048599129862495,0],[34.784459165134585,32.048701588032415,0],[34.78448568642963,32.04880427815604,0],[34.78448847465025,32.0488153289313,0],[34.7845623830983,32.04910823673924,0],[34.78458678571905,32.049201694489426,0],[34.784617815115055,32.049320528054196,0],[34.78469418089173,32.049617366697376,0],[34.78469866777005,32.04961652935844,0],[34.78478691239578,32.04948236340905,0],[34.78484454084932,32.049401373035785,0],[34.78481520943372,32.04944151301175,0],[34.784922483724436,32.04927766974922,0],[34.78505293136353,32.04907843196176,0],[34.78507443000884,32.04904559668626,0],[34.78507639509538,32.04904259480818,0],[34.78513704821609,32.04894995593199,0],[34.785216745277985,32.04882823047191,0],[34.78525719828023,32.048766445383535,0],[34.78528685120624,32.04871979091491,0],[34.78529175584929,32.048712075164836,0],[34.78530898662737,32.048684965643574,0],[34.78536894928241,32.048590622684834,0],[34.78546680603555,32.04842668106926,0],[34.7855127665291,32.04835003722992,0],[34.785547224581144,32.04829257436278,0],[34.78562374311197,32.04816548599133,0],[34.78565198744104,32.048118599526404,0],[34.78567480032015,32.04808072746509,0],[34.785697133083595,32.04804365370329,0],[34.78575855961303,32.04793783196068,0],[34.78576664482604,32.0479233695654,0],[34.78577519546483,32.04790807454873,0],[34.78582030029836,32.047827394047445,0],[34.78605078405958,32.04729892726476,0],[34.78605101078127,32.047298431125405,0],[34.78605557546079,32.04728907476335,0],[34.78607066453684,32.047258078552744,0],[34.786076915462246,32.047237406654475,0],[34.78607797092503,32.047224172729265,0],[34.78612528263182,32.04721149452256,0],[34.78620671888023,32.04723593120291,0],[34.78616769343413,32.04730585729455,0],[34.78611971006757,32.0473030125552,0],[34.78616750975731,32.047306201173235,0],[34.78614519056073,32.047348056371085,0],[34.786025426362585,32.04756950749035,0],[34.78596056100101,32.047688682580805,0],[34.785874066191006,32.04783951398507,0],[34.7858339306434,32.0479082684792,0],[34.785804513238105,32.0479586617904,0],[34.78580067905715,32.047965230409375,0],[34.785799852035645,32.04796664709945,0],[34.78579094047171,32.04798191387216,0],[34.78573136932494,32.04808091428919,0],[34.785729115012295,32.048084661004985,0],[34.78567492150521,32.04817294331776,0],[34.78561256299674,32.04827689883365,0],[34.785544319435665,32.048385282511454,0],[34.78548662034715,32.048484148309896,0],[34.78542931578811,32.04857912505316,0],[34.785363093240754,32.04868514449388,0],[34.785354429312434,32.04869901337261,0],[34.78532020231199,32.04875380944543,0],[34.7853112572733,32.04876686127005,0],[34.78521897675161,32.048901512953584,0],[34.785197023378004,32.04893354686174,0],[34.78515218680356,32.048996948773954,0],[34.78515406084933,32.04900276792202,0],[34.785230258271085,32.04890712152541,0],[34.785304760554325,32.04880887953055,0],[34.78531788717284,32.048789716558595,0],[34.785373956911,32.04870786137083,0],[34.785418255887855,32.04863968531594,0],[34.785469801480076,32.04856054575728,0],[34.785491917996964,32.04852682508531,0],[34.785493252895314,32.04852479054447,0],[34.78550994662356,32.04849933851731,0],[34.78551203747619,32.048496149474914,0],[34.78552557306774,32.048475512499614,0],[34.785538483800266,32.04845607193991,0],[34.78557844628054,32.048395894821525,0],[34.785629353459754,32.04831714897119,0],[34.785641396848796,32.048297970662105,0],[34.78571019295795,32.0481884173266,0],[34.78579531644539,32.04805217792417,0],[34.78583895728767,32.0479814393512,0],[34.785907678578305,32.0478644900565,0],[34.78591864971296,32.047845915085766,0],[34.78595559323482,32.04778336608127,0],[34.78596785650978,32.04776260401586,0],[34.786008433622094,32.04768984697705,0],[34.786012886195174,32.04768186457846,0],[34.78605521308763,32.04760382969761,0],[34.78611218814283,32.04749698307649,0],[34.786182786964666,32.04736444692588,0],[34.78621101725578,32.04731144883568,0],[34.78626296663574,32.04721374326257,0],[34.78629737522731,32.047149261364574,0],[34.78632310288391,32.04710104711757,0],[34.78639384478983,32.04696764468751,0],[34.78645651818992,32.04684945500367,0],[34.78648540083114,32.046795191978816,0],[34.78654195822095,32.046688932639405,0],[34.78661621604499,32.04654986487861,0],[34.78663997191785,32.04650537658189,0],[34.78668169918815,32.0464257811989,0],[34.78671506898802,32.04636212810829,0],[34.78676597066891,32.046261043448375,0],[34.78681101625281,32.0461715861263,0],[34.786877508458886,32.046037578728004,0],[34.78693722687854,32.04591186170961,0],[34.786970892049425,32.04583856935594,0],[34.78689434937498,32.04596435633888,0],[34.78685196849561,32.04602872198037,0],[34.78683360588679,32.04605464214284,0],[34.786801312062266,32.04609776229444,0],[34.7867755423884,32.04613016538434,0],[34.786746895168775,32.046164845934904,0],[34.78672340076207,32.04619165818182,0],[34.78669341001191,32.046223984222635,0],[34.78666302915308,32.04625477862907,0],[34.78663609605127,32.04628059567341,0],[34.78661763535771,32.04629754986013,0],[34.786585449251646,32.046325773601076,0],[34.786551058896,32.04635419477575,0],[34.78650210958054,32.046391842886905,0],[34.78646579899308,32.04641923146874,0],[34.78642222805912,32.04645109604781,0],[34.78639480845232,32.04647024448484,0],[34.786391709072696,32.04647240938912,0],[34.78635943716746,32.04649409028503,0],[34.78633202811129,32.04651184367031,0],[34.78627708410138,32.04654569161145,0],[34.78625596830509,32.04655555881985,0],[34.786185857640135,32.046589753486856,0],[34.78613932821616,32.046519656980664,0],[34.78618335644063,32.046498787758416,0],[34.78624050912408,32.04646935600514,0],[34.786324491121306,32.0464153008855,0],[34.786399187839955,32.04636139725807,0],[34.786402431551224,32.04635892441642,0],[34.78645063031393,32.04632218558149,0],[34.78653414964231,32.04625408698619,0],[34.78661025453226,32.0461817164596,0],[34.78669290351118,32.04609212247062,0],[34.7866995653446,32.04608490122242,0],[34.78677124503714,32.04598367849859,0],[34.786864858206194,32.045837921705946,0],[34.78694106969636,32.045698310070726,0],[34.78694872157701,32.04568429345524,0],[34.78699753777409,32.045596998344834,0],[34.786998980952156,32.04559441765707,0],[34.78701848626431,32.04555953831432,0],[34.7870933902789,32.045416998663434,0],[34.78717279594341,32.045254157294025,0],[34.787238802411956,32.045113295360565,0],[34.78732958305831,32.04492171510737,0],[34.78735728614436,32.04486301837613,0],[34.787436439734776,32.04469531442926,0],[34.78748065479667,32.04460166888887,0],[34.78752912983354,32.0444990013755,0],[34.78763372923569,32.04427658622721,0],[34.787641777137054,32.04425947230764,0],[34.78764795417508,32.04424633725989,0],[34.7877720754606,32.04398394926029,0],[34.78779658534333,32.043932137035895,0],[34.78786184250656,32.043794759509595,0],[34.78798727806673,32.043528744974225,0],[34.78800218014676,32.043497142791715,0],[34.78806138648447,32.04337180495377,0],[34.7881277131963,32.04323092822296,0],[34.78819927960728,32.04307831648826,0],[34.788213380591515,32.043048236580034,0],[34.78823845338965,32.042994749674804,0],[34.78825206976571,32.042966704419534,0],[34.788286629518815,32.04289552390145,0],[34.78831321497912,32.04284231518738,0],[34.788356915915294,32.04275707232806,0],[34.788384063246816,32.04270555540128,0],[34.788392785925446,32.04268900275405,0],[34.78843270525207,32.04261538509644,0],[34.788462669054674,32.04256356717458,0],[34.78847861798488,32.04253475760956,0],[34.788631109550735,32.04225930637927,0],[34.7887036013025,32.042128360235694,0],[34.78897841462895,32.04174573013435,0],[34.788990789620286,32.04172849953709,0],[34.789176863637394,32.04149753937326,0],[34.78952074040653,32.04107070824608,0],[34.78960651674587,32.040967271837495,0],[34.789669571989734,32.040891235086164,0],[34.790012136205775,32.04047813799259,0],[34.79004459399778,32.040444847050686,0],[34.79013734895591,32.040349710633606,0],[34.790262442229306,32.040221405400246,0],[34.79030204420953,32.040180787206054,0],[34.7904822368635,32.040020914046956,0],[34.79057972891735,32.03993137215546,0],[34.79060480859998,32.03990833743092,0],[34.79064723894753,32.039870357985485,0],[34.79084625590652,32.03969221586471,0],[34.79091161312868,32.03963852610975,0],[34.79114833729202,32.03944406135423,0],[34.79131861034483,32.03930418438072,0],[34.791621451194366,32.03907519791109,0],[34.79236073601241,32.038562597055225,0],[34.793075639620675,32.03811388687586,0],[34.79324864708856,32.03800529754965,0],[34.79335812781521,32.03811062310548,0],[34.79230434792382,32.03879583409659,0],[34.792148050179875,32.038900004441054,0],[34.79210568892707,32.0389282380385,0],[34.791956213278034,32.03902786093595,0],[34.79156672324284,32.03930957625878,0],[34.7910259794939,32.03974775450727,0],[34.79097617123299,32.03979138230671,0],[34.79097338326164,32.03979382429116,0],[34.790728334555,32.04000846352152,0],[34.79017686492186,32.040522669335665,0],[34.79015776796151,32.040545429533154,0],[34.78995089944269,32.04079197114257,0],[34.78991939450446,32.040831100677174,0],[34.789317251250125,32.04157894850432,0],[34.78916642163641,32.041766273805834,0],[34.788839015739995,32.04221955878184,0],[34.78880611363335,32.04226846970496,0],[34.78877531877553,32.042314247483276,0],[34.788695533081594,32.04244173031101,0],[34.78862229075799,32.04257470932769,0],[34.78860652883831,32.0426066577637,0],[34.78853489382472,32.04275547297161,0],[34.788534869245645,32.042755523391385,0],[34.78851297784452,32.04280206706842,0],[34.788449096250545,32.042943742007104,0],[34.78838270288108,32.04308921243038,0],[34.788300406998616,32.043269061078405,0],[34.78829962104948,32.04327077821807,0],[34.78829695630186,32.04327660136731,0],[34.788153635892186,32.0435904715679,0],[34.78810887278989,32.043688501884745,0],[34.787936536206075,32.04406541916527,0],[34.787913093247674,32.04411707440151,0],[34.78770194933507,32.04458230445397,0],[34.78759508394083,32.044817578072916,0],[34.78744036982877,32.04515799475416,0],[34.78740552663828,32.04523437471394,0],[34.78721334589627,32.04565564340971,0],[34.78716341009879,32.04576571960735,0],[34.7871569258747,32.04578001422343,0],[34.78715470564378,32.04578490906049,0],[34.787154600837695,32.04578513957445,0],[34.78709605436132,32.04591260191834,0],[34.78707495619553,32.045958536511996,0],[34.78701448857111,32.046085830167186,0],[34.78694739920832,32.04622104046562,0],[34.78685086560534,32.04641274844054,0],[34.78677511398852,32.046557247427785,0],[34.786676925381954,32.046741129461914,0],[34.7866342455365,32.046821316882664,0],[34.786623341159114,32.04684180393935,0],[34.786490638453444,32.04709698681186,0],[34.786414359626534,32.047235162260826,0],[34.78639795574942,32.04726590257809,0],[34.78634602677523,32.04736356949654,0],[34.786247163708104,32.04754916685566,0],[34.78619721774259,32.04764283178153,0],[34.786189979462165,32.04765640693032,0],[34.78615607296477,32.04771891822966,0],[34.786147119850455,32.04773542395373,0],[34.78610102915918,32.04781806452284,0],[34.786040167370906,32.047921109878,0],[34.78597085825364,32.048039059195034,0],[34.78592635561377,32.0481111945498,0],[34.78584097629051,32.0482478426086,0],[34.78583495461861,32.048257432223934,0],[34.78575963884014,32.048377368974116,0],[34.78570788827484,32.04845742059132,0],[34.785654790196084,32.04853737485051,0],[34.785599318292746,32.04862195194607,0],[34.78556642820382,32.04867245005384,0],[34.78554791565724,32.04870087199211,0],[34.78550365405856,32.04876899230439,0],[34.785431070355415,32.04887495558856,0],[34.78535292085415,32.048978006581216,0],[34.785233021736005,32.04912850975497,0],[34.785205639686126,32.049162881194356,0],[34.78510196405301,32.04929301950911,0],[34.78500636505935,32.04941753112089,0],[34.78499748928457,32.04942999788766,0],[34.78491579877541,32.04954474304196,0],[34.78483037071463,32.049674506836595,0],[34.784750178985,32.04980667314243,0],[34.784760774830346,32.049867889377246,0],[34.78477279901717,32.049914029674945,0],[34.78481797542658,32.05008610489748,0],[34.78484482979891,32.05018813772224,0],[34.784935922083406,32.0505383875444,0],[34.784953557313365,32.050605395810045,0],[34.78496931913864,32.05066528454181,0],[34.7850058442429,32.050811184510636,0],[34.78504639773679,32.05098554300511,0],[34.78506762980406,32.05108254862196,0],[34.78513228593533,32.05140994689039,0],[34.785152829542405,32.05154071328624,0],[34.78517397667881,32.051684965259184,0],[34.78518222270136,32.051744714573815,0],[34.785205500724445,32.05218338866331,0],[34.78519810147543,32.05174557869472,0],[34.785194109443104,32.05159929490731,0],[34.785191261707986,32.05139734009269,0],[34.7851887313213,32.05126931158882,0],[34.785188363856456,32.05118733481232,0],[34.785190646754764,32.05108257762311,0],[34.78519454167142,32.051001407613775,0],[34.785201282033796,32.05090854626579,0],[34.785208739322655,32.05083493963668,0],[34.78522021795493,32.05074091531107,0],[34.78522927310482,32.05067704068702,0],[34.78524189579486,32.050597992587115,0],[34.785262386232674,32.05049603883623,0],[34.7852935327308,32.050355747267695,0],[34.7853154852682,32.05027308405551,0],[34.78534687613261,32.05016556799551,0],[34.785380594302964,32.050060823609705,0],[34.78542784808487,32.04993361432197,0],[34.78544218855005,32.04989718874532,0],[34.785458087632094,32.04985680404062,0],[34.78551062126739,32.0497305879034,0],[34.78557221544565,32.049595927536856,0],[34.785712535007555,32.0493314797515,0],[34.78587809676042,32.04902288133282,0],[34.78608913033429,32.048709835387534,0],[34.786192789914324,32.048563682167156,0],[34.7862695800994,32.04845541290033,0],[34.78640689455558,32.048275208802515,0],[34.78655403729325,32.04808196997355,0],[34.78673891515808,32.04786984640851,0],[34.78679944393701,32.04779752096964,0],[34.78689641305997,32.04768165343742,0],[34.78706551052511,32.047478291523625,0],[34.78716354843561,32.04736287368319,0],[34.787232351364295,32.047277404582616,0],[34.78730409516946,32.04717659931899,0],[34.787367397902166,32.047101291477425,0],[34.787576847088346,32.04680702924916,0],[34.78764943736932,32.04669987253282,0],[34.787734109229355,32.04657240202466,0],[34.78780648370389,32.04645997983924,0],[34.787898563711046,32.04631140816695,0],[34.78791248536425,32.04628833013968,0],[34.78798598305023,32.04616649050854,0],[34.78806282922878,32.04603300886511,0],[34.78806956201883,32.046021314886566,0],[34.7881520308207,32.045880416369016,0],[34.788282625728385,32.04565419303963,0],[34.78836064631568,32.045521640294176,0],[34.78838670718902,32.04547736392794,0],[34.788490548899794,32.04530218782497,0],[34.788604085675786,32.045102589514954,0],[34.78861620765382,32.04508172120656,0],[34.788706840639215,32.04492568633039,0],[34.78877342533998,32.044811165034005,0],[34.78885536483631,32.044669532030156,0],[34.78896623970654,32.04448204473785,0],[34.78900300161486,32.044416513774436,0],[34.789094964868184,32.04425257964421,0],[34.789187824721836,32.04408274614369,0],[34.78923463329055,32.043986628534974,0],[34.78927240493439,32.04391029010016,0],[34.78931587056219,32.043822443577994,0],[34.78938200446558,32.04368523044775,0],[34.78942929618764,32.04358424826614,0],[34.78948231220663,32.04346994818239,0],[34.789525091592324,32.0433780574987,0],[34.78953017199274,32.04336714619586,0],[34.78960606939276,32.04320449644605,0],[34.789645198238524,32.043120763116356,0],[34.78967382026644,32.04305951407845,0],[34.78973617895479,32.042922936781906,0],[34.789805691549304,32.0427712913375,0],[34.78985629495343,32.0426614218142,0],[34.78991787367737,32.04252018590928,0],[34.78993850845115,32.04247462263387,0],[34.78997168166236,32.042401375611846,0],[34.79004936675704,32.04223307986966,0],[34.79010357290264,32.042117703035004,0],[34.79017190878769,32.04196753155846,0],[34.790182491812054,32.041944275520756,0],[34.790259990257155,32.04177540548323,0],[34.79028730813746,32.041716980955115,0],[34.79032329362139,32.04164001951046,0],[34.79039773010031,32.041478823558464,0],[34.790452593116946,32.04136761678965,0],[34.79048104764891,32.041309937199756,0],[34.79054935251162,32.041176742553695,0],[34.790551359468566,32.041172828107115,0],[34.79061361906862,32.041069702926514,0],[34.79072215674137,32.040889986997435,0],[34.790804220636744,32.04076396847311,0],[34.790849631745374,32.04070052212516,0],[34.7909168624005,32.040606590549366,0],[34.790990111114056,32.040509969570216,0],[34.790997742060384,32.040499905185776,0],[34.79100598114718,32.040489036580276,0],[34.79114185084954,32.040319553650946,0],[34.7913912831076,32.04004205306403,0],[34.791553291474244,32.03987930914714,0],[34.791743064557075,32.03970863482705,0],[34.79195969153982,32.03953053021556,0],[34.792015296508986,32.039484813386075,0],[34.79217573114244,32.03936424312416,0],[34.79240181434535,32.03920116260468,0],[34.79263832610111,32.039033332425895,0],[34.79324678277743,32.03859516026146,0],[34.79360021102679,32.03834351673946,0],[34.79371010050291,32.03845161001757,0],[34.793352389358866,32.0387021451795,0],[34.79274381669402,32.039140401332574,0],[34.79250735689225,32.039308194900116,0],[34.792283049505514,32.039469994516985,0],[34.79212661751715,32.039587556918384,0],[34.791997383252685,32.039693809816455,0],[34.79197704140162,32.039710535049764,0],[34.791859677416824,32.039807027524155,0],[34.79167553612586,32.03997263693796,0],[34.791580968062014,32.040067635127585,0],[34.791571312477835,32.04007733404261,0],[34.79151909102295,32.04012979267444,0],[34.791284291493945,32.04039101421582,0],[34.791274855650514,32.04040151100879,0],[34.79114269222687,32.04056637364619,0],[34.79110196864421,32.040620090601855,0],[34.791055870863566,32.04068089525434,0],[34.79094608881234,32.040834277761256,0],[34.79086690665923,32.04095587346115,0],[34.7908616288122,32.040964611759065,0],[34.79075954893342,32.041133633765845,0],[34.790699667050355,32.04123282413547,0],[34.79067704802247,32.041276930988836,0],[34.790631890002146,32.04136498983499,0],[34.79060388004445,32.04142176550908,0],[34.79054975120804,32.041531486780706,0],[34.79047587946363,32.0416914600302,0],[34.79041263936399,32.041826710114854,0],[34.79033541808189,32.04199497694924,0],[34.79025626201998,32.042168927725776,0],[34.79020190851324,32.04228461886999,0],[34.790124597869145,32.04245210251164,0],[34.79011936969023,32.04246364731814,0],[34.790103485185874,32.04249872025606,0],[34.79007135254203,32.04256967113988,0],[34.790009611410326,32.04271127993084,0],[34.78995850884599,32.04282223274064,0],[34.7898890852073,32.04297368557583,0],[34.78982653103118,32.043110690659944,0],[34.789758555849616,32.04325615483474,0],[34.78968269716713,32.043418720935584,0],[34.78963489953189,32.04352138971756,0],[34.78962852527385,32.043535132930344,0],[34.7895818227336,32.043635820426125,0],[34.78953412704282,32.04373766706387,0],[34.789508522813456,32.043790790864,0],[34.78939070468153,32.0440741994765,0],[34.789357278933906,32.04415460302462,0],[34.78934859816509,32.04417548357542,0],[34.78927174772079,32.044362048269136,0],[34.78922307606313,32.0444789325804,0],[34.78916847874471,32.04460792928113,0],[34.78911001895271,32.044741836189765,0],[34.78905118373844,32.04487162154705,0],[34.78901425657098,32.044950736582464,0],[34.78897425628407,32.04503722992374,0],[34.78896687025103,32.0450527120472,0],[34.788866723499304,32.045262636813774,0],[34.78885617669712,32.045284745764334,0],[34.78876988691218,32.04545807151866,0],[34.78871296890446,32.04557083263186,0],[34.78868107039199,32.04563377596771,0],[34.78858361110667,32.045825318140096,0],[34.78850340139167,32.04598471470752,0],[34.78846203146902,32.04606692527183,0],[34.78843816071033,32.04605931248022,0],[34.78843430967765,32.04606357975247,0],[34.78843122220378,32.04606827607765,0],[34.78842896225936,32.046073303370335,0],[34.7884275769156,32.04607855447168,0],[34.78842709630753,32.046083921265506,0],[34.7884276708813,32.046090084196955,0],[34.788429436276004,32.04609608149843,0],[34.788432341362764,32.04610174707239,0],[34.78843630849853,32.04610692465386,0],[34.78844122715727,32.04611147139692,0],[34.78844004897218,32.046113993452195,0],[34.7884287433004,32.046110011016914,0],[34.7883924168892,32.046184821762516,0],[34.788404965717895,32.0461892420422,0],[34.78837285371886,32.04626019701774,0],[34.78834740231643,32.046317380926354,0],[34.788325563360324,32.046373182513456,0],[34.78830224194448,32.04644282084277,0],[34.78829856591872,32.046455908214874,0],[34.78828687172097,32.04649754075987,0],[34.78826374809531,32.046586398729474,0],[34.78826248999498,32.046591136224514,0],[34.788259145447256,32.04660373591162,0],[34.788242220184976,32.04666749840059,0],[34.78822299884577,32.04673115866118,0],[34.78822281395359,32.04673177307666,0],[34.78820844361981,32.04677936579122,0],[34.788204709972824,32.04677803962303,0],[34.7882083984861,32.046779512635226,0],[34.78819690025908,32.04681759635793,0],[34.78814499274601,32.0468230396005,0],[34.7880898051527,32.04680554668544,0],[34.78810017852676,32.046771307227054,0],[34.78810481382717,32.04674255436888,0],[34.788105482682774,32.046738410123744,0],[34.78810959555073,32.0466894049,0],[34.788114854138875,32.046650666736866,0],[34.78812027971371,32.0466194798293,0],[34.788120410170556,32.046618728162805,0],[34.78812085699889,32.04661661853392,0],[34.788128205386045,32.04658191012735,0],[34.78813639377253,32.04654922178777,0],[34.78815019552812,32.0465025668806,0],[34.78816616198998,32.04645695794329,0],[34.78819928398261,32.04637975601575,0],[34.78828281601768,32.0461943754899,0],[34.78830063904311,32.04615588055455,0],[34.78830679347468,32.046158047921075,0],[34.78832362506664,32.04612338505178,0],[34.788343119944415,32.04608323720017,0],[34.788335774167365,32.04608065019943,0],[34.78833817796874,32.046075888507545,0],[34.78834498695607,32.046074727700606,0],[34.788351494038935,32.04607266411009,0],[34.78835753487579,32.046069748598896,0],[34.78836295772842,32.0460660546162,0],[34.78836762453284,32.04606167549543,0],[34.78837141832301,32.04605672177328,0],[34.788374243238955,32.04605131938629,0],[34.78837602772751,32.04604560427034,0],[34.78837672666805,32.04603972056423,0],[34.78835925233029,32.04603414695835,0],[34.78850850412746,32.045738522247916,0],[34.788525819501,32.04570454539621,0],[34.78864186820547,32.04547682208346,0],[34.788697520827945,32.04536620852884,0],[34.78870660801325,32.0453479968629,0],[34.78875968331902,32.045241624074436,0],[34.78880474857521,32.045148443481516,0],[34.788831038408254,32.04509349234883,0],[34.78885107001344,32.0450516210403,0],[34.78891488870108,32.04491586420951,0],[34.78907352913189,32.044611338174974,0],[34.78911357458794,32.0445436211698,0],[34.78918407866014,32.04441794017407,0],[34.78907352913189,32.044611338174974,0],[34.7890022539658,32.04473186373394,0],[34.78892056007382,32.04487307199095,0],[34.78885391788875,32.04498769237297,0],[34.78875147792257,32.04516405382966,0],[34.78872945305532,32.045202774035474,0],[34.78872793542353,32.0452054419732,0],[34.78863765003511,32.04536416263277,0],[34.788585942180426,32.04545139208991,0],[34.78853330814434,32.045540183998185,0],[34.78842961633361,32.045716352592244,0],[34.788329373390795,32.045889999277804,0],[34.788299102802384,32.04594243475794,0],[34.78821667364844,32.046083265866365,0],[34.78813265624263,32.04622920396349,0],[34.78805453202503,32.04635871356113,0],[34.788044119075956,32.04637597484216,0],[34.78795100785039,32.04652621154818,0],[34.7878987895719,32.04660732487338,0],[34.787877482975446,32.04664042009397,0],[34.78784987527235,32.046681983179774,0],[34.787765241598095,32.04680173815349,0],[34.787637747688024,32.04698366783501,0],[34.78761499639667,32.04701613241562,0],[34.787605564019366,32.04702959221985,0],[34.787552925530875,32.04710470528932,0],[34.78744123718891,32.04725355127197,0],[34.78739581344397,32.04731737501618,0],[34.787370306519556,32.047353213109204,0],[34.787297728953014,32.04744337181033,0],[34.78719998385091,32.04755844623245,0],[34.787198960882186,32.04755965036589,0],[34.7870812481021,32.04770121586085,0],[34.78703019678775,32.04776261045224,0],[34.78687163443582,32.04795207611812,0],[34.786786160787976,32.048050146749056,0],[34.78668890563654,32.04816173424157,0],[34.78666996815019,32.04818660459268,0],[34.786544572953545,32.04835128333621,0],[34.78649867624453,32.04841151605067,0],[34.786450638504085,32.04847455708404,0],[34.78640868490573,32.04852961565555,0],[34.786230546759334,32.048780779673244,0],[34.78602420714596,32.04908686327675,0],[34.7859798701046,32.04916950596026,0],[34.78605254930209,32.0490561966826,0],[34.786133668477476,32.04894746835373,0],[34.78624102697677,32.04880451333504,0],[34.78636742792985,32.04864547442601,0],[34.786463521955426,32.048528642150174,0],[34.78647834817774,32.04850983635756,0],[34.78650776709729,32.04847258291038,0],[34.786536203141544,32.04843772047433,0],[34.7865609294243,32.04840744674803,0],[34.78660268416292,32.04836023666718,0],[34.78664240228717,32.04831639617056,0],[34.786674207192824,32.04828250250638,0],[34.78669651586624,32.048259513579204,0],[34.78671303752823,32.048242488972576,0],[34.78674991298828,32.04820580201003,0],[34.786778546946515,32.048178147291814,0],[34.78680832394243,32.048150126597164,0],[34.786833894882534,32.04812663797608,0],[34.786862520916024,32.04810095092258,0],[34.78688723166811,32.04807965171412,0],[34.78692096500956,32.04805147358267,0],[34.78695618479641,32.04802261677802,0],[34.78700013684678,32.04798738959622,0],[34.78776226823021,32.047373947167124,0],[34.7877724766962,32.04736212845903,0],[34.787779782689235,32.04735318234015,0],[34.78787062222867,32.04738964359348,0],[34.78790981785128,32.047453472263484,0],[34.78787993296251,32.047474814194835,0],[34.787873051074456,32.047479656754284,0],[34.787153952533096,32.047989958316755,0],[34.787141621168246,32.04799870930363,0],[34.78709007032845,32.04803529126436,0],[34.78702865867559,32.04808053131182,0],[34.786989825401506,32.048110973313044,0],[34.78693411121605,32.04815711763196,0],[34.78687043570228,32.04821307966893,0],[34.786792334762545,32.04828563041696,0],[34.786729781396254,32.0483481232487,0],[34.78665084286526,32.0484315954565,0],[34.78659622437863,32.04849657445488,0],[34.78654619480484,32.04855640399056,0],[34.786481993500914,32.04863335871354,0],[34.78647573358629,32.0486408626304,0],[34.7863821301565,32.04875342051484,0],[34.7863211298206,32.04882608415915,0],[34.78621519261576,32.0489561744608,0],[34.78617521239574,32.04900934659709,0],[34.786129545772724,32.049070080422254,0],[34.786044953996715,32.0491859277552,0],[34.78612935882791,32.04923083864697,0],[34.78609166513688,32.04928222553529,0],[34.78600738386614,32.04923737905362,0],[34.785999188367455,32.04924860276211,0],[34.78595318631085,32.04931598612854,0],[34.785905307062364,32.04939170936444,0],[34.78584523586393,32.049490362771955,0],[34.7857943088063,32.04958174453399,0],[34.78568727899359,32.04979075378027,0],[34.78566422536962,32.04984001196157,0],[34.785641497801386,32.0498950913795,0],[34.785611223119915,32.04995918722626,0],[34.78557989732789,32.05004668740178,0],[34.7855411137784,32.05015914075631,0],[34.785533746674226,32.050181406002324,0],[34.7855068945824,32.05026256601074,0],[34.785482296261975,32.050344750680765,0],[34.785457857766296,32.05043437565458,0],[34.785423893027904,32.05058230243713,0],[34.78540927956942,32.05065723721729,0],[34.785389968561766,32.05077341794646,0],[34.78537465219301,32.050888736234334,0],[34.78536570087545,32.050983981836026,0],[34.78536221981706,32.051025949632105,0],[34.785359768401,32.051055503160505,0],[34.78535411457934,32.05115742119313,0],[34.785352573633816,32.0512427661662,0],[34.78535205668101,32.051271397242466,0],[34.785352122358525,32.05130717243391,0],[34.785352857540005,32.051360769240006,0],[34.785355878647415,32.05149966414682,0],[34.785366148875546,32.05205511149593,0],[34.78536721312239,32.05215105029681,0],[34.78537236378138,32.05241073276086,0],[34.785373547591476,32.05247044518644,0],[34.7853791573286,32.05276555332418,0],[34.785383780794405,32.05295388699377,0],[34.785386990182595,32.05306100786997,0],[34.7853915330904,32.05321265278627,0],[34.78539873772974,32.05342058819349,0],[34.78541037147367,32.05364041211842,0],[34.7854111036356,32.053654248016365,0],[34.78542233663062,32.053847469570044,0],[34.78542796178328,32.05391615866223,0],[34.78542996093146,32.053952874484935,0],[34.78543700004265,32.05408213705534,0],[34.785442188622596,32.05440163717608,0],[34.7854695936988,32.0547411069211,0],[34.78549702607718,32.0550167569794,0],[34.78552882554194,32.055233123279486,0],[34.785547940973004,32.05534739376832,0],[34.785576699789765,32.05551930522974,0],[34.78559072891419,32.05560603714298,0],[34.78562076016719,32.0557169213825,0],[34.785688498956176,32.05596702601672,0],[34.7857365064287,32.05612554718841,0],[34.78579469410897,32.05628597678085,0],[34.785795505620136,32.056288215902164,0],[34.785814570061284,32.05634077571339,0],[34.78583763145416,32.05640435958619,0],[34.785848890025804,32.05643824458076,0],[34.785896074142876,32.05658025928959,0],[34.785967046545125,32.05678372929267,0],[34.78605511247057,32.057028549569594,0],[34.78605351507803,32.05702890501402,0],[34.786091273184965,32.057129074295005,0],[34.786310237440794,32.05771519056856,0],[34.78649443003641,32.05820822709189,0],[34.78651082628626,32.058245520593495,0],[34.786526263552744,32.058280632205175,0],[34.7865915573607,32.05842914420806,0],[34.78673641305792,32.05872372347295,0],[34.78689069832416,32.0589973354295,0],[34.78678388131142,32.05902938037411,0],[34.786890990351736,32.058997854019175,0],[34.7869179807832,32.05904813207269,0],[34.78693164545048,32.059059744345795,0],[34.786903191497146,32.05909341907901,0],[34.786774918072624,32.059092178591584,0],[34.78675381538619,32.05903840021944,0],[34.78675375572039,32.05903824762023,0],[34.78675052421639,32.059030011740894,0],[34.78671578923872,32.05894818784644,0],[34.78661241997044,32.05870415721187,0],[34.786458138165386,32.05833993389993,0],[34.7864432146729,32.05830711181733,0],[34.786438323705056,32.05829635446166,0],[34.78641214060116,32.05823653892134,0],[34.78639875570443,32.05820489243103,0],[34.78638047668958,32.05816039190743,0],[34.7863534837778,32.05809168563457,0],[34.78634040399635,32.0580565231602,0],[34.78632435870654,32.05801216616523,0],[34.786225264805154,32.05773821254423,0],[34.786142890038214,32.057511180070904,0],[34.78608835428682,32.05736423907499,0],[34.785974313888524,32.057047546037055,0],[34.78602209083078,32.05703590290267,0],[34.785977216453325,32.05704589632315,0],[34.78590691065415,32.056858075506526,0],[34.78588963215334,32.056862333530056,0],[34.7859765002622,32.057149509722386,0],[34.78607854929144,32.057482572165846,0],[34.786142163473514,32.05769112550687,0],[34.786184411909026,32.05782920101028,0],[34.78618717380247,32.05783822712795,0],[34.78621319843169,32.057923279708845,0],[34.786266622715715,32.05809841777261,0],[34.786341135628646,32.058339224322005,0],[34.78643346181134,32.05864159889349,0],[34.7864756705208,32.05877858569146,0],[34.78655823083322,32.05904652645022,0],[34.786584147743405,32.059127469127745,0],[34.786584365851844,32.05912817504689,0],[34.78664729302342,32.059335771733345,0],[34.78666464823328,32.0593930249944,0],[34.78666951207364,32.0594090712519,0],[34.78670375100479,32.05952202062183,0],[34.78672309521563,32.059590639381014,0],[34.7867858935618,32.05981484113184,0],[34.78680495805366,32.05987722758236,0],[34.78687094889905,32.06009316948089,0],[34.786939628749266,32.06036366588936,0],[34.78699583730363,32.060516724309764,0],[34.78703660576408,32.06062774089677,0],[34.78706736689362,32.06071480813848,0],[34.787125709906555,32.06087994218273,0],[34.787219920751326,32.06111465826057,0],[34.78727802777663,32.061244401592624,0],[34.78733800804901,32.06136602322437,0],[34.787298643739526,32.06126513035306,0],[34.78726212289822,32.061159084978684,0],[34.78722712842734,32.0610466662533,0],[34.78721410394213,32.06097652451904,0],[34.78718377433528,32.06085056271526,0],[34.7871619930817,32.06073897291906,0],[34.78712750581306,32.060556640022696,0],[34.78710592801801,32.06044761467226,0],[34.78705636192831,32.06018287068553,0],[34.78704217659122,32.060099543632425,0],[34.78703356368262,32.06005277908139,0],[34.787003403066365,32.05988901922846,0],[34.78698575392116,32.05977493240959,0],[34.78696493632125,32.05964035819518,0],[34.786963095504156,32.05962971551399,0],[34.78695239817057,32.05957350414681,0],[34.78707265744815,32.05957025150387,0],[34.78712651503436,32.05960104279858,0],[34.7871232617961,32.059623244090815,0],[34.7871240137785,32.0596232141019,0],[34.78714565891045,32.059775458895004,0],[34.787185156574786,32.060053278149454,0],[34.787200690962514,32.06016254061203,0],[34.787198928662235,32.060179153907335,0],[34.787195023613975,32.06029807007638,0],[34.787199942261076,32.06033123608146,0],[34.787201627447956,32.06033581370554,0],[34.787206111304265,32.06033761941959,0],[34.78721100201823,32.06033610968749,0],[34.787213071774886,32.06033154983319,0],[34.78721033620998,32.060301518423124,0],[34.787209867366634,32.06028722620727,0],[34.78720996670475,32.060271638185135,0],[34.78721066273275,32.06025663919242,0],[34.7872121331281,32.06023994557884,0],[34.78721412331169,32.06022468571917,0],[34.78730405150714,32.060246060121244,0],[34.78730048073732,32.06027313274463,0],[34.787296195244274,32.06030905859776,0],[34.78729324434243,32.06033674557618,0],[34.78729068543089,32.06036345900886,0],[34.78728950178487,32.06037693778216,0],[34.787288116552176,32.060394935665514,0],[34.787287987147586,32.06039661617699,0],[34.78728631382544,32.060418360051344,0],[34.787284549108,32.06044624301385,0],[34.787283831387796,32.06045925709453,0],[34.78728188271389,32.06050364221556,0],[34.78728077504923,32.0605444815587,0],[34.787281874833276,32.06058262189303,0],[34.7872804576169,32.060626102462756,0],[34.78728378062835,32.060677903218966,0],[34.787287314299455,32.06074932311704,0],[34.787289866310516,32.06077780734905,0],[34.787293271386254,32.06080359082069,0],[34.78729428800527,32.06081128643777,0],[34.78730323357595,32.06085876177025,0],[34.78731038150954,32.06088816652251,0],[34.78731705815618,32.06091151600497,0],[34.787323110400294,32.06093268200163,0],[34.787333899023324,32.060971890371334,0],[34.78735060261239,32.06103148423469,0],[34.787361545362344,32.06107010333782,0],[34.78737903488433,32.06112802966693,0],[34.7873919819242,32.06116835703958,0],[34.787403630847265,32.06120304845963,0],[34.78742811153027,32.061271740808806,0],[34.787461480743396,32.06135779750585,0],[34.78747929607367,32.061400417902824,0],[34.78748675359065,32.06141762243917,0],[34.78752605228892,32.061508291439075,0],[34.78752969563151,32.061516349194484,0],[34.78757233590664,32.06161065075887,0],[34.78759997736862,32.06166986843645,0],[34.78761656847669,32.061699217649036,0],[34.78767754268874,32.06180708196656,0],[34.78774541538703,32.06192166652677,0],[34.78777940750251,32.06197905186049,0],[34.78783588946639,32.062074405226305,0],[34.78790879606469,32.06218192718735,0],[34.7880013877956,32.06230936578634,0],[34.78800556900281,32.062314888558724,0],[34.78808574781642,32.062420801164556,0],[34.78822711354994,32.06260193546334,0],[34.78826695080986,32.06265297862773,0],[34.7884664219835,32.06288212895084,0],[34.78871357895648,32.063166057686956,0],[34.78913762697681,32.063550483953996,0],[34.78926078223869,32.06364785327072,0],[34.78931541294011,32.063691045776885,0],[34.78948295101376,32.06382142235219,0],[34.789591448637,32.06390585407763,0],[34.78966451287085,32.06396231888646,0],[34.789665258972626,32.0639628957681,0],[34.789857666286416,32.06411158922019,0],[34.790076111340255,32.06427961620699,0],[34.79035059138022,32.06449074297296,0],[34.79035120229065,32.06449124185498,0],[34.79061883882881,32.06470976380678,0],[34.79078890477464,32.064854601697654,0],[34.79093994536909,32.064993292919766,0],[34.79104161044594,32.06509289807653,0],[34.791100926423944,32.065151011679795,0],[34.79124241774221,32.06529821315374,0],[34.791307740392895,32.06536910746923,0],[34.79150220419103,32.06559237683391,0],[34.79169951300608,32.0658440398988,0],[34.7918426769864,32.066045606034734,0],[34.79190862748403,32.06613846066316,0],[34.79212696087982,32.06648294957611,0],[34.7922710839432,32.06673414923866,0],[34.7924004765996,32.06696554443737,0],[34.792597247655216,32.06735495541055,0],[34.792672032909685,32.06752209620767,0],[34.79275904415244,32.067725351861085,0],[34.79281390900293,32.06786211600996,0],[34.792862926687775,32.06798430626192,0],[34.792962109839294,32.068251528251125,0],[34.793035365944775,32.06846461183425,0],[34.793113013958695,32.06866119424927,0],[34.79315444670312,32.06877103861184,0],[34.79316989094556,32.06882447646898,0],[34.79322057998188,32.068999860438,0],[34.793245355155754,32.06908558015637,0],[34.79330887743445,32.06932312187661,0],[34.793336153458064,32.069425117967135,0],[34.79334575108078,32.06946856845426,0],[34.79338488074318,32.0696457157236,0],[34.793399278270705,32.069710899566125,0],[34.79341429865832,32.069778899009236,0],[34.79345236698438,32.06994358909753,0],[34.79348203232412,32.070071929653956,0],[34.79353395856893,32.07029657231195,0],[34.79361424582725,32.07064390783237,0],[34.79365688317542,32.07082766204652,0],[34.79378696470868,32.071388277748575,0],[34.794001258912346,32.07231180877461,0],[34.79400164481653,32.07231171984541,0],[34.79401266159396,32.07234843308643,0],[34.7939732367614,32.07238977057013,0],[34.793887088144075,32.0724019596683,0],[34.793886984432866,32.072401467857304,0],[34.79388358579705,32.07240194832288,0],[34.79387071855872,32.072341121550345,0],[34.79379712579058,32.071993245246915,0],[34.793765260821104,32.07184261806862,0],[34.793730946187694,32.07168040667403,0],[34.793729735823625,32.07167468360514,0],[34.79358836305098,32.071006389198836,0],[34.7935403794255,32.070779564412504,0],[34.79351288165782,32.070649574323326,0],[34.79351119827147,32.07064566682327,0],[34.79350364500633,32.070649457804,0],[34.79349638377528,32.07088965919209,0],[34.79350744743627,32.07103848397223,0],[34.793520646248815,32.071235142961775,0],[34.7935234791618,32.071283244563325,0],[34.79352587888407,32.0713240114105,0],[34.793532314613685,32.07138991158141,0],[34.793532364225214,32.07139042215493,0],[34.793572069427405,32.07179700256877,0],[34.793582990053046,32.071980708060146,0],[34.7936120366923,32.072469332003976,0],[34.79361463711445,32.07251307359293,0],[34.79362214178547,32.072995136587444,0],[34.79362873560155,32.07310696806472,0],[34.793636575027314,32.07326046983163,0],[34.79364179257488,32.07334446763775,0],[34.79364985879816,32.073456250675086,0],[34.79366143206193,32.07359259447508,0],[34.79366866897533,32.07366814815784,0],[34.79367636362453,32.07374247418476,0],[34.79369055531746,32.073867151904935,0],[34.793703632258044,32.073969221770426,0],[34.79370983094634,32.0740176102035,0],[34.793728204669435,32.07413694213706,0],[34.793746721250514,32.07423830368244,0],[34.79375886203171,32.07429914793567,0],[34.79377631769285,32.07438055035345,0],[34.79380840040908,32.074515823422296,0],[34.793837757499304,32.07462729936552,0],[34.793865554683386,32.07472453280677,0],[34.793895151234835,32.07481966098238,0],[34.793907063584165,32.074857949840016,0],[34.79394185608545,32.07496022437571,0],[34.79397590129357,32.07505933480927,0],[34.79401947552272,32.075174790350665,0],[34.79404042337673,32.07522895017599,0],[34.794068571187395,32.075289740717125,0],[34.79411087155352,32.07540068225428,0],[34.79414622185763,32.07548842711178,0],[34.79418741263021,32.07557703133219,0],[34.79419940609568,32.07560076014283,0],[34.79421956572261,32.07559453001317,0],[34.794169316880364,32.075487994172434,0],[34.794108792641374,32.075348003853435,0],[34.79403859846934,32.07517418856178,0],[34.79399899620885,32.075058901900036,0],[34.793946503039635,32.07490556398,0],[34.79393929250788,32.07487666084214,0],[34.793913052655284,32.07477148049067,0],[34.793890161889465,32.074671251881945,0],[34.79386772934677,32.0745531044067,0],[34.79385689445947,32.07446047544178,0],[34.79384388456305,32.074374871576765,0],[34.793841527029315,32.074335994138195,0],[34.79384003946136,32.07431147599492,0],[34.793839598625446,32.07430513228635,0],[34.79383424055421,32.074228118398615,0],[34.79384964029049,32.074061669224356,0],[34.79384809165089,32.07406053516758,0],[34.79382160461658,32.074059795556344,0],[34.79382634278838,32.073902728315836,0],[34.793826551685335,32.073895798745596,0],[34.79383311610655,32.073678212055704,0],[34.79383481647011,32.07364562962094,0],[34.79383538870916,32.07363465490095,0],[34.79383917164986,32.07357401915087,0],[34.79384480854405,32.073513737496945,0],[34.79385212524726,32.073453910375086,0],[34.79386163116264,32.0733973863828,0],[34.79387300360579,32.073335318827034,0],[34.79387603357128,32.07332135903079,0],[34.793884810956996,32.073280917884134,0],[34.79389468055311,32.073230693159566,0],[34.79390341555219,32.07317603066233,0],[34.79390724742993,32.07315444342647,0],[34.79391210598969,32.07312707273645,0],[34.79391622794983,32.07310384969281,0],[34.79391985733432,32.07305931307546,0],[34.7939231191932,32.07301928421195,0],[34.79392499606551,32.07299625409264,0],[34.793928167919546,32.07297471070882,0],[34.793929859096835,32.07297285759961,0],[34.793928855584106,32.07295686112206,0],[34.79392560471396,32.072905060852364,0],[34.79401920735129,32.07286567897734,0],[34.794080979643105,32.07288234115982,0],[34.79404373792206,32.07295723318082,0],[34.79403406519854,32.07297668410735,0],[34.794015382183716,32.073073088871844,0],[34.794004387411185,32.07313788918534,0],[34.79399180263651,32.073197774107115,0],[34.79398216950326,32.07324178357464,0],[34.79396263872464,32.07331574997498,0],[34.79395309267324,32.073362782517776,0],[34.79394530635084,32.07344287492911,0],[34.79394403343034,32.073456835908864,0],[34.79393995734367,32.07350155504218,0],[34.79393961627267,32.073559407300884,0],[34.793939358300875,32.07360743032965,0],[34.7939393139537,32.073649596931375,0],[34.79393493876571,32.074062559659204,0],[34.7939419325263,32.07419401802842,0],[34.79394220782364,32.07419687849234,0],[34.79394559050523,32.074231987068124,0],[34.79394862097003,32.07426343594576,0],[34.793950098200206,32.07430615756261,0],[34.79395459353517,32.07433568316006,0],[34.793952168501704,32.074383734333786,0],[34.79394956368036,32.07441845107631,0],[34.793950781062954,32.07444394948906,0],[34.79395384424397,32.07448680519733,0],[34.793961530170016,32.074556274136526,0],[34.79397572339172,32.07464207841017,0],[34.793988389296956,32.07470040383989,0],[34.794006104375626,32.07476765709595,0],[34.79402385485907,32.07483007236728,0],[34.79403423114086,32.07486655536671,0],[34.794063778838634,32.07496152553067,0],[34.794168959305026,32.07529958051453,0],[34.794221035621064,32.07544464938859,0],[34.79425589138779,32.07552528832409,0],[34.79427928452067,32.07557741437309,0],[34.79440472005398,32.07582269826161,0],[34.79441884292927,32.07584869292097,0],[34.794440334501836,32.07588766290539,0],[34.79446468638068,32.07593099777789,0],[34.794510614819266,32.076008990539606,0],[34.794515327188016,32.076016992021735,0],[34.79457063421441,32.07610948519567,0],[34.794627367490904,32.076199480493635,0],[34.79468099682273,32.07628229380541,0],[34.79469343122635,32.076301008245714,0],[34.79473626520964,32.076365474009975,0],[34.79480542479271,32.07646491685601,0],[34.794843273701474,32.07651819150662,0],[34.79489819020366,32.07659222636635,0],[34.794953348556625,32.076665485543444,0],[34.794990622891824,32.076714161876794,0],[34.79503109241267,32.07676575047663,0],[34.79506355967231,32.07680652331479,0],[34.79510424346626,32.07685686811502,0],[34.795144779173995,32.07690622857254,0],[34.795192624837426,32.07696349425427,0],[34.79523971342326,32.07701763548157,0],[34.79526444931407,32.07704552830899,0],[34.79528763244751,32.07707153498763,0],[34.79531774568898,32.07710512102198,0],[34.795351415974565,32.077142416765845,0],[34.79538958278617,32.0771843703231,0],[34.795445510915656,32.0772452366857,0],[34.795844019581054,32.07765338295622,0],[34.796111531726154,32.077927360815266,0],[34.79622526347208,32.07804529787684,0],[34.796332930741706,32.07815490352281,0],[34.796458010103144,32.07828349727832,0],[34.796566358166444,32.078395429726626,0],[34.79666918710401,32.078501186010364,0],[34.796745341768435,32.078579649445096,0],[34.7968300297005,32.07866705806549,0],[34.79691592117578,32.07875585925321,0],[34.796984294897534,32.078826616088556,0],[34.797070489581316,32.07891589699523,0],[34.79712148557677,32.07896975880025,0],[34.797164143777415,32.079015526390606,0],[34.79723181833226,32.0790883080644,0],[34.79730186328277,32.07916661355597,0],[34.79734442635853,32.079215244858965,0],[34.79738023232825,32.07925615407306,0],[34.79744797634594,32.07933509055813,0],[34.79758527418426,32.079501005063655,0],[34.79761991894514,32.079544436389895,0],[34.79766541582292,32.079602495278166,0],[34.79773150524373,32.07968899951593,0],[34.79779105948763,32.079770527421694,0],[34.797841694120095,32.07984018710332,0],[34.7978677668206,32.079876056416325,0],[34.79791574384791,32.07996156999495,0],[34.79792109474688,32.07996253764513,0],[34.798093196704826,32.08023333839421,0],[34.79809709349202,32.08023930720013,0],[34.79814411186565,32.080301704785896,0],[34.79819433935209,32.08036871176113,0],[34.798287310013656,32.0804937054252,0],[34.79829676260013,32.080509410601834,0],[34.798331275613855,32.08055309561226,0],[34.798392041845105,32.08063001266439,0],[34.79844237834738,32.080687533078326,0],[34.798499095476515,32.08074312514797,0],[34.798541054147094,32.08078070990907,0],[34.79860400602611,32.0808316840058,0],[34.79869731635824,32.08089943294673,0],[34.79872558367259,32.08091338663943,0],[34.798826587666966,32.08096324339209,0],[34.79894712960954,32.081003480086814,0],[34.79904914962638,32.08102572716309,0],[34.79915633102402,32.08103454951373,0],[34.79921615851794,32.08102916869397,0],[34.7993064212992,32.08101187333573,0],[34.79944002826526,32.08095272558782,0],[34.79950335802799,32.08088472213259,0],[34.79953607588364,32.08082304607632,0],[34.79959188016699,32.080878769109,0],[34.79975517225812,32.08104182176312,0],[34.79975503233185,32.08108656533611,0],[34.79975479856037,32.08116126510736,0],[34.79975217640276,32.08116117647426,0],[34.79934846817337,32.08114748698412,0],[34.79930791410825,32.081146264370005,0],[34.799268605478694,32.08114484011737,0],[34.7992256246047,32.081141504944156,0],[34.79919580165207,32.08113849229139,0],[34.7991475370547,32.08113239064285,0],[34.799117589582735,32.08112783371231,0],[34.79907682027602,32.081120664847184,0],[34.79903055458564,32.081111157182384,0],[34.798995312635235,32.08110291390897,0],[34.79895689558306,32.081092915506204,0],[34.79891336732985,32.081080181844264,0],[34.7988745816282,32.081067800614605,0],[34.7988292538074,32.081051716432476,0],[34.79881691191661,32.081045777430205,0],[34.79877275824352,32.0810245324461,0],[34.798721082358206,32.080999667032444,0],[34.79868794097817,32.080983720111206,0],[34.79865027946031,32.08096263564896,0],[34.798629618195726,32.08095106898205,0],[34.79860431904098,32.080933926131635,0],[34.798598780552716,32.08093009292874,0],[34.79853972835011,32.08088922593654,0],[34.79853627279729,32.08088837891047,0],[34.79853124933935,32.08088880108857,0],[34.79852612793553,32.08089173353071,0],[34.79852394086703,32.08089505592655,0],[34.79852342665067,32.08089900681646,0],[34.79854098361083,32.080928028486554,0],[34.79860827260516,32.08103925591401,0],[34.79863521292508,32.0810824287201,0],[34.79866520644059,32.081127864865316,0],[34.798692427424555,32.08116697780611,0],[34.798727566073175,32.081220910824996,0],[34.79874155947825,32.081242387520085,0],[34.79875512364643,32.08126320633775,0],[34.798785065204534,32.08130916171747,0],[34.79879805391864,32.08132909673963,0],[34.79882908755699,32.08137265053592,0],[34.7988744322313,32.08143629056222,0],[34.79887668809724,32.08143945674546,0],[34.79887971841482,32.08143994258792,0],[34.79888830869457,32.081437968111,0],[34.79889718897156,32.08143340462647,0],[34.79890822563623,32.08142143173772,0],[34.79891616242712,32.081410332680164,0],[34.79892673270536,32.08139651684613,0],[34.79894956777782,32.08136988526968,0],[34.7989509752719,32.08136824401038,0],[34.798973329112236,32.081345530060325,0],[34.79901209538856,32.081311947062424,0],[34.799033891172144,32.08129567549311,0],[34.799068337134905,32.081273096701935,0],[34.79910240753804,32.081254012030385,0],[34.799137818652454,32.081237134705866,0],[34.79917000953744,32.08122368288504,0],[34.79919039708267,32.081214973688084,0],[34.79920910829907,32.08120810148016,0],[34.79923154069747,32.08120117082911,0],[34.79925012911325,32.08119644357615,0],[34.79927122913046,32.081192135566326,0],[34.79929200961154,32.08118895106106,0],[34.799312191182295,32.08118683325647,0],[34.79932852731987,32.08118580784565,0],[34.799341928803514,32.081185422338706,0],[34.79935444696354,32.08118550834718,0],[34.7993537277085,32.08124388690466,0],[34.79935456076031,32.08118540320175,0],[34.79971819613057,32.08119373883232,0],[34.79972594905448,32.08124766346643,0],[34.79971067431914,32.08124722330565,0],[34.799353726013045,32.081244031185335,0],[34.799353725857955,32.08124406635458,0],[34.79934442822272,32.081244804955936,0],[34.79930355756178,32.081250033621615,0],[34.799253556467576,32.08125915495614,0],[34.79921689361959,32.08126782023556,0],[34.79919072190354,32.08127507348899,0],[34.799164801614154,32.081285836398344,0],[34.79914145388209,32.08129688618287,0],[34.79912403963212,32.08130603593658,0],[34.79909630044883,32.081322375983675,0],[34.799076520426134,32.081335500459176,0],[34.799058533540595,32.08134863968572,0],[34.79904251512145,32.081361426295494,0],[34.799019533840074,32.08138183418202,0],[34.798998763896186,32.081402776685444,0],[34.79899177613596,32.08141075950002,0],[34.79898044178884,32.08142370627646,0],[34.798963368078155,32.08144712157994,0],[34.798954843940834,32.08146482525984,0],[34.798949306467804,32.08148426542019,0],[34.7989473644339,32.08150694097746,0],[34.79894990287842,32.081528634396015,0],[34.79895325473683,32.08154074080386,0],[34.798960796225046,32.081558246997325,0],[34.79897183849148,32.08157548032869,0],[34.79897925349109,32.08158277066202,0],[34.799005797124586,32.08160886495908,0],[34.799049759984264,32.08165086119618,0],[34.799113685042975,32.08171192464883,0],[34.79915071935813,32.08174730210978,0],[34.79918877611514,32.08178117323661,0],[34.799220653454604,32.08180954532806,0],[34.799248609187636,32.08183442577403,0],[34.79925697259133,32.08184186972217,0],[34.799211534180515,32.08188676512618,0],[34.79918923634611,32.081867478521374,0],[34.79910475429807,32.081794408779395,0],[34.799097064069976,32.08178491540695,0],[34.799051099001815,32.08174657494234,0],[34.798996764802844,32.08169802469425,0],[34.79896193446097,32.081664871737345,0],[34.79892606270714,32.081628896449,0],[34.798887772335696,32.0815882385411,0],[34.79886071444707,32.08155795917904,0],[34.79884100460586,32.08153502134023,0],[34.79882266255729,32.08151295990543,0],[34.79879670514445,32.08147502065778,0],[34.79877513414459,32.08144349273092,0],[34.7987469951559,32.081402364079175,0],[34.798746707853084,32.081401943827984,0],[34.798652242908744,32.08125688996076,0],[34.79858827611664,32.08115866616141,0],[34.79853242390474,32.08107290217499,0],[34.79844307130411,32.08093742347655,0],[34.79842970289165,32.08091715444111,0],[34.798420002223736,32.080902445857774,0],[34.798336343749924,32.080774717257086,0],[34.79828372627939,32.080695286862465,0],[34.79822802818228,32.08061120596894,0],[34.7981940372072,32.08055989437906,0],[34.79815147399048,32.08049740378469,0],[34.79811620771044,32.08044564440488,0],[34.79809667930759,32.08041698338103,0],[34.798053415400574,32.08034962445753,0],[34.798019379975315,32.08029643335069,0],[34.798000869017216,32.080268839684805,0],[34.79800211135908,32.08026789859544,0],[34.79798369469854,32.08024101854383,0],[34.79783459915034,32.08002099450749,0],[34.79776293865016,32.079919064495414,0],[34.797718798581876,32.079858801519464,0],[34.797696573493674,32.079831160717745,0],[34.7976878743919,32.07982688266832,0],[34.797680418635316,32.07982980848595,0],[34.797678327643865,32.07983750484873,0],[34.797683494376166,32.07985566360732,0],[34.79771221292884,32.07990442889917,0],[34.7977597568384,32.07998702295927,0],[34.7977952413222,32.08004994006321,0],[34.79794167069783,32.0803540157709,0],[34.7979620783322,32.080409924460966,0],[34.797985123894854,32.08046116132824,0],[34.798025137280106,32.08055578893854,0],[34.798055828047644,32.08062786267813,0],[34.798058000580184,32.0806330955071,0],[34.79806165499991,32.08064189875828,0],[34.79810194489262,32.08073894221756,0],[34.798120609328784,32.08078670124204,0],[34.79815703876435,32.08088179616502,0],[34.79817999283232,32.08094491015105,0],[34.79819002942647,32.08097250638038,0],[34.79821576019132,32.08104795580138,0],[34.79824906746546,32.081153082997616,0],[34.79827424936871,32.08123961903099,0],[34.79830247826191,32.081339408482364,0],[34.7983326443407,32.08145120693232,0],[34.79840128107674,32.081707086468725,0],[34.79846833951379,32.08195708124606,0],[34.79849148136517,32.082043480834194,0],[34.79864893960265,32.0826313466468,0],[34.79871110961822,32.08286081985904,0],[34.79874530024277,32.082988527789816,0],[34.79878349857883,32.08313120288551,0],[34.798890877353664,32.083527675789384,0],[34.798955418144665,32.08376695887506,0],[34.79897960160568,32.08385539070939,0],[34.799028429382176,32.08403394398211,0],[34.79907700644598,32.08420430639482,0],[34.79914384157016,32.08441954783218,0],[34.799154149657866,32.0844510585999,0],[34.799132462779525,32.08437503797774,0],[34.799201160975045,32.08457715711619,0],[34.79924941001454,32.08470916357416,0],[34.799287245881125,32.08480755865798,0],[34.79929671480847,32.084832183385245,0],[34.79934595499577,32.08495375027204,0],[34.7993860304962,32.08504993498812,0],[34.79944470744718,32.08518979860674,0],[34.79949833726683,32.085311896183725,0],[34.79953947298034,32.08540168334816,0],[34.7995725757881,32.08547194638348,0],[34.79964250799004,32.085621596893915,0],[34.79973394045958,32.085819418278625,0],[34.79974514821189,32.08584347408466,0],[34.79975043047312,32.085854811994516,0],[34.79979223217219,32.08594453176107,0],[34.799834838780555,32.08603597920247,0],[34.79994207826227,32.08626551716501,0],[34.80003790131861,32.0864681976362,0],[34.800078968515024,32.08656103063328,0],[34.80009767721103,32.08660332193852,0],[34.80014900612625,32.08671935096635,0],[34.80023750977584,32.08692295389719,0],[34.80031742891001,32.087104808934406,0],[34.80044207984228,32.087394759499844,0],[34.80053463407771,32.087613593683855,0],[34.80067413271181,32.08796721963298,0],[34.800837591325525,32.0884378988561,0],[34.80083943339568,32.08844320182119,0],[34.80093523360433,32.088719056102725,0],[34.80093334199066,32.08871948113288,0],[34.80099947680243,32.088914765404404,0],[34.801055579677715,32.089085403422025,0],[34.801087498080186,32.089186883030436,0],[34.801113907309876,32.0892700153702,0],[34.80113816707972,32.08933245657369,0],[34.80114096090409,32.08933957876229,0],[34.80104415478666,32.08937923057376,0],[34.8010154578499,32.08930350272423,0],[34.80097062585343,32.08918537647299,0],[34.80095409461252,32.08913863380836,0],[34.80092286057025,32.089043926061045,0],[34.80089048356669,32.08893910923914,0],[34.800657923507444,32.08825758582156,0],[34.800669173641786,32.08826658273133,0],[34.8005749193682,32.08799235367439,0],[34.800539851672106,32.08789424738912,0],[34.80049592427109,32.08777135879032,0],[34.80041065412669,32.087544667091684,0],[34.80035446795994,32.08740330771976,0],[34.80030041419992,32.087276401753655,0],[34.80021195207484,32.087098392632456,0],[34.80011447214806,32.0868883060525,0],[34.8001476499257,32.08697785027895,0],[34.80022061366034,32.08718092568239,0],[34.80029121680866,32.08738107081715,0],[34.80035731570421,32.08757701364355,0],[34.80041950875634,32.08777357793296,0],[34.80050541693991,32.08805755407372,0],[34.800683416863016,32.08869439352942,0],[34.800726575338366,32.088858131453456,0],[34.800727366135796,32.08886113241503,0],[34.80082199377054,32.089220139512555,0],[34.8008566191912,32.089344100330656,0],[34.80086898951772,32.08939036984191,0],[34.80091321035952,32.089566087703965,0],[34.8009906155803,32.089845247882174,0],[34.80103019237108,32.089997706446376,0],[34.80110672751136,32.09028531801971,0],[34.801114361487244,32.09031409579478,0],[34.80120947387935,32.09067265949801,0],[34.80141293983736,32.091445583528056,0],[34.801418673522825,32.091449763512344,0],[34.80142685398431,32.09145037389145,0],[34.801434160681666,32.091446844093376,0],[34.80143694623081,32.09143752847915,0],[34.8014035696186,32.09124977131623,0],[34.80140331326392,32.091248324034844,0],[34.801348366104015,32.090939219637434,0],[34.80132372752439,32.090805376509756,0],[34.80128002570535,32.09048773545635,0],[34.8012687371826,32.09039862373749,0],[34.80126304621141,32.090336722309424,0],[34.801257412870434,32.09027544870759,0],[34.801246483839876,32.090123534082686,0],[34.80124323224797,32.090076151968454,0],[34.8012400336792,32.09003913065218,0],[34.80123699236038,32.090008997684386,0],[34.8012314198537,32.0899628264973,0],[34.80122372989246,32.08992146681856,0],[34.801213679314735,32.08988312241625,0],[34.801203395867304,32.08984763503458,0],[34.801194609260605,32.08982371242237,0],[34.801273060790905,32.08980352758825,0],[34.80133049115897,32.08982306086296,0],[34.80132092559626,32.08984820020414,0],[34.80131541136974,32.08988719215841,0],[34.80131607190085,32.089911909534045,0],[34.80131855652299,32.08995158794733,0],[34.8013213639289,32.08999640216195,0],[34.8013231311917,32.09001875857307,0],[34.80133402816082,32.09016328385074,0],[34.80134665707051,32.090321088937024,0],[34.80135401168228,32.090397839066014,0],[34.80136516378598,32.09047991911176,0],[34.80139449063344,32.090707193247916,0],[34.801406960249395,32.090784038096196,0],[34.8014243027245,32.09088862387713,0],[34.801504612232826,32.09134056896032,0],[34.80158764006042,32.09181028419774,0],[34.80158779201818,32.09181114137821,0],[34.801628540822534,32.09204166750579,0],[34.80167980025357,32.092331140744015,0],[34.801761760366155,32.09279398710795,0],[34.80182779816344,32.09316946821879,0],[34.801903651281066,32.09359759879769,0],[34.80196398734244,32.0939381445115,0],[34.80199418931172,32.094107720378574,0],[34.80201298178544,32.09421071267124,0],[34.80203968191635,32.094357048283975,0],[34.80210554224805,32.09472662911949,0],[34.80213794569175,32.09489870265866,0],[34.80217796674789,32.095110006430545,0],[34.80218343365186,32.095138867420836,0],[34.80223308599778,32.095389707197675,0],[34.80228405362977,32.09564409153408,0],[34.80235500399246,32.096017040270894,0],[34.80243970093655,32.096404809235885,0],[34.80248322492872,32.09661456569704,0],[34.80250169508331,32.096703580077865,0],[34.802567918481074,32.097017146369005,0],[34.8026442814186,32.09737117183413,0],[34.80276351457985,32.09791748119358,0],[34.80283727817544,32.0982637618375,0],[34.80287995099908,32.0984771748582,0],[34.802972198178956,32.09883688836959,0],[34.80301267147816,32.098989192966435,0],[34.80304583878547,32.09911400149739,0],[34.80307023109614,32.0992153330829,0],[34.80309280125083,32.09930674105072,0],[34.80313687751484,32.099471991324904,0],[34.80320164133924,32.09965894274652,0],[34.80328813675146,32.09994242064127,0],[34.80334361350128,32.10011407263537,0],[34.80338200482791,32.10022378006771,0],[34.803395438182314,32.10025771079506,0],[34.80340966632566,32.10028868076966,0],[34.80343257746683,32.10034097299274,0],[34.803539487277156,32.10049218730683,0],[34.803605701409985,32.100579058424806,0],[34.803634421401846,32.1006080803792,0],[34.80367090480531,32.100641950538694,0],[34.803708292319946,32.10067305867336,0],[34.803741206239444,32.100699006156695,0],[34.80377822676665,32.10072731126228,0],[34.8038025675122,32.10074486394639,0],[34.80384463683706,32.10077374771402,0],[34.8038895320608,32.10080277927801,0],[34.803927839037975,32.100825446837455,0],[34.80396811558989,32.100847362210196,0],[34.80401778730691,32.10087189088339,0],[34.80406793548501,32.10089406016857,0],[34.80410687858187,32.10090959475762,0],[34.804167274865506,32.10093095863081,0],[34.8042151085433,32.10094602349275,0],[34.80425675783608,32.10095830753294,0],[34.804291818558994,32.10096793482882,0],[34.80433253436229,32.1009783122263,0],[34.804585641188844,32.10103045906493,0],[34.80468219303179,32.101050704070545,0],[34.804752376534516,32.101071560184465,0],[34.80481427351533,32.101094071046965,0],[34.80486426884068,32.10111248720598,0],[34.80491184096686,32.101139010870504,0],[34.80496650758383,32.101179759109336,0],[34.805011627607385,32.10122250443728,0],[34.80506383686176,32.10127947431908,0],[34.80511366358062,32.101336435766896,0],[34.805173322458,32.1014249041047,0],[34.80521116408592,32.10150500272251,0],[34.80523459117148,32.10155321385945,0],[34.805269711519756,32.10166442990925,0],[34.80528298522493,32.1017340607136,0],[34.80528665374071,32.10180696268715,0],[34.80528349545124,32.101845972088675,0],[34.80528076376588,32.101905279318295,0],[34.80528004249835,32.10198659644582,0],[34.805280409994005,32.10204484662754,0],[34.80517951774249,32.10205232190286,0],[34.805042785757855,32.10203381548851,0],[34.80498945541949,32.10207295254935,0],[34.8049297708609,32.10206018262128,0],[34.804636944999174,32.102104869270455,0],[34.804620161753455,32.10205885049684,0],[34.80465558369758,32.10204718948409,0],[34.80468952611106,32.102033467721824,0],[34.80474684704455,32.102004391071446,0],[34.80479532300969,32.101974044732096,0],[34.80485188611858,32.10192264104382,0],[34.80488435370826,32.10187363763387,0],[34.80489817946038,32.101852167347346,0],[34.80491087029818,32.101832460979175,0],[34.80494523303065,32.10177910069193,0],[34.804957309107614,32.101735359798774,0],[34.80496463916413,32.10168572790381,0],[34.80496670256673,32.101642238594316,0],[34.80496823527632,32.10160992794676,0],[34.804965794013704,32.10159321286957,0],[34.804956088946454,32.101559064114205,0],[34.80494091417841,32.10150566573023,0],[34.80492021184631,32.101455807454805,0],[34.80489239490845,32.101408523878156,0],[34.804857894550246,32.10136454680209,0],[34.804817245995444,32.10132455785591,0],[34.80477107691119,32.10128917493349,0],[34.80472010425716,32.10125894587145,0],[34.80466511525158,32.10123434027324,0],[34.80460696107028,32.10121573686474,0],[34.80454654412249,32.10120342615988,0],[34.80448479904128,32.10119759687408,0],[34.804422679955955,32.10119833949149,0],[34.80436115202952,32.10120564353287,0],[34.80430116498645,32.101219394766844,0],[34.80424364779306,32.10123938060349,0],[34.804189492755455,32.10126529274945,0],[34.80413953750661,32.10129672805236,0],[34.8040945554171,32.10133320109533,0],[34.804055241811355,32.10137414685819,0],[34.8040222075602,32.10141893242013,0],[34.80399596316595,32.10146686231968,0],[34.80397691339018,32.10151719567119,0],[34.803972493454246,32.10153346974629,0],[34.80396684227012,32.101559986916136,0],[34.80396223520994,32.101595108615555,0],[34.803961072632305,32.10164205910147,0],[34.803963639296434,32.10167491114099,0],[34.803971545041904,32.101719028929736,0],[34.80398188163639,32.10175428624501,0],[34.80399241017691,32.10178221716003,0],[34.80400990979419,32.101825435532646,0],[34.804026792473636,32.10186315286547,0],[34.80404697209843,32.10190427132968,0],[34.8040720225154,32.101950598566795,0],[34.80410096464364,32.101999018516665,0],[34.80437893284852,32.10241544026053,0],[34.80442514541398,32.10248445193398,0],[34.804456740487865,32.1025302505718,0],[34.80449261002114,32.1025831895063,0],[34.804529688105845,32.102628174892544,0],[34.804583837828076,32.10269264853072,0],[34.80464109262594,32.10276081844357,0],[34.804684361668336,32.102824170144046,0],[34.80476979067526,32.102948446001754,0],[34.80484185787484,32.103052367840576,0],[34.80488369979822,32.10311263086407,0],[34.8049168220731,32.1031593792728,0],[34.80494020963855,32.10319238983689,0],[34.8049750957986,32.10324063173854,0],[34.80502245485468,32.1033044453078,0],[34.805073363754424,32.10337298097662,0],[34.80512440735953,32.103440280701754,0],[34.80520175975619,32.10353740690704,0],[34.80527174479,32.10362384533742,0],[34.80532410184476,32.10368883513902,0],[34.805354329919396,32.1037261317199,0],[34.80540612337967,32.10379065348858,0],[34.80571467106744,32.1041473802129,0],[34.80573254062698,32.10415401858923,0],[34.80572960446219,32.104287752193706,0],[34.805692953972276,32.10427208103474,0],[34.805661105593046,32.10424650715055,0],[34.80563750176699,32.10422193945545,0],[34.8056377985967,32.10422165362229,0],[34.80558793962164,32.10415583766775,0],[34.80522228973723,32.10367257255421,0],[34.8052180641936,32.103670244354575,0],[34.80521313629715,32.1036710683857,0],[34.80521032178796,32.10367437628113,0],[34.80521098846299,32.10367869522778,0],[34.80525219356157,32.1037400752345,0],[34.8053095067127,32.10381993847137,0],[34.80536603456755,32.103895494987306,0],[34.80538201273206,32.10391752994423,0],[34.8054403559747,32.10401077705341,0],[34.80560482662507,32.10428056894053,0],[34.805738996032396,32.104498567703054,0],[34.80580357591431,32.10460621864318,0],[34.8058348039662,32.10465537221779,0],[34.805865703740785,32.10470400983229,0],[34.805979915363224,32.10487316256916,0],[34.806129338557206,32.10509701999123,0],[34.806237803290315,32.10525963902224,0],[34.80625436984992,32.105284372053326,0],[34.806346640844936,32.10542212746911,0],[34.80650052935312,32.105652828595275,0],[34.806541495936564,32.105714151512046,0],[34.80672896692488,32.105994869832664,0],[34.80684561160739,32.106169041529746,0],[34.806849955966584,32.106175527276164,0],[34.80700296886412,32.10640325004014,0],[34.80723786636604,32.106755390757115,0],[34.80741507388004,32.107019508261956,0],[34.80743202547672,32.107044774395135,0],[34.80759977819283,32.10729442893534,0],[34.807652396323036,32.10737316357623,0],[34.80771959103027,32.10747370752287,0],[34.807867425814386,32.10770569557428,0],[34.807966974872066,32.107860907672695,0],[34.80802425977703,32.10794918051068,0],[34.808268370696545,32.10832669276111,0],[34.808385024556486,32.10851212091302,0],[34.808495892346386,32.108688352503684,0],[34.80866616514276,32.10896035879309,0],[34.80939640168785,32.11010842148828,0],[34.80954365905879,32.110339160362834,0],[34.80962843115601,32.11047198874827,0],[34.81011027484848,32.11122913280033,0],[34.81023417702847,32.11142711837201,0],[34.81033164689526,32.11158822336473,0],[34.810445081173604,32.111786345686056,0],[34.810509535406915,32.11190203317048,0],[34.81057747561458,32.11202539211821,0],[34.81064060858551,32.11214930510711,0],[34.81071161230818,32.11230278317737,0],[34.81078595046193,32.11245581526629,0],[34.81084848419703,32.11260889539374,0],[34.8109085637204,32.112750480935766,0],[34.81096453653001,32.11290221048328,0],[34.81101454061885,32.11305527413882,0],[34.81107618822501,32.11326322765694,0],[34.811077815309524,32.113269745395,0],[34.81112016248627,32.113439332957775,0],[34.81115723334856,32.113625691729986,0],[34.81118412167767,32.113783932807266,0],[34.81120381372094,32.11392877897734,0],[34.81122010831935,32.11406831029984,0],[34.81122017055303,32.114155637448036,0],[34.8112304440036,32.114254302865014,0],[34.811239142248105,32.11438873084509,0],[34.81124543962623,32.114480861310184,0],[34.81124555523775,32.114548817398635,0],[34.81124939143206,32.11465548869972,0],[34.81125070871103,32.114802775738404,0],[34.811249309010286,32.114887075558485,0],[34.811244335429286,32.11500769625091,0],[34.81123227683858,32.115199413222385,0],[34.81121134475725,32.115540790624834,0],[34.811192840267424,32.115831194102384,0],[34.81119213704295,32.11584223696574,0],[34.81116997893114,32.11618998432536,0],[34.81116327662587,32.11626248856152,0],[34.811140366277044,32.11652144394213,0],[34.81113431070107,32.116589894860276,0],[34.811091741600045,32.11711839358746,0],[34.811070468689344,32.11735146830923,0],[34.8110684268265,32.11753109723591,0],[34.81107236407327,32.117746118988265,0],[34.81108802517419,32.117948225734864,0],[34.81110606899626,32.11810002126286,0],[34.811129197728306,32.11826101724079,0],[34.811213490300425,32.118692052784105,0],[34.81123218515346,32.118780305238104,0],[34.81124702755475,32.1188155894055,0],[34.811268726235994,32.11884605859354,0],[34.81110094847458,32.11885278071969,0],[34.811072822253536,32.11867133030967,0],[34.811035786661265,32.11837949377153,0],[34.81103107819562,32.11833269011596,0],[34.81099390657937,32.11796319064098,0],[34.810982268545175,32.11776193684539,0],[34.81097644446861,32.11752020832318,0],[34.81097919472956,32.11736074187107,0],[34.810983550173155,32.117108169450304,0],[34.81098222303044,32.11710804358637,0],[34.81099278611174,32.11692575380807,0],[34.810996907740105,32.116877137934615,0],[34.811020118618444,32.11660332213682,0],[34.81102767104281,32.116514222324554,0],[34.81103328632639,32.116440977965176,0],[34.811044282271546,32.11629755277506,0],[34.811055366700174,32.11616165324006,0],[34.811067169474974,32.11602575863764,0],[34.81108322271176,32.11588653792767,0],[34.811103802321654,32.11570805678558,0],[34.81113196872692,32.115463778901294,0],[34.81113571702456,32.115431275826246,0],[34.81111772826224,32.11550595709376,0],[34.811103286905244,32.11560956416906,0],[34.81107840087477,32.115788110393595,0],[34.81105819158899,32.11593309592409,0],[34.81103694239117,32.1160984314749,0],[34.81100339687697,32.116410927862646,0],[34.81099154467305,32.11651112699625,0],[34.81098153739642,32.11659571747585,0],[34.8109633990339,32.11674347788069,0],[34.810946657772256,32.116874052821956,0],[34.810924308177896,32.11707127197384,0],[34.81091760682073,32.117130402739086,0],[34.81091132172228,32.117185371262394,0],[34.81090151927467,32.11727454252087,0],[34.810893136438004,32.117358830522235,0],[34.810885226266656,32.11744186110097,0],[34.810868883967586,32.117615713843925,0],[34.810852410368675,32.11783669607831,0],[34.81083909459761,32.118082063321665,0],[34.810838673466776,32.118089826367665,0],[34.810834022952164,32.11823770618929,0],[34.81082581267512,32.118454838215314,0],[34.81081689147326,32.11874379325873,0],[34.810796208916734,32.11888719547599,0],[34.81079342073059,32.11890652735484,0],[34.81077927226295,32.1190046289553,0],[34.8107721222434,32.1192499548914,0],[34.81076724995028,32.119423540224815,0],[34.81077325402159,32.1192514138877,0],[34.81078918801719,32.11947081496575,0],[34.810790358111426,32.11953692111304,0],[34.81079146448783,32.11969465724764,0],[34.81079068936344,32.119755022907036,0],[34.81078962607497,32.11983784206997,0],[34.81078944365402,32.11984454626045,0],[34.810785268498655,32.119997661465426,0],[34.81078152714469,32.12013487687388,0],[34.81077724428733,32.120296042855806,0],[34.810772417609826,32.12048959738594,0],[34.81077027563701,32.12057141401019,0],[34.81077021487373,32.12057372058228,0],[34.81076671506029,32.12071291163327,0],[34.810764334313156,32.120830109869445,0],[34.81076161396621,32.120963965684375,0],[34.81076092400765,32.12103780784062,0],[34.810759030421195,32.121091128888665,0],[34.810755667823656,32.12125660191596,0],[34.81074485889899,32.12154330912366,0],[34.810764155905346,32.121255549771014,0],[34.81077399237168,32.121142793456556,0],[34.810778280493146,32.12110311210519,0],[34.81078349444944,32.12105485857736,0],[34.810794784156855,32.12096123990418,0],[34.81080497998393,32.12088423317971,0],[34.810817809117815,32.120795103853716,0],[34.81082998806268,32.120719200759005,0],[34.810839782192566,32.12066417734803,0],[34.81085307047466,32.120589525765,0],[34.81086529971806,32.12053744612462,0],[34.81088873029973,32.12043995683893,0],[34.81090629305529,32.1203640803829,0],[34.81092527310019,32.120282388219564,0],[34.81095352233803,32.120169689988714,0],[34.81097779663275,32.120058514234074,0],[34.81097961037039,32.12005884541301,0],[34.81109286174466,32.11957765405029,0],[34.811102033573185,32.11952831622143,0],[34.81120375628575,32.119530727872494,0],[34.81127451752596,32.119577909741345,0],[34.811268041919114,32.11958957404165,0],[34.81117594414421,32.11977984026913,0],[34.81103750386808,32.120283602628156,0],[34.810984049749855,32.12050678928596,0],[34.810946028099295,32.12067932923212,0],[34.81093850221909,32.120713478914176,0],[34.81090571007247,32.12088001659189,0],[34.81088639794601,32.12097189515412,0],[34.810885405375494,32.12097774734627,0],[34.81085513550311,32.12115626671555,0],[34.81084335409308,32.12124249194847,0],[34.81083245823047,32.12133742844908,0],[34.81082711475182,32.1213926541597,0],[34.810818877175656,32.121499029017464,0],[34.81081123004167,32.12167225667588,0],[34.81080261200146,32.121842327776406,0],[34.81079570163026,32.12192930940174,0],[34.81078645114721,32.12204575491517,0],[34.81077574483224,32.12226732573726,0],[34.81076771153667,32.122463083213034,0],[34.81076447710601,32.12254190790732,0],[34.810760055701785,32.12264940019046,0],[34.81075959597245,32.1226575075915,0],[34.81074968322757,32.12283217102245,0],[34.81074216356336,32.12295811766799,0],[34.81073036969641,32.12315897563363,0],[34.81071420133348,32.12344377505009,0],[34.81070090573259,32.123677960015435,0],[34.8106909455268,32.12385967159752,0],[34.81068486253533,32.124002171296944,0],[34.81067971279069,32.12417904804033,0],[34.810679418161506,32.124189175043426,0],[34.810675219168935,32.1243506955786,0],[34.81067450710711,32.12437807779285,0],[34.81066878925377,32.12459346788686,0],[34.81066344779055,32.124825091227045,0],[34.8106583312592,32.12501740566216,0],[34.810658269336315,32.12501973387172,0],[34.81065656586822,32.12508574716048,0],[34.81065060473328,32.12531680133375,0],[34.81064907001663,32.125376582024586,0],[34.81064389200839,32.12557825945664,0],[34.81063275075207,32.125963088349245,0],[34.81062787432029,32.126144862562406,0],[34.810621523145805,32.12639785223554,0],[34.8106147371692,32.12666595711999,0],[34.81061145363369,32.126797097592785,0],[34.81079724275558,32.12837320392966,0],[34.81088209236037,32.129247686578566,0],[34.810925226634915,32.12965025428224,0],[34.81100277246131,32.12987477649423,0],[34.81112501788619,32.13013761263663,0],[34.811286375745766,32.13043397390261,0],[34.81162698021991,32.130778610755016,0],[34.811777697741284,32.13094132409446,0],[34.811665151847414,32.13103164193789,0],[34.81147528252575,32.130844946721794,0],[34.81131341179742,32.13066788261118,0],[34.8111850872667,32.13051478272694,0],[34.81106808078815,32.13033785763389,0],[34.81095684568433,32.130122774340386,0],[34.81087901299058,32.129965058812104,0],[34.81082389774224,32.129740606260526,0],[34.81078007986071,32.12949710078839,0],[34.81075331185364,32.12920115739156,0],[34.810731474814496,32.12906270386138,0],[34.81069219991622,32.12906735306165,0],[34.81063071231299,32.13032695360398,0],[34.81059765029763,32.13149597537087,0],[34.810508918204775,32.13152304224705,0],[34.8105089302598,32.131645279661136,0],[34.81050894125139,32.13174729371945,0],[34.810509236544966,32.13202755567283,0],[34.81051005120154,32.13220791448122,0],[34.81051170295625,32.13241296575999,0],[34.81051545240484,32.13267909218789,0],[34.81052052130592,32.13292819978509,0],[34.81052289903103,32.133031639688255,0],[34.81052540703253,32.133140771136354,0],[34.81052821825914,32.13329624155325,0],[34.81053001425057,32.13342161366425,0],[34.810534765069185,32.13354917727626,0],[34.810541702559334,32.13368308270123,0],[34.81054709313008,32.133782126764366,0],[34.8105510947887,32.13382260664215,0],[34.810557386726146,32.13388625859811,0],[34.8105832418255,32.1340447945972,0],[34.81061596414076,32.13419355139191,0],[34.81064282946769,32.13429656785453,0],[34.810676921096565,32.13442611193341,0],[34.81072079107209,32.13456960539997,0],[34.81075744909553,32.13468795280439,0],[34.81081585387601,32.134848393509515,0],[34.81088063914587,32.13500705226033,0],[34.81095172942673,32.13516374304583,0],[34.810962577839625,32.13518542762092,0],[34.81102904179259,32.13531828614359,0],[34.81111248907628,32.135470501817295,0],[34.811201972431306,32.135620214802564,0],[34.81129738876583,32.13576725072305,0],[34.811398628607435,32.13591143969098,0],[34.81153512003466,32.13609308703896,0],[34.81162498836497,32.13620594512866,0],[34.811677250024296,32.13627157565773,0],[34.81182491738991,32.136446779867285,0],[34.8127995685499,32.13757122617498,0],[34.81285247502528,32.13763018683365,0],[34.81286627637112,32.13764455070089,0],[34.8129076561625,32.13768761787045,0],[34.81296620346496,32.13774454347337,0],[34.813026984921805,32.13779974724284,0],[34.81310233099897,32.13786160966438,0],[34.81318237635655,32.13791904258897,0],[34.81326675963456,32.13797178608026,0],[34.81335510346467,32.1380196054027,0],[34.8134652007486,32.13807188892845,0],[34.81346528750093,32.13807192526758,0],[34.81357812303201,32.1381196090525,0],[34.81369361109721,32.13816265855721,0],[34.81381139616704,32.13820093470501,0],[34.81393120726988,32.1382343518863,0],[34.8140527670429,32.13826283168686,0],[34.814336162338044,32.1383194903119,0],[34.81462129606278,32.1383694389976,0],[34.81469080622685,32.138379914373076,0],[34.81490794787275,32.1384126391793,0],[34.815195898458725,32.13844905770817,0],[34.81548492530771,32.13847866683807,0],[34.81577480694234,32.138501444238806,0],[34.816170016949826,32.13852516447923,0],[34.81656559243649,32.13854396629416,0],[34.81660774599915,32.13854544450117,0],[34.81696144857098,32.13855784491137,0],[34.817357500517865,32.13856679646145,0],[34.81775366554982,32.1385708197878,0],[34.81775748238658,32.138706397954785,0],[34.817760987384716,32.13873401577693,0],[34.81776743351006,32.13887768643545,0],[34.81653764583422,32.13887061566139,0],[34.81614123601397,32.1388525371278,0],[34.81546499767096,32.13881462712757,0],[34.815376004589865,32.138810704158054,0],[34.81527787516725,32.1388063779006,0],[34.8151956480075,32.13880275244918,0],[34.814926013526524,32.13879731232998,0],[34.81465630507182,32.138798309220576,0],[34.81438673561824,32.138805742874666,0],[34.814303586678534,32.13881002532508,0],[34.81420597496821,32.13881505310059,0],[34.81411751815995,32.13881960853886,0],[34.8138488625464,32.13883989333582,0],[34.81358098287079,32.138866583501276,0],[34.81331408690257,32.13889965713719,0],[34.813048387730596,32.13893908785484,0],[34.81278409210497,32.13898484473863,0],[34.81252140891995,32.13903689147071,0],[34.812260546026906,32.13909518812445,0],[34.81200170601051,32.139159687544314,0],[34.811854248511814,32.13920088088959,0],[34.81170866211184,32.13924663836673,0],[34.811565141006085,32.13929689926354,0],[34.81142387942235,32.13935159565458,0],[34.811285064190386,32.13941065508315,0],[34.81120350588887,32.13944792846061,0],[34.811146634374126,32.139478651297,0],[34.81106265407517,32.13953002180474,0],[34.81097934435209,32.139589097347624,0],[34.810940525321165,32.13961982118694,0],[34.81088749243539,32.13966560023767,0],[34.81083387947391,32.13971687291125,0],[34.81080118594434,32.139750900937244,0],[34.810746729261986,32.13981326915928,0],[34.81071901257153,32.1398483361609,0],[34.810660402410086,32.139932599276484,0],[34.81063239872181,32.13997919011716,0],[34.81059732666933,32.14004429595628,0],[34.8105645741641,32.1401097543834,0],[34.810524905859864,32.14020753904051,0],[34.81050028749709,32.14030067224179,0],[34.810481622483245,32.140378003131694,0],[34.81046898824493,32.14043903146649,0],[34.8104560424249,32.14050498164765,0],[34.8104480866251,32.14056596592329,0],[34.81044024973938,32.1406301040931,0],[34.810430947058336,32.14073614522649,0],[34.81042673587815,32.14079315889193,0],[34.810421261269106,32.1408738493704,0],[34.81041608079115,32.14095934093855,0],[34.81041167310003,32.14104208718667,0],[34.81040867754614,32.14110600956249,0],[34.81040685549866,32.14114917390745,0],[34.81040434436066,32.141216287385944,0],[34.81040207115802,32.141291413018344,0],[34.81040139773913,32.141313689398594,0],[34.810399408117,32.14140371241704,0],[34.810398134711676,32.14149256354592,0],[34.810397554596996,32.14157891980266,0],[34.81039759887326,32.14161397754046,0],[34.81039767841169,32.141676329563296,0],[34.810398663991236,32.14177643291638,0],[34.81040048058602,32.14187479661563,0],[34.810401231397776,32.14190378757179,0],[34.81041685998204,32.14228032483701,0],[34.810426838935264,32.142434379905616,0],[34.81044183936885,32.14262253427099,0],[34.81045933959184,32.14280490517915,0],[34.81046275371331,32.14283493876117,0],[34.810484455968364,32.14302582201264,0],[34.81051207438898,32.14323403603399,0],[34.81052193797457,32.1432988559983,0],[34.81054730260926,32.14346553422912,0],[34.81057304192012,32.1436175614995,0],[34.81067355451213,32.14405381434744,0],[34.81080170658434,32.14452064221129,0],[34.8108193583895,32.14458703832207,0],[34.81082347641205,32.1446025292723,0],[34.8108391975339,32.14466166185393,0],[34.81089148524138,32.144847568475946,0],[34.81092988732352,32.144977637903885,0],[34.81095138062155,32.145048690098896,0],[34.81098997247081,32.145173358435784,0],[34.811022529178224,32.14527581160103,0],[34.81107315893216,32.14543057994508,0],[34.8111741049868,32.14572436240419,0],[34.811352329131005,32.14620651219271,0],[34.811444164046016,32.146454949897766,0],[34.81151220213456,32.14663750992133,0],[34.8115452807988,32.146726266525825,0],[34.811681866251206,32.14709275418779,0],[34.811864935829085,32.14758395944941,0],[34.811953464349315,32.14782149570232,0],[34.812032464614845,32.14803346215845,0],[34.812098161857236,32.14820973638947,0],[34.812230317880015,32.148564327823976,0],[34.81235661067261,32.14890318022927,0],[34.81248080743818,32.14923640882276,0],[34.812606257405236,32.14957299577853,0],[34.81264801103429,32.14968502227149,0],[34.8126494876037,32.1496889838481,0],[34.812714912620564,32.1498645219319,0],[34.8128456428953,32.15021527117264,0],[34.812971226498625,32.15055221073656,0],[34.81306308383253,32.1507986605894,0],[34.81309988999387,32.150897409157636,0],[34.81321036028233,32.15119379653055,0],[34.81333713705785,32.15153392987356,0],[34.81342047921934,32.151757529106895,0],[34.81345060406709,32.15183835030114,0],[34.813540727397395,32.152080140333396,0],[34.813661785473606,32.15240492361323,0],[34.81375577291218,32.15265707782477,0],[34.813778313785,32.15271755303999,0],[34.8138372945681,32.152875788003406,0],[34.81391577627584,32.15308633937137,0],[34.81400325153114,32.153321021165496,0],[34.814053007185095,32.15345450349763,0],[34.81410598465046,32.153596632978584,0],[34.8141563746573,32.15373181887804,0],[34.81419092249767,32.15382450378663,0],[34.814271121474384,32.154039657471934,0],[34.81428643773619,32.15408074732861,0],[34.81438927629302,32.154356637861426,0],[34.814478993669496,32.15459732573257,0],[34.81457155578857,32.154843198503826,0],[34.8146222830525,32.15497592428365,0],[34.814691795120375,32.15515556789689,0],[34.81477151507042,32.155358530419136,0],[34.81481443398885,32.155466230270804,0],[34.81485345860984,32.15556415907505,0],[34.81489350545462,32.15566377282885,0],[34.81491297401617,32.15571219872304,0],[34.81502977326169,32.15599972220407,0],[34.81516078446064,32.156317646741634,0],[34.815245717095266,32.15652124719784,0],[34.81540583125609,32.156899913648104,0],[34.81551676941529,32.15715818839013,0],[34.81553748293587,32.15720641149857,0],[34.81557422107487,32.157291440314246,0],[34.8156450857729,32.157455450680956,0],[34.815767925444334,32.15773975008779,0],[34.81587484297807,32.15798719892422,0],[34.81594779463114,32.158156038224384,0],[34.81602589675868,32.15833679495141,0],[34.81602864821815,32.1583431636354,0],[34.81622753558078,32.158803458758314,0],[34.816323670005,32.15902594716546,0],[34.816384372192665,32.15916643190248,0],[34.8164425054731,32.159314038187496,0],[34.81650883882679,32.15945011690439,0],[34.81657256866162,32.1595579412206,0],[34.816647926978405,32.159666732672896,0],[34.81670802454877,32.159745925166746,0],[34.81678943759402,32.159844402514,0],[34.81687330356651,32.15993694280147,0],[34.81695448757659,32.16001922972459,0],[34.81704825272467,32.16010659514344,0],[34.81708560621475,32.160137974113304,0],[34.817183399782024,32.160220125959945,0],[34.81724158862382,32.160265042099205,0],[34.817316760784145,32.16031989184426,0],[34.81740730116073,32.160381560896084,0],[34.81758153082747,32.16048808405681,0],[34.81771613896542,32.16056057636138,0],[34.81781865417455,32.16061059557471,0],[34.818790077962056,32.16102760087647,0],[34.818766231360804,32.16107628822392,0],[34.81780490049795,32.160676093854725,0],[34.817676190925155,32.160613804348706,0],[34.81754440757235,32.160542900552414,0],[34.817491669155295,32.160512358420455,0],[34.81734990174994,32.16043499963006,0],[34.8172778104573,32.16038609212575,0],[34.81719720971589,32.16032792704426,0],[34.81712563827824,32.16027294757124,0],[34.817038013620966,32.16020097090706,0],[34.8169433507514,32.16011679863291,0],[34.8168518023042,32.160028194570856,0],[34.81676481315034,32.159936422035265,0],[34.8166953926824,32.159857032373715,0],[34.816636391246476,32.15978458582596,0],[34.81656694113463,32.159692475525524,0],[34.81650225977679,32.15959879087204,0],[34.81645111140989,32.159518187381025,0],[34.8164315468006,32.15952507920343,0],[34.81652135839422,32.15976597588327,0],[34.816679697207455,32.16019068261163,0],[34.81682302717361,32.160575125672324,0],[34.81696724930613,32.160961959191724,0],[34.81707163707173,32.1612419470358,0],[34.817156627286515,32.16146983564689,0],[34.81719259642524,32.16156273231148,0],[34.81723231582167,32.16165399559748,0],[34.817269496450116,32.16172667178148,0],[34.817317501425464,32.161804254272155,0],[34.81737404261575,32.161877062691836,0],[34.81742617568502,32.16193061006691,0],[34.817469497400715,32.16196727355078,0],[34.817541228986386,32.16201532044644,0],[34.81763896998044,32.162060041690765,0],[34.81770580132054,32.16207884239931,0],[34.817804435739184,32.162090518808064,0],[34.81785100166614,32.16208951581112,0],[34.817913417125766,32.162081569727484,0],[34.81800991694297,32.162053698317976,0],[34.81802452814816,32.1620711445336,0],[34.818047860188074,32.162058885771934,0],[34.81807534328139,32.16204445647619,0],[34.81812147744644,32.162012357872115,0],[34.81816221823303,32.161975352449055,0],[34.8181968494343,32.16193409091307,0],[34.81822476479432,32.16188929644805,0],[34.81824547440261,32.16184175661859,0],[34.818272285359186,32.16176270475268,0],[34.8182914775287,32.16168206504856,0],[34.818304634740414,32.1616234707176,0],[34.818343244348185,32.16163325286884,0],[34.81838051949722,32.16164625118501,0],[34.81842224067029,32.16165877609215,0],[34.81839289707731,32.16183417699817,0],[34.818351253645645,32.16191483118533,0],[34.8183013212157,32.16200248310866,0],[34.81822666681034,32.16207601077325,0],[34.81814383232906,32.16213019734937,0],[34.81809828168616,32.1621581558783,0],[34.81809876459368,32.162159784159115,0],[34.81797420380315,32.16220232933529,0],[34.817869943347304,32.162220491018445,0],[34.817861489871305,32.16222075105872,0],[34.817805824994636,32.162222466619575,0],[34.817740116120646,32.162218244822334,0],[34.817650520602314,32.162201955443585,0],[34.81757252271331,32.16217692355506,0],[34.81750986429513,32.16214826377764,0],[34.817441883380326,32.16210672924826,0],[34.81738794121527,32.16206456669835,0],[34.817352638120475,32.162031697144265,0],[34.817325928256416,32.162002874892806,0],[34.81732065487931,32.161997184777775,0],[34.81731375738767,32.16198974114777,0],[34.81728414438202,32.16195302576619,0],[34.81725691904854,32.16191499657879,0],[34.81723190443517,32.16187588299892,0],[34.8172045202649,32.1618277939864,0],[34.81718363258186,32.16178696431736,0],[34.817164483548225,32.16174612643874,0],[34.81714610186595,32.16170383002596,0],[34.817119007330994,32.16163641228003,0],[34.81707928240583,32.16153094684804,0],[34.81702773086621,32.161392668290326,0],[34.81698068785785,32.16126648372498,0],[34.81694718319892,32.161280955668296,0],[34.816953314221145,32.16129740031874,0],[34.81702356690604,32.161485839820415,0],[34.81712917969896,32.16176912463912,0],[34.817300215628805,32.16222789160465,0],[34.81741432592595,32.16251896465547,0],[34.81757366026111,32.16291160957314,0],[34.817752846163565,32.1633446234766,0],[34.817854935731475,32.16358684164887,0],[34.81789063114762,32.16357919720878,0],[34.81788535568008,32.16347176860173,0],[34.817882685340976,32.16338183341192,0],[34.817889335233716,32.163254600325125,0],[34.8179039399249,32.16315057532632,0],[34.81793638862526,32.16301267905993,0],[34.818057235515134,32.16272324751335,0],[34.81823519794204,32.16244265803895,0],[34.81823831683903,32.16242883338974,0],[34.81846455163303,32.162055264321545,0],[34.81850775183155,32.16198253064926,0],[34.81858858034658,32.16182793019938,0],[34.81863417235221,32.16172239530238,0],[34.818735115443424,32.161752697926126,0],[34.818781909322595,32.16180198831591,0],[34.8181398586825,32.16275396720618,0],[34.81802861858447,32.1630093211437,0],[34.81799214160405,32.1631484504875,0],[34.81796921306975,32.16330616624455,0],[34.817969051650074,32.1634963686148,0],[34.817995318724165,32.16369104154079,0],[34.81806476238991,32.16391486187574,0],[34.81813874044911,32.16411385114525,0],[34.81821544538234,32.16431589128563,0],[34.81827367821143,32.16445743700049,0],[34.81828030826816,32.16447355485651,0],[34.81830238542214,32.16452721664349,0],[34.81843296620664,32.16482249434492,0],[34.81852376413383,32.16502449881553,0],[34.818631509555594,32.16526187298579,0],[34.818832657363586,32.16569851422105,0],[34.818956701073894,32.16596564680315,0],[34.81911248980968,32.16630114134107,0],[34.819204758072416,32.16649984204956,0],[34.8195279049986,32.16719573466498,0],[34.81967984924613,32.16752294115904,0],[34.819882589995274,32.16795953225519,0],[34.82004710727799,32.168313806345026,0],[34.82011651003181,32.16846325939322,0],[34.82022536069842,32.16869763886918,0],[34.820267107359165,32.1687875266643,0],[34.820327215242806,32.168916951767194,0],[34.820340700924525,32.168945528522706,0],[34.82051216934922,32.169308880513334,0],[34.82063197169515,32.169557208160334,0],[34.8207333963377,32.16976420023791,0],[34.82082620969031,32.16995111422095,0],[34.820929803742644,32.17015699901548,0],[34.82101118154277,32.17031677169628,0],[34.821153489839325,32.17059217071476,0],[34.82135596940018,32.17097562675126,0],[34.82160474981867,32.17143971059159,0],[34.82179940683709,32.17180278281345,0],[34.82199439573709,32.172166468933206,0],[34.8222169930399,32.17258164569752,0],[34.82233316398907,32.17279832005752,0],[34.82242003454027,32.172960344780584,0],[34.82257251007384,32.173244730166545,0],[34.82268414089956,32.17345293363084,0],[34.82288992753648,32.17383659186061,0],[34.823183306971906,32.174369533998245,0],[34.82336137351933,32.174681697158654,0],[34.823392397483964,32.17473608291801,0],[34.82348265551214,32.17489111839848,0],[34.823571921227966,32.175042634800874,0],[34.82370221889376,32.175260661556,0],[34.823826339143466,32.17546741903372,0],[34.82428042361169,32.17617909951285,0],[34.82439904056271,32.176371498033134,0],[34.824521412663366,32.17656998748673,0],[34.82468862778328,32.176827117729076,0],[34.824786733870006,32.17696125370673,0],[34.82482337622879,32.17701068808048,0],[34.824860477434775,32.17705968375352,0],[34.82493233773246,32.1771236774115,0],[34.825048023144404,32.177241714210496,0],[34.82529885853591,32.1775085702175,0],[34.825695923247565,32.177952704460175,0],[34.82594402216999,32.178260430272175,0],[34.826110808517264,32.17846730046524,0],[34.82621497490603,32.17855398758562,0],[34.82631301626686,32.17859007031525,0],[34.82641115521055,32.17860229318257,0],[34.82653038408914,32.178602649384686,0],[34.826747777655676,32.178609262912644,0],[34.82753345778774,32.178569851998375,0],[34.82830530776047,32.178482675824085,0],[34.829112199155716,32.17840156413881,0],[34.82913917622124,32.17866409875301,0],[34.82881638526891,32.178704894809634,0],[34.82842331103219,32.17878127083908,0],[34.82819865880767,32.178834287448225,0],[34.82814240346877,32.178869908904126,0],[34.8281281313946,32.17892951529811,0],[34.8281347773905,32.17901900833256,0],[34.8281621442456,32.17918610667104,0],[34.82802886321894,32.1791916745386,0],[34.82798788588918,32.17892313282018,0],[34.82793908608537,32.178851409170456,0],[34.82786902475862,32.17883330671981,0],[34.8270549926734,32.17894421356749,0],[34.82659183017427,32.17900844431266,0],[34.82651450978868,32.17904996827166,0],[34.82645089584873,32.179169075902294,0],[34.82636259891037,32.17917079596962,0],[34.82636243322403,32.17926530424333,0],[34.8264913800449,32.17986041218876,0],[34.82660369803377,32.180272464020256,0],[34.8266459314996,32.180412606989265,0],[34.82667852096071,32.18052073157007,0],[34.82671735809923,32.18064296322925,0],[34.826747203969376,32.180729924852784,0],[34.82678203122554,32.18082514446606,0],[34.82759759483866,32.182678829680434,0],[34.82767165670799,32.18280016767428,0],[34.827818743782544,32.18313640319754,0],[34.82806670789249,32.183636416962344,0],[34.828086158523014,32.18368096569639,0],[34.8284103006426,32.18442335714865,0],[34.82845928939652,32.184548471606725,0],[34.82878376190103,32.18537714841646,0],[34.82899112416959,32.1859807148856,0],[34.829351434557864,32.187171978225216,0],[34.82942944305083,32.18743708860965,0],[34.829659076493094,32.18821747933769,0],[34.82999022542696,32.18943817188477,0],[34.82999072915648,32.189439203202,0],[34.830007299843416,32.189473083212484,0],[34.83012488682063,32.18977811274581,0],[34.83021896625513,32.18997719983152,0],[34.83022726250417,32.189992403036506,0],[34.830344755547344,32.19019731801817,0],[34.830365211961876,32.19023068644197,0],[34.8304942814967,32.19041822766951,0],[34.83052053465101,32.19045284412595,0],[34.83069865978915,32.190669345432255,0],[34.83073971475976,32.19071386827892,0],[34.83082054762517,32.19079859968011,0],[34.830861577767365,32.19083910410869,0],[34.831055156536934,32.19101609152792,0],[34.83108945041632,32.19104422890811,0],[34.83123407124827,32.19115817460684,0],[34.831275095139894,32.191188858563955,0],[34.83151295745952,32.19134914340509,0],[34.83156683621439,32.19138249203445,0],[34.83164102603595,32.191425998569734,0],[34.831699801546584,32.19145896479409,0],[34.832022643579634,32.19161953604313,0],[34.83203723510847,32.19162616826605,0],[34.8320530830891,32.19163337140215,0],[34.83225019590476,32.191713733301654,0],[34.83227047007009,32.19172099542502,0],[34.83261562029486,32.19183374570309,0],[34.8326500256403,32.191843003449286,0],[34.83298298700246,32.191920948104105,0],[34.83302920150015,32.19192950007062,0],[34.8333071031481,32.19197259545329,0],[34.83335140783381,32.19197721717844,0],[34.8334123411117,32.191983046445756,0],[34.83384545610802,32.19186171008501,0],[34.83419519819211,32.19175894553564,0],[34.83475154116057,32.19156373176099,0],[34.835168865470855,32.19140032111651,0],[34.835544173340644,32.19121889084531,0],[34.83593222183049,32.19100886523729,0],[34.8364470466503,32.190670366321136,0],[34.8367552123931,32.19043863267592,0],[34.83738011491674,32.189935819194396,0],[34.83769258512836,32.189679042610095,0],[34.837983968474205,32.18943294157624,0],[34.83845678986289,32.18906926042962,0],[34.83890438641564,32.18869834629989,0],[34.8393054561633,32.18838455894777,0],[34.83942783228516,32.18830259723759,0],[34.83949913479156,32.18836364480456,0],[34.8388826426144,32.18887365067159,0],[34.838236655135155,32.18939072636072,0],[34.837573725476226,32.18993280173334,0],[34.837020600923466,32.19037856202384,0],[34.83648440527201,32.19079931599525,0],[34.83599917099148,32.19110569168043,0],[34.83556053166971,32.19133704300617,0],[34.83501654394749,32.191600295620155,0],[34.834493914225234,32.19178487174594,0],[34.833971398377486,32.19194081560951,0],[34.8337990197339,32.1920057721849,0],[34.83411405126109,32.19199988021475,0],[34.83415995089361,32.19199744363294,0],[34.8344654563658,32.1919684311741,0],[34.83452566610395,32.19196045433482,0],[34.834662991370216,32.19193877954245,0],[34.834728715438644,32.19192741182484,0],[34.83494756155404,32.19188120324345,0],[34.835025074156945,32.19186132730211,0],[34.8351244158789,32.19183529912292,0],[34.83516330794578,32.19182363911177,0],[34.83536648183329,32.191759073525176,0],[34.83540941308979,32.19174427713047,0],[34.83589793423021,32.19153623106455,0],[34.835920647658966,32.191525084582445,0],[34.836169414069744,32.191387015254094,0],[34.836209860543285,32.19136268951792,0],[34.8364271767871,32.19121914001374,0],[34.83648720393099,32.19117546046609,0],[34.836582996552856,32.19110346278952,0],[34.83669846197285,32.19100948467719,0],[34.836891550647096,32.190841077754385,0],[34.83725804860228,32.19050624569012,0],[34.83785554370726,32.18995897217083,0],[34.83841868398279,32.18942759111887,0],[34.838849801007576,32.18907767153346,0],[34.83941969719443,32.18854350090674,0],[34.83955787090789,32.18842425840063,0],[34.8396382493178,32.18849606859799,0],[34.839505124256995,32.18860682021729,0],[34.83894720472553,32.18911923625141,0],[34.83802709636343,32.18996881882773,0],[34.83765918406656,32.19030693243056,0],[34.83711199018386,32.19080964470239,0],[34.83694496641971,32.190960779362555,0],[34.836805358659745,32.191081986044345,0],[34.83673890727031,32.19113705451304,0],[34.83661250091036,32.191236577415715,0],[34.83652230099716,32.19130278936536,0],[34.836402062435276,32.191385295479755,0],[34.836264652939526,32.19147219724507,0],[34.83610858988691,32.19156218361684,0],[34.836022855552265,32.1916079649889,0],[34.83586664837063,32.191685179713886,0],[34.83576439220396,32.191731626969656,0],[34.8356009164967,32.19179954903812,0],[34.83547108099606,32.19184822417144,0],[34.83528152810564,32.19191136609963,0],[34.83512198468513,32.191957569874326,0],[34.834995349423764,32.191989914617025,0],[34.83482809811106,32.192026959633445,0],[34.83471354821747,32.19204870478687,0],[34.834543096370496,32.192075738494744,0],[34.83440662380398,32.192092879726985,0],[34.83423954147449,32.19210850732587,0],[34.834094438344835,32.19211735008646,0],[34.83394096082407,32.19212195776832,0],[34.83381259861187,32.1921220794896,0],[34.83366863727106,32.192118173122104,0],[34.83356482225844,32.192112695288806,0],[34.8334220771718,32.19210150226674,0],[34.83319608175874,32.192164014735425,0],[34.83249667884369,32.19234806359712,0],[34.83204165727768,32.19246482916077,0],[34.83162854512126,32.19262466358802,0],[34.83124039343003,32.192856148592135,0],[34.83095316087242,32.193109404360506,0],[34.8307715114462,32.19327349834927,0],[34.830738514108994,32.1931087703632,0],[34.83093277459278,32.19294829279688,0],[34.83122408424839,32.192727259551965,0],[34.83141400271505,32.192598978873676,0],[34.83182291966446,32.19243555364898,0],[34.83212637062694,32.19233265847249,0],[34.83245084908462,32.19223340354584,0],[34.83312006836104,32.19206364871786,0],[34.832980709927824,32.19203955444325,0],[34.832902538289126,32.1920241615211,0],[34.83280361029089,32.19200271257444,0],[34.83271086028325,32.19198056930566,0],[34.832561797997,32.191940757891146,0],[34.832459290715775,32.19191027319924,0],[34.832335297258034,32.19186990039093,0],[34.8322563564597,32.191842139683814,0],[34.83210376035082,32.191783760629235,0],[34.83199994018759,32.19174034116527,0],[34.83183216491929,32.19166347130294,0],[34.831758263602254,32.191625346615,0],[34.831634686395866,32.19156159495747,0],[34.83144975612972,32.19145390008918,0],[34.83132774014061,32.19137564770242,0],[34.83122597018392,32.19130558262541,0],[34.83114613874362,32.191247327818886,0],[34.83103796961144,32.19116339065395,0],[34.83095788862148,32.191097228237844,0],[34.83089235656805,32.19104032216208,0],[34.83084873726672,32.19100097248373,0],[34.83080628615825,32.19096147835004,0],[34.830762975058434,32.19091990667954,0],[34.83073203260871,32.190889375885085,0],[34.830686053266355,32.19084266250567,0],[34.83064603267184,32.190800621675734,0],[34.83060673026498,32.19075800762378,0],[34.83057021918,32.19071716928692,0],[34.83054002681061,32.19068243749368,0],[34.830505937862746,32.1906421185054,0],[34.83047622854442,32.19060596873248,0],[34.83045488317193,32.19057938625427,0],[34.83043342289405,32.190552120789754,0],[34.83040951146425,32.19052107685467,0],[34.83038355280716,32.19048654150446,0],[34.83034702173672,32.19043637960188,0],[34.83031865719552,32.19039608290277,0],[34.83026570408595,32.19031739438032,0],[34.83021885841261,32.19024357905544,0],[34.830168386798505,32.190158961454166,0],[34.83013409420405,32.19009800826965,0],[34.830101422428285,32.19003695526638,0],[34.830067137131465,32.18996931813526,0],[34.83001994456592,32.189884216906876,0],[34.82999629991793,32.189830822309425,0],[34.82996806999868,32.18975927945609,0],[34.82994787580791,32.18970440172581,0],[34.82991426562478,32.189621636583766,0],[34.829869246029936,32.18950990963505,0],[34.82985576844995,32.18946236516568,0],[34.82960735436448,32.18857688963169,0],[34.8295924825176,32.18857801245771,0],[34.8298411750059,32.18949412932545,0],[34.82993905259073,32.189915054374424,0],[34.83010328224635,32.190621319343364,0],[34.830229974206404,32.19116604914681,0],[34.83023186357321,32.191174176112035,0],[34.830648006316714,32.19296339942777,0],[34.830667917650764,32.19304053646988,0],[34.8309639410616,32.19418729548223,0],[34.83096440458434,32.19418909228197,0],[34.8309683751264,32.19419089943713,0],[34.83105751921447,32.19423146468805,0],[34.83110808310173,32.194254473903584,0],[34.831363125547504,32.19434512695029,0],[34.831373938072815,32.19434780374459,0],[34.8318547635013,32.1944668222396,0],[34.831858157325144,32.194467287632584,0],[34.831927320517224,32.19447677691214,0],[34.83193580295599,32.1944779408342,0],[34.83210559337575,32.194494571698804,0],[34.832319182936146,32.19450041343267,0],[34.832320696449756,32.19450036918981,0],[34.83242410431143,32.19449734854312,0],[34.83247998445354,32.19449571655628,0],[34.832659604245336,32.19448117602321,0],[34.83285047847713,32.19445477390654,0],[34.832893200998456,32.19444921914191,0],[34.832994629823276,32.194436032833984,0],[34.83328552639118,32.194345226015734,0],[34.83336036842159,32.194318171471515,0],[34.833414571490714,32.19429857713331,0],[34.83351861570117,32.1942609654219,0],[34.8335686261654,32.19423885269303,0],[34.833680720146354,32.194189288896936,0],[34.83386490514472,32.19409059929996,0],[34.83391991899182,32.194061121876125,0],[34.83408548841131,32.19395384303351,0],[34.83411156863059,32.1939369444088,0],[34.83429645679261,32.19379974418449,0],[34.834315760194066,32.193783941178914,0],[34.834448206738685,32.193675516158805,0],[34.83454147514576,32.193602267342555,0],[34.83455929282043,32.19358827432273,0],[34.83493468336117,32.19324769485881,0],[34.83500986097087,32.193179488761494,0],[34.835032314180744,32.19315911743969,0],[34.8352045582641,32.192999367046625,0],[34.83547145918643,32.192751824429706,0],[34.835627373994186,32.19260721709242,0],[34.835726425035304,32.19251534908334,0],[34.83760532764162,32.1907726527006,0],[34.837634745979486,32.19074536645901,0],[34.83772000984622,32.190664175350896,0],[34.838492114853175,32.18992894490151,0],[34.8394428623493,32.18898359500063,0],[34.83969243124217,32.18874652051993,0],[34.83969433603424,32.188748052716896,0],[34.83980946856319,32.18865463164577,0],[34.839945734832725,32.1887832693544,0],[34.83982698660022,32.18885477331412,0],[34.8391828516558,32.189473610931955,0],[34.83810500929956,32.19055484885158,0],[34.83726800703201,32.19139446360457,0],[34.83726201141259,32.191400478167715,0],[34.83614707569809,32.19251886060093,0],[34.83604373535809,32.192621806464594,0],[34.83521007685533,32.19345227110322,0],[34.83435193005333,32.19430711001067,0],[34.83422593263996,32.19443277315839,0],[34.83379367760099,32.194880161189154,0],[34.833764805734724,32.19491303730208,0],[34.83363139442536,32.195064946771794,0],[34.83350446310189,32.19522112245251,0],[34.833363118737,32.195412387003955,0],[34.83324777089562,32.1955851736988,0],[34.83305508558752,32.1959190965404,0],[34.8329412125998,32.19615457584205,0],[34.83279532643663,32.19652645065999,0],[34.83270722624373,32.196821608150984,0],[34.83263893561916,32.19715707264098,0],[34.832621466555004,32.19724288361563,0],[34.83256831305951,32.19765639952089,0],[34.83258405563473,32.19807941343624,0],[34.83262031089995,32.19843083274975,0],[34.83265437277479,32.198628205636986,0],[34.83268799913825,32.19878247969824,0],[34.83275933568858,32.1990507593949,0],[34.833003483399736,32.19991675836361,0],[34.833130033219895,32.200365625743935,0],[34.83313029829218,32.200366426394595,0],[34.833221255025244,32.20064116055347,0],[34.833333466623365,32.20100280492854,0],[34.83348387476054,32.201423277448555,0],[34.83362379702872,32.201776848080456,0],[34.8338035960314,32.202207682053206,0],[34.83403500776091,32.20274836483894,0],[34.83427770887302,32.2032885860411,0],[34.83455902340916,32.20387725468247,0],[34.83494932559175,32.20464083416206,0],[34.835055775807774,32.204835276853395,0],[34.835632157434844,32.205888078229734,0],[34.83633622024344,32.20702744807485,0],[34.83638263078887,32.2071025528737,0],[34.836380753289866,32.2071033815481,0],[34.836671571036455,32.207578392845285,0],[34.836753594345026,32.20771236503363,0],[34.83745724213712,32.208861648519154,0],[34.8376441138056,32.20914150637632,0],[34.83813500609047,32.20987665133457,0],[34.83856474827437,32.21051873945854,0],[34.838592118624675,32.21055785633976,0],[34.838639221559966,32.21061935004722,0],[34.83855624181495,32.21066784891371,0],[34.838478592094134,32.21055604531393,0],[34.838468568125364,32.210560403420885,0],[34.83850147433858,32.21061510903531,0],[34.83888053670869,32.211252287104706,0],[34.839041218100114,32.211562975327,0],[34.83915255830876,32.21177825948085,0],[34.83928940468567,32.21210451973423,0],[34.83945691881547,32.21256447929361,0],[34.83948560361166,32.21267417509063,0],[34.839571465044486,32.213151055861935,0],[34.83958565392753,32.21328318283571,0],[34.83959653633083,32.21342865820057,0],[34.839601202079876,32.21356558036009,0],[34.839603667062164,32.21369394467106,0],[34.83960038654347,32.21384557973766,0],[34.83958965464253,32.21401070543699,0],[34.8395784623031,32.214142100860236,0],[34.83956324442342,32.21426553555134,0],[34.839539212736966,32.214413180799475,0],[34.83951591795527,32.214542288656524,0],[34.83949112421235,32.21465122948294,0],[34.83944470372016,32.2148380858104,0],[34.83939030958013,32.21501561913013,0],[34.83933042268055,32.21519183259876,0],[34.839270323113624,32.21534582037449,0],[34.83921324640766,32.21547859006526,0],[34.83915106461219,32.21561151360891,0],[34.83907835814755,32.21576347735462,0],[34.838996913147255,32.21591699299398,0],[34.838926110630354,32.21603915501562,0],[34.838899393677984,32.21608525204586,0],[34.8387705981751,32.216286753618135,0],[34.83853826674324,32.21660488896409,0],[34.83843017482055,32.216737232873484,0],[34.83833510863107,32.216846829366645,0],[34.83823538805764,32.216952869247926,0],[34.83813602945444,32.21705852413862,0],[34.83765953248287,32.2174896562235,0],[34.83742666385498,32.21767518253475,0],[34.836920637722365,32.21805018552184,0],[34.83653476886716,32.218328053876355,0],[34.83619618819314,32.21857173198444,0],[34.834772643643326,32.21959623504135,0],[34.834095451084245,32.22008358693271,0],[34.83355992326208,32.22047590746477,0],[34.833292212464556,32.22068859781273,0],[34.83318904274649,32.22077922215151,0],[34.8330478492758,32.220678050010996,0],[34.83301326953727,32.220644565807255,0],[34.83288354882483,32.22055049075109,0],[34.83306333425667,32.22039036238479,0],[34.833158769339676,32.22031070800224,0],[34.83328301138416,32.220207011265096,0],[34.83372580853867,32.219854142983316,0],[34.83465205999336,32.2191253270566,0],[34.83560733908591,32.218372219437434,0],[34.8359030139419,32.21812785874595,0],[34.836101980786694,32.21795036506944,0],[34.83621264506144,32.217844751948945,0],[34.83626620159071,32.217789127108,0],[34.8364142883567,32.21763531944422,0],[34.83658289356883,32.21744053984438,0],[34.836762966409566,32.21720795687387,0],[34.836959218073176,32.216916830824324,0],[34.83709429731802,32.216685456603834,0],[34.83721493190788,32.216448719828065,0],[34.837259427781156,32.21634699316314,0],[34.83732446704213,32.21619829698865,0],[34.837406777509194,32.21597664265834,0],[34.837497239126456,32.21567713409977,0],[34.837540448080894,32.215497621349456,0],[34.837578918935314,32.21529898360272,0],[34.837592833179514,32.21515934869549,0],[34.83760170127227,32.214938901378176,0],[34.83759501580873,32.214724519326396,0],[34.83756857051824,32.21447803460375,0],[34.83752527536401,32.214247215231744,0],[34.83744022447315,32.21394202192317,0],[34.837370177607085,32.21378033485299,0],[34.8374545983942,32.213753422170335,0],[34.83753158485572,32.21394808365128,0],[34.83759956237529,32.2141735216357,0],[34.837602033608505,32.21418336442119,0],[34.83760720200652,32.21418693239354,0],[34.837610643042545,32.21418586746577,0],[34.83761252368758,32.21418243897811,0],[34.83757590238362,32.21389540453624,0],[34.83752173401359,32.21360672572407,0],[34.83739696097862,32.21312878202906,0],[34.837240823658156,32.21266887540635,0],[34.836999914997655,32.212081070225224,0],[34.83659588205856,32.211227230178636,0],[34.83597922721385,32.20998249892475,0],[34.83597646329605,32.20997692062854,0],[34.835145994208055,32.208300542140925,0],[34.83513139365108,32.20829569486092,0],[34.835124404166784,32.208304554193425,0],[34.835923793090835,32.21082899432755,0],[34.83582766913321,32.210855034148985,0],[34.83503843473982,32.20832941832585,0],[34.8347843807447,32.2076651631142,0],[34.83460281344272,32.20725214197158,0],[34.834404398076906,32.20683290854005,0],[34.83437251317772,32.20676553854502,0],[34.833706820465146,32.2053589625628,0],[34.83353029764612,32.20494323842332,0],[34.833495520239595,32.20486133576781,0],[34.83239314668571,32.20251496041791,0],[34.83235806811801,32.20244029416616,0],[34.832172051230714,32.20196666340194,0],[34.83205969503813,32.20164840011161,0],[34.83196627341068,32.201359473030706,0],[34.831719805268825,32.20056285775022,0],[34.831342374449946,32.19934292691236,0],[34.831231253914865,32.198983757503065,0],[34.830667199587516,32.1971706337528,0],[34.83038880163755,32.196289396989464,0],[34.830222612452495,32.19575922544876,0],[34.83010634635273,32.19537235792889,0],[34.830052700614786,32.19511093828565,0],[34.83004479628171,32.19498565226003,0],[34.83004607096075,32.19467428992303,0],[34.83004693538794,32.194463135927826,0],[34.830110333810715,32.194177182747296,0],[34.82998949336914,32.19371020056276,0],[34.82997337444412,32.19364790882636,0],[34.82996501215465,32.19363866433612,0],[34.829964406176835,32.19363799432784,0],[34.82991770682088,32.19358636749443,0],[34.82988666474208,32.19355204875929,0],[34.82983923073459,32.19348950375232,0],[34.82983270263438,32.19348089502518,0],[34.8297813607025,32.19341319741096,0],[34.829760290228165,32.19338541447712,0],[34.82967406117913,32.193244317313436,0],[34.829632959835635,32.19317706389359,0],[34.82960454439398,32.193121372721585,0],[34.82955969834954,32.19303348010869,0],[34.829526047644364,32.192951599422706,0],[34.82947727795378,32.19283293114178,0],[34.829445669735954,32.19272340991139,0],[34.829432297246946,32.19267707591161,0],[34.829400986095266,32.19256858266879,0],[34.82937144240488,32.192395285085574,0],[34.82934337451317,32.19223063987757,0],[34.82931335158163,32.19205452731737,0],[34.829300167429025,32.191957143545196,0],[34.82929421299765,32.19191316351352,0],[34.82925388361091,32.1916152772964,0],[34.82924559996687,32.191554091721635,0],[34.82923397735633,32.19146824354911,0],[34.8292267065473,32.19141453848465,0],[34.82922579976449,32.19140783832067,0],[34.82922398721156,32.19139444971876,0],[34.82922281075541,32.19138575853995,0],[34.82922164971791,32.19137718644101,0],[34.82921950153358,32.19136340908058,0],[34.829207436047696,32.19128600560315,0],[34.8291987956193,32.19123063540526,0],[34.82911981313744,32.19078181546516,0],[34.82908777081059,32.19063622187044,0],[34.828997589791115,32.190226451469314,0],[34.82899125612888,32.190197675097956,0],[34.828933898462466,32.18993704815993,0],[34.828547704317586,32.188443309863736,0],[34.82825426186277,32.187308288649135,0],[34.82810610688435,32.186757429231065,0],[34.8279496212714,32.186175585084115,0],[34.82781767627576,32.18577841874116,0],[34.82763935838472,32.18524166279387,0],[34.82738105063945,32.184583102621694,0],[34.82709812049592,32.183944822386586,0],[34.82695395372883,32.1836454079418,0],[34.826792662335926,32.1832716332497,0],[34.826651249775566,32.18302294067584,0],[34.826652510733055,32.183017247027735,0],[34.826626927523634,32.18296325981688,0],[34.825190561198745,32.180497103518064,0],[34.82511166261674,32.180375594443625,0],[34.82504015108243,32.18026546082199,0],[34.82496916440429,32.18015613762553,0],[34.82488376147332,32.18002461001142,0],[34.82486904726613,32.1800028781711,0],[34.824826952377194,32.17994070341877,0],[34.82451772315177,32.17944031791627,0],[34.82445708312929,32.17936985052907,0],[34.82437415186212,32.17934179968462,0],[34.82429013837998,32.179305758510154,0],[34.824149942187525,32.179287442338556,0],[34.823967565273755,32.179292859238316,0],[34.82356063261875,32.17932742354093,0],[34.82335012738232,32.17935064969214,0],[34.8231326577996,32.17936192401573,0],[34.82302872278512,32.17905740133877,0],[34.823569110277994,32.17897552133409,0],[34.82390593223177,32.17893478088861,0],[34.824025384680155,32.178881455635995,0],[34.82408193912232,32.17877425849788,0],[34.824078666146754,32.178654819329694,0],[34.824065840867284,32.178586382910126,0],[34.824054674193306,32.17856252443022,0],[34.82404013898639,32.17855930737952,0],[34.82402789536376,32.178561898338785,0],[34.82342619937908,32.17722927991889,0],[34.82342026552233,32.177216138508854,0],[34.82336598471727,32.17709591623292,0],[34.822784308579905,32.175748899373524,0],[34.822535130649875,32.175171854135506,0],[34.82246262651524,32.175023583510765,0],[34.82229269055954,32.17469335765413,0],[34.82223869218649,32.17459050211359,0],[34.8221325955363,32.174388407412195,0],[34.821967091694056,32.1740731540494,0],[34.821788069145036,32.173732146335155,0],[34.82176882391912,32.17369548774791,0],[34.82153842307872,32.1732566105194,0],[34.82141588986921,32.17302320267379,0],[34.82136080898316,32.172918280199944,0],[34.82125073383897,32.17270859956252,0],[34.821103929537436,32.17242895326824,0],[34.820946820132306,32.17212967726067,0],[34.82080672735892,32.171862811079635,0],[34.82065282692614,32.17156964222975,0],[34.82046214198917,32.171206399050924,0],[34.820302892101694,32.17090303427038,0],[34.820221081878294,32.170747188878515,0],[34.820220614873094,32.170746299210734,0],[34.82005901999555,32.17043846319499,0],[34.81989508909239,32.17012617590946,0],[34.81934017538457,32.16906905178918,0],[34.81931732030967,32.16902551209119,0],[34.81929276559438,32.16897873344484,0],[34.81871179493337,32.167871939331626,0],[34.818701083927,32.16785153464346,0],[34.81860034982554,32.16765962612849,0],[34.818481928242576,32.167433459190335,0],[34.818481838850296,32.16743328758008,0],[34.8183435774456,32.16716190352054,0],[34.81821051439832,32.16689114386828,0],[34.81812132227223,32.16670152462315,0],[34.81803437069552,32.16651666992758,0],[34.818000622993175,32.166441369503005,0],[34.8178917216067,32.16619837684678,0],[34.81775258928784,32.165873241737714,0],[34.817625072959316,32.16556369762458,0],[34.8175813444614,32.16545754563724,0],[34.81751126588865,32.165282876308545,0],[34.81744033675993,32.165106085160325,0],[34.81736333547597,32.16491045079947,0],[34.817306991239406,32.16476630612668,0],[34.817159661350836,32.16438939404958,0],[34.81713538390076,32.16432448467946,0],[34.81700314216604,32.16397091328591,0],[34.816696555937966,32.16315118761624,0],[34.81645631537438,32.16262277270239,0],[34.81636786947199,32.16249478007783,0],[34.81636561251877,32.16249151413339,0],[34.816335036199376,32.16244726664054,0],[34.816331204017644,32.162441721582,0],[34.8162083307636,32.16230575164051,0],[34.81616149860183,32.16226250750966,0],[34.81613144988874,32.16224037947889,0],[34.81599340438159,32.162138723193976,0],[34.81586708714274,32.162077330157494,0],[34.81571647977448,32.16203085172846,0],[34.815627366346625,32.16201750129245,0],[34.81550771590157,32.162010690420324,0],[34.815431781049945,32.1620152734149,0],[34.81535939891849,32.162035015342845,0],[34.81531234202009,32.16199164666393,0],[34.81530213796758,32.16195830723862,0],[34.81547617035999,32.16193719239519,0],[34.8156801371342,32.16196181814642,0],[34.815857573142736,32.162012484793806,0],[34.81590236581561,32.16203013664644,0],[34.81599175231569,32.16207209210557,0],[34.81613797038763,32.16216395942664,0],[34.816239076914194,32.162254401366546,0],[34.81623944233274,32.16225472802913,0],[34.81627106575209,32.16228301639679,0],[34.81640577107551,32.16244151919857,0],[34.816418204805665,32.16245614898251,0],[34.816488249433746,32.16256202408185,0],[34.81655139419251,32.162686333767006,0],[34.81657879078194,32.16274248123405,0],[34.81659944721945,32.1627352744144,0],[34.81659853446745,32.16272951286714,0],[34.816525951130686,32.16252065699717,0],[34.81652576890173,32.162520129800626,0],[34.81648809012276,32.162411711739715,0],[34.81641728170117,32.162205662161085,0],[34.81641481864929,32.162198497201864,0],[34.816376032074345,32.162085629944094,0],[34.81633662669836,32.161970960827446,0],[34.81623000574093,32.16166069379835,0],[34.816200387819734,32.161574507539534,0],[34.81615532803442,32.161443380707176,0],[34.816074101548544,32.16120701094612,0],[34.816012796533386,32.161018004111476,0],[34.81600156420151,32.16098337294055,0],[34.81593225121641,32.16076967696385,0],[34.81590510508469,32.16076816340461,0],[34.81591606343087,32.16081413630183,0],[34.815927218850575,32.160868882294764,0],[34.815938271989374,32.1609369950207,0],[34.8159433387292,32.16098660924087,0],[34.81594431583497,32.16099617919821,0],[34.81594981314393,32.161050004236934,0],[34.8159530350297,32.161154156804976,0],[34.815949318807014,32.16123499245472,0],[34.81594509473009,32.16126961315362,0],[34.81594156761799,32.16129037927902,0],[34.81592999011226,32.16133660401958,0],[34.815907602157885,32.161394925377905,0],[34.81587217329574,32.161458335099155,0],[34.81582763058461,32.161516243033965,0],[34.81576548741037,32.16157597800483,0],[34.81568964648548,32.16162894270542,0],[34.81562296005183,32.1616630757138,0],[34.815529924329226,32.16169595630458,0],[34.81548324923702,32.16170573060322,0],[34.81544908831462,32.161712884009845,0],[34.815347473197434,32.16172050365719,0],[34.815272264243035,32.16171672750927,0],[34.815174719264675,32.16169957418275,0],[34.81509086160766,32.16167267590293,0],[34.81502206009295,32.161640723446176,0],[34.81494780436316,32.161593557412736,0],[34.81488282668683,32.16153721094576,0],[34.81481888359455,32.16145723475012,0],[34.814783301140736,32.161395119881725,0],[34.814760604874785,32.16133588979097,0],[34.81474525709561,32.16126650576622,0],[34.8147409742828,32.161204467424206,0],[34.814746557526576,32.1611345553834,0],[34.81476521595171,32.16105946501695,0],[34.814795174871804,32.160990164584604,0],[34.814826281672616,32.16093909350287,0],[34.81488434878896,32.16086916717685,0],[34.81493640704731,32.16082243678718,0],[34.81499437711576,32.16078177369195,0],[34.815029946813404,32.16076135959324,0],[34.81507260458506,32.16074064716171,0],[34.8151244943859,32.160720285051276,0],[34.815192796504874,32.16069898234773,0],[34.8152238601964,32.160691400155265,0],[34.815244219666305,32.1607599681036,0],[34.815233376878254,32.16076271223219,0],[34.81514727926155,32.16079036193546,0],[34.81501954599894,32.16085635960777,0],[34.81495643451387,32.16090845225035,0],[34.81488839192899,32.16099230020413,0],[34.814851958551934,32.161064939848465,0],[34.81483184750493,32.16113687043655,0],[34.8148258001347,32.16120126848699,0],[34.81483438682055,32.16128578966494,0],[34.8148518734639,32.161344331881125,0],[34.814887900791156,32.16141576165741,0],[34.814930162766096,32.16147197778875,0],[34.81498918670103,32.16152810030453,0],[34.815035923553395,32.16156137993635,0],[34.815112996638284,32.1616016722208,0],[34.81519203241882,32.16162866476982,0],[34.81526356298949,32.161642846083915,0],[34.81532527905936,32.161648033513124,0],[34.815408467366936,32.16164509698013,0],[34.81546180608853,32.161637128710375,0],[34.81552121560106,32.161622288594,0],[34.815602942638684,32.16159023626343,0],[34.81567086395578,32.16155088486553,0],[34.81573392989969,32.16149979090155,0],[34.815771604216465,32.16145910569389,0],[34.81578695523703,32.1614392470043,0],[34.81580486751167,32.161412639159884,0],[34.815822476452446,32.16138131588868,0],[34.81583673895158,32.16134990929487,0],[34.81584996230586,32.16131156033077,0],[34.8158609285205,32.161260754494485,0],[34.815864806697256,32.1612289607106,0],[34.81586833190167,32.16115568407786,0],[34.81586725721818,32.16108042203479,0],[34.81586060571713,32.16098532360084,0],[34.81584140050311,32.16085298107986,0],[34.81582050189569,32.16075871541951,0],[34.81570408847997,32.16042077834863,0],[34.81570171133634,32.1604138778587,0],[34.81569038378381,32.160380994912025,0],[34.81557591183988,32.16007064093351,0],[34.81548677675067,32.1598289764674,0],[34.81544399206956,32.15971297825687,0],[34.815366787290266,32.15950365835607,0],[34.81532404797527,32.15938778197996,0],[34.81530483675016,32.15933569574595,0],[34.81526787529977,32.15923548385997,0],[34.815179451313114,32.158995743930234,0],[34.81489676288412,32.158244370437636,0],[34.81495091294721,32.158427536683625,0],[34.81499157995639,32.1585650999893,0],[34.815033634924255,32.158707355893,0],[34.81508086788195,32.158864228394876,0],[34.815126743439336,32.159022499866566,0],[34.81515517792582,32.159123810084196,0],[34.81523828036221,32.159436621843035,0],[34.81524628185993,32.159467572015075,0],[34.81530147860361,32.159693141986246,0],[34.81530488074527,32.15970704343072,0],[34.81534963495879,32.159901873029675,0],[34.81536048694301,32.15995382804535,0],[34.8153667067111,32.15999495830833,0],[34.815369498754166,32.16002346396721,0],[34.815278564424496,32.16001723804845,0],[34.815279245484106,32.160007397239895,0],[34.815276316041526,32.159906458572785,0],[34.81526451939436,32.15979367754521,0],[34.815241218018805,32.15966731823694,0],[34.81521177268914,32.159546128855,0],[34.81518647936907,32.159446493900894,0],[34.815117118023934,32.15918329420277,0],[34.8150932318291,32.15910929748846,0],[34.81509028856754,32.15910017867467,0],[34.81493416969259,32.158616544679056,0],[34.81481776852463,32.158246221196606,0],[34.814762792862965,32.158071316240644,0],[34.81470135887686,32.15787586600164,0],[34.81453428028756,32.157344305161814,0],[34.8145287579203,32.1573267368435,0],[34.814338318245554,32.156720842312296,0],[34.814333320851375,32.15672239780593,0],[34.814153689149535,32.15617961203774,0],[34.81410226839112,32.15602008220829,0],[34.814100328696874,32.15601406497281,0],[34.81402223694518,32.15577179044916,0],[34.81391865811618,32.155457843254254,0],[34.81386756175245,32.155302971098955,0],[34.81375555353249,32.154975089613,0],[34.81366199904566,32.15470911886972,0],[34.813629543216706,32.15461684969776,0],[34.81359323214159,32.154517367009284,0],[34.81343594129602,32.15408642539764,0],[34.81339979625308,32.15399060798773,0],[34.813256332052035,32.15361029861467,0],[34.81306752707013,32.15311104946957,0],[34.81297580655248,32.1528685174477,0],[34.81297564827636,32.1528680994347,0],[34.812891062072026,32.15264442846593,0],[34.81277027594293,32.15232503524491,0],[34.81265234267307,32.15201318238265,0],[34.81253600128913,32.151705534813075,0],[34.81244272707047,32.15145888454116,0],[34.81241745852627,32.151392066539806,0],[34.81239225291518,32.15132541285155,0],[34.812307777477905,32.151102027659185,0],[34.81221412190049,32.1508543669293,0],[34.812126066943215,32.15062151265472,0],[34.81203450961466,32.15037939790883,0],[34.81193189521402,32.150108040184264,0],[34.81188243395289,32.149977242480134,0],[34.81179294161326,32.14974058339544,0],[34.811717409314,32.14954084219826,0],[34.81156052882049,32.149125973485084,0],[34.81143790303984,32.14880168911458,0],[34.811322168153765,32.14849562391629,0],[34.81127697320735,32.14837610422514,0],[34.81116404624907,32.14807594432225,0],[34.811130245024124,32.1479860987474,0],[34.81096839108886,32.147548789227244,0],[34.81086355734412,32.14727094346159,0],[34.81075187856454,32.14699075062219,0],[34.81064418493078,32.14673395411212,0],[34.810627961949216,32.14669683690487,0],[34.81055962948584,32.14654049924271,0],[34.810507502984834,32.14641885563295,0],[34.81044733919628,32.14627845432144,0],[34.81033516825689,32.14602749794375,0],[34.81027066874693,32.14589129435299,0],[34.810123254524875,32.1455983151233,0],[34.81010359975982,32.1455457126187,0],[34.81006881289289,32.145475013852035,0],[34.81001869086208,32.1453743092782,0],[34.80996839869795,32.14527326418243,0],[34.80983661384432,32.145013536825445,0],[34.80969998632894,32.14475001576686,0],[34.80963146533528,32.14462115691075,0],[34.80953088109149,32.144432001501045,0],[34.80950872710519,32.14437779765591,0],[34.80928026985036,32.14399053416654,0],[34.80884426630251,32.14325144176286,0],[34.80859006845938,32.1428205306618,0],[34.80848488913489,32.14264223187516,0],[34.808317028453935,32.14245793572357,0],[34.80817710177305,32.14230603395477,0],[34.808073060805725,32.14222680069886,0],[34.807959157519484,32.14215741276171,0],[34.807844497881256,32.14210756211784,0],[34.80783453668323,32.142103231223935,0],[34.80758074845301,32.142041385366745,0],[34.807412342552915,32.14202543957859,0],[34.80721935611582,32.1420343452407,0],[34.806355624288855,32.1421110022039,0],[34.80628711203922,32.14212534507069,0],[34.80621601216858,32.14215758549875,0],[34.80616859982772,32.142202254795045,0],[34.806150981485885,32.14225657668165,0],[34.80615038629155,32.14227890467841,0],[34.806102239356335,32.14227797585147,0],[34.80610474787406,32.142237313479576,0],[34.806129189046985,32.1421739050919,0],[34.806180634021416,32.1421280761834,0],[34.80622372859593,32.14210627054999,0],[34.80630233991909,32.1420803625925,0],[34.80635520201079,32.142065478132174,0],[34.80641485948374,32.14205659381555,0],[34.80647741778743,32.14204723974498,0],[34.80656456860989,32.14203766895975,0],[34.80696147140159,32.14200905246074,0],[34.80717910212677,32.14199336018332,0],[34.80740432467733,32.141981359782505,0],[34.807565733787484,32.14198980428383,0],[34.80770353621463,32.142014109048105,0],[34.80786586820235,32.142063786335115,0],[34.80795350948698,32.14210324319352,0],[34.808182560018665,32.142221273818,0],[34.80824553055583,32.14227860137105,0],[34.80840482168814,32.142423616336245,0],[34.808708334973055,32.14277863671735,0],[34.809056651197764,32.14330547442431,0],[34.8090879592615,32.14335766982449,0],[34.809151755167136,32.143464027459224,0],[34.80923348313332,32.14360028003352,0],[34.80948297469367,32.14401621911569,0],[34.80968652244431,32.144355557944024,0],[34.81019974473619,32.14547780871099,0],[34.810249603347394,32.145586832209574,0],[34.810379442941965,32.14587074420152,0],[34.810427482216326,32.145975788721614,0],[34.81046315065363,32.145969755016154,0],[34.810422492111336,32.145860664654926,0],[34.81030669338849,32.14558043239947,0],[34.81032497657558,32.145572449961136,0],[34.810312918431016,32.145574750731996,0],[34.81027078667255,32.14544970595667,0],[34.81016913694709,32.14514506045754,0],[34.81005941305399,32.14480084487381,0],[34.810027923297326,32.14469433857907,0],[34.80999437971921,32.14458088397614,0],[34.80992260141421,32.14432103253795,0],[34.80986985549245,32.14411628139748,0],[34.809830024672884,32.14395168706034,0],[34.809824299148694,32.143928029960115,0],[34.80979419259451,32.14379679389432,0],[34.80978972911489,32.143776166197355,0],[34.8097557266428,32.14361904230718,0],[34.80970616468243,32.14336821014294,0],[34.809662171453255,32.143117931876276,0],[34.80963300248134,32.142932049023,0],[34.80960556433908,32.14273684174266,0],[34.80957712873215,32.14250429585038,0],[34.80955123301711,32.142249309860276,0],[34.80953457659094,32.14204841348202,0],[34.809521900105814,32.141867686998566,0],[34.809512842391506,32.141714935093184,0],[34.80950378786584,32.14152726446908,0],[34.80949767476534,32.141337822000104,0],[34.809493934661404,32.1412219361081,0],[34.80949068619006,32.14098951561332,0],[34.809490306390266,32.140962301411456,0],[34.809490912214365,32.14071449954562,0],[34.80950404031173,32.14016126051155,0],[34.80950888516734,32.13995707742051,0],[34.80950937065588,32.139938614985276,0],[34.80931991183139,32.14001732906017,0],[34.80922533291223,32.140058503096306,0],[34.80907789135647,32.14011871989781,0],[34.80895552097274,32.1401651481776,0],[34.80887209055661,32.14019501598775,0],[34.80880089670817,32.14021938505513,0],[34.808724827151124,32.140244306963105,0],[34.808702126419306,32.1402515241894,0],[34.80869006318534,32.14025638404687,0],[34.808634980660145,32.140475038703926,0],[34.808607306555615,32.140562831547456,0],[34.80859211734505,32.140604336275565,0],[34.808583597149045,32.14062761523764,0],[34.80856194053163,32.14068679176106,0],[34.80850114985105,32.140827466902905,0],[34.80841454456074,32.14098384240794,0],[34.80834411547237,32.14109495852751,0],[34.808241805891164,32.14120145060265,0],[34.808164939872825,32.141275773688015,0],[34.80807018118536,32.141354659620305,0],[34.807957166490134,32.141432413382475,0],[34.80786517640355,32.14148178806344,0],[34.80768955353199,32.141548619665734,0],[34.80756887247301,32.14157709924233,0],[34.807445906111106,32.14158872358321,0],[34.80730644195041,32.14157628345572,0],[34.80718044043111,32.14153989717627,0],[34.80706325601686,32.141479109232286,0],[34.806968629729944,32.14140159726081,0],[34.806900376893175,32.14131572557843,0],[34.806845359515606,32.141195272490904,0],[34.806827432565115,32.14109245656139,0],[34.80683358950066,32.140989590024,0],[34.80686586466597,32.14088386571029,0],[34.80691165571451,32.140802235202784,0],[34.806968793570405,32.140729678844416,0],[34.807043287707,32.14066962060603,0],[34.80704985220685,32.14066432792504,0],[34.80715533412563,32.140603702277176,0],[34.8072469706307,32.140564629830145,0],[34.80740701757339,32.14051383322169,0],[34.80752074820397,32.140484990221566,0],[34.80751862844152,32.14047863143675,0],[34.807361449732475,32.14050298797565,0],[34.80719528242386,32.14052165834573,0],[34.807099800994834,32.14053182114733,0],[34.80693843396417,32.14055239727876,0],[34.80674562008669,32.140571091599085,0],[34.80647627071737,32.14058924656112,0],[34.80624064217703,32.14059545653637,0],[34.80624065752029,32.14059875529573,0],[34.8061233250337,32.14059854849511,0],[34.80601444862951,32.140601418019365,0],[34.80601446935844,32.14059835654166,0],[34.805963319155396,32.140598266788764,0],[34.805944852000046,32.14059458891423,0],[34.805925935100284,32.14059343099797,0],[34.80590703891074,32.140594822476,0],[34.80588863734401,32.14059872876907,0],[34.80587118762967,32.14060505212121,0],[34.80585512711908,32.1406136351965,0],[34.80584085526014,32.14062426282598,0],[34.80582872931868,32.1406366710119,0],[34.805819050592476,32.14065054868773,0],[34.80581206329643,32.14066555033953,0],[34.80572453742958,32.14066830468254,0],[34.805725560057006,32.140664685453416,0],[34.805735150161034,32.140630741098704,0],[34.805752869150005,32.14059517028303,0],[34.80577721219156,32.1405625565203,0],[34.805778153570614,32.14056128977867,0],[34.805778833666515,32.14055990678637,0],[34.80577923217325,32.14055844625605,0],[34.80577933831179,32.14055694963557,0],[34.80577914871821,32.14055545929804,0],[34.80577866745153,32.14055401673814,0],[34.805778567541594,32.14055383787108,0],[34.80577791023309,32.14055266258542,0],[34.80577689809142,32.14055143568267,0],[34.805775658433824,32.14055037038382,0],[34.80577422716605,32.14054949656067,0],[34.805772643396935,32.14054883868443,0],[34.80577095262202,32.14054841493398,0],[34.80576920353983,32.14054823808758,0],[34.80564213906079,32.14054493414112,0],[34.805640790232914,32.1405448442229,0],[34.80563944375663,32.14054494458772,0],[34.80563813462297,32.14054523173855,0],[34.80563689889853,32.14054569857486,0],[34.80563577055375,32.1405463325787,0],[34.80563478040299,32.140547115811586,0],[34.80563395503697,32.14054802671453,0],[34.80563331681862,32.140549041009955,0],[34.8056328849471,32.14055013080318,0],[34.805632686436894,32.140551177144324,0],[34.80565806995385,32.14058708752914,0],[34.805679427933896,32.14062498176952,0],[34.8056964973269,32.14066441806846,0],[34.80569570023725,32.14066443269162,0],[34.80564284422971,32.14066541596489,0],[34.80564216855781,32.140663346055014,0],[34.80563772337022,32.140649723290856,0],[34.805629667697865,32.140634766241284,0],[34.80561893348865,32.14062108128025,0],[34.80560578844861,32.14060901373045,0],[34.805590566175006,32.14059886764021,0],[34.80557364817016,32.14059089851277,0],[34.80555546174915,32.140585306987234,0],[34.80553646522162,32.14058223428311,0],[34.80551713625692,32.14058175675297,0],[34.80516019122641,32.14057728223673,0],[34.80513292639447,32.14057694103647,0],[34.80414844749174,32.14056459500658,0],[34.80405595194496,32.14056613311457,0],[34.8039639015008,32.14057398682556,0],[34.8038728898823,32.14058810751938,0],[34.803783505707244,32.140608402374156,0],[34.80369632610202,32.14063474065856,0],[34.80361191458635,32.140666952823004,0],[34.80353081789817,32.14070482958789,0],[34.803453558555276,32.14074812642862,0],[34.803380635915524,32.14079656357878,0],[34.80331252298566,32.140849828725145,0],[34.80324965794264,32.14090757698053,0],[34.8031924494171,32.140969434507504,0],[34.803028457896886,32.141162220122204,0],[34.802873793475094,32.14135118991358,0],[34.802505668364034,32.14180096466846,0],[34.80243519209621,32.141910672325224,0],[34.8023953597509,32.1419951327518,0],[34.802361432366034,32.14208143892524,0],[34.802333526796495,32.14216929183066,0],[34.8023144433301,32.14224733163283,0],[34.80231173871288,32.14225838967983,0],[34.802296143685,32.14234842250385,0],[34.8022867960899,32.14243907936386,0],[34.80228372911556,32.142530047449256,0],[34.802282147035314,32.14261256606792,0],[34.80228744418536,32.14269497217459,0],[34.80229959166402,32.14277685175993,0],[34.80220958854385,32.14278860456812,0],[34.80220898528143,32.14278502348864,0],[34.80219471054555,32.14270027398583,0],[34.802184254359624,32.142611484919215,0],[34.80217823940252,32.14252239884955,0],[34.802178221296806,32.14242342398312,0],[34.802186569935245,32.14232470385178,0],[34.80220122241606,32.14223862685867,0],[34.80220324383108,32.142226749630986,0],[34.8022281548718,32.14213007054276,0],[34.802261174714786,32.14203516576036,0],[34.80230213159228,32.14194252800516,0],[34.80235081458332,32.141852636346265,0],[34.80239939850146,32.141770809869115,0],[34.80247643610507,32.14165804168276,0],[34.80248575872829,32.14164502433658,0],[34.802486701067664,32.141640410216986,0],[34.802485479001156,32.14163920606799,0],[34.80248391501169,32.141637664469506,0],[34.80247645191541,32.14163800599313,0],[34.80242767731043,32.14166669002363,0],[34.80217684673088,32.141814695875134,0],[34.80213973175451,32.14183831367194,0],[34.80210702388385,32.14186625236367,0],[34.80207941145027,32.14189792347594,0],[34.80205747714116,32.14193266064549,0],[34.80204168204209,32.14196973309588,0],[34.80203193992312,32.14199909112388,0],[34.80197879047182,32.14197644981453,0],[34.801981684343104,32.14197443451963,0],[34.80197805042034,32.14197288633427,0],[34.80198399337961,32.14196874802435,0],[34.80199128591876,32.141949086262365,0],[34.80201303967838,32.14190357857716,0],[34.80202913728207,32.14187388905919,0],[34.80202917173414,32.14187280162255,0],[34.80201801656011,32.14187276616179,0],[34.801936964439726,32.14189262267212,0],[34.80189739679884,32.1417844952279,0],[34.80189812299062,32.14178493940909,0],[34.80189665675198,32.14178093174709,0],[34.801900509709746,32.14178328411694,0],[34.80190476261557,32.14178506963726,0],[34.80190930121698,32.141786239248646,0],[34.801914002699355,32.14178676280182,0],[34.801918742064935,32.14178662456909,0],[34.80192339104519,32.14178582955322,0],[34.80192782553985,32.14178439900239,0],[34.80199775023632,32.14175503212467,0],[34.802066690038195,32.14172402444574,0],[34.802155212786595,32.14168106635514,0],[34.80224184376505,32.141635404066925,0],[34.80231403968173,32.141592247000354,0],[34.80238198813244,32.14154435829092,0],[34.80244526172431,32.14149203778263,0],[34.80250346260952,32.14143561607406,0],[34.803091074063154,32.14081820120744,0],[34.803152613076804,32.1407607319857,0],[34.80321892837997,32.14070724840744,0],[34.80328966472065,32.14065803700729,0],[34.803364444695234,32.140613360803776,0],[34.80344286556897,32.14057345928936,0],[34.80352092292146,32.14054008004984,0],[34.80352450669864,32.14053854755239,0],[34.80360893273563,32.140508810876824,0],[34.803695688298774,32.14048441103776,0],[34.80381269018598,32.14045886150365,0],[34.80393134648759,32.140439613322116,0],[34.803939598288245,32.140438726826936,0],[34.80403469862,32.14042851380359,0],[34.80406901051103,32.14042618210752,0],[34.80413719260201,32.14042363827709,0],[34.80412722840561,32.14040673086027,0],[34.804089350109365,32.14040662370214,0],[34.804063288706274,32.14040642946052,0],[34.80398605834597,32.14040585513148,0],[34.80387999625865,32.14040601556198,0],[34.80380509985881,32.140406141074365,0],[34.803784014612546,32.140406176245065,0],[34.803760706798286,32.14040621519907,0],[34.803662649710624,32.14040569739521,0],[34.8035444336274,32.1404052329095,0],[34.80347132049327,32.1404059572427,0],[34.803343546552874,32.14040499337044,0],[34.80320716633939,32.14040405619931,0],[34.80317305756893,32.14040453424617,0],[34.8031371893563,32.140405024742016,0],[34.803100251793396,32.14040525933922,0],[34.803069162509395,32.140405999429,0],[34.80302366137762,32.140408124938276,0],[34.80291797158207,32.14041306066731,0],[34.8027673208199,32.140426004846766,0],[34.80261752402653,32.14044480681355,0],[34.80246889614133,32.140469424285094,0],[34.802321750016574,32.14049980775939,0],[34.80217639326983,32.14053589329074,0],[34.802033131455836,32.1405776043033,0],[34.801892263819525,32.1406248533811,0],[34.80178590742154,32.140665408146695,0],[34.80175408859537,32.14067754228478,0],[34.80170752159163,32.14069836052866,0],[34.801668627154434,32.14071215124911,0],[34.801612098875786,32.14058069931048,0],[34.80163734960876,32.14058207821974,0],[34.80169835717263,32.14057432313318,0],[34.80192741764104,32.140495771682424,0],[34.801961918807166,32.1404759403198,0],[34.801992764896546,32.14045214753264,0],[34.80201933589666,32.140424872903104,0],[34.80204109202571,32.14039466931261,0],[34.802057596068586,32.14036214497711,0],[34.80208267327253,32.140295610209115,0],[34.802107599857486,32.140220402540145,0],[34.802052482295196,32.140234184204594,0],[34.80197438028091,32.14025836514456,0],[34.80190704663609,32.14028251715207,0],[34.80183727457753,32.14031164821099,0],[34.80177331457012,32.14034203946872,0],[34.801733083482674,32.14036362004159,0],[34.80168817513931,32.14038713536908,0],[34.80166228624635,32.14040171143281,0],[34.801617454840425,32.140430380651026,0],[34.80156893544766,32.14046378147808,0],[34.80152671441773,32.140494145298874,0],[34.80147990702407,32.14053107749874,0],[34.801435414418044,32.14056944186185,0],[34.80140887370889,32.14059387675919,0],[34.80137896475301,32.140622638487216,0],[34.80135580579889,32.14064689476642,0],[34.80133879531333,32.14066605752839,0],[34.80131610851464,32.14069139743915,0],[34.801286071263526,32.140727625471875,0],[34.80126462301055,32.1407557107276,0],[34.80123537450934,32.14079573775224,0],[34.8012017008212,32.140846644172825,0],[34.80117798776117,32.14088600346271,0],[34.80115459772541,32.14092902500232,0],[34.80113244719187,32.14097216771745,0],[34.8011121384987,32.14101583932864,0],[34.80109001734572,32.141071561955215,0],[34.801070842909425,32.14112962957586,0],[34.80105415075863,32.14119201560935,0],[34.80104741565143,32.141222014391516,0],[34.801040793155934,32.141260138566366,0],[34.80103294755979,32.141304039250294,0],[34.801027422788295,32.14135041820534,0],[34.80102451286921,32.14139508309358,0],[34.80102272581058,32.141451925584164,0],[34.80102311852711,32.14146792981618,0],[34.80102061369163,32.141464633945546,0],[34.8010223521852,32.14151753787598,0],[34.80102700286313,32.141568602438184,0],[34.80102909319517,32.14158805056522,0],[34.801032266881904,32.14161757682578,0],[34.80103831409588,32.14165067517407,0],[34.80104139204174,32.1416675212067,0],[34.80104697882861,32.14169253363346,0],[34.80106029720023,32.14174361769706,0],[34.801070387665206,32.141779900485545,0],[34.801075979124995,32.14180000183416,0],[34.80107824324724,32.14180814309987,0],[34.8010847723129,32.14182737180762,0],[34.80109456994625,32.14185048317066,0],[34.801096104955384,32.14185475167513,0],[34.80111805834025,32.1419067884699,0],[34.80112853120071,32.1419286818737,0],[34.80113690571202,32.14194618864839,0],[34.80114961962417,32.141973763186755,0],[34.801161435918246,32.1419993879223,0],[34.80118895402772,32.14205089144398,0],[34.80121196819124,32.14209287315184,0],[34.80123987006783,32.14214244266556,0],[34.80124124947687,32.142144740284344,0],[34.80126858620622,32.14219027252825,0],[34.80129997862228,32.1422395438347,0],[34.801328246983616,32.142284128556604,0],[34.80135893687603,32.14233144435657,0],[34.801390229929396,32.14238043577201,0],[34.80142341347866,32.14243168494147,0],[34.801470630792004,32.1425049479272,0],[34.801501192933834,32.142552907155604,0],[34.80154143111917,32.14261576481063,0],[34.80157282382592,32.14266503604846,0],[34.801604820757674,32.14271598380549,0],[34.80162392651816,32.14274515223932,0],[34.8016526962542,32.142789074772516,0],[34.80171533671258,32.14288520987307,0],[34.8017854339645,32.142994071125365,0],[34.80180815605426,32.14303123899539,0],[34.80183573064522,32.143080894805074,0],[34.80187051302162,32.14314058959416,0],[34.80191347313903,32.143218017717146,0],[34.80195959321403,32.143306234840736,0],[34.80200253446311,32.14339161386087,0],[34.8020062035205,32.14339917251661,0],[34.802053899304255,32.14349741157852,0],[34.802087858160085,32.14357382357842,0],[34.802097168010306,32.14359370584102,0],[34.802122941242374,32.143656360419655,0],[34.802249163312396,32.14405732105842,0],[34.802374341110415,32.144454963294145,0],[34.802393766445455,32.14445250091189,0],[34.802533214331916,32.14442333290891,0],[34.80253473010676,32.144427661752886,0],[34.80255943320755,32.14441784856532,0],[34.80274846490385,32.14437830855701,0],[34.802977914629814,32.145127333747915,0],[34.802981816588115,32.14514007112863,0],[34.80358293243325,32.147102319325306,0],[34.80340379319526,32.14714647652313,0],[34.803353595994444,32.14715279315077,0],[34.8031742430131,32.147194399114355,0],[34.8031540858404,32.147126901090516,0],[34.803033453225076,32.14686918246722,0],[34.80228114527131,32.144476057451726,0],[34.802276014793726,32.144477130501556,0],[34.80227574214505,32.14447718734922,0],[34.80225127057063,32.14440936884703,0],[34.802022744559,32.143739927253385,0],[34.80199542715292,32.143677981053635,0],[34.8019649571805,32.14361227252053,0],[34.80193297147482,32.143546347241944,0],[34.8019027210329,32.14348424831185,0],[34.801866248638255,32.14341185290986,0],[34.80182231167805,32.14333070633512,0],[34.801776683229214,32.14324786172417,0],[34.80172062246171,32.1431500116649,0],[34.80166190074363,32.143053770905595,0],[34.80159344938496,32.14294448106828,0],[34.801531348006286,32.14284484330971,0],[34.80152676010662,32.14283751888328,0],[34.80152298356072,32.14283971622267,0],[34.80145236621304,32.14272557866096,0],[34.80143189975291,32.14269372487932,0],[34.801406174056154,32.142653686031984,0],[34.80136198790179,32.14258599304748,0],[34.80131347945209,32.142508204388584,0],[34.801265274090994,32.14243381638445,0],[34.80122602341974,32.14236940351166,0],[34.80119074828063,32.14231683463702,0],[34.80113717968905,32.14223289768921,0],[34.80108945123682,32.142148952273054,0],[34.80104868022402,32.14207362296746,0],[34.80100958324829,32.14199122001396,0],[34.800978382792465,32.14192319854506,0],[34.80095509287754,32.14186877406335,0],[34.80093719436954,32.141815133274555,0],[34.80092486071713,32.14177102399528,0],[34.80090704531611,32.1416985182384,0],[34.80089885059949,32.14164838022645,0],[34.80089126502523,32.14159470016176,0],[34.800886805694645,32.14155555773099,0],[34.80088370416481,32.14150893485787,0],[34.800882141751316,32.14146179385869,0],[34.800883351433576,32.1414133360802,0],[34.8008839493622,32.141401507539896,0],[34.80088407004035,32.14139913444072,0],[34.80088691652847,32.141356133137215,0],[34.8008909300847,32.141309248883616,0],[34.80089095758207,32.141309021722826,0],[34.80089843145032,32.14125809049105,0],[34.800902884064335,32.1412289546587,0],[34.80090572804579,32.141210348287785,0],[34.8009183799226,32.141154487298316,0],[34.800922129720306,32.14114053970235,0],[34.80093330803569,32.141098950988805,0],[34.800950629149746,32.1410470681993,0],[34.80095217054947,32.141042899676016,0],[34.80096854137547,32.1409986194642,0],[34.80097050862917,32.14099329621641,0],[34.80099045219438,32.1409447033546,0],[34.80101805464,32.14088739124075,0],[34.80102931166629,32.14086618749705,0],[34.8010427221875,32.14084092899885,0],[34.80105150306524,32.140826768377885,0],[34.801073465901815,32.140791354231574,0],[34.80110039956728,32.14074919076756,0],[34.80113394838062,32.14070041307728,0],[34.80114794574601,32.140682201139654,0],[34.80114864395447,32.14068129437001,0],[34.80116949021828,32.14065417212029,0],[34.80120725137743,32.14061010339503,0],[34.801213462158714,32.140603136188496,0],[34.8012245033605,32.1405907385194,0],[34.80125160133066,32.14056034467178,0],[34.80128605395979,32.14052508298685,0],[34.801337659888915,32.140476489894574,0],[34.80138352580231,32.14043794867991,0],[34.80140409118882,32.14042212750129,0],[34.80143819984606,32.140395888788596,0],[34.80148334404379,32.14036334207476,0],[34.80152963039217,32.14033208221225,0],[34.80153197755584,32.140330497139416,0],[34.801586304539036,32.140296473641364,0],[34.80163710364341,32.14026764847637,0],[34.80168883477276,32.1402404133883,0],[34.801695710139,32.140237039158826,0],[34.80173929483119,32.14021564871926,0],[34.80179045955903,32.14019284042803,0],[34.80184301209086,32.140170892318466,0],[34.8019000144321,32.140149311833845,0],[34.80195065746354,32.140133056855895,0],[34.80199952684535,32.14011787474788,0],[34.80205041559554,32.140104306011196,0],[34.80210413792077,32.14009060918891,0],[34.80214686851343,32.140082184389115,0],[34.80214747846744,32.14008206368538,0],[34.80217482311527,32.14007673989886,0],[34.802174327682614,32.14004255996684,0],[34.80219828121383,32.140010082727954,0],[34.80222739384833,32.13998081597991,0],[34.80226108113755,32.13995534762647,0],[34.802298663577346,32.139934190421805,0],[34.80236210421658,32.139907567586505,0],[34.802428611721076,32.139887064918575,0],[34.802497372073304,32.13987293593433,0],[34.80256754618542,32.13986535110828,0],[34.8026382751699,32.13986440420257,0],[34.80265917466024,32.13986609644285,0],[34.802664872593276,32.13986655820213,0],[34.80270869414447,32.13987010599852,0],[34.80319999031666,32.13993336568126,0],[34.80379609439165,32.14001090122136,0],[34.80388131227821,32.14002198503166,0],[34.80450422086335,32.14010430393106,0],[34.80471281988749,32.140130803263446,0],[34.80493509432915,32.140147622418176,0],[34.805119032121524,32.14015086660748,0],[34.805140342101105,32.14014715987488,0],[34.80516075650819,32.140140772929335,0],[34.8051798115523,32.14013184949509,0],[34.80519707498376,32.14012059201185,0],[34.805212156711995,32.140107257159244,0],[34.805224713088215,32.140092145950625,0],[34.805234459627535,32.1400756028714,0],[34.80523814603561,32.14007507342804,0],[34.805353152211914,32.14005855110415,0],[34.805415476801585,32.140050005709284,0],[34.80553184384292,32.14002275632998,0],[34.80557479230183,32.14006014328562,0],[34.80556715739604,32.14006614312045,0],[34.8055607604303,32.14007311356351,0],[34.8055557696662,32.14008087028026,0],[34.80555231740502,32.140089211688974,0],[34.80555049151279,32.14009791803237,0],[34.80555034280007,32.14010676041842,0],[34.80555187333585,32.140115507096276,0],[34.8055550438431,32.140123928890006,0],[34.805564540540516,32.14013458087904,0],[34.80557602478016,32.14014370610354,0],[34.80558916173022,32.14015104109011,0],[34.805603571824726,32.140156372724036,0],[34.80561883709147,32.1401595454838,0],[34.80563451278681,32.14016046688828,0],[34.80565014539384,32.14015911206238,0],[34.80570641124357,32.140156787756275,0],[34.805745813042854,32.14015505869508,0],[34.8057574579272,32.14015454798803,0],[34.805892383821686,32.140148627008415,0],[34.806017580227746,32.14014755299253,0],[34.80602109170632,32.14014752256198,0],[34.80602069134464,32.140155262181594,0],[34.8060234548811,32.140146380229794,0],[34.80611468357044,32.140147737721904,0],[34.806257270884565,32.14014799420606,0],[34.80638833729236,32.140145108574636,0],[34.80639195209761,32.140144958521944,0],[34.80653939371711,32.14013884354513,0],[34.806721811517214,32.14013187518311,0],[34.80679715571819,32.14012742351138,0],[34.80692091030978,32.14011910187729,0],[34.8071376393277,32.1401113650224,0],[34.807253031039345,32.14010094993734,0],[34.80733906675424,32.14009536548475,0],[34.80734842452884,32.14009483122506,0],[34.80752163714329,32.14008494623724,0],[34.80762808991944,32.140069619643754,0],[34.80771285958612,32.140056564229106,0],[34.80777332391735,32.14004678902858,0],[34.80785040177601,32.14003086520579,0],[34.80791732050484,32.14001157473297,0],[34.807967789540506,32.139993385183516,0],[34.80801506619104,32.139973245888015,0],[34.80808563448819,32.139936924912845,0],[34.80813295547962,32.13990774446392,0],[34.80819368449398,32.13986343802273,0],[34.80825047069474,32.13981326034689,0],[34.80830845435068,32.139737856385906,0],[34.80832740739096,32.13971320871683,0],[34.80834925972567,32.13967959920671,0],[34.808371836579425,32.1396404442075,0],[34.80840548361591,32.13958094720993,0],[34.808447458276476,32.13950469321991,0],[34.80846965849794,32.139463398902734,0],[34.808498775165255,32.13940816394978,0],[34.80852280019026,32.13936152506743,0],[34.80852825119184,32.13935094258966,0],[34.808562131839395,32.139283442977515,0],[34.80858494503063,32.139236885059994,0],[34.80861426657995,32.13917565117426,0],[34.80865068693825,32.139097255149444,0],[34.80868030480993,32.13903143842381,0],[34.80870495429557,32.1389751343704,0],[34.80873388835487,32.13890713769357,0],[34.80876391624737,32.138834206278794,0],[34.80879471021091,32.13876032857706,0],[34.80882065957596,32.13869061638119,0],[34.80884419092877,32.1386259195399,0],[34.808864301587214,32.13856944706342,0],[34.80888584260593,32.13850766756577,0],[34.80890424416724,32.13845378236023,0],[34.808926038029085,32.138385465736384,0],[34.808941639130204,32.1383365604243,0],[34.80895968227084,32.13828000211383,0],[34.80897808474406,32.13821483111596,0],[34.80897971747805,32.138209049491145,0],[34.808994321683095,32.13815733110906,0],[34.80900919171922,32.13810467029279,0],[34.80902943971709,32.13802712180046,0],[34.809050476068876,32.13794346259615,0],[34.80906694660829,32.13787552068861,0],[34.80908368896203,32.13780401849572,0],[34.80909305014836,32.13776307803763,0],[34.809092955893746,32.13776306151124,0],[34.80911161837482,32.13768252856686,0],[34.809146370177665,32.137530256010024,0],[34.80916330676231,32.13745472705668,0],[34.8091804373414,32.13737844391537,0],[34.8091952632699,32.13731309938824,0],[34.80920997213333,32.137245158266836,0],[34.80921947590527,32.1371993892053,0],[34.809228153669515,32.13715616779967,0],[34.80923620052535,32.13711473626168,0],[34.80924783338688,32.137052272866306,0],[34.809261139553506,32.136983208247486,0],[34.80927028192868,32.13693668777043,0],[34.8092773925246,32.136900508883336,0],[34.80929144092305,32.13682668156725,0],[34.80930510473343,32.1367501143405,0],[34.8093192219902,32.13666866177694,0],[34.809333470439725,32.13658381351408,0],[34.809346643697964,32.13650276921106,0],[34.809359516229314,32.13642092048045,0],[34.809378471504324,32.13629274370846,0],[34.80939905578832,32.136139457420036,0],[34.80940720967911,32.1360770850451,0],[34.809418247605386,32.13599104090465,0],[34.8094301533122,32.13589471195436,0],[34.80944835739737,32.13574110169614,0],[34.809463836393206,32.13560033601182,0],[34.809481620482046,32.13543693109084,0],[34.80948193827046,32.13543401572294,0],[34.80949674435826,32.135285336604525,0],[34.809506898553785,32.13517805906062,0],[34.80953014803461,32.13489703925948,0],[34.80954560109366,32.13464758811808,0],[34.809556871042226,32.134432082284754,0],[34.80955881601458,32.134394879063514,0],[34.80956590304926,32.13424772509565,0],[34.809575886998296,32.13403992907084,0],[34.80958347584132,32.13379988238598,0],[34.80958634288601,32.13369647597342,0],[34.80960230275906,32.133331726423194,0],[34.80961024773467,32.133116979389364,0],[34.80961553127845,32.13297414560856,0],[34.80962012104112,32.13279947678344,0],[34.80962341399006,32.13267418003998,0],[34.809625767822965,32.1325845963142,0],[34.80963440095858,32.13225604299178,0],[34.80963719331969,32.1321497704585,0],[34.80964338907347,32.131913947805955,0],[34.80964757182494,32.13175476667806,0],[34.80965175197333,32.13159569375159,0],[34.80965932079158,32.131304814387455,0],[34.80967002123109,32.13087486301331,0],[34.80967560600218,32.13065044413899,0],[34.80968353989007,32.13033158989759,0],[34.8096862732467,32.13022175961812,0],[34.809699231436646,32.12971605923354,0],[34.80970318590968,32.12956553804747,0],[34.809706772615066,32.1294290519435,0],[34.80971697789311,32.12904063676461,0],[34.80972705760222,32.12865699520224,0],[34.80973407894129,32.12838976502298,0],[34.809744357518234,32.12799853554432,0],[34.80975483116178,32.127599877768446,0],[34.80975592492747,32.12755824139493,0],[34.80976447566245,32.12723281041345,0],[34.80976942723789,32.127044335365035,0],[34.80977846204293,32.12670046261704,0],[34.80979226961664,32.12617489742197,0],[34.80980113066722,32.125837616111056,0],[34.80981239490408,32.12541147343049,0],[34.809822285440625,32.1250316744443,0],[34.809831606987096,32.12467375450914,0],[34.80983632940266,32.12449240545318,0],[34.80983893431994,32.124392375238976,0],[34.809847649550605,32.124054900392636,0],[34.809847853096244,32.124046999608794,0],[34.80985584191678,32.12373721261399,0],[34.80986378904928,32.123427001635626,0],[34.80987139278384,32.12312959758984,0],[34.809884176650634,32.12276409081089,0],[34.80988483428159,32.12251566796243,0],[34.809881475972865,32.12235710155322,0],[34.80987941142578,32.122259640362586,0],[34.80987513090703,32.12197947468497,0],[34.80986706224644,32.1217556856711,0],[34.80984577633311,32.12145387469497,0],[34.80984400092948,32.12143182147386,0],[34.80981844239536,32.12111430794615,0],[34.80978934475362,32.12077562934474,0],[34.80978903194445,32.12077198516683,0],[34.80973536709212,32.120147350329546,0],[34.80973246696737,32.12011359296218,0],[34.80969133562774,32.11963483167018,0],[34.80968946356851,32.119629342993505,0],[34.80967285507279,32.11960443627564,0],[34.80972914286964,32.119581993202964,0],[34.80983215907847,32.119579555689135,0],[34.80983492287638,32.11963416817035,0],[34.80993124311827,32.121295862756725,0],[34.80994277948076,32.121678702810385,0],[34.809939907803795,32.12212310955811,0],[34.80995295397929,32.12167828361453,0],[34.80996205326238,32.121407282929795,0],[34.80996594054287,32.12117559004399,0],[34.80997405173751,32.120943361121086,0],[34.8099820223622,32.12068590617629,0],[34.80999075295032,32.12039931878211,0],[34.81000404349654,32.119978598132796,0],[34.8100108594641,32.11976463074532,0],[34.810013352283775,32.11968638988771,0],[34.81004428727809,32.119449064771416,0],[34.810045673269165,32.119396823379304,0],[34.810019912921824,32.11915428341593,0],[34.81002765794694,32.118861980984356,0],[34.810027958992656,32.118850619453255,0],[34.8100344718328,32.11860484157901,0],[34.810056845873696,32.1178716387782,0],[34.810075883796706,32.11717714537551,0],[34.810027975476075,32.11758928255195,0],[34.81001988858005,32.11764225517688,0],[34.810010768635195,32.11770210879783,0],[34.80983875824649,32.11892248022693,0],[34.80965539898676,32.11892046861432,0],[34.8098759384012,32.117754373688605,0],[34.8099004644689,32.11761880654677,0],[34.80992155460532,32.11748830843945,0],[34.80993984347544,32.11736338544265,0],[34.80995584871367,32.11725179811524,0],[34.80997004194967,32.11714490162796,0],[34.809984688792035,32.11702614719536,0],[34.810000041275394,32.11689088600576,0],[34.81001221597848,32.11676695935104,0],[34.81002155883215,32.11666066185748,0],[34.81003531679051,32.11639940209632,0],[34.81004463887929,32.11629964336276,0],[34.81005236895223,32.116022057859155,0],[34.810050999524286,32.115974347436776,0],[34.810054432683366,32.11586933640446,0],[34.810058802126754,32.115760963731034,0],[34.810063016134414,32.11565645651817,0],[34.810063127550826,32.11565370822844,0],[34.81006891312715,32.11551045535992,0],[34.8100755624462,32.1153442331387,0],[34.81008115161157,32.11520451103602,0],[34.81008449349895,32.11512096125743,0],[34.81008850151402,32.11500791259736,0],[34.81008909888494,32.114979127715614,0],[34.81009058770622,32.11490737380838,0],[34.81008739052632,32.11478275356409,0],[34.81008987652811,32.114663152306356,0],[34.81008666929062,32.1145482676844,0],[34.81008173752688,32.11443574306961,0],[34.81007483174791,32.11431903885026,0],[34.81006659968934,32.11420843016484,0],[34.81005766832648,32.11410768211002,0],[34.81004686545542,32.1140023282254,0],[34.81003232706453,32.11387911640138,0],[34.81001995243069,32.113785950637066,0],[34.810019721518344,32.11378420857315,0],[34.81001026685515,32.11371844719486,0],[34.80999681149948,32.11363119827223,0],[34.80997499777224,32.11350219055559,0],[34.80995273019497,32.11338289002578,0],[34.80992667964839,32.11325555182874,0],[34.8099040911727,32.113153491495716,0],[34.80987730498953,32.1130405434664,0],[34.80985303473411,32.112944481960334,0],[34.809827050132135,32.11284719769855,0],[34.809805413471956,32.112771217198286,0],[34.80979454034587,32.1127330369502,0],[34.80976267358655,32.11262631160194,0],[34.80973103026088,32.112524805565236,0],[34.809708687790284,32.112455544744556,0],[34.80967320206422,32.112358609582934,0],[34.80963302468535,32.112248883307764,0],[34.80960314228417,32.11216763769749,0],[34.80957319427127,32.11208909362021,0],[34.80954913354344,32.1120294097694,0],[34.8095144572773,32.11194338867083,0],[34.809479060925284,32.11185827341306,0],[34.809443410173024,32.111775905989454,0],[34.80944153691585,32.11177171947581,0],[34.80941576040756,32.11171413230557,0],[34.8093821086291,32.11164122901082,0],[34.8093563211102,32.11158670785972,0],[34.809317995137015,32.11150731605741,0],[34.809277137603445,32.11142506309915,0],[34.80924098731742,32.111354205332155,0],[34.80921020239438,32.11129519570648,0],[34.809163756371554,32.11121088994386,0],[34.80911889790562,32.11112946761399,0],[34.8090810412434,32.111060754327006,0],[34.80904339384936,32.11099242043093,0],[34.80901223178085,32.11093886537263,0],[34.808972063652945,32.11087230100163,0],[34.808918826395754,32.11078604682788,0],[34.80887491836372,32.11071651018829,0],[34.80887100432545,32.110710398295105,0],[34.80883048422955,32.11064712248778,0],[34.808799312917884,32.11059797797368,0],[34.808761768133934,32.11054083004446,0],[34.80872344325044,32.110484496683156,0],[34.80868794803646,32.11043291643901,0],[34.80863601670426,32.11035745246622,0],[34.808595616022835,32.11029874268921,0],[34.80855278208808,32.11023649751317,0],[34.80849033863142,32.110145755956985,0],[34.808430607006656,32.11005885092289,0],[34.80837780577731,32.10998201882044,0],[34.80833510199258,32.109919881288384,0],[34.808284307758434,32.10984596908803,0],[34.808232836668076,32.10977178962491,0],[34.80817801926345,32.10969305107063,0],[34.80811668187701,32.10960494780061,0],[34.80809670363467,32.10957625092489,0],[34.80808314859395,32.10955678046372,0],[34.80801358973222,32.10945686509222,0],[34.8079624665486,32.109383432381435,0],[34.807910004065135,32.10930807465576,0],[34.80785418674997,32.109229401363514,0],[34.807819597894536,32.109180876248914,0],[34.80780132933611,32.10915524804117,0],[34.80771761801207,32.10901051999437,0],[34.80762915275563,32.10888714929041,0],[34.807599693857384,32.108849501278485,0],[34.807360958251394,32.10853268030119,0],[34.807086702035456,32.10816407969116,0],[34.80685110002027,32.107837651836526,0],[34.80675481292648,32.10770322352439,0],[34.80660369658847,32.10749248616009,0],[34.806597961272004,32.10748448825353,0],[34.80656152845776,32.10743368089221,0],[34.80642645745961,32.10724478443775,0],[34.806347865571276,32.107134655893276,0],[34.8062068566698,32.106941936809875,0],[34.806102048801606,32.10680119936988,0],[34.80598402849153,32.106639224730635,0],[34.805917241634965,32.10654756462726,0],[34.80582669809887,32.10642373160154,0],[34.80581205591538,32.1064037732126,0],[34.80581144847967,32.10640409864884,0],[34.805274262265115,32.105677917537456,0],[34.8049851687852,32.10528165288294,0],[34.804733550769456,32.10493675335218,0],[34.80464464890719,32.10481570575071,0],[34.80449701002485,32.104626292291094,0],[34.80436535570725,32.10445779284072,0],[34.80430032950448,32.104373218245584,0],[34.8042111839815,32.10425655224014,0],[34.80417043421702,32.104205778332705,0],[34.80413884962251,32.10416865303495,0],[34.80410965918007,32.10413692526479,0],[34.8040829889063,32.10410793515641,0],[34.80405738696576,32.10408177010451,0],[34.804020995101,32.10404575951886,0],[34.803976705179544,32.10400462165411,0],[34.80391778225331,32.103953267174994,0],[34.803869502360094,32.10391362534309,0],[34.80386143361428,32.10390706549287,0],[34.803860989166346,32.103906703373355,0],[34.80383754093787,32.103887638528725,0],[34.803811410389564,32.103869742025886,0],[34.803769710074754,32.10384774455044,0],[34.80377755754938,32.10376932940195,0],[34.803830291808126,32.103690886681385,0],[34.80387801990665,32.1037236605925,0],[34.80391085762599,32.10375009204256,0],[34.80394365597083,32.10378166623991,0],[34.80400805773091,32.10383970131739,0],[34.80406289077986,32.10389381401387,0],[34.80413306179086,32.103968519625354,0],[34.80419228494565,32.10403705936942,0],[34.80422430958515,32.10407652347168,0],[34.80427071735384,32.10413859025537,0],[34.804349548244126,32.104244019865476,0],[34.80440339746001,32.10431710015737,0],[34.80482347049059,32.10488906661055,0],[34.80536409291971,32.105630107496324,0],[34.805433521930354,32.105723963951604,0],[34.805901103677186,32.10635604961102,0],[34.80597637567072,32.10645187651138,0],[34.806157782058875,32.106702539017085,0],[34.80654990192443,32.10723910867041,0],[34.806272152300664,32.10682727724816,0],[34.80586600122932,32.10622574488111,0],[34.80534756363764,32.10545042798416,0],[34.805077336366416,32.10504833070439,0],[34.80474411021099,32.10455221235234,0],[34.8046674491017,32.104437859460205,0],[34.80465734398079,32.10442278669584,0],[34.80438850695509,32.104021769030055,0],[34.804160090178925,32.10368147486426,0],[34.80392112102829,32.10332367392344,0],[34.803738939559835,32.10305374175707,0],[34.80356719287977,32.10279827451502,0],[34.803506287839774,32.10270662631311,0],[34.80333536066042,32.10240066046775,0],[34.803349177389244,32.10245966022979,0],[34.80340864921505,32.10257010168489,0],[34.803434202082244,32.10262215155867,0],[34.803452794188544,32.10266117474853,0],[34.80346943528832,32.10269815282352,0],[34.803487545059184,32.10273846223047,0],[34.80350553307183,32.10280713239361,0],[34.80351708202851,32.102872122729956,0],[34.80353226075015,32.10296594921372,0],[34.80353334579492,32.10302290398818,0],[34.80353467050884,32.10309241687892,0],[34.80344432104271,32.10309225715309,0],[34.80344438834471,32.103090674733195,0],[34.803443266404656,32.103088490665115,0],[34.80344117131137,32.103087168328365,0],[34.803439343089266,32.10308684060366,0],[34.80343657323658,32.10308743422781,0],[34.803434357354526,32.10308950943502,0],[34.80332837793898,32.103048387958005,0],[34.80334469994014,32.10298020696838,0],[34.80334589104673,32.10291177606726,0],[34.80334176745847,32.102854138036115,0],[34.803329313732746,32.10280057224119,0],[34.80331242527789,32.10275644671766,0],[34.80328593332897,32.10270959083476,0],[34.80312271926516,32.10239448338665,0],[34.802998510035586,32.10215378569687,0],[34.80293922005139,32.10203391735879,0],[34.80278747876662,32.10173575249032,0],[34.8027382790588,32.101614238724984,0],[34.80272622418018,32.10158609094713,0],[34.802643754971534,32.10138219724968,0],[34.80258273122574,32.101211615844434,0],[34.80252786372937,32.101052945782385,0],[34.80250635802011,32.10098776233117,0],[34.80248874794276,32.10093416114351,0],[34.80250599082523,32.10098742389836,0],[34.80250428253762,32.10098512072899,0],[34.802502194905045,32.10098452794462,0],[34.802499181836914,32.100985515759085,0],[34.8024980072782,32.10098761679943,0],[34.80250089567094,32.10100735793041,0],[34.802503729135964,32.10102488500385,0],[34.802505936726945,32.101043808760515,0],[34.8025067858816,32.101054325370676,0],[34.8025076195675,32.10107248726827,0],[34.80250735055001,32.10110029206536,0],[34.80250547902332,32.10112558842155,0],[34.80250191224379,32.10115165222881,0],[34.80249791311001,32.101172176800006,0],[34.80249484240988,32.10118511398942,0],[34.802487865201854,32.101209519412905,0],[34.80247836146664,32.10123630023771,0],[34.80246802035467,32.10126051823583,0],[34.80245936372442,32.101278202732715,0],[34.802445928273336,32.10130236672219,0],[34.802428069,32.10132911742014,0],[34.80240982231939,32.101354094877706,0],[34.80239422317165,32.101373014425214,0],[34.80237637624395,32.10139258694331,0],[34.802356570666745,32.1014118655724,0],[34.80234079589629,32.101425888763046,0],[34.802327598641995,32.10143678011699,0],[34.80231496244064,32.10144656225101,0],[34.802299779397146,32.10145755100362,0],[34.80227882660707,32.101471471177106,0],[34.80221433744602,32.10150387227926,0],[34.802174714237985,32.10152049531996,0],[34.802153873422796,32.10152723040272,0],[34.80212136022559,32.101474914679365,0],[34.80217732921391,32.10145152967223,0],[34.802229120335355,32.10142198210099,0],[34.80227580214103,32.1013868037723,0],[34.80231653492409,32.10134662507943,0],[34.80235058769402,32.10130216964502,0],[34.80237734885347,32.101254235416846,0],[34.80238619775986,32.10123425829566,0],[34.80239597863464,32.10121217665923,0],[34.80240191586268,32.101178985452684,0],[34.802410645074104,32.101130218451516,0],[34.802415863887774,32.10108423494175,0],[34.802417494923084,32.10105918671638,0],[34.802418327297936,32.10102951069903,0],[34.80241768851158,32.100992252310014,0],[34.80241539377938,32.10095743070037,0],[34.80240510969184,32.100850359741656,0],[34.80239314613433,32.10072739940158,0],[34.80238112060379,32.10062875189896,0],[34.80237032579849,32.10055243109728,0],[34.80233912262452,32.100377662524444,0],[34.80233655968986,32.100366831159896,0],[34.80231928526022,32.1002920408545,0],[34.80229556510239,32.10018540517204,0],[34.80224727214403,32.09995109513106,0],[34.80218821655422,32.09966659538016,0],[34.802183096075964,32.09964178542837,0],[34.802128887211666,32.09937913235571,0],[34.80207591170523,32.099125923060036,0],[34.802011474293835,32.09882863591439,0],[34.80196483735714,32.098582761072706,0],[34.80191243964632,32.09833400473156,0],[34.80187479647766,32.09815476521598,0],[34.80180073281161,32.09780359629299,0],[34.80176260856337,32.09762182479118,0],[34.80167091912889,32.09715130789603,0],[34.80163230147384,32.09698456303281,0],[34.80150768840865,32.096456808641356,0],[34.801485414375776,32.09636264815054,0],[34.8014776347198,32.09632975601097,0],[34.801467029195955,32.096284923351426,0],[34.80140480859506,32.09602191341067,0],[34.80134157946942,32.09575271396872,0],[34.80125765433438,32.09539807743278,0],[34.80116135187093,32.09498882081739,0],[34.80109097679394,32.09469139870983,0],[34.8010176030824,32.09438194258505,0],[34.801005889883946,32.09433253970256,0],[34.800932247836606,32.09402063340764,0],[34.80090024185278,32.09388548626001,0],[34.800854995351344,32.09369443216192,0],[34.80079634770242,32.09344814241412,0],[34.80065469194149,32.09290645234236,0],[34.80062460548825,32.09279435457276,0],[34.80058880431894,32.09266630581483,0],[34.80055364650582,32.09254229368844,0],[34.80052708418979,32.09244859906081,0],[34.80049777327968,32.09234520957413,0],[34.800469860893806,32.092239616063225,0],[34.80043481803801,32.09209869847104,0],[34.80042736939244,32.09206874442294,0],[34.80035924442082,32.09182840214246,0],[34.800323788062244,32.091696787827566,0],[34.80028203764884,32.09155043626529,0],[34.80023667019379,32.09139028753474,0],[34.80019464343687,32.09124372674365,0],[34.80016927794436,32.09115457092931,0],[34.80016188546882,32.091128496527496,0],[34.800137513407854,32.09104252628065,0],[34.80009467899698,32.0908894068833,0],[34.800062097749866,32.0907764388813,0],[34.8000599551544,32.09076889941835,0],[34.80003080378622,32.090666321017075,0],[34.800003589541554,32.090572489810285,0],[34.799979048679624,32.090487872569994,0],[34.79994366098939,32.09036206765592,0],[34.7999184513143,32.09026650508366,0],[34.79983656843022,32.089992346624726,0],[34.79982491879889,32.08995114014846,0],[34.799803060772184,32.089875568240906,0],[34.79979246933043,32.089838944414126,0],[34.799755130347805,32.08974692225723,0],[34.79971387330834,32.089675050625644,0],[34.79965893293407,32.08959082316995,0],[34.79963678607494,32.089564961309854,0],[34.79959272883675,32.089519193734155,0],[34.799548696639704,32.08947952861492,0],[34.79950255773272,32.08944318884995,0],[34.79942383802123,32.08939110884213,0],[34.799356358442644,32.08935463587624,0],[34.799272951316446,32.08931821835374,0],[34.79921242204613,32.089297051021,0],[34.79913914789615,32.08927676181228,0],[34.79906417741594,32.08926161453365,0],[34.798988009066015,32.08925171087548,0],[34.79891114570622,32.089247115570174,0],[34.79883409882517,32.0892478582091,0],[34.79882870461062,32.089169759722715,0],[34.798848489142244,32.089092453347455,0],[34.79885291599197,32.089075157718426,0],[34.798931087363535,32.08909271772627,0],[34.799175229437296,32.08914756098278,0],[34.7992334549608,32.08916578114038,0],[34.79926094419698,32.08917493381204,0],[34.79932465336246,32.08919754062124,0],[34.7993775174308,32.08922115699705,0],[34.79947342750876,32.08927455898955,0],[34.79954826617693,32.089326825859864,0],[34.79961689216299,32.08938583804163,0],[34.79969452935494,32.08946844807466,0],[34.799753152970055,32.089552401414196,0],[34.79979156841967,32.089610699280826,0],[34.799826658554274,32.089671221144364,0],[34.79987358820276,32.08978059001668,0],[34.799897294623555,32.08985065429024,0],[34.79993187818741,32.08995286501332,0],[34.79994312524754,32.090003951073115,0],[34.799989618448116,32.0902386921219,0],[34.80002052120133,32.090325031341656,0],[34.80003329857954,32.09036852382013,0],[34.80004931354641,32.09042371739435,0],[34.80006705768773,32.090485798921605,0],[34.80009510488678,32.090584130886896,0],[34.80009671347594,32.090589773089455,0],[34.80013119620046,32.09071066664471,0],[34.80014804296359,32.0907682363611,0],[34.800152622567495,32.09077274908647,0],[34.80015780914475,32.090773894673234,0],[34.80016333527655,32.09077250281355,0],[34.800166728766484,32.09076948904881,0],[34.80016808168327,32.090764152082826,0],[34.800164011285865,32.0907233810397,0],[34.800042023498676,32.09021950705153,0],[34.79997485854917,32.08993585474834,0],[34.79991821725175,32.08972787697974,0],[34.79986359818202,32.089539899154815,0],[34.79981170189471,32.08937230767622,0],[34.799801977301705,32.08934090345323,0],[34.799731212914736,32.08913110756816,0],[34.79965431733857,32.088916599151425,0],[34.79962132720406,32.08882865789697,0],[34.79958656774371,32.088736001847856,0],[34.799525953619685,32.0885864063969,0],[34.79949436246682,32.088508439734134,0],[34.7994160545129,32.0883269185224,0],[34.79934583579608,32.0881645256767,0],[34.79928660994459,32.088027923881256,0],[34.79917017413683,32.087759372656194,0],[34.79912541339768,32.08765604609713,0],[34.79918796302204,32.08781466852217,0],[34.7992009047863,32.087847148097936,0],[34.79922669986578,32.08791775485484,0],[34.799246704575474,32.08801391326179,0],[34.79925799929995,32.08808550889077,0],[34.79927158898625,32.08825540935127,0],[34.799271020340115,32.08831250778686,0],[34.7992634981538,32.08843405724975,0],[34.79925237658231,32.0885239073057,0],[34.79924262250459,32.08858207023197,0],[34.799216348362066,32.08864638822552,0],[34.79919419905368,32.088684529707926,0],[34.79916382412119,32.08872562798729,0],[34.79910561071112,32.0887841634348,0],[34.79906712076913,32.08881274417632,0],[34.79906128409771,32.088817077526414,0],[34.799029959558155,32.088837390151966,0],[34.7989968638627,32.088855550849146,0],[34.79898963093017,32.088857754216114,0],[34.79898548863093,32.0888600333032,0],[34.79886318538576,32.088899908462665,0],[34.79884422488657,32.08883239230219,0],[34.798859986892225,32.088766921622785,0],[34.798944112429076,32.08874484640323,0],[34.799001559067484,32.08871964493542,0],[34.79901819461702,32.08870844927538,0],[34.79905176842998,32.088677950950405,0],[34.79907383531823,32.088650574762454,0],[34.79909457723559,32.0886142756584,0],[34.799102375414776,32.08859488062274,0],[34.7991063999295,32.08858208541673,0],[34.79915829230962,32.08842663453688,0],[34.79918954030708,32.08823712203631,0],[34.79918792903455,32.08811689333779,0],[34.799160618208504,32.08800978369848,0],[34.799160153821504,32.08800796060319,0],[34.79914187375095,32.08793626867446,0],[34.79902936679124,32.08763519701373,0],[34.79897427405737,32.08748776790592,0],[34.79893642375333,32.087391276392765,0],[34.79889477556546,32.08728434895371,0],[34.79865312374308,32.08666468503799,0],[34.79860268507871,32.086536278528555,0],[34.79850444880672,32.08628618951482,0],[34.79834508689696,32.085880482385406,0],[34.79830160165752,32.085770821840306,0],[34.798237688180585,32.085614427394624,0],[34.79820002433502,32.085526654718905,0],[34.798138812471485,32.085384096888525,0],[34.79805221505956,32.085164246573555,0],[34.79797237523117,32.08495748296765,0],[34.79791045698825,32.08476959260098,0],[34.797904329028256,32.08475099972569,0],[34.79787027783022,32.084647670074645,0],[34.79782465884594,32.0844811889891,0],[34.797781541804085,32.084309947260515,0],[34.79773213751207,32.084073134395794,0],[34.79772415724221,32.084024599824716,0],[34.79767792713088,32.083743433676446,0],[34.79765735330028,32.08356971219263,0],[34.79763438908979,32.08328665660295,0],[34.797624844668675,32.083027392660725,0],[34.79761743583737,32.0827922403502,0],[34.79761351608475,32.0826780866866,0],[34.79760875638078,32.082516107616485,0],[34.79760703596058,32.08244323222906,0],[34.79760515219891,32.082363472970066,0],[34.79759155580121,32.08222321393745,0],[34.79758863628707,32.08219077356831,0],[34.79757373678134,32.082025244956206,0],[34.79755413020791,32.08189057393208,0],[34.79752143056336,32.08171176703816,0],[34.79745830086985,32.081413579308034,0],[34.79743496634575,32.08140103714506,0],[34.797455734589796,32.081497457182316,0],[34.79746225537013,32.08152772769877,0],[34.797480451651964,32.081633538805384,0],[34.797490338569936,32.08169584442189,0],[34.79750038644358,32.08179808893564,0],[34.79750399626952,32.08184062523711,0],[34.79750724955248,32.08197607430183,0],[34.79750208006429,32.08209025289932,0],[34.79750158504534,32.082097987747474,0],[34.79749609099385,32.08218381399286,0],[34.797479979091214,32.082268539322605,0],[34.79746788702654,32.08231114513149,0],[34.797452695453636,32.08235453004837,0],[34.79745091736001,32.08235732979938,0],[34.797447334508966,32.082362970697915,0],[34.79741986289211,32.08240245020445,0],[34.797408624319054,32.08241521859019,0],[34.797394614407494,32.08242928656686,0],[34.79738332297853,32.08243940081906,0],[34.797370973854804,32.08244941337758,0],[34.797354384518904,32.08246138813012,0],[34.79734016466425,32.08247048387012,0],[34.79732776571782,32.0824776357935,0],[34.797252927163576,32.08251074434702,0],[34.79724013100491,32.08244144051647,0],[34.79731230120952,32.08239737749672,0],[34.79732647397559,32.082384804314714,0],[34.79733619041012,32.082374920374164,0],[34.79734892121391,32.082363867480126,0],[34.797359207552695,32.08235110235306,0],[34.79736673843015,32.08233701086142,0],[34.79738694644968,32.08225274689403,0],[34.797395650282056,32.08220127104549,0],[34.79740195669571,32.08214463648299,0],[34.797408289431,32.08208182115036,0],[34.797408942330264,32.0820057132557,0],[34.7974104104672,32.08199230748439,0],[34.797410638696,32.081940803506214,0],[34.79740823060435,32.081894075945925,0],[34.797408221874925,32.08189389465851,0],[34.797407260176904,32.08187523898933,0],[34.79739200812988,32.0817998654604,0],[34.79738048828636,32.08169710038762,0],[34.79735840445916,32.08155481569116,0],[34.79733898031871,32.08145674517652,0],[34.797327777031576,32.08141115085841,0],[34.797308606198115,32.081333131503975,0],[34.797299340657815,32.08130798423553,0],[34.797263370140556,32.08121035923172,0],[34.79716273807365,32.08093724047325,0],[34.79712119370545,32.080824488954455,0],[34.797060977337765,32.08066105552563,0],[34.797044190127004,32.08061549553059,0],[34.7970278770288,32.08057599977825,0],[34.79702100384207,32.080561230741004,0],[34.7969812199803,32.08047574317864,0],[34.79697317688926,32.080459434631905,0],[34.796944709069734,32.08040171252348,0],[34.79691500410154,32.08034543740675,0],[34.7968466076992,32.08022011417843,0],[34.79680068002711,32.08013984167493,0],[34.796762514227744,32.0800731362767,0],[34.79671768187533,32.08000050270551,0],[34.79665229376186,32.07989456937529,0],[34.79656142975351,32.07976187280966,0],[34.796544480653914,32.07973712008216,0],[34.79653715158755,32.07972701269644,0],[34.79645169153756,32.079609158841635,0],[34.79637982714517,32.07951491964648,0],[34.796221836930485,32.07932052725662,0],[34.79537142436064,32.07834834912443,0],[34.79533705342677,32.07831297915214,0],[34.795288263609635,32.07826277238875,0],[34.795099750184704,32.078068081639266,0],[34.794921568572995,32.07788501648369,0],[34.79474418348489,32.07770257498311,0],[34.79469981777608,32.07765677580682,0],[34.79463790870466,32.077592866083435,0],[34.79453504711652,32.07748236103355,0],[34.79443419827296,32.07736945463644,0],[34.794286114621826,32.0771945028518,0],[34.79417741474201,32.077058409305636,0],[34.794054601075764,32.07689742659259,0],[34.793955167157534,32.076758500581896,0],[34.79385049024646,32.07660027005409,0],[34.79375474661665,32.076449103239135,0],[34.7936245060511,32.07622860144104,0],[34.79353763455397,32.07607006674771,0],[34.79350196239935,32.0760801710512,0],[34.79335717473454,32.07584169424451,0],[34.7933149276793,32.07576586287452,0],[34.793242608847265,32.075631374479585,0],[34.79317033062782,32.07547579333896,0],[34.79307985176923,32.07529771928411,0],[34.79303039984302,32.07520276544826,0],[34.79302424212118,32.075190941045776,0],[34.79296791853467,32.07508279335243,0],[34.792883769006146,32.07489069163685,0],[34.79287622871769,32.07486998552976,0],[34.79284358802669,32.07478034634281,0],[34.79280332463184,32.074677307058636,0],[34.7927521976228,32.07454646549624,0],[34.792647530391584,32.07418244489048,0],[34.79264711605658,32.074182494946186,0],[34.79262012082945,32.0741006600816,0],[34.79255457301639,32.073919868384465,0],[34.79246260477504,32.07367301319595,0],[34.79253078787567,32.073668689802936,0],[34.792652301868024,32.07398318492362,0],[34.79265611968531,32.07398749525353,0],[34.79266131233964,32.0739896520699,0],[34.79266605368668,32.07398971076087,0],[34.79267098405248,32.073985877043775,0],[34.79267164629367,32.07398179228883,0],[34.79266628689689,32.07396012382977,0],[34.79264376256476,32.073868280111704,0],[34.792550837099775,32.07356534323591,0],[34.79253742399732,32.073526746368145,0],[34.79251829870118,32.07348731301059,0],[34.792494204628696,32.07344965896105,0],[34.79246588582115,32.073414842630086,0],[34.79244207222161,32.07339731650679,0],[34.792415862662224,32.07338387039844,0],[34.7923901988282,32.0733750847,0],[34.79235895017612,32.07336917828512,0],[34.79232325243069,32.07336819288544,0],[34.7922965138544,32.07337139836631,0],[34.7922528786603,32.07337856816238,0],[34.79221792311985,32.073381645000126,0],[34.79243341186192,32.07330286475072,0],[34.792448830046204,32.07329722729032,0],[34.792458314412755,32.07329908153835,0],[34.79246547973641,32.073296599660964,0],[34.792461595729215,32.073298320273594,0],[34.79246038662119,32.07329965279424,0],[34.79248533353747,32.07331691927572,0],[34.79249686880962,32.07332433340292,0],[34.79251167711222,32.07333472505258,0],[34.79252113643563,32.07334193042948,0],[34.79253515139844,32.07335352158238,0],[34.79254377061105,32.07336125538078,0],[34.79255116329535,32.073368301636506,0],[34.79255874386269,32.073375962620574,0],[34.792567567850185,32.07338550516943,0],[34.792574111995336,32.07339306990014,0],[34.792576540107106,32.07339599417599,0],[34.79258273554354,32.073397947744766,0],[34.79258834672575,32.07339674766262,0],[34.792592023873794,32.07339368451218,0],[34.79259352018094,32.07338829397206,0],[34.792590797068414,32.07336824827695,0],[34.79257959565557,32.07328138674495,0],[34.7925774879587,32.07327691874609,0],[34.792574744454214,32.07327418282092,0],[34.792570436991035,32.07327184671634,0],[34.792558408030196,32.07326942780332,0],[34.79268944146611,32.07323162224177,0],[34.79268507683034,32.07324582566469,0],[34.79268200410594,32.07325723413213,0],[34.79268117908861,32.07326810161453,0],[34.792683586877395,32.07328406929625,0],[34.79270033632965,32.073422367941404,0],[34.79280395113369,32.07407790186927,0],[34.79281810653141,32.07416054447905,0],[34.79286853668916,32.07437268632365,0],[34.79287078206245,32.074382129932474,0],[34.79289431579716,32.074481128968465,0],[34.792900857518354,32.0745086475519,0],[34.792989355323336,32.074777407302776,0],[34.79300810120762,32.074843489911714,0],[34.793239092338744,32.07541513040595,0],[34.793266361371785,32.075482612246304,0],[34.79318859195656,32.07527444262958,0],[34.793151705086935,32.07517031062865,0],[34.79311400738634,32.07505757923318,0],[34.79309349318364,32.07499374537356,0],[34.79304619691849,32.07483724334604,0],[34.79302393830088,32.07475735918713,0],[34.793023272246074,32.07475496548139,0],[34.79300974864418,32.074706431501006,0],[34.79297305634042,32.074560366899085,0],[34.79293657446298,32.07440849093884,0],[34.7929295529813,32.0743738737219,0],[34.792917622873425,32.07431506180673,0],[34.79288838826272,32.074147428959115,0],[34.79286849395676,32.074011960774236,0],[34.79284568547452,32.073828876788234,0],[34.79283829665869,32.073750735338365,0],[34.79283119300799,32.073675610395064,0],[34.79282746895788,32.07362672765961,0],[34.79281975682376,32.073525489442844,0],[34.79281525741581,32.07344329661736,0],[34.79280724764449,32.07329809883118,0],[34.79280382808731,32.073237755344856,0],[34.79280495969343,32.073237409126186,0],[34.79279636797182,32.073053088039366,0],[34.79278350169342,32.07277706457632,0],[34.79277513778543,32.07260148255004,0],[34.79276346994429,32.072384445368904,0],[34.79275719234095,32.072268940978276,0],[34.79273884207094,32.07193128222301,0],[34.79265711520175,32.07192649694882,0],[34.792657223209815,32.07193926302534,0],[34.7926590902562,32.07266411986327,0],[34.79265878197284,32.0726641396028,0],[34.792647341445104,32.07273650976962,0],[34.792640433096985,32.07277335425772,0],[34.792632197654626,32.07283100501576,0],[34.792590166291454,32.07284666236776,0],[34.79252231563479,32.07287193723658,0],[34.79244302411317,32.07283284396318,0],[34.79245642749618,32.07281972141596,0],[34.79246612451633,32.07280649664055,0],[34.79248382099609,32.07278071791125,0],[34.79249182045631,32.07276816395758,0],[34.79249237321656,32.072768182888275,0],[34.792500386641684,32.072746607483126,0],[34.792512031394324,32.07272509618385,0],[34.79253306747126,32.07267184087338,0],[34.792539358559516,32.07260897326494,0],[34.79253336619786,32.072046210415515,0],[34.79253326415682,32.072036606030835,0],[34.79253201343532,32.07191917190099,0],[34.79253221045148,32.071904753836414,0],[34.79253187372207,32.07189954310679,0],[34.79251286189149,32.07160523566369,0],[34.79250697225694,32.07151406728795,0],[34.792500890556454,32.07141991336455,0],[34.7924951151147,32.07119484049344,0],[34.792489610537466,32.071022039801605,0],[34.79249072637251,32.07056736131871,0],[34.79247406874674,32.0702670113578,0],[34.7924572826775,32.07011699284625,0],[34.7924475012585,32.07002957676719,0],[34.79241382576149,32.069792796299794,0],[34.7923730617363,32.06955682512142,0],[34.79232523925715,32.069321817529385,0],[34.79227038629121,32.069087925107574,0],[34.79220854138684,32.06885530127692,0],[34.79213974309916,32.06862409765354,0],[34.792064036339966,32.06839446497153,0],[34.7921129759177,32.06838377836584,0],[34.79199688532039,32.06808142741214,0],[34.7919114229742,32.06787504077249,0],[34.791774562586845,32.06757346787547,0],[34.7916627075182,32.067350470732315,0],[34.79155634279165,32.06715226623746,0],[34.791440506116764,32.06695582264288,0],[34.79134728807077,32.0668096616023,0],[34.79118574078428,32.066570818133776,0],[34.791090284588115,32.066438118733736,0],[34.791088008170426,32.0664349532424,0],[34.79097802925664,32.06629111347963,0],[34.79085930957287,32.0661449229912,0],[34.790842936376194,32.066125577577395,0],[34.79075507448673,32.066021765384434,0],[34.79058887336569,32.065835901432834,0],[34.79051443387387,32.06575608443216,0],[34.79036910809122,32.06560612278043,0],[34.79029218939227,32.06553040069302,0],[34.790186518158976,32.06542991703436,0],[34.7900824525664,32.06533461030081,0],[34.7899900282951,32.06525233543582,0],[34.78992487557865,32.06519590029971,0],[34.78982563961895,32.065112320693345,0],[34.789748792654535,32.065049760132425,0],[34.78967319212367,32.06498957170361,0],[34.789561063665055,32.064902391239336,0],[34.789301417813874,32.06468348022122,0],[34.789053188082505,32.064491051972865,0],[34.78904069336266,32.064481365481306,0],[34.78897703891485,32.0644320201303,0],[34.78883303361125,32.06432056566386,0],[34.78848511335881,32.0640467402868,0],[34.78826826432577,32.06385980617571,0],[34.788206125686514,32.0638119623851,0],[34.78807323608926,32.06369799148888,0],[34.787936685426025,32.06357454594107,0],[34.78783337081728,32.06347644066711,0],[34.78777183771659,32.063415665181225,0],[34.78775531848493,32.0633993498022,0],[34.787711627791474,32.06335619710191,0],[34.78759360575547,32.063232812997796,0],[34.78747927504195,32.0631125944851,0],[34.78741728476708,32.06304275343058,0],[34.787242410893604,32.06284573205082,0],[34.78714644417246,32.06272261670507,0],[34.787051041867144,32.06259559658948,0],[34.786971703010956,32.06248614116676,0],[34.78689928334822,32.06238281450589,0],[34.786820313407844,32.06226612604148,0],[34.78681740473817,32.06226162734747,0],[34.78674095707497,32.06214339335794,0],[34.78673719768334,32.06213757975409,0],[34.78666847383021,32.06203087170056,0],[34.78658615206296,32.06189478896252,0],[34.786537245910004,32.06181046366385,0],[34.786476881849126,32.06171310035949,0],[34.786410121870986,32.0616052398369,0],[34.786354849539244,32.06151509856754,0],[34.78630741929592,32.06143371878293,0],[34.78624973787018,32.061327086598226,0],[34.786221226630644,32.0612770099113,0],[34.78615864033157,32.061154548609295,0],[34.78611092632729,32.06105648379071,0],[34.786046570549416,32.06090453075489,0],[34.78600382783987,32.060792202452454,0],[34.7860020857485,32.06078571373159,0],[34.78595942918079,32.06062680371905,0],[34.785894716215125,32.06038572638331,0],[34.78586133147822,32.06026510269292,0],[34.785842311234035,32.060196378470664,0],[34.785831339002506,32.0601699774951,0],[34.78598796142301,32.06014549066313,0],[34.786022840517006,32.06026563589591,0],[34.78605103143053,32.06036273723728,0],[34.78605125095792,32.060363829128164,0],[34.786079240028606,32.06050483075267,0],[34.78608970674749,32.060580208975225,0],[34.786100915999135,32.06064809847452,0],[34.78611592133211,32.06071674628,0],[34.78613723119444,32.060793647330925,0],[34.78615067479137,32.060832933998455,0],[34.78620051402132,32.06095567609349,0],[34.78624957157302,32.06106777626709,0],[34.78631810413426,32.06120906126994,0],[34.78635925582928,32.06127667796411,0],[34.786427228390075,32.06138585462093,0],[34.78643033419975,32.061384948643784,0],[34.78655152234682,32.061606281405474,0],[34.78653624709517,32.061576407042075,0],[34.78647395275021,32.06144502905746,0],[34.786321096039195,32.061058347719936,0],[34.78622262176587,32.06077389039797,0],[34.78622164657865,32.06077107359491,0],[34.786118330695516,32.060433014023495,0],[34.786028804449685,32.060139542002055,0],[34.78600430816625,32.06006037953949,0],[34.785829249584346,32.059494657633486,0],[34.785789411702474,32.05936086449445,0],[34.78573408148946,32.05917667050238,0],[34.78571049764982,32.059098161178404,0],[34.78562147742954,32.05880621091147,0],[34.78560142972478,32.05874044472534,0],[34.78551338810757,32.05845163042344,0],[34.785321733098165,32.05782217832187,0],[34.78525114394163,32.057590535516276,0],[34.785249560211376,32.05758533686674,0],[34.78527002532941,32.05770390614624,0],[34.78533388054454,32.05794353637989,0],[34.78541077083772,32.058232083105935,0],[34.78549157517423,32.05853531754816,0],[34.785523078266394,32.05865359590016,0],[34.785546665894906,32.0587321440526,0],[34.78558175316904,32.05887492145082,0],[34.78560014379444,32.05894321529329,0],[34.78561851183044,32.05901182468459,0],[34.78553593811398,32.05902794188779,0],[34.7854626431397,32.05900516481918,0],[34.78540233731902,32.058959095914275,0],[34.785387556779014,32.05897837513129,0],[34.785315362242834,32.05895603357308,0],[34.78536170657362,32.05888745321952,0],[34.785381236154066,32.05883942168478,0],[34.78538706271569,32.058762915902896,0],[34.78539320671089,32.05875917845164,0],[34.78539850423791,32.05875459592962,0],[34.785402795835175,32.05874930488206,0],[34.78540595370574,32.05874346450348,0],[34.7854078849353,32.058737247630674,0],[34.78540853043309,32.058730840738974,0],[34.785382784248405,32.05873094320464,0],[34.78537545784435,32.058697420172145,0],[34.78535119793007,32.058576598333204,0],[34.785276589203036,32.0582602515152,0],[34.78520764781925,32.05796793175478,0],[34.78516496360869,32.057796386338,0],[34.78516379480462,32.057791689553696,0],[34.785098241236135,32.05752823371409,0],[34.7850211571903,32.05721843182777,0],[34.78492590142579,32.05683559683932,0],[34.78492297948786,32.05682385216646,0],[34.78481928215095,32.05640708721836,0],[34.78481581120274,32.056393137650105,0],[34.78461519058745,32.055586822462324,0],[34.784558670807066,32.05535965990509,0],[34.78449557455504,32.05510606658191,0],[34.78445447543878,32.05495272064897,0],[34.78442920116378,32.05485159754423,0],[34.78442170529865,32.054818687096066,0],[34.78441599128582,32.05479162705858,0],[34.78437060890091,32.05457670613358,0],[34.784360457850305,32.05452863318531,0],[34.784329271226326,32.054326646772,0],[34.78430563790034,32.054123918854344,0],[34.78429354934229,32.05400026396769,0],[34.78427919381425,32.05385342553137,0],[34.784224419575914,32.05329312072577,0],[34.78422275754524,32.05327612096068,0],[34.784207800333505,32.0531231275846,0],[34.784181087759634,32.05284987112489,0],[34.78412520392195,32.0522782116679,0],[34.7841095206983,32.052117793205845,0],[34.78410951565557,32.05211773817985,0],[34.784099535603644,32.05204623992539,0],[34.78409176707305,32.0519905880665,0],[34.784083089031135,32.051881188224755,0],[34.7840744407619,32.05176527934857,0],[34.784065887901754,32.051622943786825,0],[34.78406094487535,32.05146087366219,0],[34.7840614755719,32.05134477788066,0],[34.78406188865992,32.051254409819535,0],[34.7840621389414,32.051199657474385,0],[34.784063308630735,32.05117077516601,0],[34.78407256936949,32.05094211874547,0],[34.78407427259177,32.05090005761897,0],[34.784073344015546,32.05089194472846,0],[34.784073226950156,32.05089091629794,0],[34.78407041375132,32.05086633314966,0],[34.78406215682304,32.05079825657886,0],[34.78404122388821,32.05069442973343,0],[34.78406044244749,32.050693119127274,0],[34.78405888403651,32.05069052852351,0],[34.78405687029566,32.050688176286535,0],[34.78405445178445,32.050686120298664,0],[34.7840516854483,32.05068441124897,0],[34.78404863992494,32.05068308994572,0],[34.78404539024212,32.0506821891021,0],[34.78404201465347,32.05068173062061,0],[34.78403859675209,32.050681726501686,0],[34.78403522018875,32.050682176120944,0],[34.78403088762768,32.05067333231287,0],[34.784065129837806,32.050673445852794,0],[34.784041992896505,32.05063900636702,0],[34.78402548225267,32.0506631457867,0],[34.784015567812226,32.05064937321329,0],[34.7840061405823,32.05064020139202,0],[34.783993381548896,32.05063095359207,0],[34.7839844083531,32.0506259964453,0],[34.78396865972982,32.050619637988554,0],[34.783959078768234,32.05061769080838,0],[34.78395959965825,32.050562123234315,0],[34.78397075405113,32.05056383665777,0],[34.78398663121485,32.05056755329108,0],[34.78400166444896,32.0505724367475,0],[34.78401339859743,32.05057726777985,0],[34.784022236069596,32.05058157157741,0],[34.78402394250897,32.050584670381205,0],[34.784026253847564,32.050587470894214,0],[34.78402909953208,32.05058988811396,0],[34.78403239413216,32.050591848712095,0],[34.78403603732805,32.05059329373944,0],[34.784039919204545,32.05059417864371,0],[34.78404392340704,32.050594477788906,0],[34.78404792715791,32.050594180848236,0],[34.78405181076111,32.050593298246284,0],[34.78405545550942,32.050591855741416,0],[34.78405875108369,32.05058989715568,0],[34.784061599800594,32.05058748168347,0],[34.784063913440185,32.05058468297917,0],[34.78406562173716,32.050581584676486,0],[34.78406667555312,32.05057828130067,0],[34.784067040548415,32.050574872836705,0],[34.784066764640855,32.05057176344613,0],[34.78406591555423,32.050568730611,0],[34.78406451517749,32.05056585015431,0],[34.78406259812606,32.05056319343244,0],[34.78406021173756,32.05056082823661,0],[34.78405741821024,32.050558814291314,0],[34.78405428508581,32.050557200517225,0],[34.78405421873087,32.05055202762042,0],[34.784053290657916,32.05052898106151,0],[34.78405131540782,32.050500605048946,0],[34.78404830161854,32.05047126428275,0],[34.784045037311415,32.050446926727595,0],[34.784154801058634,32.05043166348703,0],[34.78416210694337,32.05048125919246,0],[34.78416818496864,32.05053193027155,0],[34.784167153126454,32.05053343825398,0],[34.784168366531325,32.05053344227622,0],[34.78416845118642,32.05053414865967,0],[34.78416836026036,32.05055404548902,0],[34.784167376174,32.050557151604515,0],[34.784167034349046,32.05056035634069,0],[34.78416734687761,32.050563562344145,0],[34.78416830254139,32.05056667579138,0],[34.78416824699003,32.05057883175848,0],[34.78416805856275,32.05058461432363,0],[34.78416501224627,32.05059597852343,0],[34.78416475592033,32.050652068211264,0],[34.78416672426464,32.050652074736036,0],[34.78416677312565,32.05068586863729,0],[34.784165552227165,32.05071623422646,0],[34.78416527260749,32.05072320414878,0],[34.78416170184357,32.05076962375858,0],[34.78416162189096,32.05077066867002,0],[34.784156379638404,32.05082163047354,0],[34.7841497244738,32.05087917067123,0],[34.78414326053027,32.0509266087308,0],[34.78413892819081,32.05097192472622,0],[34.78413356065421,32.05102805247563,0],[34.784123145701834,32.051136983226236,0],[34.78411968072517,32.051173221955786,0],[34.78411880333383,32.05118240379393,0],[34.78412798744939,32.051128251899534,0],[34.78413304258774,32.05108788913752,0],[34.7841367307929,32.05106257815548,0],[34.78414763172196,32.051001143670426,0],[34.784157534734504,32.050949080901034,0],[34.78415922827738,32.050940175912395,0],[34.784171298355176,32.05088100969827,0],[34.78417412524815,32.050867152219595,0],[34.78419025346815,32.05079694258789,0],[34.78422011540712,32.050691601386,0],[34.784223049089114,32.050681250425505,0],[34.7842322536695,32.0506487803627,0],[34.78427920406162,32.050487113962,0],[34.784290449679276,32.05045611156012,0],[34.784301119562635,32.050635497044496,0],[34.784301182428685,32.05063656948309,0],[34.7843090567533,32.05076896325675,0],[34.78431185330975,32.05081597660798,0],[34.78431708355724,32.0509039096028,0],[34.78431595666801,32.05090999837267,0],[34.7842978602493,32.051007764756974,0],[34.78428691487489,32.051066897736014,0],[34.784282205378275,32.051092342410406,0],[34.7842801513578,32.051103438461205,0],[34.78425943102886,32.0512688792038,0],[34.7842454086557,32.05143483000652,0],[34.784240549566846,32.05154537805016,0],[34.78423810106331,32.05160109253345,0],[34.78423751658984,32.051767472026576,0],[34.78424365618238,32.05193376919336,0],[34.784251828953636,32.05203931579842,0],[34.78425651230089,32.05209978831932,0],[34.78428058718346,32.05258859575442,0],[34.78429196770918,32.05281966880394,0],[34.78431135986462,32.05321338841553,0],[34.78432515044406,32.053493378074336,0],[34.78432219175364,32.05330917199772,0],[34.78432277929343,32.052938141841175,0],[34.78432250707081,32.05288068420741,0],[34.78432249059843,32.052877104943086,0],[34.78432214211987,32.05280342743723,0],[34.784321959003435,32.052738749454285,0],[34.78432185636746,32.0526766192979,0],[34.7843230696484,32.05261338339637,0],[34.78432357427371,32.05258705997528,0],[34.7843247753606,32.05252440658963,0],[34.78432623498185,32.05240632094391,0],[34.784331745681676,32.05214269868415,0],[34.78433238588152,32.052107093571166,0],[34.78433367367032,32.05203542435716,0],[34.784337608900984,32.05180954945931,0],[34.784341398880336,32.05160526656764,0],[34.78434385247259,32.05144226506065,0],[34.7843468363751,32.05127072173347,0],[34.784347849411084,32.05115419017468,0],[34.78434718436676,32.051041326952415,0],[34.784343299970466,32.050855091412515,0],[34.78433818827713,32.050721498395696,0],[34.78433055678899,32.05058530798269,0],[34.784320339389716,32.05043851294568,0],[34.78431605311047,32.05038523081052,0],[34.78429863872117,32.050203242042855,0],[34.784278745694216,32.05002982560215,0],[34.78424796345231,32.049812679452195,0],[34.78423303432917,32.04972315960677,0],[34.78421769501084,32.04961798239192,0],[34.784203715777146,32.04953539956593,0],[34.784177588130966,32.04939362614201,0],[34.784147553706156,32.049243934652225,0],[34.784115934349536,32.049100493628025,0],[34.78406984872767,32.04889885618971,0],[34.78401856621508,32.04867368817506,0],[34.783997887552076,32.04859819463194,0],[34.783918474312536,32.0483069347369,0],[34.78388273447274,32.048173973221886,0],[34.78381578592635,32.04792490525058,0],[34.7837593328086,32.04771444350763,0],[34.78370260589696,32.04751644088611,0],[34.78367812661202,32.04742707051698,0],[34.78362019295868,32.04721751008672,0],[34.783556688318534,32.04698779231047,0],[34.78352108705615,32.04685901274146,0],[34.783511004408794,32.04682217803429,0],[34.78348317037274,32.0467168031988,0],[34.78346981744395,32.04667111465641,0],[34.78345146670389,32.04667500538154,0],[34.783342543590095,32.04669470404687,0],[34.78327264792925,32.04667382446213,0],[34.783281153058475,32.04664864672093,0],[34.78328507565532,32.046621870210835,0],[34.783285232101406,32.04657845304544,0],[34.78328016225989,32.046544772304195,0],[34.783280330699526,32.046544752122465,0],[34.78324930742149,32.04635093419276,0],[34.78324700068644,32.04633652039992,0],[34.783162062270826,32.0458058653542,0],[34.78315354150903,32.04575263220192,0],[34.783117269299396,32.04548254122184,0],[34.78306787666604,32.04511475333018,0],[34.783064856235995,32.045121633887966,0],[34.78306033270056,32.04509330708421,0],[34.78301079514555,32.04478312606886,0],[34.78301005822036,32.04477850914787,0],[34.783003723443294,32.04473879840603,0],[34.782998582558804,32.0447065701963,0],[34.782986036513364,32.04462792736753,0],[34.78295990206524,32.04445228586094,0],[34.78294567615131,32.04434931068825,0],[34.78293028079875,32.04424045825059,0],[34.782924996303926,32.044200995379015,0],[34.78292171731655,32.04418020176926,0],[34.78291979230706,32.04416799592125,0],[34.782914847250154,32.04414017992538,0],[34.782911924906934,32.04412496689092,0],[34.78290586429768,32.044095682674985,0],[34.78293766924049,32.0442156456431,0],[34.7828835647425,32.044005571773525,0],[34.78286812512674,32.04395353480957,0],[34.78283603397692,32.04386140649814,0],[34.782819129182315,32.04382436507249,0],[34.78278131850032,32.04374152603026,0],[34.78276497661231,32.04370572553176,0],[34.78273632288997,32.04363865681344,0],[34.78271231868428,32.043580257153536,0],[34.7826701292965,32.04348746666042,0],[34.782633016788374,32.043403663171674,0],[34.78258989418801,32.043304310808274,0],[34.78257460745448,32.04325339704474,0],[34.78255263842488,32.04320906667688,0],[34.782539258951516,32.04318207028508,0],[34.78250442977717,32.0431117913226,0],[34.782471813980116,32.04304416377162,0],[34.78245535455647,32.04301003476294,0],[34.782399649894664,32.04290797836619,0],[34.7823585038234,32.04282676123495,0],[34.78225678865041,32.04263931326784,0],[34.78217923782961,32.04250807867424,0],[34.78215139254918,32.042466878626946,0],[34.78212638660662,32.04242987956222,0],[34.78206440133469,32.04232801491809,0],[34.78202546542224,32.042267083648746,0],[34.78201016332108,32.042243138772925,0],[34.781966939701455,32.04217549829199,0],[34.781937680988506,32.042130425698524,0],[34.781886115793725,32.04204985544687,0],[34.78181075390747,32.04194154246887,0],[34.781765802219766,32.04187861974848,0],[34.78169385538731,32.041776218512894,0],[34.7816911668494,32.04177239226091,0],[34.78168728130803,32.041766861237036,0],[34.78167766488331,32.04175325899897,0],[34.78166629810476,32.0417371818158,0],[34.7816597087628,32.04173298995656,0],[34.78163978336459,32.041707201686314,0],[34.78162002110853,32.0416816249764,0],[34.781584403403876,32.04163552649866,0],[34.781582927844056,32.04163361608995,0],[34.781561770046146,32.04160623293509,0],[34.78151747374552,32.04154890252421,0],[34.78150517623303,32.04153355177249,0],[34.7814547830103,32.041470645058666,0],[34.78138440421541,32.041384950979264,0],[34.78133132941221,32.04132296231224,0],[34.78132769947385,32.04131872349734,0],[34.78122823286626,32.04120254996776,0],[34.781223240268254,32.0411967194466,0],[34.781137866221435,32.04110156857993,0],[34.78103614472544,32.040992587284855,0],[34.78097784164802,32.04093214381813,0],[34.780893034289,32.0408467006741,0],[34.78078781672298,32.0407445485017,0],[34.780737897554516,32.040697758122164,0],[34.780708649634526,32.04067034238052,0],[34.78058967063168,32.04056257909376,0],[34.78049866816145,32.04048154368218,0],[34.78040285598118,32.04039708875536,0],[34.78029243302754,32.04030083813202,0],[34.780189451245136,32.04021209989439,0],[34.7800653458561,32.040106453506816,0],[34.779992820484544,32.040045483135785,0],[34.77995392391263,32.04001278468504,0],[34.77987690275316,32.03994966014511,0],[34.77977886518464,32.039873701202104,0],[34.779701101230714,32.03981672880448,0],[34.77958275096484,32.03973516646649,0],[34.77927930547797,32.03955152104199,0],[34.77925997426592,32.03954081507054,0],[34.7792419774171,32.03953117047167,0],[34.77920748577873,32.03951308208067,0],[34.779160172943385,32.039489098947904,0],[34.77912956529172,32.03947408244316,0],[34.779097763211105,32.03945888427145,0],[34.77906605329649,32.039444133690274,0],[34.77902765373668,32.03942679866549,0],[34.778988406281336,32.039409668196726,0],[34.77895339766123,32.03939487766266,0],[34.778911375490544,32.03937772072591,0],[34.7788570351422,32.039356479697084,0],[34.778791829454434,32.03933155171691,0],[34.77869525484563,32.03929463095543,0],[34.77866146679784,32.03928171475744,0],[34.77860926026973,32.0392617559225,0],[34.77856544290206,32.039245004962424,0],[34.77855240792559,32.03924002116342,0],[34.77853861308224,32.03923474804086,0],[34.77852286417712,32.039228723472654,0],[34.77849625977282,32.03921825898509,0],[34.778461217238295,32.03920373783767,0],[34.77843356790894,32.0391916727515,0],[34.778404683026466,32.039178476267125,0],[34.7782106055392,32.03908943124223,0],[34.77824620635125,32.03903346659003,0],[34.77842207996148,32.03892872182791,0],[34.77842475195829,32.03893058579264,0],[34.77851871493041,32.038989774980074,0],[34.778597820229926,32.039036151128876,0],[34.7786773035835,32.039079778029105,0],[34.778776586521595,32.039130342103476,0],[34.779106809959266,32.03931252205541,0],[34.77924204452795,32.03939202674875,0],[34.77936809627378,32.03946874734302,0],[34.77975459762256,32.03972273915151,0],[34.779829555773624,32.03977791476824,0],[34.77992692136517,32.03985104159709,0],[34.78016732761788,32.0400416798994,0],[34.78034003520549,32.04018986038685,0],[34.780516209406315,32.04035370374521,0]],[[34.8104435271238,32.13409863448853,0],[34.81042803930713,32.13401009631575,0],[34.810412881096205,32.13391071434616,0],[34.81039771207195,32.13381582771858,0],[34.810397003362205,32.133704073188085,0],[34.81039202953357,32.13389544091253,0],[34.81037744539289,32.134455627011,0],[34.81036729203779,32.134839811829735,0],[34.81036514909157,32.13492092035785,0],[34.81035793998044,32.13520275406142,0],[34.810347462696654,32.1355818752265,0],[34.81034731795002,32.13558744056748,0],[34.81033866227571,32.135920001220875,0],[34.81032683207157,32.136363545855666,0],[34.81031768184806,32.13670755844352,0],[34.81030890727577,32.13703492891735,0],[34.8103050855113,32.13717517006248,0],[34.810298480132595,32.137417555344356,0],[34.810293765309616,32.137622023022104,0],[34.810282662318016,32.13806491510323,0],[34.8102788265981,32.13822858624169,0],[34.81027024960821,32.138611466343164,0],[34.810262911295645,32.13893599065804,0],[34.81026174717053,32.139028987644245,0],[34.810258817797504,32.13926307439198,0],[34.81025870393887,32.13927500819851,0],[34.81043287895743,32.13919885939255,0],[34.81080140469727,32.139014217409354,0],[34.81097860401304,32.13894266280177,0],[34.81121412976581,32.13885017303394,0],[34.811422530368255,32.13877272508421,0],[34.81153954489986,32.13873308711664,0],[34.81173684088463,32.13867246116445,0],[34.811944753552076,32.13861668963872,0],[34.812175446264334,32.13856417073891,0],[34.812245576399626,32.13855010291104,0],[34.81233703070464,32.138533063894464,0],[34.81247201009837,32.13849837376083,0],[34.81251237583889,32.13842816796439,0],[34.81254547719204,32.138355264083955,0],[34.81257233333242,32.13828124610128,0],[34.81259150013509,32.1382055170807,0],[34.81260283312927,32.13812865461994,0],[34.812606243981975,32.13805124460517,0],[34.81260170899913,32.13797387582654,0],[34.81258926065385,32.137897138148354,0],[34.8125684008756,32.13781978376585,0],[34.81253950154932,32.13774432438344,0],[34.81251108601427,32.137687842662224,0],[34.81250279433899,32.13767136310253,0],[34.81246244722035,32.13760495640586,0],[34.812417804469284,32.13754056990994,0],[34.812408697084514,32.13752896735331,0],[34.81236900724828,32.13747840514463,0],[34.81178111327106,32.13677294888736,0],[34.81176183338846,32.13674981342112,0],[34.811668422962725,32.13663460161952,0],[34.81157853790877,32.136517376189715,0],[34.81149223722421,32.136398217580734,0],[34.81135142835842,32.13619121223823,0],[34.81121783740638,32.13598077172607,0],[34.811091580129705,32.135767078585936,0],[34.8110629948792,32.13571492996095,0],[34.810972764856096,32.135550318041055,0],[34.81086149566288,32.13533067710408,0],[34.81075786707034,32.13510834636406,0],[34.81070375088253,32.13498204687665,0],[34.81065358556103,32.13485457110547,0],[34.81060740780035,32.13472600844555,0],[34.810606492211484,32.134726235551604,0],[34.810580546814684,32.13464194202176,0],[34.810548384646424,32.134537178554574,0],[34.81052747488421,32.13446364269393,0],[34.81051166003167,32.13440456290151,0],[34.81049295358893,32.13433005635866,0],[34.810475391831936,32.13425454698658,0],[34.81046230517149,32.13419394174603,0],[34.8104435271238,32.13409863448853,0]],[[34.824825151143216,32.177131597172874,0],[34.824768143955964,32.17705779703123,0],[34.82472192985583,32.17699492811776,0],[34.82460179860964,32.176822147102946,0],[34.824501079430526,32.17667342683146,0],[34.82442621364076,32.17656071448515,0],[34.82431240170949,32.17638565354311,0],[34.824215848995294,32.17623344486332,0],[34.823911531926385,32.175776894217016,0],[34.82371942918634,32.1754620447217,0],[34.8243785393401,32.17669127735548,0],[34.82547172559991,32.17874252949607,0],[34.82601812988231,32.1786667313885,0],[34.825970415393336,32.17855270884403,0],[34.82585924331018,32.1783602754976,0],[34.825683013576196,32.178114713977635,0],[34.8251276044838,32.177483322993226,0],[34.825047624515896,32.177392089511336,0],[34.82497399028117,32.17730809372519,0],[34.8249127111665,32.17723781309191,0],[34.824825151143216,32.177131597172874,0]],[[34.82691471992154,32.181455110322766,0],[34.826853699532336,32.18126200604718,0],[34.82675609193559,32.181035576528,0],[34.82669768246321,32.18084921081191,0],[34.82663887477771,32.18071260834074,0],[34.82660194092521,32.180624296306355,0],[34.826560196968664,32.18051299265979,0],[34.82653213559068,32.18042867130814,0],[34.82650619578747,32.180351588524886,0],[34.826475632779406,32.18025067784205,0],[34.82637532468049,32.179876097187744,0],[34.82635646947859,32.17979561600752,0],[34.826334201935026,32.1797005654623,0],[34.82631402664929,32.17961445054499,0],[34.826302529800536,32.17956383470054,0],[34.826295233368434,32.17952773466299,0],[34.82619875688886,32.17915412297108,0],[34.826171020819494,32.179007186818396,0],[34.82565269078422,32.1790881267885,0],[34.82625558171752,32.180254486720536,0],[34.82723215516847,32.18214371121279,0],[34.82749356046708,32.18271075999432,0],[34.827520937603865,32.182702357667196,0],[34.82723215516847,32.18214371121279,0],[34.82691471992154,32.181455110322766,0]],[[34.830151394159394,32.19464954947754,0],[34.83017950814838,32.19497889357442,0],[34.830237026467536,32.19532263939731,0],[34.83046960452707,32.19608563770508,0],[34.83077699687686,32.19708148516589,0],[34.831175123780135,32.19853570201903,0],[34.8313194588703,32.19896402815965,0],[34.83136872140108,32.19912313258797,0],[34.831387014273204,32.199118344929445,0],[34.83129043800715,32.1987373928514,0],[34.83110091923495,32.19800507549244,0],[34.83110022178868,32.198002382543145,0],[34.83104182507334,32.19777673083399,0],[34.83090932054346,32.19726471232915,0],[34.830636014767705,32.19620859945581,0],[34.8302456567041,32.194700126602925,0],[34.83023181125689,32.19464662129944,0],[34.83018234067681,32.19445544685393,0],[34.830151394159394,32.19464954947754,0]],[[34.8233042453194,32.17653641385067,0],[34.82300724783662,32.17597071595226,0],[34.82283818686343,32.17564869875593,0],[34.823052586370494,32.17607612232087,0],[34.823237865048554,32.17649153448747,0],[34.823450242201694,32.176943392070406,0],[34.823454512356754,32.17695247859538,0],[34.82425733004877,32.17866052803172,0],[34.824320446818945,32.17876304574613,0],[34.8243549444301,32.17890034098866,0],[34.82453106935941,32.17887208352287,0],[34.82451743131128,32.17884711118449,0],[34.82439837155458,32.17862034935215,0],[34.82436766490539,32.17856186624788,0],[34.824095862989374,32.17804418509819,0],[34.82376795424415,32.177419632841634,0],[34.8237190283623,32.17732644492812,0],[34.82354727992883,32.1769993192932,0],[34.82351816702275,32.1769438689334,0],[34.8233042453194,32.17653641385067,0]],[[34.76623776844447,32.03725712760516,0],[34.7660886767624,32.03739022823046,0],[34.76597602501489,32.03746323747777,0],[34.767515299185085,32.0369568659274,0],[34.767454345645824,32.03697140923126,0],[34.76737346598263,32.03697875606185,0],[34.767274749615474,32.03698478876339,0],[34.76716227121684,32.03698776194697,0],[34.76706721498061,32.0369870481715,0],[34.766996004271576,32.03698457512169,0],[34.76687766602272,32.03697843506364,0],[34.766786676804344,32.03696801829497,0],[34.766719596005046,32.03695709060812,0],[34.7666364218133,32.0369395873661,0],[34.76656432784653,32.03692072996128,0],[34.76649386567666,32.03689646108246,0],[34.766403214761205,32.036855703491916,0],[34.766385585612056,32.03684593840578,0],[34.766376474811004,32.036952199429464,0],[34.766328061112084,32.03711905138866,0],[34.76623776844447,32.03725712760516,0]],[[34.82459133126388,32.179293613592236,0],[34.82481557894817,32.17971407751653,0],[34.82488680334225,32.179835752231554,0],[34.824947912500676,32.17993694069349,0],[34.82496155013683,32.17995952237502,0],[34.82500219032129,32.18002681841035,0],[34.82504100343629,32.18009108800589,0],[34.82507884459581,32.18015374680935,0],[34.825127251610674,32.1802339019613,0],[34.82517895809375,32.180319520921834,0],[34.825266239792484,32.18046404674166,0],[34.82563361366187,32.18107235759336,0],[34.82563798623421,32.181079598413596,0],[34.82570889955708,32.181197017143106,0],[34.82615324026713,32.181970862118995,0],[34.826233380733775,32.18211042777416,0],[34.825371990286065,32.1804748188307,0],[34.8253642892012,32.18046019511333,0],[34.82470961627822,32.1792170589678,0],[34.82459133126388,32.179293613592236,0]],[[34.766327725108574,32.036601289585676,0],[34.766367552244155,32.03674095974989,0],[34.76638537616125,32.036753839401456,0],[34.7665073362911,32.03681081655815,0],[34.76659967655616,32.03684629720584,0],[34.76661441534511,32.03685031958741,0],[34.76649496996923,32.036773658771494,0],[34.7664085354282,32.036689850636385,0],[34.766327725108574,32.036601289585676,0]]]},"properties":{"OBJECTID":"8","שם_רש":"נת''א","road_rashu":"כביש 20","area_2":"3299493","source":"נתיבי איילון","date":"רבעון 1, 2026"},"id":8},{"type":"Feature","geometry":{"type":"Polygon","coordinates":[[[35.0310609439493,32.78449165203295,0],[35.03100567942868,32.78446380512795,0],[35.031552633986394,32.78375946041074,0],[35.03167002977847,32.78361334297792,0],[35.0317947130286,32.78345815629956,0],[35.031851898652846,32.7833869794896,0],[35.03190908418587,32.78331580265241,0],[35.031966630219166,32.78324417723996,0],[35.03208147911746,32.78310122896794,0],[35.0321387819815,32.78302990701032,0],[35.0321960333957,32.782958648073475,0],[35.03225477308688,32.782885535464956,0],[35.03231351374925,32.78281242282919,0],[35.03237088579357,32.78274101339193,0],[35.03242677794858,32.782671444961785,0],[35.03256030202059,32.7825052500059,0],[35.03253913810162,32.78248694269627,0],[35.03320139585213,32.78196081735326,0],[35.0335980916923,32.78164273561871,0],[35.03375546368435,32.781523944268315,0],[35.03376557182612,32.781505642789725,0],[35.03383179457606,32.781405371514175,0],[35.03383660139135,32.78139237560351,0],[35.03383879291338,32.781378886510794,0],[35.033838307590266,32.78136527655284,0],[35.03383515964615,32.78135192355959,0],[35.03378091003562,32.78130964219484,0],[35.03424750193725,32.780963196917156,0],[35.03426644913927,32.78097629814588,0],[35.034287375796026,32.78098634711368,0],[35.03430981261433,32.780993711074316,0],[35.03433328169266,32.78099823248313,0],[35.034357279394506,32.780999815076065,0],[35.03449791499265,32.7809930402981,0],[35.03450888154777,32.780991362688184,0],[35.034519347245684,32.780988127168996,0],[35.03452900449108,32.78098342890341,0],[35.03453757015686,32.780977406368805,0],[35.03457659617223,32.78095076186539,0],[35.03459678822767,32.78094183810109,0],[35.0346182851727,32.780935450769675,0],[35.03464064378349,32.78093173181912,0],[35.035176906925024,32.78051617136675,0],[35.035634090602564,32.78016927443648,0],[35.03591804056325,32.779943761924,0],[35.03611025962787,32.779795201651346,0],[35.03629989591169,32.779646135368424,0],[35.03680332660813,32.779250577503184,0],[35.03687831422097,32.77919173391498,0],[35.03691594160783,32.77916220858724,0],[35.03693887262979,32.77914323148421,0],[35.037053194752964,32.77905509014898,0],[35.037246246216476,32.77890458425776,0],[35.03733916947302,32.77883208558561,0],[35.03734129212924,32.7788117208981,0],[35.03733964484367,32.77879132503386,0],[35.03733427045645,32.77877139308119,0],[35.03732529615575,32.77875240671511,0],[35.0373129420268,32.778734828798726,0],[35.03729750721269,32.778719083527356,0],[35.03724733560335,32.77866446576328,0],[35.0373469157309,32.77859889377926,0],[35.03741174638712,32.778669155640976,0],[35.03742131084275,32.778677918452054,0],[35.03743245132932,32.778685231631755,0],[35.03744486721773,32.778690895504084,0],[35.03745821616818,32.77869475452069,0],[35.03747213546616,32.77869670360116,0],[35.037486245221224,32.77869668994074,0],[35.03750015903924,32.778694713926306,0],[35.037513497898516,32.778690829154726,0],[35.03752589762147,32.77868514244299,0],[35.0375370195604,32.77867780753034,0],[35.037650989676884,32.77858890774686,0],[35.037865268271496,32.77842176578923,0],[35.03826805133814,32.77810755441125,0],[35.03845749648278,32.77795983709961,0],[35.03846162251014,32.77795662350836,0],[35.03864675933147,32.77781223647617,0],[35.03865146261065,32.777808545743156,0],[35.038665626399364,32.777797158020604,0],[35.038794905723925,32.77769384126995,0],[35.038892811064194,32.77761558617117,0],[35.03893150707619,32.777584664010156,0],[35.039215340964375,32.777359875923594,0],[35.03933246331256,32.77726726375143,0],[35.039495141373926,32.77713947313664,0],[35.03950061414726,32.77713520629827,0],[35.03977337570153,32.776922521154866,0],[35.03978513368212,32.77691328519725,0],[35.03985671564321,32.776771533323874,0],[35.0395434984124,32.776499192341724,0],[35.03974031544866,32.77634111954116,0],[35.03995641533994,32.776502390529785,0],[35.04001552589719,32.77651902957142,0],[35.04007674321221,32.7765288229615,0],[35.040138962881535,32.776531594319756,0],[35.04020105999204,32.776527291675215,0],[35.040261913658405,32.77651599471215,0],[35.04032042518408,32.776497906678514,0],[35.04040720845382,32.776433462427605,0],[35.04063587068618,32.776222816789385,0],[35.04126399039185,32.77579722474723,0],[35.04181863104479,32.7753853463741,0],[35.04273518041566,32.77468849272409,0],[35.04274508220492,32.77467897816967,0],[35.04275295728251,32.77466819501669,0],[35.04275857988755,32.77465644955132,0],[35.042761793587204,32.7746440751999,0],[35.04276250596269,32.774631419898455,0],[35.042760698221656,32.7746188424983,0],[35.0427041424767,32.77455619895066,0],[35.042798459579814,32.77448411274162,0],[35.04284643560155,32.77451219124859,0],[35.042862781269974,32.774518393459516,0],[35.04288004552272,32.774522449010036,0],[35.04289783467821,32.77452426632092,0],[35.042915745357575,32.7745238042956,0],[35.04304999519898,32.77446130120277,0],[35.04336743933827,32.77423707884253,0],[35.04371896191397,32.77396518156252,0],[35.04419035754681,32.77361769315725,0],[35.04419670576285,32.773613047615434,0],[35.04420209268411,32.77360760374373,0],[35.044206378241384,32.77360150112617,0],[35.04420945328394,32.7735948983221,0],[35.04421123745936,32.77358796474791,0],[35.04422251285943,32.773522304944215,0],[35.04437111266069,32.77347106473595,0],[35.044400526430934,32.77351966501516,0],[35.044609157474135,32.77337051823759,0],[35.04469577513853,32.773321861284806,0],[35.04472383068518,32.77330033746215,0],[35.04481036995526,32.77323393582747,0],[35.0447876450819,32.77321753926767,0],[35.044874426161066,32.773086717931164,0],[35.04496342218127,32.773084304663335,0],[35.04526151483349,32.77289184034717,0],[35.045295543932774,32.77286607698729,0],[35.04537177797929,32.7728083839903,0],[35.04538598182866,32.772795748499135,0],[35.045397601643415,32.772781350515224,0],[35.04540633471021,32.772765563859515,0],[35.045411954032744,32.772748797615215,0],[35.04541431581878,32.77273148712007,0],[35.04541335737115,32.77271407953667,0],[35.04540910456803,32.772697028451546,0],[35.04540166655842,32.77268077583469,0],[35.04539123684842,32.772665741220386,0],[35.0453780858378,32.772652317189504,0],[35.04524542128576,32.77253717328936,0],[35.04547485454891,32.772348484077,0],[35.04556530812167,32.772426986052125,0],[35.04559767238769,32.77245506987024,0],[35.04561846619121,32.77247041336012,0],[35.04564191444426,32.77248272509653,0],[35.04566740401272,32.772491684198584,0],[35.04569427037696,32.77249705628363,0],[35.04572180935989,32.772498700695785,0],[35.04574930273614,32.77249657414533,0],[35.045776031037065,32.772490732528304,0],[35.04579608238282,32.772483613764756,0],[35.045814899365126,32.772474398792326,0],[35.04583217753221,32.77246323871139,0],[35.04647680806316,32.771970809061145,0],[35.04648172404529,32.77195872890363,0],[35.04648432166901,32.77194614447991,0],[35.04648453740728,32.77193337130419,0],[35.046482366426645,32.77192072947305,0],[35.04647786046841,32.77190853464575,0],[35.04647113532764,32.77189709354517,0],[35.046623509911555,32.77182982863027,0],[35.04663880489071,32.7718470558873,0],[35.04722002630678,32.77140303127936,0],[35.047285318153975,32.77135745120546,0],[35.047318295309275,32.77133443614644,0],[35.04743167419957,32.77125530098722,0],[35.0485519949451,32.7703896901436,0],[35.048607539530224,32.77034499894351,0],[35.04887677987682,32.77012587822188,0],[35.049123669554426,32.769913221438635,0],[35.04916105885998,32.76988100501993,0],[35.04945417582959,32.76962852274312,0],[35.04981085746057,32.769314514205206,0],[35.04988501751364,32.769249223562404,0],[35.04995002551725,32.76919511887925,0],[35.05006602484049,32.769068983520306,0],[35.05018583488346,32.768945417170514,0],[35.050309376520424,32.76882450267807,0],[35.05053334612164,32.76855416209601,0],[35.050553695273834,32.768531396664216,0],[35.050569164022704,32.76850603736347,0],[35.050579299644234,32.76847882573732,0],[35.050583809419614,32.76845055311865,0],[35.05058255959503,32.76842204439765,0],[35.050575587167344,32.76839413098527,0],[35.05056309672346,32.76836762646349,0],[35.05054545087451,32.76834330312958,0],[35.05052316388747,32.76832187124944,0],[35.05022132267611,32.768132484412625,0],[35.05044195803363,32.76786446984671,0],[35.05046368239968,32.767893368916006,0],[35.05048993786451,32.767919444018496,0],[35.050520219414665,32.76794219318689,0],[35.05066472932346,32.76800215407605,0],[35.05076789148637,32.76805732658326,0],[35.050782377802314,32.76806327661761,0],[35.05079779394364,32.76806722061,0],[35.05081375266199,32.76806906160371,0],[35.05082985594963,32.76806875312408,0],[35.050845699303856,32.768066301888915,0],[35.0508608877329,32.768061769631444,0],[35.05087503896247,32.76805527039913,0],[35.051041817506736,32.76780096761752,0],[35.05108360367258,32.76777169552935,0],[35.05112082900844,32.76773831782568,0],[35.05115293234472,32.767701337873504,0],[35.05117943033271,32.76766131233514,0],[35.05119992278993,32.767618845764346,0],[35.051306357076946,32.76743332519891,0],[35.0514152164906,32.76724796890191,0],[35.05153008598311,32.76706521943322,0],[35.05165087564101,32.76688521643022,0],[35.05177749662523,32.76670809682589,0],[35.051909849431546,32.76653399483471,0],[35.05204783562881,32.766363042868754,0],[35.05216984005481,32.76619990167892,0],[35.05213008487895,32.766145785727105,0],[35.05209554530146,32.766089171183744,0],[35.052066441620624,32.766030417196895,0],[35.05204295782859,32.76596989369042,0],[35.05203052392647,32.76589948927878,0],[35.05202629073959,32.76582839602186,0],[35.05203030084809,32.76575729295121,0],[35.05223433999132,32.76566883180351,0],[35.052228761308996,32.7657837961031,0],[35.05225130164938,32.76580296924096,0],[35.05227737410901,32.76581862372684,0],[35.05230621639206,32.765830304177165,0],[35.05233699023319,32.7658376696324,0],[35.05236879845203,32.76584050620168,0],[35.05240071483011,32.76583873070602,0],[35.052431808650034,32.76583239521677,0],[35.05246117351602,32.765821684385266,0],[35.05254504034776,32.765748945944615,0],[35.052608022227055,32.765678865602496,0],[35.05262213038622,32.76566348889489,0],[35.05281668885694,32.765451423993156,0],[35.053140202664935,32.765100797199196,0],[35.05365298874212,32.764528705747416,0],[35.054294989448145,32.763689161703944,0],[35.05449336313759,32.76343078202105,0],[35.055241793682264,32.76235520434253,0],[35.05613416607803,32.76118233130789,0],[35.05630219966053,32.7609769443788,0],[35.056926086317716,32.76030621711876,0],[35.057281455331676,32.75993089667956,0],[35.0572751726011,32.75992462970545,0],[35.05730473428326,32.759895232037124,0],[35.05730651922086,32.75988120729513,0],[35.057305679051545,32.7598671199595,0],[35.05730223668318,32.759853317211366,0],[35.05729627479171,32.759840141793354,0],[35.057287941178956,32.75982791849046,0],[35.05727744344278,32.759816950516964,0],[35.05700142712188,32.75963834032191,0],[35.057176634442364,32.759458952990464,0],[35.05732748619443,32.759565404438014,0],[35.05736839366061,32.75958279843681,0],[35.05741194272157,32.759594770896456,0],[35.057457131764046,32.75960104652305,0],[35.057502923742405,32.759601480728904,0],[35.05754826858102,32.75959606506913,0],[35.057592124527204,32.75958492185661,0],[35.05763348375794,32.759568307798496,0],[35.05765593168712,32.7595459854649,0],[35.05843195863595,32.75875602732305,0],[35.058596778644244,32.75859265088014,0],[35.05878094467436,32.758410000323494,0],[35.05907787111403,32.75811774344397,0],[35.059280671893916,32.75789282402368,0],[35.05949275922945,32.757599836665655,0],[35.05958388851951,32.75745972227053,0],[35.05958745650164,32.7574554153666,0],[35.06018829452292,32.75653887471185,0],[35.06044396703796,32.75614656847165,0],[35.06068305572293,32.75578003128791,0],[35.0609291023267,32.755398713706164,0],[35.061166363568255,32.755038034509525,0],[35.06146826793471,32.754690503238315,0],[35.06176458535649,32.75443232336299,0],[35.06249782308979,32.753852001737435,0],[35.06637130334168,32.75078613513417,0],[35.06654147512121,32.75066233855362,0],[35.06671355212991,32.750548282202594,0],[35.06678745462407,32.75050742614538,0],[35.06694967073657,32.75042167205034,0],[35.067150176649676,32.750346870263705,0],[35.06739110904922,32.75028130970593,0],[35.06744789446717,32.75026910863636,0],[35.067668157384205,32.75018287600234,0],[35.06773736113415,32.75014399799747,0],[35.067790994982495,32.75009924192692,0],[35.067832037571684,32.75005456228336,0],[35.06785609934042,32.75001960249865,0],[35.06787504810708,32.74997886625247,0],[35.06788779744423,32.74994506634914,0],[35.067914699464275,32.74986682799326,0],[35.067937122358515,32.74978696169161,0],[35.06803509494478,32.749634771008026,0],[35.068138758612406,32.74952893387079,0],[35.06819968029666,32.74947609728383,0],[35.068925725169976,32.7488787361817,0],[35.068937469111575,32.7488672990728,0],[35.06894678249614,32.74885436341359,0],[35.06895340335316,32.748840292307065,0],[35.06895714328413,32.74882548410202,0],[35.06895789922558,32.74881035527331,0],[35.06895564919308,32.74879533230194,0],[35.068950455498545,32.74878084085811,0],[35.068924900343276,32.748726478521625,0],[35.06908363993065,32.748599933924154,0],[35.0691600247245,32.74864459558114,0],[35.06918094970243,32.74865336375944,0],[35.06920329412133,32.74865911186431,0],[35.06922645214563,32.748661683247356,0],[35.069249795401205,32.74866100779947,0],[35.069272691110875,32.74865710467574,0],[35.06929451810286,32.748650080509336,0],[35.06931468495872,32.74864012402051,0],[35.06938253216697,32.74859102014311,0],[35.069714181351664,32.748321582531894,0],[35.07014204811828,32.74798727864619,0],[35.07044695344319,32.74775703622859,0],[35.070458222077754,32.7477471214404,0],[35.07046757527778,32.74773587549641,0],[35.07047479818428,32.747723558759176,0],[35.07047972071526,32.747710456886686,0],[35.07048222931246,32.74769687453299,0],[35.070482266951686,32.747683128134476,0],[35.07046690036193,32.74750806621141,0],[35.07058719092899,32.74743312444078,0],[35.070606493909835,32.74745474079881,0],[35.07066922496293,32.74747372905202,0],[35.070735440330516,32.747478808637396,0],[35.07081274771045,32.74747073336549,0],[35.07100144178673,32.74732492362023,0],[35.071165176444254,32.747484774692204,0],[35.07094951086326,32.74766602439228,0],[35.070971385126825,32.74777735190606,0],[35.07103993694424,32.747873036779396,0],[35.07112747111737,32.74795511709159,0],[35.07124972897921,32.74806975680269,0],[35.070856267332616,32.74837147487455,0],[35.070804800364336,32.7483316144184,0],[35.070547702002585,32.74852474783425,0],[35.06975253958706,32.74914937020732,0],[35.06967913796212,32.749170316295746,0],[35.06961128808068,32.74915440947069,0],[35.06958508067321,32.74914099372472,0],[35.069439397947235,32.749255611777535,0],[35.06925805829398,32.74909217869606,0],[35.06922619358983,32.74911619180327,0],[35.06918516878204,32.74907921837595,0],[35.06844221167005,32.74965326806957,0],[35.06837707279003,32.749709803482624,0],[35.06830151572826,32.749787087413246,0],[35.06821860595406,32.749927933235924,0],[35.06818811083077,32.74998344488416,0],[35.068170703197396,32.75006331667999,0],[35.06817298206035,32.75010840421087,0],[35.068196918149724,32.75015594987236,0],[35.06822119797548,32.75018798664419,0],[35.068260848293306,32.75021670381442,0],[35.0683882312289,32.750301421678685,0],[35.06843366518975,32.750315988363965,0],[35.068632481811264,32.75036904357886,0],[35.06885395801641,32.750467478549304,0],[35.06904991104149,32.75057995210201,0],[35.069266812551554,32.750740688939864,0],[35.06961807889305,32.751028349128866,0],[35.06997211167707,32.751322774047985,0],[35.070279509450835,32.751581871715786,0],[35.070326643238914,32.751624143390615,0],[35.07036814336317,32.751670441428956,0],[35.070403530441496,32.7517202324186,0],[35.070432397710604,32.75177294154633,0],[35.07045441207861,32.75182796251761,0],[35.07046931945685,32.75188466026698,0],[35.07047694901255,32.75194238178303,0],[35.07047721209446,32.75200046151703,0],[35.07047010542121,32.752058230403506,0],[35.07045571107154,32.752115023073664,0],[35.07043419540846,32.752170184166424,0],[35.07040580586399,32.752223078243524,0],[35.070370869863325,32.75227309610084,0],[35.070329790547575,32.75231966107569,0],[35.0698955184222,32.75276040784317,0],[35.0694914019571,32.753174950553515,0],[35.06917729087917,32.752954933396545,0],[35.06688662535121,32.75251336312971,0],[35.06681667714193,32.75249643808128,0],[35.06674932741918,32.75247317599023,0],[35.06668537714156,32.752443851857805,0],[35.06662558873479,32.7524088154855,0],[35.06657067116484,32.75236848334296,0],[35.066521281007454,32.75232333676527,0],[35.066286874870755,32.75208411353593,0],[35.06625932254718,32.75206036573417,0],[35.066227462378386,32.752040841251834,0],[35.06619218984905,32.75202608930721,0],[35.06615449668717,32.752016523068725,0],[35.066115442063925,32.75201241331141,0],[35.06607612380589,32.752013873958276,0],[35.06603764638004,32.75202086475017,0],[35.06600109315395,32.752033189411804,0],[35.06589365499922,32.7520819140468,0],[35.0657897406913,32.752135820052224,0],[35.06568970049669,32.7521947265825,0],[35.06559386977257,32.752258435644066,0],[35.065502572166714,32.75232673300034,0],[35.063572373201424,32.75385724174023,0],[35.06349108634962,32.75391852100431,0],[35.063406255814144,32.75397626967763,0],[35.06313076946774,32.75415434283241,0],[35.06294049791423,32.754263545939885,0],[35.062854900579666,32.754187012148,0],[35.06213926499721,32.754753393886276,0],[35.06187692842532,32.75498203751573,0],[35.06161639748257,32.75528200713074,0],[35.061396573884295,32.755616016741946,0],[35.061150853802715,32.75599687754016,0],[35.0602127864847,32.7574318563583,0],[35.05994074516546,32.757847046345645,0],[35.05987578443835,32.757775036536295,0],[35.05983652335425,32.75783855297318,0],[35.05961193547335,32.75814117464778,0],[35.05861140292625,32.759113850297005,0],[35.05804741343737,32.759701642015735,0],[35.057850072613974,32.759911507367214,0],[35.0575691425659,32.760204411171394,0],[35.05726056055584,32.76053031832511,0],[35.056718468762924,32.76110579346248,0],[35.05664589985447,32.761191130397805,0],[35.05648937165929,32.761382454033956,0],[35.05560071209495,32.7625504548806,0],[35.054854709558676,32.763527971503,0],[35.05464182205346,32.76382817594263,0],[35.054303418929905,32.76433365022794,0],[35.05431369035646,32.764353655898866,0],[35.054327684912906,32.76437197804797,0],[35.05434502882995,32.7643881275057,0],[35.05436525646325,32.7644016708977,0],[35.05438782734318,32.764412245994286,0],[35.05441213790047,32.764419569840015,0],[35.05443753639543,32.764423445985294,0],[35.05432229629304,32.76460557740008,0],[35.054298147959535,32.764588684002454,0],[35.05427097537697,32.76457547041612,0],[35.054241554841,32.7645663144795,0],[35.054210730074,32.76456147869499,0],[35.054179381291455,32.76456110117505,0],[35.054148405997424,32.76456519291418,0],[35.053713218350175,32.76521522248383,0],[35.05362554340768,32.76530543656105,0],[35.05348791355723,32.76542038172085,0],[35.05329102015735,32.7655284654791,0],[35.053274026584404,32.765536758645,0],[35.05308660578515,32.76562819913105,0],[35.053084963497,32.76562998882287,0],[35.05295965202038,32.76582907223723,0],[35.052620516087536,32.76618902119199,0],[35.05261166767495,32.766201586462074,0],[35.05260553136001,32.76621525689272,0],[35.05260229140847,32.76622961972964,0],[35.05260204674771,32.76624423867086,0],[35.05260480453089,32.766258672794514,0],[35.052610481188694,32.76627248557706,0],[35.052618904543785,32.76628525661808,0],[35.0526298212459,32.76629660238828,0],[35.05281456307767,32.76648346498628,0],[35.052612611210776,32.7666423711773,0],[35.05243125604332,32.766472962964286,0],[35.05242597245288,32.76646901793702,0],[35.05241998419625,32.76646587186135,0],[35.052413458677485,32.766463614208334,0],[35.052406578287815,32.7664623074164,0],[35.052399537200905,32.76646198869062,0],[35.05239253177239,32.76646266728624,0],[35.052385758408455,32.7664643227024,0],[35.05237940608756,32.76646690918185,0],[35.05226062955725,32.76660463019937,0],[35.052147756010974,32.766745851453315,0],[35.05204093198392,32.766890391896276,0],[35.05194029121518,32.76703806595638,0],[35.05184596424825,32.767188686254,0],[35.051758070967914,32.76734205908418,0],[35.05167672379252,32.76749798983048,0],[35.05160202768315,32.76765627755478,0],[35.05156473533852,32.76773461399573,0],[35.051544083860556,32.76779090436754,0],[35.051478661779704,32.767937292791956,0],[35.05127125284706,32.768276261946674,0],[35.05126265174647,32.76829188237227,0],[35.05125709282974,32.76830845780722,0],[35.05125471769578,32.76832556823363,0],[35.05125558578817,32.76834278000757,0],[35.05125967544056,32.76835965848395,0],[35.05126688279845,32.768375774327225,0],[35.05127646004995,32.7683977883689,0],[35.05129026757674,32.768418135830935,0],[35.05130791575077,32.76843624005073,0],[35.05132890490085,32.768451590956786,0],[35.051352641309116,32.768463752302004,0],[35.051374525715794,32.768472976353344,0],[35.05145675787587,32.768507467527165,0],[35.05129953076695,32.76875080072264,0],[35.051294449523944,32.768736461120426,0],[35.05128692289825,32.76872291022058,0],[35.051277117946015,32.768710443082114,0],[35.0512652455193,32.768699332275034,0],[35.05125156668503,32.76868981887123,0],[35.05123637885219,32.768682111526005,0],[35.051212648719094,32.76867062373526,0],[35.05118721438603,32.768662126592126,0],[35.05116060170609,32.768656798373215,0],[35.051062921596525,32.76864991162291,0],[35.05103473063537,32.76865380852258,0],[35.051007663363734,32.76866151826947,0],[35.05098243412865,32.768672836151914,0],[35.05089275059716,32.76877936112219,0],[35.05080359392737,32.76887727545533,0],[35.05077022162709,32.76891391561729,0],[35.050755561745675,32.768898956503804,0],[35.05073533387008,32.76887596544696,0],[35.05060998349342,32.769008182727724,0],[35.050480174774336,32.76913729346313,0],[35.05034601462186,32.7692631886655,0],[35.05020761634158,32.7693857647652,0],[35.05010328166585,32.76947379893894,0],[35.049699301413675,32.76982944442166,0],[35.049291344332566,32.77018085468968,0],[35.04920041479599,32.77025918078241,0],[35.049117213125726,32.77033084382196,0],[35.04906022502903,32.77037722865077,0],[35.04900758688302,32.77042006615898,0],[35.04879825220838,32.7705904346288,0],[35.048606031480055,32.77073891276904,0],[35.04849864568693,32.770821924741526,0],[35.048199358226896,32.7710531710659,0],[35.04796940898707,32.77123084322783,0],[35.04767959855234,32.77145476030417,0],[35.047674640430905,32.771470896293316,0],[35.04767295167419,32.771487506156554,0],[35.047674579001,32.77150412016796,0],[35.047679476273956,32.771520269386926,0],[35.047687506613265,32.77153549738285,0],[35.04769844237126,32.77154937466233,0],[35.04771197472203,32.77156150769824,0],[35.047779554271976,32.77162526377228,0],[35.04768414150828,32.77169744798633,0],[35.04759438603433,32.77161277538156,0],[35.04758225261111,32.77160386134122,0],[35.047568528898815,32.771596782968786,0],[35.04755359984596,32.77159173731574,0],[35.047537883584845,32.77158886556999,0],[35.04752182076509,32.77158824943577,0],[35.047505861755724,32.77158990570756,0],[35.04746668683327,32.77160496909568,0],[35.04721778126634,32.77179376109353,0],[35.047054221766,32.77191871141223,0],[35.04690810364778,32.772030347333335,0],[35.046731910742125,32.772164938523986,0],[35.04671591163299,32.77217716344106,0],[35.04643464942885,32.772392035308265,0],[35.04628986571488,32.77250264424444,0],[35.046143799134185,32.77261423424049,0],[35.0460584483088,32.77267942732805,0],[35.04600080105228,32.772722617900314,0],[35.04585652239509,32.77283069319674,0],[35.045498111338354,32.77309916135692,0],[35.04548379870104,32.77311233503545,0],[35.04547224185881,32.77312731650464,0],[35.04546375532868,32.7731436976953,0],[35.045458569374674,32.77316103436339,0],[35.04545682465335,32.773178856001735,0],[35.045458570059786,32.77319667665761,0],[35.04546375629132,32.773214012958576,0],[35.04547224329926,32.77323039494219,0],[35.045483800271,32.773245375974895,0],[35.04549811413949,32.77325854899322,0],[35.04551479490204,32.773269556429476,0],[35.045372163638525,32.773371710897145,0],[35.045349564381745,32.773354820468704,0],[35.04532411397358,32.77334112744152,0],[35.045296439392914,32.773330970746656,0],[35.04526722327827,32.77332459921648,0],[35.04524684993975,32.77332300348188,0],[35.04522645843632,32.77332441758663,0],[35.045206666815865,32.77332880083795,0],[35.04518807515068,32.773336017842375,0],[35.045171248438216,32.77334585110777,0],[35.04515669632072,32.77335800191914,0],[35.04511373140704,32.77339094942275,0],[35.04493684796358,32.77352670036146,0],[35.044849421441945,32.773593765501026,0],[35.04481703725052,32.77361861110003,0],[35.04475942951826,32.77366290121345,0],[35.044638716517774,32.77375184404506,0],[35.04431254975809,32.773992162819724,0],[35.04404350537309,32.77420235602185,0],[35.04393264660656,32.774288948328994,0],[35.043648651482876,32.77450858032224,0],[35.04333575971536,32.7747295901789,0],[35.04318575749508,32.774835545023485,0],[35.043107026503996,32.77489115053095,0],[35.04279371680519,32.77512931777191,0],[35.04274416680978,32.77516698986512,0],[35.042478096798476,32.77536923954025,0],[35.042103219669336,32.7756542136807,0],[35.041741589189236,32.77592567842839,0],[35.04152702535453,32.776086749300035,0],[35.04126741009867,32.77628163789248,0],[35.04077685282346,32.77664988230517,0],[35.040607881808,32.776776719590316,0],[35.04058684110662,32.776799351718374,0],[35.04057030962371,32.776824514490706,0],[35.04055870373215,32.77685157095395,0],[35.040552319277516,32.77687983891204,0],[35.04055131447497,32.77690860442884,0],[35.04055571734385,32.77693714167527,0],[35.04056541500373,32.77696472914573,0],[35.04058016217462,32.776990670408466,0],[35.04059958861655,32.777014311247434,0],[35.04062320230647,32.77703505319241,0],[35.04065040647771,32.77705237428025,0],[35.040554965449964,32.777184931456794,0],[35.0404133184726,32.77713850350692,0],[35.04027252460093,32.777090257792246,0],[35.04025133651542,32.77708785315885,0],[35.040229959896024,32.777088143446264,0],[35.04020887400242,32.77709112026552,0],[35.040188548590734,32.77709671931038,0],[35.04016943752135,32.777104814036946,0],[35.039721429959805,32.777454156361806,0],[35.03872941403463,32.778229500385905,0],[35.03857212000788,32.778361288014025,0],[35.03842381926352,32.7784769767459,0],[35.038163948434374,32.7786739278614,0],[35.03791667600605,32.77889201200096,0],[35.03785764217699,32.77893726271225,0],[35.03782557042057,32.7789899801295,0],[35.037823346822634,32.77901702896588,0],[35.03786392985923,32.7790537323725,0],[35.03765361578906,32.77921935571837,0],[35.0376159091483,32.7791839184491,0],[35.03760148809625,32.77917911033908,0],[35.037586344954995,32.77917630573686,0],[35.0375708649135,32.77917557819252,0],[35.037555446075245,32.77917694446673,0],[35.03754048343577,32.77918037082114,0],[35.036619001866825,32.77988669028858,0],[35.03641456227156,32.780034397278186,0],[35.03615644168282,32.780234119225874,0],[35.03614729938587,32.78024263068086,0],[35.03613987243001,32.78025226073907,0],[35.03613435127241,32.78026276529693,0],[35.03613087411208,32.780273876736594,0],[35.03612953113906,32.78028531475187,0],[35.036130354927735,32.780296786335306,0],[35.036133325741496,32.78030800291761,0],[35.0361383672681,32.78031867765671,0],[35.03614535192601,32.780328541675594,0],[35.03615410193515,32.780337342260204,0],[35.03619084459005,32.78036882202567,0],[35.03610351260331,32.78044156448133,0],[35.036078960426316,32.7804204651667,0],[35.03606528537792,32.78041111964626,0],[35.03604999692829,32.78040377101645,0],[35.0360335003254,32.78039861278425,0],[35.03601623187673,32.78039578259359,0],[35.03599864828893,32.7803953549971,0],[35.035981215994035,32.780397341442125,0],[35.03596439620946,32.7804016884471,0],[35.035948632120835,32.78040828209282,0],[35.03593434247948,32.78041694711208,0],[35.03548782820145,32.78076851857492,0],[35.03542883920267,32.78081754538864,0],[35.03536427441059,32.780861273497784,0],[35.03529479967543,32.78089925294466,0],[35.035221127706855,32.780931092446025,0],[35.0351440180615,32.78095646570515,0],[35.03506426220056,32.78097511049049,0],[35.034875241003604,32.7811220278543,0],[35.03486864696534,32.78111673589348,0],[35.034435616293855,32.78145078291089,0],[35.03443079224762,32.78146221888719,0],[35.034428065818254,32.781474139215156,0],[35.03442749943774,32.78148626986408,0],[35.03442910750965,32.78149833403283,0],[35.034451451848405,32.78154430846295,0],[35.034517536138104,32.781614233550535,0],[35.034387102743025,32.78171543336546,0],[35.03428594431287,32.78162581984324,0],[35.03427904363806,32.781620678018605,0],[35.03427120051934,32.78161661334196,0],[35.03426264742126,32.78161374785782,0],[35.03425363822856,32.781612165768614,0],[35.03424444184009,32.78161191432769,0],[35.034235330434115,32.7816130002166,0],[35.03422657625929,32.78161539314754,0],[35.03421843777038,32.78161901953265,0],[35.0342111585385,32.781623774204526,0],[35.03319887388923,32.78241150943569,0],[35.032751048981915,32.78278165405066,0],[35.032709411420754,32.78283347875723,0],[35.03265351938321,32.78290304731209,0],[35.032596147459465,32.78297445687734,0],[35.032537406920554,32.78304756964417,0],[35.03247866735283,32.78312068238374,0],[35.0324214160607,32.78319194054663,0],[35.032364113315346,32.783263263533804,0],[35.03224926465843,32.78340621206207,0],[35.03219171874606,32.78347783760292,0],[35.03213453333324,32.78354901456771,0],[35.032077347829166,32.783620191505264,0],[35.03195266484107,32.78377537846179,0],[35.03183806203876,32.78391801945902,0],[35.0316273911729,32.78379099214338,0],[35.0310609439493,32.78449165203295,0]],[[35.06869315116065,32.75066436136783,0],[35.06861224578342,32.750631752988156,0],[35.06852924188915,32.750603159359116,0],[35.06844441782524,32.75057867455547,0],[35.06829935917504,32.7505407313319,0],[35.068282882319295,32.7505376043727,0],[35.06826602859866,32.750536712318755,0],[35.06824921839352,32.75053807816916,0],[35.06823287430473,32.75054166811844,0],[35.06821740621383,32.75054739244202,0],[35.06820319847587,32.750555107285784,0],[35.06819060991266,32.75056461917437,0],[35.06815382065803,32.75059238674303,0],[35.0681122772031,32.75061486245791,0],[35.068067035734344,32.750631473981464,0],[35.06801924610958,32.750641801466664,0],[35.06797012090718,32.75064558113053,0],[35.06792090979795,32.75064271694867,0],[35.06787286219432,32.75063328241814,0],[35.06782719844566,32.750617516017435,0],[35.06778507889399,32.75059582027098,0],[35.067747574021986,32.75056874458365,0],[35.06771563672137,32.750536977094946,0],[35.067703684517106,32.750525237437635,0],[35.06768953129533,32.75051539886912,0],[35.06767359489403,32.75050775219217,0],[35.06765634553624,32.75050252244283,0],[35.067638290898586,32.75049986436529,0],[35.06761996438493,32.75049985518601,0],[35.06760190698268,32.75050249729878,0],[35.06751509513603,32.75052420474087,0],[35.06742999872034,32.75055031700343,0],[35.06734693051953,32.750580736146546,0],[35.06726530852326,32.75061576180377,0],[35.06718637865131,32.750654947196495,0],[35.06711043563081,32.750698142970215,0],[35.06703776780515,32.75074518894355,0],[35.066968645406064,32.75079590778335,0],[35.06678726502072,32.75093746245528,0],[35.06675868919174,32.75096394288585,0],[35.066735880357896,32.75099415637449,0],[35.066719508928315,32.751027216387044,0],[35.06671005550742,32.75106215322387,0],[35.06670779804935,32.751097940154544,0],[35.06671280113348,32.751133527670525,0],[35.066897138797245,32.75165177162797,0],[35.066848637582794,32.75167545117087,0],[35.06680494925274,32.751705074580606,0],[35.06676708536541,32.75173995587703,0],[35.06673592108596,32.751779288102696,0],[35.06671218022257,32.75182215953654,0],[35.06669641064461,32.75186757891379,0],[35.066688978917256,32.75191449435541,0],[35.066690055322454,32.751961818598865,0],[35.066699617014166,32.75200845785576,0],[35.0667174405171,32.75205333164115,0],[35.066743114488055,32.752095399838815,0],[35.06677604500724,32.75213369066007,0],[35.06681546835848,32.75216731598724,0],[35.06686047232978,32.75219549754721,0],[35.06691001539414,32.75221758406514,0],[35.06696294910038,32.75223306301193,0],[35.06737052842182,32.7523235747959,0],[35.067553057448386,32.7523622849759,0],[35.067736557570925,32.75239756407604,0],[35.068857594764445,32.752602060938536,0],[35.06937257263428,32.752663276958806,0],[35.069432763063396,32.75266889266467,0],[35.06949331678144,32.75266852955516,0],[35.06952926897299,32.75266473692475,0],[35.06955340678955,32.752662191248454,0],[35.069612209164156,32.75264996522568,0],[35.06966891800341,32.75263201833856,0],[35.06972275823291,32.75260859682295,0],[35.06982060962969,32.752522140470596,0],[35.0701552325672,32.752221840758615,0],[35.0701830057656,32.75217872682707,0],[35.070203305253884,32.75213273387108,0],[35.07021572417685,32.752084782095224,0],[35.07022001568597,32.75203582884375,0],[35.07021609296117,32.75198685327166,0],[35.07020403564283,32.751938835612314,0],[35.07018408346219,32.75189273462813,0],[35.07012922512267,32.75178930578209,0],[35.06992986420007,32.75160366716818,0],[35.06923080023669,32.75101087275616,0],[35.069183266318,32.75097056053259,0],[35.06908822518008,32.750894945910176,0],[35.06898767130843,32.75082460561981,0],[35.06888201507768,32.75075982683303,0],[35.06877168503337,32.750700873297546,0],[35.06869315116065,32.75066436136783,0]]]},"properties":{"OBJECTID":"9","שם_רש":"נת''א","road_rashu":"כביש 752","area_2":"273246","source":"נתיבי איילון","date":"רבעון 1, 2026"},"id":9},{"type":"Feature","geometry":{"type":"Polygon","coordinates":[[[35.04879796513378,32.76677676179398,0],[35.04881174131597,32.766781530851745,0],[35.048799738300815,32.76681022602153,0],[35.0487908099034,32.766844497504216,0],[35.048788452179764,32.766880796950936,0],[35.048793436567344,32.766923525607965,0],[35.04879867959671,32.76695254877123,0],[35.0488060718459,32.76697923920447,0],[35.04881619742187,32.766999116191975,0],[35.04882560287771,32.7670157732215,0],[35.048832517101594,32.7670227789853,0],[35.04884781901287,32.767042545176196,0],[35.04887444243666,32.76707693653805,0],[35.04889668756061,32.76706127099091,0],[35.04891177219077,32.76707711451664,0],[35.048944990582974,32.76710450424474,0],[35.048962788908575,32.76712483257166,0],[35.04898570828089,32.767140018550855,0],[35.049032762160664,32.76717742525011,0],[35.049047537468354,32.76718704665746,0],[35.049104440128346,32.76722496147467,0],[35.04912977380029,32.767241911436464,0],[35.049189737201225,32.76727378682577,0],[35.04925019634479,32.767306605976536,0],[35.04925097344332,32.76730529316441,0],[35.04927008429375,32.76731164133896,0],[35.04929933988233,32.76731951692213,0],[35.04935124132613,32.76733235551867,0],[35.04935727852495,32.76733063443376,0],[35.04938262308077,32.76731179324808,0],[35.04940832332143,32.76729339342763,0],[35.04941117534214,32.76729135100217,0],[35.04952943917204,32.767336290001055,0],[35.04954699173316,32.767345181701536,0],[35.049540218736134,32.76736258241919,0],[35.04953698029651,32.76738069443657,0],[35.049536822243475,32.76739862721642,0],[35.04953939977882,32.76741642631921,0],[35.04955004842834,32.76744005405598,0],[35.04955502365276,32.7674463847163,0],[35.0495610042915,32.76745206108424,0],[35.04956786994249,32.76745696939697,0],[35.04957548523247,32.767461013005274,0],[35.04958369875274,32.76746411056912,0],[35.049594511077316,32.76746532769568,0],[35.04959352584052,32.76748515482311,0],[35.04966550913561,32.76752431522754,0],[35.04970298115376,32.76754477955368,0],[35.04979212224228,32.76760150631258,0],[35.049863208045394,32.76764382143938,0],[35.04990382859307,32.767667967615665,0],[35.04996872091737,32.76769996232255,0],[35.05000312017072,32.767708230007784,0],[35.050027259162405,32.76771076466891,0],[35.050059870597636,32.76771295268972,0],[35.050101372957016,32.76771658174483,0],[35.05013102698511,32.76771447131639,0],[35.050145468649575,32.76770912579578,0],[35.05017227454236,32.76769442684879,0],[35.05023883485602,32.7676479261287,0],[35.05029238014369,32.767607525584744,0],[35.050465218236816,32.767732733263976,0],[35.050454136425365,32.76776280571187,0],[35.05044475021465,32.76779116701547,0],[35.050440754154145,32.767806201529964,0],[35.05043941924908,32.76782156843423,0],[35.05044077595814,32.767836934137364,0],[35.050441510564205,32.767847898788695,0],[35.050444007528114,32.76785867624889,0],[35.05044195803363,32.76786446984671,0],[35.05043529190178,32.767872567922325,0],[35.05032149049568,32.768010806241904,0],[35.05022132267611,32.768132484412625,0],[35.050147548694625,32.76809032578243,0],[35.05007986404817,32.768052165524985,0],[35.050053317164206,32.768042250213156,0],[35.05003932028876,32.768039671245404,0],[35.05002500821198,32.76803915677658,0],[35.05001080354189,32.76804072085277,0],[35.049992076465195,32.76804316031329,0],[35.04997388801643,32.768047648191455,0],[35.049956549966375,32.76805410732574,0],[35.04988727455637,32.76810096341969,0],[35.049797232538566,32.768161933381116,0],[35.04967638043476,32.76805469672258,0],[35.04974519969026,32.76799640935406,0],[35.04975967079756,32.76797284059422,0],[35.04976977100861,32.76794769838519,0],[35.049775269874374,32.767921556825456,0],[35.04977603936064,32.76789501448516,0],[35.049772064551284,32.76786867638549,0],[35.049763434056594,32.767843145871474,0],[35.04975350580169,32.76783488939102,0],[35.049657621354406,32.767748081741075,0],[35.0496263353806,32.76772619495013,0],[35.04959569005704,32.767704760693704,0],[35.049541051788474,32.76766673167953,0],[35.049426795402866,32.76759201996737,0],[35.04939804358853,32.76757729393412,0],[35.049339933703955,32.76754419823659,0],[35.049250962755266,32.76749848651261,0],[35.04917885724299,32.767463450086666,0],[35.04909538726397,32.767424992917206,0],[35.04905055111619,32.767404705930495,0],[35.04905821167856,32.76739249922029,0],[35.049002210880296,32.76736741215936,0],[35.04889839173886,32.76732043471925,0],[35.048802572660044,32.76727843728895,0],[35.04878247479648,32.76727384342377,0],[35.048761757248805,32.76727209544704,0],[35.04874098130542,32.76727324004244,0],[35.048720707324016,32.76727724544497,0],[35.04867197497525,32.76729854972444,0],[35.04865074642519,32.76731690445712,0],[35.04863244908833,32.767337388133036,0],[35.048482835690855,32.767276330197475,0],[35.04848526521839,32.76725585475134,0],[35.04848296535574,32.76722460173238,0],[35.048477102449084,32.76719368151441,0],[35.048467053382865,32.767164231264786,0],[35.04845259533501,32.76713611995881,0],[35.04843118878917,32.76710354020201,0],[35.04840498472046,32.7670735666885,0],[35.048388075934284,32.76705974604495,0],[35.0483812596915,32.767063888976494,0],[35.04835262545653,32.767046807613184,0],[35.048322600802784,32.767022279188424,0],[35.04829962390622,32.76700650240383,0],[35.04821433742717,32.76694836822761,0],[35.04817924358853,32.766925589957545,0],[35.04817456622445,32.76692966160544,0],[35.04815982606102,32.7669177173639,0],[35.04816211644531,32.766914004321194,0],[35.048118035647406,32.76688619236767,0],[35.048016770514224,32.76682265228097,0],[35.04795345801687,32.766782091497845,0],[35.047857394902714,32.76671973810003,0],[35.04776829274258,32.7666602679445,0],[35.04770031579957,32.76661409534313,0],[35.04759446437402,32.76653832845981,0],[35.047514171205975,32.76647905038772,0],[35.04743242416953,32.766418175338046,0],[35.04734620231978,32.766354872663946,0],[35.047267664643414,32.766297059187934,0],[35.04719295715209,32.76624362100016,0],[35.047180270863585,32.766240021733005,0],[35.04716723697175,32.76623745807979,0],[35.047149984696276,32.76624074205546,0],[35.04713341205816,32.766245954712964,0],[35.04712356018181,32.766252766400456,0],[35.04711521613482,32.76626088924599,0],[35.047108620456704,32.76627008911029,0],[35.04686363460611,32.766257396501985,0],[35.046807532098555,32.76618297100094,0],[35.04677161658249,32.76613507990282,0],[35.0467549049264,32.766108961922775,0],[35.04674017217323,32.76607846688125,0],[35.04672056434237,32.76603403265911,0],[35.04671408719136,32.76600686084305,0],[35.04670714954214,32.76597030176643,0],[35.04669888491326,32.76593458500879,0],[35.04669483568601,32.765918935444596,0],[35.04666906999284,32.76592412925632,0],[35.04665173511938,32.76587805589087,0],[35.04662697436269,32.765834470877074,0],[35.04659527182104,32.765794224220265,0],[35.046557244041296,32.765758100267895,0],[35.04651363150774,32.76572680237039,0],[35.04646689718722,32.765690769311,0],[35.046403855972486,32.76564187999516,0],[35.04633904886976,32.76559161152617,0],[35.046280260214616,32.76554661293079,0],[35.04623298496464,32.765511806312475,0],[35.04616263129226,32.76545934683616,0],[35.04609846496876,32.765387269669496,0],[35.04607547127974,32.76536093897395,0],[35.0460411841865,32.76532258698421,0],[35.045985108406754,32.76528319843894,0],[35.04591701660967,32.76523670191024,0],[35.045856527059456,32.765194218505215,0],[35.045817089940364,32.76516597248588,0],[35.04576261455604,32.765124533600066,0],[35.04575681209003,32.76512452625364,0],[35.045700587674155,32.76507822497112,0],[35.04567875041482,32.765061272429584,0],[35.04562638847281,32.76502151332051,0],[35.045562889407215,32.76497315590172,0],[35.04550144728978,32.764925202314885,0],[35.045429512541936,32.76487714251095,0],[35.045355516672345,32.764822706843916,0],[35.04528367050849,32.76476933516195,0],[35.04522293506607,32.764723843070286,0],[35.045173663376275,32.764687533086594,0],[35.04511765365435,32.764645647431124,0],[35.04506313854322,32.764605301948805,0],[35.04499773427861,32.764555609108264,0],[35.04492162324034,32.7644984500676,0],[35.04483934336325,32.76443555914225,0],[35.044769714563806,32.76438210522736,0],[35.04470422863568,32.764331710606854,0],[35.044636273567065,32.76427994673021,0],[35.0445899170164,32.764244174939435,0],[35.04455113359257,32.764213683221286,0],[35.04448084913161,32.76415825539156,0],[35.044431610433755,32.76411875855301,0],[35.04437738659454,32.76407403539499,0],[35.044332659930525,32.764035849939084,0],[35.044289190409366,32.76399829726248,0],[35.04425615818421,32.76397089120021,0],[35.044204126606076,32.76392614461907,0],[35.044160704191626,32.76388797249064,0],[35.04413994651941,32.76387039077201,0],[35.044127144700795,32.76385826548642,0],[35.04406361307437,32.763801598106795,0],[35.04399687477114,32.76374125306922,0],[35.04395619855531,32.7637030221674,0],[35.04391369199049,32.763663079287156,0],[35.043850386037626,32.763603910775,0],[35.04379960116727,32.76355630362968,0],[35.043766423786835,32.76352610919845,0],[35.04370016600987,32.76346404868428,0],[35.043646008453024,32.763413746481454,0],[35.04359871643956,32.76337105799283,0],[35.04355203048563,32.76332964256104,0],[35.04349114048192,32.76327914860327,0],[35.04344970488993,32.76324563875621,0],[35.04340879539667,32.76321334866799,0],[35.04337474245775,32.76318829449329,0],[35.04331857850155,32.76314770717661,0],[35.043252420224455,32.76310183024053,0],[35.04322231659233,32.76308296134648,0],[35.04316740412738,32.763047960693626,0],[35.043107737679655,32.76301159323386,0],[35.04307377416296,32.76299207732591,0],[35.04300760096303,32.76295519648947,0],[35.04294684564155,32.76292322423364,0],[35.042905390514974,32.76290192137849,0],[35.042834418913245,32.76286705407127,0],[35.04280712907387,32.762854405016675,0],[35.04275483586381,32.76283118284475,0],[35.04271395579025,32.76281356230418,0],[35.04265354375966,32.76278838464923,0],[35.04260714299488,32.762770843510474,0],[35.042562571211434,32.762754005336724,0],[35.042477445205854,32.762725893106484,0],[35.04245272096848,32.76271856100101,0],[35.04240696191261,32.76270559583723,0],[35.042357313134964,32.76269194304063,0],[35.04230761809646,32.762679092676436,0],[35.04222304427245,32.76266023782769,0],[35.0421793510691,32.76265273053236,0],[35.04215924578242,32.762650048999234,0],[35.04212874112227,32.76264596898662,0],[35.04209913114027,32.76264168543975,0],[35.042044541756496,32.76262839761974,0],[35.04194877734767,32.762620778582125,0],[35.04193324467273,32.76261768274917,0],[35.041916675925826,32.762616256418745,0],[35.041903407484014,32.76261570180031,0],[35.04189140547367,32.76261532555585,0],[35.0418797085342,32.76261561696307,0],[35.041870113727676,32.76261603643199,0],[35.04184040380753,32.76262095362912,0],[35.04182934732671,32.762627037474005,0],[35.04181969677664,32.76263463979947,0],[35.04181173964552,32.762643532849076,0],[35.041805714400056,32.76265345093143,0],[35.041799646694145,32.76266500464002,0],[35.04179505297959,32.762677034554635,0],[35.041790516600386,32.762689812051775,0],[35.041788146940334,32.762702999928415,0],[35.041787991427064,32.76271633945869,0],[35.04179537930695,32.76273235059286,0],[35.04180482831127,32.76274756910276,0],[35.041812223269424,32.762754991564066,0],[35.04182066134008,32.76276157138824,0],[35.04183001038015,32.76276720470831,0],[35.04183828065563,32.762772159452396,0],[35.041847281661305,32.76277610343783,0],[35.04185683958094,32.76277896159796,0],[35.041869304902065,32.762782791953065,0],[35.041882119831946,32.76278568499365,0],[35.041894984129435,32.762787838703886,0],[35.04190803606775,32.76278891963464,0],[35.041935763029855,32.762788207177245,0],[35.0418560549075,32.762910091929115,0],[35.04177766413003,32.7628930824628,0],[35.041742614884264,32.762882771129746,0],[35.04170906856377,32.762869356287645,0],[35.041677411219,32.76285298992442,0],[35.041639365103926,32.76282461544744,0],[35.04160599619897,32.762792312022,0],[35.04158298995851,32.762762242936994,0],[35.04156529536776,32.76272970829225,0],[35.0415524727925,32.762697610087,0],[35.041537244461274,32.762666271590696,0],[35.041524259228694,32.76264673654035,0],[35.041508041388056,32.76262901060268,0],[35.041484805683474,32.762603094425465,0],[35.04148402720978,32.762601606511986,0],[35.04145952671608,32.76259629701197,0],[35.0414427015509,32.76260616857152,0],[35.0413878672707,32.762572728982036,0],[35.04135067406041,32.76256835514178,0],[35.04133273237884,32.762567814219274,0],[35.041285328759606,32.762567284539266,0],[35.041195708370445,32.76256605875505,0],[35.04111363753954,32.762567032971276,0],[35.04102130491655,32.762571343565426,0],[35.04091776289525,32.76257836800799,0],[35.040815042554186,32.7625900831731,0],[35.04077642118672,32.76258936188321,0],[35.040702153723494,32.76258853360474,0],[35.0406213360037,32.762586454180024,0],[35.04051403168063,32.762607681439206,0],[35.04039070055623,32.76263630049586,0],[35.04027763457404,32.76266671463323,0],[35.040183188338375,32.76269567699069,0],[35.04007757901224,32.762730558717685,0],[35.04000217433529,32.76275790030729,0],[35.03991127308871,32.7627938489634,0],[35.03982725324838,32.76282967945183,0],[35.03973527606329,32.762872040349606,0],[35.03964582880307,32.76291514660394,0],[35.03955591086051,32.76296112859368,0],[35.03946069290661,32.76300897005839,0],[35.03936743611277,32.76305578699827,0],[35.039291473395565,32.763094370703975,0],[35.03919444832548,32.763142827247215,0],[35.03910803551808,32.76318657912495,0],[35.039011456233375,32.76323509201875,0],[35.03892914352913,32.763276479519725,0],[35.03885869614289,32.76331079799595,0],[35.038737789467824,32.763369273865,0],[35.03864917911236,32.76341000633657,0],[35.03854002564676,32.76345733182577,0],[35.03844667890114,32.76349517425151,0],[35.038336715296445,32.763534984635044,0],[35.038244102041915,32.763564519630165,0],[35.03815597474838,32.76358972784653,0],[35.03800301941409,32.76362797324996,0],[35.03791644779709,32.763648688395755,0],[35.03786107246216,32.763662038396006,0],[35.03784385027648,32.7636652958844,0],[35.0376672406314,32.76370040037603,0],[35.03746919669859,32.76373916401205,0],[35.03738686193144,32.76375515682992,0],[35.03723000379678,32.763786241107454,0],[35.03718211303276,32.76379649534234,0],[35.037091853724306,32.763817288853815,0],[35.0370202259869,32.7638356166983,0],[35.03695154421331,32.76385424419574,0],[35.036878147550716,32.76387683192388,0],[35.03681311140455,32.763898816734304,0],[35.03676090222367,32.763917253356404,0],[35.03672756300597,32.76393075676859,0],[35.03668169134902,32.763948933131736,0],[35.036651776883765,32.763962946960525,0],[35.036571837152906,32.764001385724065,0],[35.03654123993667,32.76401694772986,0],[35.03651741541064,32.76403012749806,0],[35.03647189208994,32.76405655389028,0],[35.03643588706018,32.76407849264796,0],[35.0364051044395,32.76409785142407,0],[35.03636831554502,32.76412232919586,0],[35.03634185786596,32.76414134660207,0],[35.036313721456274,32.764161499694175,0],[35.03628408324495,32.764184611942774,0],[35.03623235922928,32.76422412619617,0],[35.03619226134019,32.76425910877019,0],[35.03614990534718,32.76429685110316,0],[35.03610150890969,32.76434026240197,0],[35.03607498497895,32.76436606584451,0],[35.03604437672346,32.764395886270435,0],[35.0359991216383,32.76444008532545,0],[35.03593534382234,32.764503058070595,0],[35.03586489835116,32.764574888214945,0],[35.03581351689112,32.764627218592445,0],[35.03575527197585,32.764686978722715,0],[35.035704789799404,32.764738310281324,0],[35.03565197904138,32.76479182890843,0],[35.03560413559989,32.76483996565494,0],[35.035562345899024,32.764879904183175,0],[35.035505414382946,32.76493401952885,0],[35.03546563607804,32.76496899057392,0],[35.03541642050361,32.76501346991194,0],[35.035375379742774,32.765047239966364,0],[35.03532762003828,32.76508593052598,0],[35.03529385049479,32.76511163295072,0],[35.03524890084471,32.765144046041705,0],[35.035201782000065,32.76517619559637,0],[35.03515007662913,32.76520868428832,0],[35.035099511204734,32.76524050814389,0],[35.03504425072613,32.76527136712776,0],[35.034933747884125,32.76532796971179,0],[35.03489648044997,32.765345996549755,0],[35.03484268814412,32.76537076375309,0],[35.03478838519677,32.76539296941879,0],[35.03474342289482,32.7654093753614,0],[35.0346909440652,32.76542805871597,0],[35.03463827927852,32.76544461829706,0],[35.034522997948415,32.76547539932261,0],[35.03440641732837,32.76550245897372,0],[35.03430557150664,32.76551957520979,0],[35.034204046481136,32.76553354171173,0],[35.034084604028315,32.76554289142878,0],[35.0339648533077,32.765548783501565,0],[35.033844934154814,32.765551210004226,0],[35.03374935473246,32.76554997077774,0],[35.03365393476632,32.765545148346845,0],[35.033522748742314,32.76553481458435,0],[35.033391864102036,32.765522041100446,0],[35.0330740172165,32.765508397021,0],[35.033014119665935,32.76550537557036,0],[35.03297956086903,32.76550644640142,0],[35.03292757852275,32.76551087474828,0],[35.03285517834138,32.76551624895562,0],[35.03281784187192,32.76551882177518,0],[35.03277493278684,32.76552227963202,0],[35.03270118364394,32.76551874312421,0],[35.03263217210818,32.76551566391678,0],[35.03255614901386,32.7655125299705,0],[35.03252308970907,32.76551079845067,0],[35.03250386702685,32.76551181805075,0],[35.03248172786388,32.76551437555027,0],[35.03245929699633,32.76551878112692,0],[35.0324342705226,32.765524355344965,0],[35.032405912084045,32.76553663361904,0],[35.03238845462834,32.7655465103009,0],[35.03236941143585,32.76555963091671,0],[35.03235128382949,32.765573906960505,0],[35.03233087647946,32.76559713373412,0],[35.032316882160636,32.76562087426298,0],[35.03230660140887,32.76564480924728,0],[35.032303673949556,32.765674236655535,0],[35.032302974675005,32.76569377549487,0],[35.03230437318309,32.76571573376656,0],[35.0323069316041,32.76574498836956,0],[35.03231301544409,32.76577239031602,0],[35.03232063430593,32.765800723119376,0],[35.03232897371284,32.765826198528416,0],[35.03218674948666,32.76582896070275,0],[35.03217620389577,32.76578533106772,0],[35.03216805348275,32.765739324240705,0],[35.032163979134594,32.7656881653022,0],[35.032163904013956,32.76567729612901,0],[35.032135660652855,32.76567743403527,0],[35.03213075116478,32.765617161385094,0],[35.032124622799664,32.76559573402028,0],[35.032113845916086,32.76556915697691,0],[35.032106343334306,32.76555696020942,0],[35.032093318679095,32.76554212379075,0],[35.03206401831489,32.76551592973804,0],[35.03204474030739,32.765505780757536,0],[35.032017667483544,32.765496087228435,0],[35.031990901438256,32.7654889134604,0],[35.03197338670684,32.7654853006004,0],[35.031919784418726,32.765478033077464,0],[35.03186540552383,32.76547059764804,0],[35.031838873077355,32.76546792364333,0],[35.031774584189634,32.76546202274199,0],[35.03173403359971,32.765458324007895,0],[35.03170782662181,32.76545677754667,0],[35.03168668646609,32.76545541750217,0],[35.03163314610793,32.76545312821784,0],[35.0315341302652,32.765448626531274,0],[35.03144576915066,32.76544435678326,0],[35.03135751277347,32.76544056591932,0],[35.03127005783836,32.76543680134819,0],[35.031207752331916,32.765433440275366,0],[35.03111649942382,32.765428988663466,0],[35.03104680571392,32.76542608707761,0],[35.03091164551014,32.76541867019266,0],[35.030812199179806,32.76541551177173,0],[35.03073293635535,32.76541172030338,0],[35.03064365261003,32.765407223286495,0],[35.03055491472673,32.76540301731017,0],[35.030429047403366,32.765398093369484,0],[35.03036503428362,32.76539150052553,0],[35.0302192934548,32.76538422869978,0],[35.03013214171972,32.76537991462185,0],[35.030044703021424,32.76537499594624,0],[35.02996025689171,32.76537332748934,0],[35.02990257800771,32.765371001948004,0],[35.02981456171254,32.76536675858109,0],[35.029689118117176,32.7653569445784,0],[35.029598002573294,32.765354914915456,0],[35.02949213092315,32.765351052175454,0],[35.02944007617557,32.76534880640782,0],[35.02931286617543,32.76534182991134,0],[35.02923252413336,32.76533714600992,0],[35.02914619955446,32.765330127308225,0],[35.02906250443309,32.765321029303834,0],[35.02896931742312,32.76530868085795,0],[35.02885749299923,32.76529279862758,0],[35.02869186168994,32.76526482121873,0],[35.02865692061705,32.765257874224815,0],[35.02859588292761,32.76524487628167,0],[35.02850644613417,32.765225003573654,0],[35.02842908823453,32.76520619373584,0],[35.0284146898191,32.765212431299275,0],[35.02834685086179,32.76519397742516,0],[35.0282574262321,32.76516798202589,0],[35.028200674240736,32.765150301084354,0],[35.02808297100212,32.76510130855555,0],[35.02805390035266,32.76509026692723,0],[35.02802577764869,32.76508018242659,0],[35.02801627584138,32.76507657127558,0],[35.02800673026149,32.765073510098084,0],[35.02795821571044,32.765057183271416,0],[35.027858714273,32.765018940959706,0],[35.02781192912772,32.765000221602584,0],[35.02777979341256,32.764985437150216,0],[35.027746016854906,32.76496930414082,0],[35.02770996263664,32.76495274681748,0],[35.02766743807219,32.764933395913644,0],[35.027629406659166,32.76491397108307,0],[35.027594643532176,32.764898638250706,0],[35.027561296957174,32.764882592361204,0],[35.027536226159306,32.76487057971851,0],[35.027511460696665,32.764857434968874,0],[35.02748543552255,32.76484341469016,0],[35.027461038226214,32.76483028938601,0],[35.02743509114128,32.76481726378022,0],[35.0274114722902,32.76480446057039,0],[35.027382810799956,32.76478952492954,0],[35.027364820042635,32.76477962952328,0],[35.0273505355522,32.76477198097319,0],[35.027325621825106,32.764758285039626,0],[35.0272941168624,32.764741954039685,0],[35.027266444385766,32.764727187485924,0],[35.02724482386688,32.76471415352973,0],[35.027206767604866,32.764694436385234,0],[35.02718561468473,32.764682946787374,0],[35.02715999861387,32.76466879627324,0],[35.027134818862386,32.7646552748548,0],[35.027097517196516,32.7646344676897,0],[35.02703561395505,32.764600829692505,0],[35.02698348570459,32.76457186548213,0],[35.0269408466385,32.76455015171967,0],[35.026896795640596,32.76452630162275,0],[35.02682716534833,32.764490805897786,0],[35.026779558106455,32.76446605803844,0],[35.02674158078272,32.764447000907325,0],[35.02668463925676,32.764417668166715,0],[35.026612329988026,32.76438185923995,0],[35.026563772868634,32.764358274043126,0],[35.02650868062568,32.764337145694405,0],[35.02646525385418,32.764319890451084,0],[35.026394066273056,32.76429862017054,0],[35.02635837891955,32.76428620628229,0],[35.02631518910655,32.764271639286186,0],[35.02627362372057,32.764258620095255,0],[35.02623777622527,32.764248396170125,0],[35.026196531568566,32.76423778223897,0],[35.02615584899784,32.764229482851604,0],[35.02611787760396,32.764222024986275,0],[35.026057197073484,32.76421242301206,0],[35.026013846032406,32.76420703587273,0],[35.02599517711163,32.76420286959653,0],[35.02596599418032,32.76420077667886,0],[35.02593473808957,32.764195795367165,0],[35.02589932815018,32.76419095150037,0],[35.02585519593602,32.76418716641288,0],[35.02581134753515,32.764184484491345,0],[35.02575887621246,32.76418120596072,0],[35.025709472574725,32.76417980280683,0],[35.02567528622791,32.764178421339636,0],[35.02562252735759,32.764177517415014,0],[35.02557107246445,32.764176690170174,0],[35.025511544746514,32.76418036077225,0],[35.02544457377907,32.76418696295729,0],[35.02534516007603,32.76419921387666,0],[35.02530308457711,32.764205997633994,0],[35.02525150389105,32.76421521950518,0],[35.025204971174134,32.76422280387675,0],[35.02518121559228,32.76422681491981,0],[35.02513647246856,32.76423764703754,0],[35.02508308648555,32.76425196445845,0],[35.02502462063736,32.764267310635844,0],[35.024979557103165,32.764280374843544,0],[35.02493622065724,32.76429326207068,0],[35.024917732281494,32.76429965658244,0],[35.02486939571631,32.76431850225964,0],[35.02481358318846,32.76434060225283,0],[35.02476801987261,32.76435804701955,0],[35.0247465761566,32.764366138773674,0],[35.02473692271247,32.76437064785078,0],[35.024702914871725,32.76438715967372,0],[35.024656468778815,32.764409457876866,0],[35.02460518985006,32.76443464808786,0],[35.02454952681374,32.76446247756766,0],[35.02454253198778,32.76446635023998,0],[35.02449700048184,32.76449445212429,0],[35.02445408708727,32.76452083009806,0],[35.02441003186521,32.764550332604394,0],[35.024361201199206,32.76458601568651,0],[35.0243281462459,32.76461259172769,0],[35.024295960920504,32.76463764333673,0],[35.02424899472793,32.7646774948999,0],[35.02423449035553,32.764692788487146,0],[35.024201564042826,32.76472327895106,0],[35.024160124105876,32.76476616001806,0],[35.02411656571577,32.76481327149575,0],[35.02398712965708,32.7649740112614,0],[35.02393349177121,32.7650467542579,0],[35.02387687894147,32.7651255685862,0],[35.02381897042365,32.7652086027708,0],[35.02378665303679,32.76525659686146,0],[35.02373926894685,32.76531338692607,0],[35.02369718110251,32.76537984540331,0],[35.0236059093379,32.765509021749345,0],[35.02356809862882,32.765561811199845,0],[35.02351047485354,32.76564202693788,0],[35.02342367505905,32.765762884223015,0],[35.02319163048216,32.766078641780936,0],[35.02315404688213,32.766130242089545,0],[35.023121317522055,32.76617895856595,0],[35.023080018653886,32.76624695085283,0],[35.02305656208622,32.76628950950915,0],[35.02302694117675,32.766346264586595,0],[35.02300755370814,32.76638682555033,0],[35.023003103659505,32.76639824362031,0],[35.022994066645786,32.76642491448264,0],[35.02297349729013,32.766487782636766,0],[35.02295817944127,32.76654082176951,0],[35.0229471647799,32.76657908018838,0],[35.02293465785738,32.76663061394587,0],[35.02292520386201,32.76668656683615,0],[35.02292154412244,32.766734519237325,0],[35.02289420302838,32.76681262708061,0],[35.022897158617454,32.7668750135231,0],[35.02290015116854,32.76691918752591,0],[35.022907916877976,32.76697786684151,0],[35.02292225984572,32.76705188364364,0],[35.02294803901857,32.76714872094271,0],[35.02297326293419,32.76722257856492,0],[35.02300549879969,32.76729533363786,0],[35.02302916186291,32.767343711517384,0],[35.02305275599549,32.767386094805644,0],[35.02305632352591,32.76739202141827,0],[35.023075010351704,32.76742446539879,0],[35.02308157906218,32.76743456580425,0],[35.02307542102781,32.767442995881844,0],[35.0230933344898,32.767482626172935,0],[35.02311523047144,32.76751406308589,0],[35.023148113109414,32.76755689892088,0],[35.02317878120138,32.767595011156395,0],[35.0232140112821,32.76763391265493,0],[35.02324920651671,32.76767053730625,0],[35.02327639379266,32.76769629393116,0],[35.02329910678266,32.767716442736834,0],[35.023316758159105,32.76773220197226,0],[35.023333713154976,32.76774717301672,0],[35.02339352485856,32.76779529557965,0],[35.023425248202365,32.767819915372144,0],[35.02348185204692,32.76786107756312,0],[35.02356368784686,32.76791654100541,0],[35.02363953093537,32.76796470101423,0],[35.02372909546893,32.76802094915448,0],[35.02382619699457,32.76808146500771,0],[35.023855424668476,32.76809953206367,0],[35.02392687919541,32.76814414641061,0],[35.02400487772456,32.768193764642035,0],[35.0240666349273,32.768235917739105,0],[35.024116755877245,32.76827224622836,0],[35.024169247966086,32.768312455408086,0],[35.02420273272749,32.76833811268514,0],[35.02424363735323,32.76837158752043,0],[35.024272459102754,32.768396284077674,0],[35.024337110276996,32.768456279485335,0],[35.024374547225094,32.76849465182388,0],[35.02441007050566,32.76853466519677,0],[35.0244405161029,32.768572930989976,0],[35.02446957705379,32.76861088189808,0],[35.024497733432966,32.76865285758024,0],[35.024528050202676,32.76870108963021,0],[35.02454996922461,32.76874004287221,0],[35.024585333775065,32.76881290931785,0],[35.02460029934197,32.768850408051456,0],[35.02460403645576,32.768854346619136,0],[35.02461114497185,32.76885567419988,0],[35.02461929140748,32.76889071323335,0],[35.02463461886897,32.768949418605025,0],[35.02465327925763,32.769023075294534,0],[35.02466557627448,32.769071947810495,0],[35.02466780201091,32.76911525412616,0],[35.024670294047894,32.76915510101012,0],[35.02467250311785,32.76920139192009,0],[35.02467541674636,32.7692290159965,0],[35.024680026320766,32.769278919844346,0],[35.0246787048805,32.76931405169081,0],[35.02467394471661,32.76935979338744,0],[35.02460389171945,32.76961169658778,0],[35.02452785255368,32.76976779390676,0],[35.02444110871727,32.769901421730914,0],[35.02441796956928,32.76992557291977,0],[35.02439871541447,32.76995178826095,0],[35.02438077442323,32.76997991437923,0],[35.02436264547321,32.77000756322676,0],[35.02436089067435,32.770044239050485,0],[35.02436813788608,32.770084869128716,0],[35.02440532992228,32.77012595701014,0],[35.02448088082002,32.77019000398562,0],[35.02439150466622,32.77026049293919,0],[35.024362092178215,32.770282399795036,0],[35.02428089239747,32.77021929952559,0],[35.024216570384496,32.7701886692535,0],[35.02415445398557,32.770184763021525,0],[35.0240775894229,32.77021232731417,0],[35.024013955799745,32.77024629011829,0],[35.02395900947848,32.77027300763943,0],[35.02390067736089,32.77029619462187,0],[35.02384970304337,32.77031833088254,0],[35.02379640812292,32.770337447599594,0],[35.02379761890753,32.77034249163648,0],[35.0237424476401,32.770362684055726,0],[35.023737833165946,32.77035611845549,0],[35.02370966354463,32.770362340120975,0],[35.023658147187724,32.77037591570874,0],[35.023611546500575,32.770387488485134,0],[35.02356771299266,32.77039497423729,0],[35.02354098987433,32.77040049102182,0],[35.023521216684465,32.77040189347073,0],[35.02347262064203,32.77040689084283,0],[35.023472151310074,32.77040359085454,0],[35.02339190831464,32.770412213300446,0],[35.023350323070844,32.77041518742604,0],[35.023318623329594,32.77041589182645,0],[35.02322315939887,32.77041627319331,0],[35.0231278804154,32.770411237357514,0],[35.02303321646828,32.77040080568109,0],[35.022934919645245,32.770383470687,0],[35.022813145180535,32.77035437231222,0],[35.02274879635022,32.7703360945026,0],[35.022685427720624,32.77031551424491,0],[35.022617327626676,32.770291898289045,0],[35.022509632188374,32.77025058942315,0],[35.02240643874863,32.77020765403035,0],[35.02230769169098,32.77016524619584,0],[35.022255855411586,32.77014353642366,0],[35.02205895961708,32.7700517854538,0],[35.022003799862254,32.77003378573344,0],[35.02197347945171,32.770022841872034,0],[35.021915015766794,32.76999840459299,0],[35.021867861743026,32.76997725963036,0],[35.02175013503946,32.769926862617545,0],[35.02164574151565,32.76988190504593,0],[35.021551125790985,32.7698414620289,0],[35.02146379742751,32.769804190931765,0],[35.021365671090564,32.769765560470574,0],[35.021272892722706,32.76973329742086,0],[35.021171626940244,32.769703889288216,0],[35.021056914242095,32.76967779587396,0],[35.02098316678197,32.769665759380054,0],[35.02095345283637,32.769662098267574,0],[35.02087696098247,32.76965652646994,0],[35.02078990935342,32.769654678490056,0],[35.020731722460624,32.769659438927164,0],[35.02073156699335,32.76966134488753,0],[35.02068357421119,32.76966634206329,0],[35.02058615266758,32.76967656959593,0],[35.020550727940616,32.76968008383255,0],[35.020544411460364,32.769680254001486,0],[35.02048786483598,32.76969233039959,0],[35.02039971277272,32.769717480057516,0],[35.020382723051355,32.7697225560075,0],[35.020326203708095,32.76974261419754,0],[35.02026343563927,32.769769314999955,0],[35.02020003292303,32.76980254853663,0],[35.02015957003817,32.76982498007924,0],[35.02010023946425,32.769857941830246,0],[35.01998346481306,32.769937994014214,0],[35.01993413905492,32.769975988357075,0],[35.019375927025074,32.77042634391179,0],[35.019292715902694,32.770480665479226,0],[35.019239315478806,32.77051362475844,0],[35.01918267483111,32.77054447827005,0],[35.01912190452952,32.7705749559531,0],[35.01903856322445,32.77060955703947,0],[35.01895697003348,32.770640057935246,0],[35.01883619494687,32.770676551140134,0],[35.0187950430125,32.770685570274495,0],[35.0187329653163,32.770697930734464,0],[35.018687141263285,32.77070568955046,0],[35.018628999458564,32.77071405225734,0],[35.0185739785143,32.770720300577636,0],[35.0185078492766,32.77072550445799,0],[35.01843250492573,32.770727700991074,0],[35.01829461077703,32.77072289758193,0],[35.018225709172896,32.77071660055624,0],[35.01816196597523,32.77070867007175,0],[35.018095538833016,32.77069804850623,0],[35.01804482145691,32.7706877658673,0],[35.017906131076984,32.770650265306884,0],[35.01783869395163,32.77062755935972,0],[35.0177841019889,32.770607243973146,0],[35.01773816422061,32.77058765379725,0],[35.01766714121869,32.770554672084316,0],[35.01760404877081,32.770521413611995,0],[35.01753103984557,32.77047863642944,0],[35.01747387052525,32.77044046345888,0],[35.01743845977533,32.77041411713233,0],[35.01738593254106,32.77037116303628,0],[35.01734572210875,32.77033826319725,0],[35.017288819189474,32.770285068263924,0],[35.017264228546665,32.77025979303204,0],[35.01724881502633,32.77024033843399,0],[35.01721157680227,32.77019992283628,0],[35.01719509231295,32.770178161893284,0],[35.01716924434,32.770145811850696,0],[35.017119639175355,32.77007350274628,0],[35.01708440668001,32.770013126530955,0],[35.01704756370606,32.769942053767515,0],[35.01702408597495,32.76988998170894,0],[35.017018668970984,32.769877521168254,0],[35.01700038698076,32.76983146217913,0],[35.016995134363746,32.76981695503038,0],[35.01697830647688,32.769769662887335,0],[35.01695935784693,32.76971069960606,0],[35.01694347949778,32.769658494627876,0],[35.01693044236711,32.769610306451575,0],[35.01691387580741,32.769545304452556,0],[35.016893316560875,32.76954904458416,0],[35.01683043870662,32.76931013502807,0],[35.01678084431251,32.7691068749943,0],[35.01675360959531,32.769096789299844,0],[35.016740520355434,32.76909335857461,0],[35.01672693727637,32.76909181706601,0],[35.01671324021436,32.76909220772265,0],[35.01666373341692,32.76909195321256,0],[35.0166439144314,32.769090347347415,0],[35.01662452056993,32.76908654107302,0],[35.0166058921472,32.76908060342862,0],[35.016569579008475,32.76906302631033,0],[35.01653739181336,32.7690404275034,0],[35.01651864636962,32.76902009226846,0],[35.01650262368856,32.76899815789602,0],[35.01663072879533,32.768955423740216,0],[35.01664130546871,32.768958948996726,0],[35.01665240170958,32.76896104043037,0],[35.01666374867333,32.768961647143094,0],[35.01667506997059,32.76896075339189,0],[35.01668399259968,32.768958074291874,0],[35.01669237631205,32.76895435292335,0],[35.016700050186564,32.76894966477296,0],[35.01670685820407,32.76894410428532,0],[35.01671343939914,32.76893575991767,0],[35.01671821226686,32.76892657877077,0],[35.016721032142605,32.768916839252675,0],[35.01672181409831,32.76890683428795,0],[35.01669627182545,32.768810446951825,0],[35.01667192324038,32.768709785548474,0],[35.01665997152076,32.7686500355957,0],[35.01664188109326,32.76856987283237,0],[35.01664017066669,32.768570193978576,0],[35.01662476310541,32.76850896276362,0],[35.01663013992466,32.76850796452731,0],[35.01659926991021,32.76838930627066,0],[35.01656956533786,32.76827983534383,0],[35.016568776872475,32.76827565659737,0],[35.01652998331797,32.76811755430724,0],[35.01653805036062,32.76811568546196,0],[35.01651265905203,32.768017744678666,0],[35.016495862252555,32.768000638633346,0],[35.016451602485475,32.76782831195117,0],[35.01642550732642,32.767727152833395,0],[35.01641873517904,32.76770095737587,0],[35.01642560456165,32.7676656544999,0],[35.016425077092556,32.76764799937173,0],[35.01641781974323,32.76760790802619,0],[35.01632178907442,32.76729353672553,0],[35.01631261736694,32.76724066003256,0],[35.016302469600575,32.76719365462993,0],[35.01629365521506,32.76716219829878,0],[35.01627621687839,32.76710313256226,0],[35.016257472087,32.767039582521996,0],[35.01624863605293,32.767008792509024,0],[35.01622081084531,32.76694795105173,0],[35.01620576430802,32.76691575678149,0],[35.01618834408342,32.76688566440783,0],[35.01616971148934,32.76685709137431,0],[35.01616055536616,32.76684099043051,0],[35.01613767318883,32.76681133257719,0],[35.01609167606995,32.76675158188959,0],[35.01603271223234,32.76667654775277,0],[35.016287305575126,32.76655407031985,0],[35.01635239076667,32.76662830650629,0],[35.016397667275356,32.76668618589732,0],[35.01643064965028,32.766733716077965,0],[35.01646761829186,32.76679440889987,0],[35.01649703933056,32.76684652606705,0],[35.0165166017609,32.766887212951524,0],[35.01654095146634,32.766945868828245,0],[35.01658025668556,32.767071000433845,0],[35.01660414678331,32.76716205180112,0],[35.01662124973771,32.767225928447914,0],[35.01664683673366,32.76732567290982,0],[35.01667086351485,32.76742081997637,0],[35.01669526384651,32.767515984728846,0],[35.016707140585204,32.76756258331706,0],[35.01673789873909,32.767675994416706,0],[35.016735584581845,32.76767514786339,0],[35.01673740725506,32.76768235966549,0],[35.01674283712833,32.76770946020346,0],[35.01675462348253,32.767758976543796,0],[35.01676394676258,32.76780843058378,0],[35.01677057745413,32.767843602209744,0],[35.01677337360296,32.76784311857859,0],[35.01680716897712,32.76798265277562,0],[35.016839683105395,32.76811689568504,0],[35.01689417336146,32.768232747989856,0],[35.016911763867355,32.76827247064407,0],[35.01691875531044,32.768296985636944,0],[35.01693452799319,32.76835365657861,0],[35.01694306583548,32.768390426148954,0],[35.01694916111896,32.76843261036438,0],[35.016950891352124,32.768458991210856,0],[35.01696759523021,32.7686004708911,0],[35.0169717410281,32.76863279933973,0],[35.01699257164642,32.76871846019644,0],[35.01700255802134,32.76876175660997,0],[35.01703089050223,32.768867284055915,0],[35.017055353305565,32.76896662006354,0],[35.01706511566366,32.769018044035846,0],[35.01709352919191,32.76911450321429,0],[35.017107660927095,32.76917461796149,0],[35.01713440213863,32.7692751548091,0],[35.01715752699113,32.76935656214612,0],[35.0171737669472,32.769430817746915,0],[35.01718363425483,32.76946224401983,0],[35.017197552474805,32.76951326481725,0],[35.01721919399254,32.76960739287281,0],[35.01723452589732,32.76965916057898,0],[35.01725251239671,32.769727122223074,0],[35.017274301259036,32.76979780996363,0],[35.017296083644894,32.769848143677336,0],[35.01734446514201,32.769930428167925,0],[35.01738928240533,32.77000078868461,0],[35.01744257628356,32.77007002569512,0],[35.01747623188988,32.77004805556276,0],[35.01753365267483,32.77010214116047,0],[35.017498368031184,32.770128880659776,0],[35.01751612689073,32.77014401508762,0],[35.0175149203221,32.77014580676369,0],[35.01753311228023,32.770164623464936,0],[35.017568576862416,32.77019888584595,0],[35.01761655003635,32.77023977630604,0],[35.017682829703816,32.770287103294635,0],[35.01772779289338,32.77031640061334,0],[35.0177372039062,32.77032215934769,0],[35.01778506003971,32.77034964764265,0],[35.0178470524549,32.77038016142377,0],[35.0179015641768,32.77040255778112,0],[35.017914094379464,32.770407532160064,0],[35.01793644118684,32.770415705942376,0],[35.018002691989984,32.77043810890562,0],[35.018055060543404,32.77045237591245,0],[35.01806198001371,32.770455319424705,0],[35.018074870711835,32.770458883167606,0],[35.018172564128015,32.770479063225324,0],[35.01824007519803,32.77048879368035,0],[35.018333878026446,32.770496858038015,0],[35.01836650961043,32.7704986999704,0],[35.01837825462791,32.77049891397922,0],[35.018433280093866,32.77049864400359,0],[35.01849275703221,32.770495375252274,0],[35.01856142876301,32.770488442088514,0],[35.018632899656396,32.77047754917652,0],[35.01870346867836,32.770463058016766,0],[35.01877288276681,32.77044502053424,0],[35.01877781544061,32.77044311353912,0],[35.018863402968684,32.770416913457844,0],[35.018949600173535,32.770391079407716,0],[35.01901048490246,32.77035994463923,0],[35.01903310766665,32.77034779167357,0],[35.019109793851854,32.770303583982965,0],[35.01918360964812,32.77025905099749,0],[35.019250589784896,32.770210741477186,0],[35.01930608993239,32.770168225498686,0],[35.01933157857023,32.77014921569776,0],[35.01935413898409,32.770130527079516,0],[35.01943036341342,32.77006791035826,0],[35.019503607360534,32.77000710070122,0],[35.01958370491679,32.76993974577113,0],[35.01965288197304,32.76988220859748,0],[35.01969058010511,32.769852344960555,0],[35.01975354462423,32.76980349273701,0],[35.019818230135286,32.76975227515954,0],[35.01987883651887,32.76971447240405,0],[35.01999016774299,32.76963551868517,0],[35.02001215117642,32.76962167572048,0],[35.02007747919915,32.76958585092686,0],[35.02010708659858,32.76957126714554,0],[35.02014566171196,32.76955488864224,0],[35.02017258534139,32.76954527105449,0],[35.02023463984927,32.7695239920556,0],[35.02033616962822,32.7694907387747,0],[35.020443953774624,32.76946100580378,0],[35.02052454788601,32.76944380610786,0],[35.0206059777093,32.76942968868601,0],[35.02068878832567,32.76942035944561,0],[35.02077086770235,32.769414737760215,0],[35.02085316373971,32.76941222899788,0],[35.02091151298594,32.76941304664184,0],[35.020960106135846,32.76941446763779,0],[35.02101531793181,32.76941877020884,0],[35.02105698625516,32.769421935734584,0],[35.021165213379604,32.76943577281,0],[35.02123468388246,32.76944896613407,0],[35.021344269697316,32.769476885046345,0],[35.02142741436194,32.769501451513555,0],[35.021509893554104,32.76952996819223,0],[35.021605245775945,32.7695670697239,0],[35.0216865032978,32.769599125469625,0],[35.02178699681072,32.76963723073604,0],[35.02186791482506,32.76966888281042,0],[35.021945581353904,32.76969927132804,0],[35.022014501952754,32.76972530809846,0],[35.022027094270854,32.76972919741536,0],[35.02206302071365,32.769735563389794,0],[35.022090672428526,32.769736242932034,0],[35.02211288068613,32.76973447816214,0],[35.022133506703874,32.76972616927192,0],[35.02215547135388,32.76971196522447,0],[35.02217667742516,32.769694490515015,0],[35.02220436703888,32.769667131806365,0],[35.022241614994485,32.76963041384384,0],[35.02237328794155,32.769691161406584,0],[35.022347220999976,32.769734066871955,0],[35.02233244421739,32.7697798516277,0],[35.022333503449644,32.76981420873932,0],[35.022359399481026,32.76985528081233,0],[35.02241015846897,32.76988970922253,0],[35.022639067689184,32.769996485987875,0],[35.02283169488728,32.770059828198384,0],[35.02302503781868,32.77011508833363,0],[35.02307630960612,32.77012209479559,0],[35.023130170422775,32.77013183261696,0],[35.02321487329532,32.77013851588661,0],[35.023305203666496,32.770140595051174,0],[35.02338774655314,32.77013506790299,0],[35.023482373458435,32.77012148615535,0],[35.02356507420511,32.77010279794331,0],[35.0236250567844,32.77008940142272,0],[35.023701346081374,32.770066608360096,0],[35.0237713396762,32.77004106681794,0],[35.0238200381827,32.77002168920693,0],[35.023885653976386,32.76998492327347,0],[35.0239635677137,32.76993875678735,0],[35.02401714269928,32.76989600510803,0],[35.02408375178216,32.76984238597157,0],[35.02416098443653,32.76977235676176,0],[35.02422384114365,32.76970055663588,0],[35.02427057815445,32.76959723971614,0],[35.0243027213117,32.76952618347161,0],[35.02433394245975,32.76945716553257,0],[35.02436077783223,32.76939784444949,0],[35.024363908347134,32.7693463151325,0],[35.02437266379394,32.76924155677457,0],[35.02437455672176,32.76918290767752,0],[35.02437285993197,32.76914306012742,0],[35.024371019428074,32.76909454795889,0],[35.02435490569229,32.76902887491152,0],[35.02433733696055,32.76896018810053,0],[35.02431626068854,32.76888752607065,0],[35.02429497512146,32.76884673423634,0],[35.024263021861465,32.76878865865108,0],[35.02422766017577,32.76873463669675,0],[35.024201796043684,32.76869918352499,0],[35.02416626615012,32.76865293304237,0],[35.024125459653646,32.76860937824685,0],[35.02410402387161,32.76858811693263,0],[35.02408328689402,32.76856751485965,0],[35.02404914430645,32.76853461777617,0],[35.02402820073036,32.76851645088184,0],[35.02397900561295,32.76847928691619,0],[35.023942204374194,32.7684512389114,0],[35.02389550943009,32.76841696033928,0],[35.02389733233707,32.76841483135228,0],[35.02385450741257,32.76838420300181,0],[35.02379490616814,32.76834622957232,0],[35.02374416373355,32.76831434091976,0],[35.02366449045145,32.768262741786636,0],[35.02359603076281,32.76822072850191,0],[35.02352496045182,32.768176164115076,0],[35.023488507366984,32.76815288375434,0],[35.023365491667214,32.76807458569201,0],[35.023284517243,32.76801800796676,0],[35.02318809227762,32.767944051065264,0],[35.02317727949795,32.76793530969794,0],[35.02317455875731,32.76793756992556,0],[35.02312817770767,32.76789771632308,0],[35.02308223940472,32.76785849002387,0],[35.02305553186594,32.76783510191001,0],[35.02301808683015,32.76779481756423,0],[35.02296758228293,32.767741177286275,0],[35.02294101480888,32.767713487350754,0],[35.02290455181422,32.767733650600235,0],[35.02288519201224,32.767708867346364,0],[35.022853999005555,32.76767123849096,0],[35.02289024866651,32.76765101092638,0],[35.022859101001345,32.76761208459458,0],[35.02281574833986,32.767558419450275,0],[35.02279175699794,32.76751511310617,0],[35.02277112076162,32.767476706937835,0],[35.022759410970856,32.767455133074876,0],[35.022754239480655,32.76744390394927,0],[35.02274087099313,32.76741664968909,0],[35.02272831754388,32.76738956612832,0],[35.02271746096719,32.76736513782151,0],[35.022702388398535,32.767328285218404,0],[35.02269158679893,32.76730096794924,0],[35.022678506103986,32.76726603343767,0],[35.0226678059959,32.7672349959084,0],[35.022654372904896,32.76719019270242,0],[35.02264491955723,32.76715905598917,0],[35.02263550513734,32.76712399694619,0],[35.02262486093102,32.76707702198528,0],[35.02261296380962,32.76701481102099,0],[35.022612313717175,32.767011205090014,0],[35.02259158762048,32.76701079991129,0],[35.022586852826905,32.766969047137664,0],[35.02258317560918,32.76692785134409,0],[35.022576576052344,32.766845297644,0],[35.02257089758816,32.766714945375,0],[35.02257035291282,32.766681535777714,0],[35.02257379753357,32.766652871293346,0],[35.022578636683356,32.76661282850373,0],[35.02258398187327,32.76658057531412,0],[35.02258952081846,32.76655748275385,0],[35.022599756204606,32.76651571743459,0],[35.02260901954671,32.76647752052578,0],[35.02261601783852,32.766447906297095,0],[35.022630539548594,32.766388647942186,0],[35.02263551302993,32.766365984668724,0],[35.02264877108757,32.7663303706035,0],[35.022663398238855,32.76629115714101,0],[35.02267473397295,32.766260900878414,0],[35.02268678029605,32.76622758167566,0],[35.02269731925217,32.766210232060864,0],[35.02271822580266,32.76616846867842,0],[35.02274299134844,32.766109937502094,0],[35.022763843504094,32.766077594972515,0],[35.022783697516324,32.76604801199157,0],[35.022807264077116,32.76601281139951,0],[35.02282788143556,32.765983078032264,0],[35.02285598171138,32.7659430680316,0],[35.02287895117672,32.76591019654776,0],[35.02292150239966,32.76584827005626,0],[35.02295191325682,32.76580504612121,0],[35.023013861567144,32.76572085500544,0],[35.02304369789592,32.76568144980809,0],[35.023124141054545,32.76557461671552,0],[35.02316218034257,32.76552555084144,0],[35.0232135694544,32.76545859383217,0],[35.02326492317079,32.7653953751899,0],[35.02330568691973,32.76534314915053,0],[35.02335510400955,32.765279676998816,0],[35.023391369356325,32.76523270403545,0],[35.02344577750657,32.76516300471603,0],[35.02348924190546,32.76510563652371,0],[35.02354507519067,32.765035136705755,0],[35.02359465142161,32.76497248973919,0],[35.02364266981136,32.764912302140814,0],[35.023696810633794,32.764842668146365,0],[35.02373679991154,32.76478950127469,0],[35.023787928204506,32.76473289874579,0],[35.02385769344576,32.76465925751072,0],[35.02390309061568,32.76461430653449,0],[35.02396218804839,32.764557474658396,0],[35.02402107343867,32.764506791128476,0],[35.024068268661686,32.7644676829786,0],[35.02412228361488,32.764426314146625,0],[35.02415707152503,32.764401419613826,0],[35.02419821022194,32.764373959856314,0],[35.0242157157205,32.76436122870589,0],[35.02428702254021,32.76431880713718,0],[35.02436529628399,32.764271492102786,0],[35.024436141484706,32.76423406429158,0],[35.02452069016192,32.76419369944443,0],[35.02460724677667,32.764156224658784,0],[35.02467580956243,32.764126497545924,0],[35.02477986138053,32.76408872672844,0],[35.02485385588055,32.76406497925148,0],[35.02493652128078,32.76403863192991,0],[35.02506423201747,32.76401192884034,0],[35.02515224120725,32.763994437389364,0],[35.02526183002846,32.76397497315599,0],[35.025364960460756,32.76396064559104,0],[35.02544265882948,32.7639551065428,0],[35.025474853916286,32.763953168783594,0],[35.02551443818573,32.76395023977852,0],[35.02555306664587,32.763948173223696,0],[35.0255889651608,32.76394612169691,0],[35.025615612679196,32.763946432033954,0],[35.02564268416939,32.76394659689506,0],[35.025694378042424,32.76394632708427,0],[35.02573781088444,32.76394862252718,0],[35.02578291986365,32.76395327918714,0],[35.02583014713234,32.76395478831579,0],[35.02586776508295,32.763957998765726,0],[35.02590457664556,32.76395939564207,0],[35.02594292287476,32.76396292089791,0],[35.02598043447731,32.7639670184337,0],[35.02607006015492,32.763979558799804,0],[35.02610753125051,32.76398417471644,0],[35.02615079936579,32.763991494044845,0],[35.026194044512735,32.76399856085013,0],[35.02622865600465,32.76400507073852,0],[35.02626452821539,32.76401408822925,0],[35.02629704719627,32.7640199260638,0],[35.02633401655828,32.76403106318344,0],[35.026370564789985,32.764041459399515,0],[35.02640998792805,32.764055153592686,0],[35.02645196053349,32.764067827064785,0],[35.026496065833676,32.76408190839681,0],[35.02653120882295,32.764093261977884,0],[35.026608330067525,32.76412252784393,0],[35.02664821540667,32.764138893448276,0],[35.02667506054539,32.76414988355511,0],[35.02670616315747,32.76416391030187,0],[35.02673479963148,32.764176775763595,0],[35.02677014087747,32.764192048339474,0],[35.0268105648435,32.76421075275931,0],[35.026818267141095,32.764214928619886,0],[35.02681812075659,32.76421501768056,0],[35.02684931696493,32.764231378119575,0],[35.02688050073966,32.7642475563901,0],[35.0269091824335,32.76426239930031,0],[35.026943358053124,32.764279973113574,0],[35.0269762391504,32.764296475670314,0],[35.02701207020209,32.76431612030467,0],[35.02705068776536,32.76433629907135,0],[35.02708141394722,32.764352392786165,0],[35.02711594728613,32.764370436843244,0],[35.02715485092308,32.76439114708277,0],[35.027179338026066,32.76440464677892,0],[35.027210473345704,32.76442164183723,0],[35.02724164208432,32.76443685698267,0],[35.027272917099864,32.76445337973305,0],[35.027314664661624,32.76447530402206,0],[35.02734879905156,32.76449330056268,0],[35.02738328503859,32.764511598757906,0],[35.02741466366697,32.764528100880135,0],[35.02745072414198,32.7645473156027,0],[35.02747982434209,32.764562714419085,0],[35.027517817956394,32.76458389214383,0],[35.0275167800544,32.76458795823946,0],[35.027545023034335,32.76460187524202,0],[35.027573445809104,32.76461662205432,0],[35.027611719486636,32.76463651342232,0],[35.027636985172215,32.76465032701657,0],[35.027647081047334,32.764655715380044,0],[35.027681519190274,32.76467236421938,0],[35.02771345276385,32.764687305307866,0],[35.027752974055126,32.7647077484278,0],[35.02778823573632,32.76472351473451,0],[35.02783516929502,32.764746447945996,0],[35.02787359788826,32.76476360730645,0],[35.027911487448186,32.764778114903066,0],[35.027954296322726,32.764798319131415,0],[35.0279897169481,32.764814698759956,0],[35.028028521987835,32.76483040686867,0],[35.028078759709096,32.76485553576631,0],[35.02811360660949,32.764863593681234,0],[35.02812911308306,32.764869106838646,0],[35.02814170040629,32.7648742371746,0],[35.02816303176013,32.76488083154236,0],[35.028209080827516,32.76489777789675,0],[35.028284271241844,32.76492237372673,0],[35.02837583777257,32.76495042077473,0],[35.02844416376344,32.7649707598667,0],[35.028512137847784,32.764989346427775,0],[35.02864494430656,32.76502103811759,0],[35.02870089561366,32.765033426570504,0],[35.02874174337132,32.76504160814252,0],[35.02878322745039,32.76505020537425,0],[35.02883047818672,32.76505856721409,0],[35.02890021820209,32.765069231915206,0],[35.02899465115662,32.76508282650013,0],[35.029070991690574,32.765093087368236,0],[35.02914102839324,32.76510105717459,0],[35.02920539436283,32.76510661147887,0],[35.02931571930065,32.76511424978197,0],[35.02942673876561,32.765120380416725,0],[35.02950954806461,32.76512395854834,0],[35.02959773835968,32.76512804998493,0],[35.029685177882556,32.76513240992037,0],[35.029764978631206,32.76513602787135,0],[35.0298381408046,32.765139339864426,0],[35.02991449926536,32.76514267429978,0],[35.03000296362933,32.76514689116891,0],[35.03012931435894,32.76515273954839,0],[35.030207632010715,32.765156201866084,0],[35.0302843905319,32.765159626802046,0],[35.030351671149276,32.765163011475074,0],[35.03046315408,32.76516796331596,0],[35.030557497450516,32.76517236829422,0],[35.03061767293714,32.765174994556965,0],[35.0306836745979,32.76517806168358,0],[35.03075551382426,32.765181199984326,0],[35.03082495113243,32.765184686578884,0],[35.03090852877351,32.76518835502031,0],[35.03100859323192,32.76519292988604,0],[35.03109647148192,32.765196757442,0],[35.03117727570779,32.76520083755113,0],[35.03125094317295,32.76520450017863,0],[35.03132662306486,32.76520779674798,0],[35.03139964438157,32.765211161736836,0],[35.031484345662236,32.76521493053249,0],[35.031557029401576,32.76521847530343,0],[35.03160939862919,32.76522089194792,0],[35.03165624664467,32.76522300339845,0],[35.03173290692288,32.76522651838333,0],[35.03177939030936,32.76522899898165,0],[35.03183723398388,32.76523162956165,0],[35.03191337013529,32.76523521494848,0],[35.0319811810154,32.765238184695505,0],[35.03201485912228,32.76523995508086,0],[35.032078981389716,32.76524141927431,0],[35.0321488491706,32.76524863875813,0],[35.03218092658133,32.765250341976056,0],[35.03222787745233,32.765253923122444,0],[35.03232616070653,32.76526357104983,0],[35.032385797169155,32.76526907214081,0],[35.03245731100401,32.765263895361485,0],[35.03256398450545,32.76525591739772,0],[35.0326521063444,32.765249672227384,0],[35.032718073494024,32.76524854533837,0],[35.03277604718848,32.7652473984492,0],[35.03287126719052,32.765246113170356,0],[35.032918109614045,32.76524504114665,0],[35.03293996940634,32.76524342997064,0],[35.032959942570656,32.76524058989983,0],[35.032985545680134,32.76523478192366,0],[35.03300432152276,32.765227431716426,0],[35.0330278860865,32.76521612960058,0],[35.03303587938576,32.765210658207245,0],[35.03305116252395,32.765199241065446,0],[35.033064197350946,32.76518598138293,0],[35.033080434719075,32.76516668920783,0],[35.03309296370525,32.76514449750911,0],[35.03309814800932,32.76513348494215,0],[35.03310170459798,32.76512202110393,0],[35.03310625481022,32.76509771753861,0],[35.03310693249823,32.76508322637012,0],[35.033104901409715,32.76506882527511,0],[35.03309307431524,32.765025446434834,0],[35.033087019158266,32.76501083064379,0],[35.03322600017021,32.76494822811756,0],[35.03324118754928,32.76498960706076,0],[35.033251293767115,32.76502102160718,0],[35.03325643851639,32.76503791924696,0],[35.03326277601048,32.76506785977807,0],[35.033271151557045,32.76512587025495,0],[35.03327853689354,32.76516650365248,0],[35.03328428520486,32.76518031470013,0],[35.033301466015786,32.76520059932231,0],[35.03333723358257,32.76523426797859,0],[35.03335801100584,32.7652489444313,0],[35.03335732666135,32.76524963600138,0],[35.03337059853986,32.76525749889269,0],[35.03337783813128,32.765261079499425,0],[35.03338346699789,32.76526425214311,0],[35.03339476873122,32.76526991219905,0],[35.03341897744398,32.76527892615086,0],[35.03342764916429,32.765281435688,0],[35.03344027656429,32.76528588927306,0],[35.033453676223864,32.76528832410631,0],[35.03346955345348,32.76528991472162,0],[35.03347902924385,32.765290513751765,0],[35.03349245185187,32.765292110032775,0],[35.03351157032983,32.765295328120644,0],[35.03358659115682,32.7652979010678,0],[35.033621684783256,32.76530173603667,0],[35.0336381073505,32.76530277733795,0],[35.03364916202627,32.765303694101384,0],[35.03366381269951,32.76530489529034,0],[35.033676371157576,32.76530633708545,0],[35.03368831544466,32.76529966275806,0],[35.0337197324502,32.7653007244766,0],[35.03379932186779,32.76531403372899,0],[35.03381713015736,32.76531595154087,0],[35.033838450237695,32.765317540502274,0],[35.03386123216949,32.76531925768741,0],[35.03386473129297,32.765319974791495,0],[35.03388498052812,32.76532346487085,0],[35.033904001344546,32.765327539379335,0],[35.0340017305058,32.765348077754005,0],[35.03401259474034,32.76534812859603,0],[35.0340502949052,32.76534505998062,0],[35.0340609145545,32.76534465061981,0],[35.03407290015984,32.76534428819986,0],[35.03408963613166,32.765343283012946,0],[35.03411176079309,32.76534269091162,0],[35.034120683887714,32.76534210791737,0],[35.03413867138986,32.76533958957156,0],[35.034147448093876,32.76533741938755,0],[35.0341604595165,32.76533638207935,0],[35.034166832142645,32.765335696429744,0],[35.03417732554287,32.76533433108739,0],[35.034194384560344,32.7653318114722,0],[35.0342046960004,32.76533072540685,0],[35.03422055846037,32.765328871419534,0],[35.03425806168723,32.76532272768292,0],[35.03426963393728,32.76532085884674,0],[35.034313446570785,32.765313596537354,0],[35.034323193323786,32.76531201376167,0],[35.034365332744706,32.765303522853294,0],[35.03440167780569,32.76529468142407,0],[35.03442543280063,32.765289790378425,0],[35.03444949913701,32.76528392591639,0],[35.03447727170265,32.76527649752089,0],[35.034517592346674,32.76526473994686,0],[35.034577851642155,32.76524580481539,0],[35.034603555748824,32.765237336635316,0],[35.03462076085117,32.76523093084028,0],[35.034661192301655,32.76521700027712,0],[35.034714560313255,32.76519646875511,0],[35.034759376238924,32.76517784624946,0],[35.03480449489929,32.76515715023132,0],[35.03484619717678,32.76513711683062,0],[35.03488381012938,32.765118060734814,0],[35.03491820853753,32.765100163470485,0],[35.03495243143233,32.765079137066074,0],[35.03498000537655,32.765063827446674,0],[35.03500512457601,32.76504858663843,0],[35.03503787735228,32.765026142556536,0],[35.03507964815402,32.76499803896995,0],[35.03510357372566,32.764981903847435,0],[35.035148385035754,32.76494870073308,0],[35.035175362159556,32.76492727674917,0],[35.035221515995744,32.76488954889564,0],[35.03526696601113,32.76485151349732,0],[35.035323702571105,32.76479895793457,0],[35.03540475376315,32.7647219450133,0],[35.035576427331165,32.76455164723246,0],[35.03571876496949,32.76440838772605,0],[35.03589454580837,32.76423257663303,0],[35.03594952724471,32.76418221856423,0],[35.0359811815584,32.7641534067636,0],[35.03603125330668,32.76410894818399,0],[35.03608553043822,32.76406415258759,0],[35.036138530248515,32.7640232325556,0],[35.03617942091747,32.763991691943104,0],[35.036220219366136,32.76396377602133,0],[35.0362728252019,32.76392799508441,0],[35.036317700105364,32.76390019280392,0],[35.03636399295489,32.76387314081849,0],[35.03640201516291,32.76385165022423,0],[35.036446860635984,32.76382811289163,0],[35.03647466665867,32.76381390332231,0],[35.03654797156903,32.76378052147416,0],[35.03658507762367,32.763763799581945,0],[35.03663205008471,32.76374416938591,0],[35.036708817062106,32.763714110329126,0],[35.03672132701496,32.763690096803735,0],[35.03677567994039,32.76367287494793,0],[35.03680950951384,32.76366189242553,0],[35.036882523937344,32.76364102556808,0],[35.036931928627006,32.7636275571119,0],[35.03698020109122,32.763614610108576,0],[35.03703389543896,32.76360139080212,0],[35.03704739064611,32.763598306983724,0],[35.03707307568645,32.76361106425264,0],[35.03712280618883,32.76360025616696,0],[35.03720005105228,32.76358272203934,0],[35.03727913861958,32.763567074871766,0],[35.037342969198804,32.7635549870575,0],[35.037358087804165,32.763534078788624,0],[35.037425538846165,32.76352055304084,0],[35.037495850448025,32.763506769574406,0],[35.037677499355276,32.763470382598726,0],[35.037676887645624,32.76346820147757,0],[35.037699391575885,32.763464263944435,0],[35.03772138046311,32.763467548328045,0],[35.0377478783254,32.76347367003843,0],[35.037778603693944,32.76346758836556,0],[35.037861442397265,32.763449006280254,0],[35.037950049856754,32.76342724880715,0],[35.0380592343908,32.763398945206035,0],[35.03815950613579,32.763371504332916,0],[35.038261675750825,32.76333922377399,0],[35.03838696599326,32.76329265479119,0],[35.038447362235104,32.76326777577605,0],[35.038536814767234,32.76322750713238,0],[35.03862651365976,32.76318670674819,0],[35.03868767609117,32.763157175865025,0],[35.03874688956345,32.76313179650106,0],[35.03888198132149,32.763065692953795,0],[35.03896796339095,32.7630222932266,0],[35.03905623145884,32.76297765752242,0],[35.03916546214865,32.76292330293857,0],[35.03926033730152,32.762875044661094,0],[35.03934926802216,32.762830291499675,0],[35.03943562794002,32.76278719131077,0],[35.039445915360254,32.76276247756905,0],[35.03954490729309,32.76271139135614,0],[35.039629725079195,32.762669358418094,0],[35.03973411014725,32.76261956136185,0],[35.039762515038355,32.762626224368745,0],[35.03986707753837,32.76258201075315,0],[35.04001414095519,32.76252549863817,0],[35.0401174720439,32.76249038314127,0],[35.040239887218526,32.762452561316344,0],[35.04033305444707,32.7624272211674,0],[35.04041253313413,32.762406938698156,0],[35.04053413369313,32.762380830389844,0],[35.04075686732097,32.76234069740766,0],[35.04088608648428,32.76232501873832,0],[35.04098257397601,32.76231397706976,0],[35.041085891844766,32.76230739050627,0],[35.04123820123119,32.7623036295632,0],[35.04134884007365,32.76230108561436,0],[35.04145134109544,32.76230351106828,0],[35.041682343683114,32.76231856575225,0],[35.04176053288449,32.762326416461896,0],[35.04181738058452,32.76233303927297,0],[35.04181893408505,32.76232029938204,0],[35.041920569257805,32.762328230905446,0],[35.042022202714,32.76233711814499,0],[35.04219820879854,32.76235171917993,0],[35.0422894516569,32.7623762011595,0],[35.04234452093612,32.76239255707329,0],[35.042440446636846,32.762435935590084,0],[35.04252876993325,32.76247568840024,0],[35.0426411453398,32.76251677966304,0],[35.04272974816682,32.76254958059409,0],[35.04282681334179,32.762588587045485,0],[35.0429126366379,32.76262414346148,0],[35.042984043438885,32.76265312589779,0],[35.0430387395372,32.762681293280274,0],[35.04310779512598,32.76272404155922,0],[35.043203773928774,32.76278573306205,0],[35.043317076938735,32.762857320365065,0],[35.04340230081864,32.76291191053619,0],[35.043477441230394,32.76295977906066,0],[35.04356505158699,32.763016725619245,0],[35.04366512188836,32.763094282900205,0],[35.04374463843204,32.7631597941051,0],[35.043823658495626,32.763222527390624,0],[35.04385329761733,32.76325651432809,0],[35.043945793721484,32.763356532011,0],[35.04404423891761,32.76345399641343,0],[35.044109879230916,32.76351534181094,0],[35.04421878581193,32.763617400085906,0],[35.04428191085319,32.763677019932146,0],[35.044363520373444,32.763754300582555,0],[35.04444543354353,32.76382895762354,0],[35.04452328518466,32.763895187562476,0],[35.044615771069985,32.763971841717584,0],[35.04470466945495,32.76403159339864,0],[35.04476518180304,32.764078495717676,0],[35.04485079335852,32.76414424841998,0],[35.044910529097336,32.7641898602503,0],[35.044967160850085,32.764240598767756,0],[35.04505590929998,32.764300927094325,0],[35.045119433208505,32.76435289159996,0],[35.045207785913775,32.76441383247025,0],[35.04526791198543,32.76445619850981,0],[35.04536774254939,32.76452627001596,0],[35.045781853562296,32.764833128985195,0],[35.04585751639037,32.76488894069868,0],[35.04595928200791,32.76496365792642,0],[35.046028028716705,32.76501387025965,0],[35.046124434362945,32.76508414422062,0],[35.04620403174656,32.765142169854805,0],[35.04631158201103,32.76522307974953,0],[35.04638606948716,32.765274020486686,0],[35.04644593033646,32.76531613314717,0],[35.046535530396106,32.76537886001071,0],[35.046609813480515,32.76543086436077,0],[35.04668230605454,32.76548154091595,0],[35.04676717131114,32.76554236808608,0],[35.046849531978445,32.765601334550205,0],[35.04695984720667,32.76568240966697,0],[35.047032249252545,32.76573624184928,0],[35.0471253052472,32.76580051453317,0],[35.047320698117055,32.76594981039176,0],[35.04738922621962,32.765997749418894,0],[35.04747989714198,32.76606525594631,0],[35.047543220054834,32.766111637448404,0],[35.047647494396,32.766187537660976,0],[35.04769878443978,32.7662247698248,0],[35.047762652720266,32.76627066498016,0],[35.04789806831216,32.76635936294176,0],[35.047957806806615,32.76639903111979,0],[35.04805811462071,32.76646716241282,0],[35.048197413052854,32.76655728957745,0],[35.048265062597366,32.76660161121692,0],[35.04834210213455,32.76665306793232,0],[35.04842887489754,32.76671069531629,0],[35.04849865451227,32.7667576794906,0],[35.04856386615511,32.76679439661746,0],[35.04857929762604,32.76679671063154,0],[35.04859496868169,32.766796887014856,0],[35.048610467374786,32.76679492074666,0],[35.04862538592652,32.76679086452022,0],[35.04863933353987,32.76678482515205,0],[35.04865742037747,32.76677545284014,0],[35.0486737136545,32.76676396922404,0],[35.04868787143054,32.766750617338026,0],[35.04869959546131,32.766735675437,0],[35.04879796513378,32.76677676179398,0]]]},"properties":{"OBJECTID":"10","שם_רש":"נת''א","road_rashu":"כביש 705","area_2":"131445","source":"נתיבי איילון","date":"רבעון 1, 2026"},"id":10}]}