OBJECTID,מס' סידורי,עיר,רשות תמרור,מרכז מטרופוליני,שלב,קוד צומת במערכת אביבים,X,Y,סטטוס,שם,רחוב ראשי,שם רחוב 1,שם רחוב 2,שם רחוב 3,שם רחוב 4,נת''צ קיים,מהיר לעיר,הקו הכחול,רכבת קלה - הקו האדום,רכבת קלה - הקו הירוק,רכבת קלה - הקו הסגול,הקו החום,הקו הירוק,אופני דן,ללא פרוייקט,קווי המטרונית,קוד צומת ברשות מקומית,MANTA_AUTH,מעודכן לתאריך,מקור,Fast2City_,x,y
1,1.000000,אור יהודה,נת"י,0.000000, ,2001.000000,188005.756900,658864.835400,קיים,שדרות יצחק רבין,כביש 412,שדרות יצחק רבין, , , ,לא,לא,לא,לא,לא,לא,לא, ,לא,כן,לא, ,OY,"רבעון 3, 2025",נתיבי איילון / CRG הנדסה, ,188005.757,658864.835
2,2.000000,אור יהודה,נת"י,0.000000, ,2002.000000,186972.262500,658582.023500,קיים,יהדות קנדה כביש 412,כביש 412,יהדות קנדה, , , ,לא,לא,לא,לא,לא,לא,לא, ,לא,כן,לא, ,OY,"רבעון 3, 2025",נתיבי איילון / CRG הנדסה, ,186972.263,658582.024
3,3.000000,אור יהודה,אור יהודה,0.000000, ,2003.000000,186926.225300,658817.185100,קיים,יהדות קנדה - אריאל שרון,יהדות קנדה,אריאל שרון, , , ,לא,לא,לא,לא,לא,לא,לא, ,לא,כן,לא, ,OY,"רבעון 3, 2025",נתיבי איילון / CRG הנדסה, ,186926.225,658817.185
4,4.000000,אור יהודה,אור יהודה,0.000000, ,2004.000000,185676.000000,659921.000000,בתכנון,קזז - הראשונים - הרצל,יחזקאל קזז,הראשונים,הרצל, , ,לא,כן,לא,לא,לא,לא,לא, ,לא,לא,לא, ,OY,"רבעון 3, 2025",נתיבי איילון / CRG הנדסה,OY21,185676,659921
5,5.000000,אור יהודה,אור יהודה,0.000000, ,2005.000000,186880.839200,659243.742000,קיים,סעדון - משה דיין - העצמאות - יהדות קנדה,יהדות קנדה,העצמאות,איליהו סעדון,משה דיין, ,לא,כן,לא,לא,לא,לא,לא, ,לא,לא,לא, ,OY,"רבעון 3, 2025",נתיבי איילון / CRG הנדסה,OY10,186880.839,659243.742
6,6.000000,אור יהודה,אור יהודה,0.000000, ,2006.000000,187349.309000,659565.268300,קיים,העצמאות - דוד אלעזר - החצב,העצמאות,חצב,דוד אלעזר, , ,לא,כן,לא,לא,לא,לא,לא, ,לא,לא,לא, ,OY,"רבעון 3, 2025",נתיבי איילון / CRG הנדסה,OY14,187349.309,659565.268
7,7.000000,אור יהודה,נת"ע,0.000000, ,2007.000000,187504.129200,660021.337200,קיים,העצמאות סביון,כביש 461,העצמאות, , , ,לא,לא,לא,לא,לא,כן,לא, ,כן,לא,לא, ,OY,"רבעון 3, 2025",נתיבי איילון / CRG הנדסה, ,187504.129,660021.337
8,8.000000,אור יהודה,נת"ע,0.000000, ,2008.000000,186370.021900,660225.578000,קיים,שדרות אלון יגאל,כביש 461,שדרות אלון יגאל, , , ,לא,לא,לא,לא,לא,כן,לא, ,כן,לא,לא, ,OY,"רבעון 3, 2025",נתיבי איילון / CRG הנדסה, ,186370.022,660225.578
9,9.000000,אור יהודה,נת"ע,0.000000, ,2009.000000,185678.313600,660349.648600,קיים,קזז יחזקאל,כביש 461,קזז יחזקאל, , , ,לא,לא,לא,לא,לא,כן,לא, ,כן,לא,לא, ,OY,"רבעון 3, 2025",נתיבי איילון / CRG הנדסה, ,185678.314,660349.649
10,10.000000,אור יהודה,נת"ע,0.000000, ,2010.000000,185678.523300,660090.339100,קיים,קזז - ההגנה,קזז יחזקאל,ההגנה, , , ,לא,כן,לא,לא,לא,כן,לא, ,לא,לא,לא, ,OY,"רבעון 3, 2025",נתיבי איילון / CRG הנדסה,OY03,185678.523,660090.339
11,11.000000,אור יהודה,אור יהודה,0.000000, ,2011.000000,185676.744000,660077.515500,קיים,קזז יחזקאל רמזור,יחזקאל קזז,דוד רמז, , , ,לא,כן,לא,לא,לא,לא,לא, ,לא,לא,לא, ,OY,"רבעון 3, 2025",נתיבי איילון / CRG הנדסה, ,185676.744,660077.515
12,12.000000,אור יהודה,נת"ע,0.000000, ,2012.000000,185086.924900,660443.339100,קיים,עגיב כמוס,כביש 461,עגיב כמוס, , , ,לא,לא,לא,לא,לא,כן,לא, ,כן,לא,לא, ,OY,"רבעון 3, 2025",נתיבי איילון / CRG הנדסה, ,185086.925,660443.339
13,13.000000,אור יהודה,אור יהודה,0.000000, ,2013.000000,185697.423400,660210.078900,בתכנון,קזז - צבי פנקס,יחזקאל קזז,צבי פנקס, , , ,לא,כן,לא,לא,לא,לא,לא, ,לא,לא,לא, ,OY,"רבעון 3, 2025",נתיבי איילון / CRG הנדסה,OY02,185697.423,660210.079
14,14.000000,אור יהודה,אור יהודה,0.000000, ,2014.000000,185825.900300,659624.663700,בתכנון,בן פורת - אפרים גואטה,שדרות מדרכי בן פורת,סמטת אפריים גואטה, , , ,לא,כן,לא,לא,לא,לא,לא, ,לא,לא,לא, ,OY,"רבעון 3, 2025",נתיבי איילון / CRG הנדסה,OY04,185825.9,659624.664
15,15.000000,אור יהודה,אור יהודה,0.000000, ,2015.000000,185956.248100,659551.085500,בתכנון,בן פורת - לח"י,שדרות מדרכי בן פורת,הלח"י, , , ,לא,כן,לא,לא,לא,לא,לא, ,לא,לא,לא, ,OY,"רבעון 3, 2025",נתיבי איילון / CRG הנדסה,OY05,185956.248,659551.086
16,16.000000,אור יהודה,אור יהודה,0.000000, ,2016.000000,186041.403300,659491.855800,בתכנון,בן פורת - השומר,שדרות מדרכי בן פורת,השומר, , , ,לא,כן,לא,לא,לא,לא,לא, ,לא,לא,לא, ,OY,"רבעון 3, 2025",נתיבי איילון / CRG הנדסה,OY06,186041.403,659491.856
17,17.000000,אור יהודה,אור יהודה,0.000000, ,2017.000000,186125.788500,659401.929700,בתכנון,בן פורת - החלוצים,שדרות מדרכי בן פורת,החלוצים, , , ,לא,כן,לא,לא,לא,לא,לא, ,לא,לא,לא, ,OY,"רבעון 3, 2025",נתיבי איילון / CRG הנדסה,OY07,186125.789,659401.93
18,18.000000,אור יהודה,אור יהודה,0.000000, ,2018.000000,186276.401900,659242.933400,בתכנון,בן פורת - הל"ה,שדרות מדרכי בן פורת,הל"ה, , , ,לא,כן,לא,לא,לא,לא,לא, ,לא,לא,לא, ,OY,"רבעון 3, 2025",נתיבי איילון / CRG הנדסה,OY08,186276.402,659242.933
19,19.000000,אור יהודה,אור יהודה,0.000000, ,2019.000000,186413.777500,659217.337000,בתכנון,סעדון - איילת השחר,שדרות מדרכי בן פורת,אליהו סעדון,סקאלר,שפרינצק, ,לא,כן,לא,לא,לא,לא,לא, ,לא,לא,לא, ,OY,"רבעון 3, 2025",נתיבי איילון / CRG הנדסה,OY09,186413.777,659217.337
20,20.000000,אור יהודה,אור יהודה,0.000000, ,2020.000000,186986.071200,659254.351500,בתכנון,העצמאות - ההסתדרות,העצמאות,ההסתדרות, , , ,לא,כן,לא,לא,לא,לא,לא, ,לא,לא,לא, ,OY,"רבעון 3, 2025",נתיבי איילון / CRG הנדסה,OY11,186986.071,659254.352
21,21.000000,אור יהודה,אור יהודה,0.000000, ,2021.000000,187051.309400,659344.459100,בתכנון,העצמאות - ירושלים,העצמאות,ירושלים, , , ,לא,כן,לא,לא,לא,לא,לא, ,לא,לא,לא, ,OY,"רבעון 3, 2025",נתיבי איילון / CRG הנדסה,OY12,187051.309,659344.459
22,22.000000,אור יהודה,אור יהודה,0.000000, ,2022.000000,187465.232000,659616.565500,בתכנון,העצמאות - יוסף חיים,העצמאות,חיים יוסף, , , ,לא,כן,לא,לא,לא,לא,לא, ,לא,לא,לא, ,OY,"רבעון 3, 2025",נתיבי איילון / CRG הנדסה,OY15,187465.232,659616.566
23,23.000000,אור יהודה,אור יהודה,0.000000, ,2023.000000,187523.000000,659722.000000,בתכנון,העצמאות - הכלנית,העצמאות,הכלנית, , , ,לא,כן,לא,לא,לא,לא,לא, ,לא,לא,לא, ,OY,"רבעון 3, 2025",נתיבי איילון / CRG הנדסה,OY16,187523,659722
24,24.000000,אור יהודה,אור יהודה,0.000000, ,2024.000000,187522.249900,659821.022200,בתכנון,העצמאות - יקותיאל אדם,העצמאות,הכלנית,אדם יקותיאל, , ,לא,כן,לא,לא,לא,לא,לא, ,לא,לא,לא, ,OY,"רבעון 3, 2025",נתיבי איילון / CRG הנדסה,OY17,187522.25,659821.022
25,25.000000,אור יהודה,אור יהודה,0.000000, ,2025.000000,186802.000000,659252.000000,בתכנון,סעדון - עייריה,סעדון, , , , ,לא,כן,לא,לא,לא,לא,לא, ,לא,לא,לא, ,OY,"רבעון 3, 2025",נתיבי איילון / CRG הנדסה,OY19,186802,659252
26,26.000000,אור יהודה,אור יהודה,0.000000, ,2026.000000,186695.000000,659251.000000,בתכנון,סעדון - היכל התרבות,אריק איינשטיין,דגניה,הסוכנות היהודית, , ,לא,כן,לא,לא,לא,לא,לא, ,לא,לא,לא, ,OY,"רבעון 3, 2025",נתיבי איילון / CRG הנדסה,OY20,186695,659251
27,27.000000,אור יהודה,אור יהודה,0.000000, ,2027.000000,187129.000000,659469.000000,בתכנון,העצמאות - חניונים,העצמאות, , , , ,לא,כן,לא,לא,לא,לא,לא, ,לא,לא,לא, ,OY,"רבעון 3, 2025",נתיבי איילון / CRG הנדסה,OY13,187129,659469
28,28.000000,אור יהודה,אור יהודה,0.000000, ,2028.000000,185627.000000,659704.000000,בתכנון,קזז - בן פורת - משה הדדי,יחזקאל קזז,שדרות מדרכי בן פורת,משה הדדי,הגלבוע, ,לא,כן,לא,לא,לא,לא,לא, ,לא,לא,לא, ,OY,"רבעון 3, 2025",נתיבי איילון / CRG הנדסה,OY22,185627,659704
29,29.000000,באר יעקב,נת"י,0.000000, ,29001.000000,183943.000000,650222.000000,קיים,רון ארד - הרב משה שמואל שפירא,רון ארד,הרב משה שמואל שפירא, , , ,לא,לא,לא,לא,לא,לא,לא, ,לא,כן,לא, ,BRY,"רבעון 3, 2025",נתיבי איילון / CRG הנדסה, ,183943,650222
30,30.000000,בני ברק,בני ברק,0.000000,א,1001.000000,184819.820900,665078.329500,קיים,עזרא - בן יעקב,עזרא,הרב בן יעקב, , , ,לא,לא,לא,לא,לא,לא,לא, ,לא,כן,לא, ,BB,"רבעון 3, 2025",נתיבי איילון / CRG הנדסה,BB13,184819.821,665078.33
31,31.000000,בני ברק,בני ברק,0.000000, ,1002.000000,184848.730900,665124.259300,קיים,עזרא - נחמיה - בן יעקב,עזרא,נחמיה, , , ,לא,לא,לא,לא,לא,לא,לא, ,לא,כן,לא,11,BB,"רבעון 3, 2025",נתיבי איילון / CRG הנדסה,BB14,184848.731,665124.259
32,32.000000,בני ברק,בני ברק,0.000000, ,1003.000000,185146.230600,665427.448300,קיים,כהנמן - עזרא - אשל אברהם,הרב כהנמן,עזרא,אשל אברהם, , ,לא,כן,לא,לא,לא,לא,לא, ,לא,לא,לא,3,BB,"רבעון 3, 2025",נתיבי איילון / CRG הנדסה,BB16,185146.231,665427.448
33,33.000000,בני ברק,בני ברק,0.000000, ,1004.000000,185062.641100,665740.067800,קיים,כהנמן - נחום - הרב פוברסקי,הרב כהנמן,נחום,הרב פוברסקי, , ,לא,לא,לא,לא,לא,לא,לא,BB-6,לא,כן,לא,5,BB,"רבעון 3, 2025",נתיבי איילון / CRG הנדסה, ,185062.641,665740.068
34,34.000000,בני ברק,בני ברק,0.000000, ,1005.000000,185005.731400,665889.327500,קיים,כהנמן - רבי עקיבא - רוזנהיים,הרב כהנמן,ראובן אהרונוביץ,רבי עקיבא,רוזנהיים, ,לא,לא,לא,לא,לא,לא,לא,BB-6,לא,כן,לא,12,BB,"רבעון 3, 2025",נתיבי איילון / CRG הנדסה, ,185005.731,665889.328
35,35.000000,בני ברק,בני ברק,0.000000, ,1006.000000,184710.142000,665867.827900,קיים,רבי עקיבא - חזון איש,רבי עקיבא,חזון איש, , , ,לא,כן,לא,לא,לא,לא,לא,BB-4,לא,לא,לא,84,BB,"רבעון 3, 2025",נתיבי איילון / CRG הנדסה,BB06,184710.142,665867.828
36,36.000000,בני ברק,בני ברק,0.000000, ,1007.000000,184603.932300,665877.328000,קיים,רבי עקיבא - הרב שך - רש"י,רבי עקיבא,רש"י,הרב שך, , ,לא,כן,לא,לא,לא,לא,לא,BB-4,לא,לא,לא,45,BB,"רבעון 3, 2025",נתיבי איילון / CRG הנדסה,BB05,184603.932,665877.328
37,37.000000,בני ברק,בני ברק,0.000000, ,1008.000000,184446.379000,665893.706900,קיים,רבי עקיבא - סוקולוב - מהרש"ל,רבי עקיבא,מהרש"ל,סוקולוב, , ,לא,כן,לא,לא,לא,לא,לא,BB-4,לא,לא,לא,9,BB,"רבעון 3, 2025",נתיבי איילון / CRG הנדסה,BB04,184446.379,665893.707
38,38.000000,בני ברק,בני ברק,0.000000, ,1009.000000,184367.532800,665899.638200,קיים,רבי עקיבא - קוטלר - סמטת מנשה,רבי עקיבא,הרב קוטלר,סמטת מנשה, , ,לא,כן,לא,לא,לא,לא,לא,BB-4,לא,לא,לא,47,BB,"רבעון 3, 2025",נתיבי איילון / CRG הנדסה,BB02,184367.533,665899.638
39,39.000000,בני ברק,בני ברק,0.000000, ,1010.000000,184629.641900,665578.258600,קיים,חזון איש - ברטנורה - האדמו"ר מגור,חזון איש,ברטנורה,האדמו"ר מגור, , ,לא,כן,לא,לא,לא,לא,לא,BB-5,לא,לא,לא,84,BB,"רבעון 3, 2025",נתיבי איילון / CRG הנדסה,BB08,184629.642,665578.259
40,40.000000,בני ברק,בני ברק,0.000000, ,1011.000000,184499.321800,665223.569500,קיים,חזון איש - נחמיה,חזון איש,נחמיה, , , ,לא,לא,לא,לא,לא,לא,לא, ,לא,כן,לא,19,BB,"רבעון 3, 2025",נתיבי איילון / CRG הנדסה,BB10,184499.322,665223.57
41,41.000000,בני ברק,בני ברק,0.000000,א,1012.000000,184403.431400,664777.330600,קיים,חזון איש האדמור מנדבורנא,חזון איש,האדמו"ר מנדבורנא, , , ,לא,כן,לא,לא,לא,לא,לא,BB-8,לא,לא,לא, ,BB,"רבעון 3, 2025",נתיבי איילון / CRG הנדסה,BB12,184403.431,664777.331
42,42.000000,בני ברק,בני ברק,0.000000, ,1013.000000,184391.231400,664678.640800,קיים,חזון איש - עזרא - שד' ירושלים,חזון איש,שדרות ירושלים, , , ,לא,לא,לא,לא,לא,לא,לא,BB-8,לא,כן,לא,18,BB,"רבעון 3, 2025",נתיבי איילון / CRG הנדסה,BB36,184391.231,664678.641
43,43.000000,בני ברק,בני ברק,0.000000, ,1014.000000,183944.532800,665089.570500,קיים,בארי - יהודה הנשיא - מוהליבר,יהודה הנשיא,בארי,מוהליבר, , ,לא,לא,לא,לא,לא,לא,לא, ,לא,כן,לא,11,BB,"רבעון 3, 2025",נתיבי איילון / CRG הנדסה, ,183944.533,665089.571
44,44.000000,בני ברק,בני ברק,0.000000, ,1015.000000,185103.494400,665636.333100,קיים,כהנמן - אבני נזר,הרב כהנמן,אבני נזר, , , ,לא,לא,לא,לא,לא,לא,לא,BB-6,לא,כן,לא,14,BB,"רבעון 3, 2025",נתיבי איילון / CRG הנדסה, ,185103.494,665636.333
45,45.000000,בני ברק,בני ברק,0.000000, ,1016.000000,184085.733300,665790.948800,קיים,ירושלים - האדמור מבעלז - יגאל,ירושלים,יגאל, , , ,לא,לא,לא,לא,לא,לא,לא,BB-3,לא,כן,לא,88,BB,"רבעון 3, 2025",נתיבי איילון / CRG הנדסה, ,184085.733,665790.949
46,46.000000,בני ברק,בני ברק,0.000000,א,1017.000000,184088.433300,665809.138700,קיים,ירושלים - האדמור מבלז,ירושלים,האדמו"ר מבלז, , , ,לא,לא,לא,לא,לא,לא,לא,BB-3,לא,כן,לא, ,BB,"רבעון 3, 2025",נתיבי איילון / CRG הנדסה,BB21,184088.433,665809.139
47,47.000000,בני ברק,בני ברק,0.000000, ,1018.000000,184105.533400,665943.448400,קיים,רבי עקיבא - ירושלים,רבי עקיבא,ירושלים, , , ,לא,כן,לא,לא,לא,לא,לא,BB-3,לא,לא,לא,11,BB,"רבעון 3, 2025",נתיבי איילון / CRG הנדסה,BB01,184105.533,665943.448
48,48.000000,בני ברק,בני ברק,0.000000,א,1019.000000,183977.646700,666034.375200,קיים,רבי עקיבא - טרפון,רבי עקיבא,שדרות רבי טרפון, , , ,לא,לא,לא,לא,לא,לא,לא,BB-3,לא,כן,לא, ,BB,"רבעון 3, 2025",נתיבי איילון / CRG הנדסה, ,183977.647,666034.375
49,49.000000,בני ברק,בני ברק,0.000000, ,1020.000000,183959.233900,666048.068400,קיים,רבי עקיבא - אחיעזר - טרפון,רבי עקיבא,אחיעזר, , , ,לא,לא,לא,לא,לא,לא,לא,BB-3,לא,כן,לא,36,BB,"רבעון 3, 2025",נתיבי איילון / CRG הנדסה, ,183959.234,666048.068
50,50.000000,בני ברק,בני ברק,0.000000, ,1021.000000,183861.824200,666120.448300,קיים,רבי עקיבא - הרב קוק - פתחיה,רבי עקיבא,הרב קוק, , , ,לא,לא,לא,לא,לא,לא,לא,BB-3,לא,כן,לא,37,BB,"רבעון 3, 2025",נתיבי איילון / CRG הנדסה, ,183861.824,666120.448
51,51.000000,בני ברק,בני ברק,0.000000,א,1022.000000,183850.234200,666129.758300,קיים,רבי עקיבא בן פתחיה,רבי עקיבא,בן פתחיה, , , ,לא,לא,לא,לא,לא,לא,לא, ,לא,כן,לא, ,BB,"רבעון 3, 2025",נתיבי איילון / CRG הנדסה, ,183850.234,666129.758
52,52.000000,בני ברק,בני ברק,0.000000,א,1023.000000,184928.932100,666358.566600,קיים,אהרונוביץ ראובן - יצחק נפחא,ראובן אהרונוביץ,יצחק נפחא, , , ,לא,לא,לא,לא,לא,לא,לא, ,לא,כן,לא, ,BB,"רבעון 3, 2025",נתיבי איילון / CRG הנדסה, ,184928.932,666358.567
53,53.000000,בני ברק,בני ברק,0.000000, ,1024.000000,184953.822200,666422.566400,קיים,אהרונוביץ - נפחא - שפירא,ראובן אהרונוביץ,הרב שפירא, , , ,לא,לא,לא,לא,לא,לא,לא, ,לא,כן,לא,32,BB,"רבעון 3, 2025",נתיבי איילון / CRG הנדסה, ,184953.822,666422.566
54,54.000000,בני ברק,בני ברק,0.000000, ,1025.000000,185141.322400,666942.565100,קיים,אברבנאל - החלוצים,אברבנאל,החלוצים, , , ,לא,לא,לא,לא,לא,לא,לא,BB-7,לא,כן,לא,27,BB,"רבעון 3, 2025",נתיבי איילון / CRG הנדסה, ,185141.322,666942.565
55,55.000000,בני ברק,בני ברק,0.000000, ,1026.000000,184924.659100,666987.233800,קיים,אברבנאל - צבי הרלינג,אברבנאל,צבי הרלינג, , , ,לא,לא,לא,לא,לא,לא,לא,BB-7,לא,כן,לא,28,BB,"רבעון 3, 2025",נתיבי איילון / CRG הנדסה, ,184924.659,666987.234
56,56.000000,בני ברק,בני ברק,0.000000, ,1027.000000,184211.644300,666886.636300,קיים,אבו חצירא - דוד מכלוף,ישראל אבו חצירא,דוד מכלוף, , , ,לא,לא,לא,לא,לא,לא,לא,BB-2,לא,כן,לא,34,BB,"רבעון 3, 2025",נתיבי איילון / CRG הנדסה, ,184211.644,666886.636
57,57.000000,בני ברק,בני ברק,0.000000, ,1028.000000,184317.233900,666747.066500,קיים,אבו חצירא - המכבים - מנחם  בגין,ישראל אבו חצירא,מנחם בגין, , , ,לא,לא,לא,לא,לא,לא,לא,BB-2,לא,כן,לא,35,BB,"רבעון 3, 2025",נתיבי איילון / CRG הנדסה, ,184317.234,666747.067
58,58.000000,בני ברק,בני ברק,0.000000, ,1029.000000,184112.034700,667017.566100,קיים,אבו חצירא - הרב פתאיה,ישראל אבו חצירא,הרב פתאיה, , , ,לא,לא,לא,לא,לא,לא,לא,BB-2,לא,כן,לא,33,BB,"רבעון 3, 2025",נתיבי איילון / CRG הנדסה, ,184112.035,667017.566
59,59.000000,בני ברק,בני ברק,0.000000, ,1030.000000,184022.325000,667138.256000,קיים,אבו חצירא - הירקון,ישראל אבו חצירא,הירקון,מבצע קדש, , ,לא,לא,לא,לא,לא,לא,לא,BB-2,לא,כן,לא,26,BB,"רבעון 3, 2025",נתיבי איילון / CRG הנדסה, ,184022.325,667138.256
60,60.000000,בני ברק,בני ברק,0.000000, ,1031.000000,183987.145200,667264.255800,קיים,אבו חצירא - הקישון - ברוך הירש,מבצע קדש,ברוך הירש,הקישון, , ,לא,לא,לא,לא,לא,לא,לא,RB-1,לא,כן,לא,36,BB,"רבעון 3, 2025",נתיבי איילון / CRG הנדסה, ,183987.145,667264.256
61,61.000000,בני ברק,בני ברק,0.000000, ,1032.000000,184441.758900,667495.820300,קיים,אם המושבות - המכבים,המכבים,דרך אם המושבות, , , ,לא,לא,לא,לא,לא,לא,לא, ,כן,לא,לא,30,BB,"רבעון 3, 2025",נתיבי איילון / CRG הנדסה, ,184441.759,667495.82
62,62.000000,בני ברק,בני ברק,0.000000,א,1033.000000,184684.000000,665711.000000,בתכנון,חזון איש - האדמור מגור,חזון איש,האדמור מגור,רבנו תם, , ,לא,כן,לא,לא,לא,לא,לא, ,לא,לא,לא, ,BB,"רבעון 3, 2025",נתיבי איילון / CRG הנדסה,BB07,184684,665711
63,63.000000,בני ברק,בני ברק,0.000000, ,1034.000000,184569.931900,665452.949000,קיים,חזון איש - דסלר - ישמח משה,חזון איש,הרב דסלר, , , ,לא,כן,לא,לא,לא,לא,לא,BB-5,לא,לא,לא, ,BB,"רבעון 3, 2025",נתיבי איילון / CRG הנדסה,BB23,184569.932,665452.949
64,64.000000,בני ברק,בני ברק,0.000000,א,1035.000000,184462.231600,665060.639900,בתכנון,חזון איש - דבורה הנביאה,חזון איש,דבורה הנביאה, , , ,לא,לא,לא,לא,לא,לא,לא, ,לא,כן,לא, ,BB,"רבעון 3, 2025",נתיבי איילון / CRG הנדסה,BB11,184462.232,665060.64
65,65.000000,בני ברק,בני ברק,0.000000,א,1036.000000,184882.230900,665168.329200,בתכנון,עזרא - שלמה המלך,עזרא,שלמה המלך, , , ,לא,כן,לא,לא,לא,לא,לא, ,לא,לא,לא, ,BB,"רבעון 3, 2025",נתיבי איילון / CRG הנדסה,BB28,184882.231,665168.329
66,66.000000,בני ברק,בני ברק,0.000000,א,1037.000000,185226.820000,665079.259000,בתכנון,כהנמן - בר יוחאי,הרב כהנמן,בר יוחאי, , , ,לא,לא,לא,לא,לא,לא,לא, ,לא,כן,לא, ,BB,"רבעון 3, 2025",נתיבי איילון / CRG הנדסה,BB25,185226.82,665079.259
67,67.000000,בני ברק,בני ברק,0.000000,א,1038.000000,185120.029900,664821.449700,בתכנון,בן דוד - עוזיאל,עוזיאל,אברהם בן דוד, , , ,לא,לא,לא,לא,לא,לא,לא, ,לא,כן,לא, ,BB,"רבעון 3, 2025",נתיבי איילון / CRG הנדסה,BB20,185120.03,664821.45
68,68.000000,בני ברק,בני ברק,0.000000, ,1039.000000,183334.475600,666931.229200,קיים,בן גוריון - הירקון - הצלע,דרך דוד בן גוריון,הירקון,הצלע, , ,לא,כן,לא,לא,לא,לא,לא,RB-2,לא,לא,לא,36,BB,"רבעון 3, 2025",נתיבי איילון / CRG הנדסה,RG01,183334.476,666931.229
69,69.000000,בני ברק,נת"י,0.000000,א,1040.000000,185286.775100,664850.476500,קיים,כהנמן - מבצע קדש,הרב כהנמן,מבצע קדש,מתתיהו, , ,לא,לא,לא,לא,לא,לא,לא, ,לא,כן,לא, ,BB,"רבעון 3, 2025",נתיבי איילון / CRG הנדסה,BB18,185286.775,664850.477
70,70.000000,בני ברק,נת"י,0.000000,א,1041.000000,185283.139500,664779.139600,קיים,כהנמן- בן דוד- מבצע קדש,הרב כהנמן,אברהם בן דוד, , , ,לא,לא,לא,לא,לא,לא,לא, ,לא,כן,לא,34,BB,"רבעון 3, 2025",נתיבי איילון / CRG הנדסה,BB19,185283.14,664779.14
71,71.000000,בני ברק,נת"ע,0.000000, ,1042.000000,183635.435100,666501.637800,קיים,ז'בוטינסקי - רבי עקיבא - מצדה,ז'בוטינסקי,רבי עקיבא,מצדה, , ,כן,לא,לא,לא,לא,לא,לא, ,לא,לא,לא,20,BB,"רבעון 3, 2025",נתיבי איילון / CRG הנדסה, ,183635.435,666501.638
72,72.000000,בני ברק,נת"ע,0.000000, ,1043.000000,183972.434400,666527.827300,קיים,ז'בוטינסקי - דב גרונר,ז'בוטינסקי,גרונר, , , ,כן,לא,לא,לא,לא,לא,לא, ,לא,לא,לא,19,BB,"רבעון 3, 2025",נתיבי איילון / CRG הנדסה, ,183972.434,666527.827
73,73.000000,בני ברק,נת"ע,0.000000,א,1044.000000,184415.643500,666605.446700,קיים,זבוטינסקי - סוקולוב,ז'בוטינסקי,סוקולוב,ישראל אבו חצירא, , ,כן,לא,לא,לא,לא,לא,לא, ,לא,לא,לא, ,BB,"רבעון 3, 2025",נתיבי איילון / CRG הנדסה, ,184415.644,666605.447
74,74.000000,בני ברק,נת"ע,0.000000, ,1045.000000,184581.823200,666632.636400,קיים,ז'בוטינסקי - הרב שך - אבו חצירא,ז'בוטינסקי,הרב שך, , , ,כן,לא,לא,לא,לא,לא,לא, ,לא,לא,לא,18,BB,"רבעון 3, 2025",נתיבי איילון / CRG הנדסה, ,184581.823,666632.636
75,75.000000,בני ברק,נת"ע,0.000000, ,1046.000000,184993.232300,666649.825900,קיים,ז'בוטינסקי - אהרונוביץ - החלוצים,ז'בוטינסקי,ראובן אהרונוביץ, , , ,כן,לא,לא,לא,לא,לא,לא, ,לא,לא,לא,17,BB,"רבעון 3, 2025",נתיבי איילון / CRG הנדסה, ,184993.232,666649.826
76,76.000000,בני ברק,נת"ע,0.000000,א,1047.000000,185127.577500,666639.461800,קיים,זבוטינסקי החלוצים,ז'בוטינסקי,החלוצים, , , ,כן,לא,לא,לא,לא,לא,לא, ,לא,לא,לא, ,BB,"רבעון 3, 2025",נתיבי איילון / CRG הנדסה, ,185127.578,666639.462
77,77.000000,בני ברק,נת"ע,0.000000, ,1048.000000,185503.790200,666621.189500,קיים,זבוטינסקי,ז'בוטינסקי,כביש 4, , , ,כן,לא,לא,לא,לא,לא,לא, ,לא,לא,לא,35,BB,"רבעון 3, 2025",נתיבי איילון / CRG הנדסה, ,185503.79,666621.19
78,78.000000,בני ברק,בני ברק,0.000000, ,1049.000000,183965.366800,667347.530000,קיים,מבצע קדש - ששת הימים - אם המושבות,מבצע קדש,דרך ששת הימים,דרך אם המושבות, , ,לא,כן,לא,לא,לא,לא,לא,RB-1,כן,לא,לא,51,BB,"רבעון 3, 2025",נתיבי איילון / CRG הנדסה,RG04,183965.367,667347.53
79,79.000000,בני ברק,בני ברק,0.000000, ,1050.000000,183380.781100,666648.342300,קיים,בן גוריון - בן שמן,דרך דוד בן גוריון,בן שמן,בן נון, , ,לא,כן,לא,לא,לא,לא,לא, ,לא,לא,לא,40,BB,"רבעון 3, 2025",נתיבי איילון / CRG הנדסה,RG03,183380.781,666648.342
80,80.000000,בני ברק,בני ברק,0.000000,א,1051.000000,184560.300000,665433.800000,קיים,חזון איש - יישמח משה,חזון איש,ישמח משה, , , ,לא,כן,לא,לא,לא,לא,לא,BB-5,לא,לא,לא, ,BB,"רבעון 3, 2025",נתיבי איילון / CRG הנדסה, ,184560.3,665433.8
81,81.000000,ברנר,נת"י,0.000000, ,31001.000000,181344.000000,642233.000000,קיים,מחלף גבעת ברנר,כביש 411, , , , ,לא,לא,לא,לא,לא,לא,לא, ,לא,כן,לא, ,BR,"רבעון 3, 2025",נתיבי איילון / CRG הנדסה, ,181344,642233
82,82.000000,ברנר,נת"י,0.000000, ,31002.000000,181034.000000,642323.000000,קיים,מחלף גן שלמה,כביש 411, , , , ,לא,לא,לא,לא,לא,לא,לא, ,לא,כן,לא, ,BR,"רבעון 3, 2025",נתיבי איילון / CRG הנדסה, ,181034,642323
83,83.000000,בת ים,בת ים,0.000000,א,3001.000000,176808.796200,656679.257800,קיים,הקוממיות - אנה פרנק,הקוממיות,אנה פרנק, , , ,לא,כן,לא,לא,לא,לא,לא, ,לא,לא,לא, ,BY,"רבעון 3, 2025",נתיבי איילון / CRG הנדסה,BY06,176808.796,656679.258
84,84.000000,בת ים,בת ים,0.000000,א,3002.000000,177397.950900,658129.783100,קיים,יוספטל - מבצע סיני - אלי כהן,שדרות גיורא יוספטל,אלי כהן,מבצע סיני, , ,לא,כן,לא,לא,לא,לא,לא, ,לא,לא,לא, ,BY,"רבעון 3, 2025",נתיבי איילון / CRG הנדסה,BY18,177397.951,658129.783
85,85.000000,בת ים,בת ים,0.000000,א,3003.000000,177200.096000,658150.357500,קיים,יוספטל - השושנים - ירקוני,שדרות גיורא יוספטל,ירקוני,סמטת השושנים, , ,לא,כן,לא,לא,לא,לא,לא, ,כן,לא,לא, ,BY,"רבעון 3, 2025",נתיבי איילון / CRG הנדסה,BY19,177200.096,658150.357
86,86.000000,בת ים,נת"ע,0.000000, ,3004.000000,176310.383200,656831.852300,קיים,הקוממיות דרך מנחם בגין,הקוממיות,דרך מנחם בגין,הרב יצחק ניסנבאום, , ,לא,לא,לא,כן,לא,לא,לא, ,לא,לא,לא,3,BY,"רבעון 3, 2025",נתיבי איילון / CRG הנדסה, ,176310.383,656831.852
87,87.000000,בת ים,בת ים,0.000000,א,3005.000000,175824.907300,658005.624200,קיים,בלפור - יהודה הלוי - מקס נורדאו,בלפור,מקס נורדאו, , , ,כן,כן,לא,לא,לא,לא,לא, ,לא,לא,לא, ,BY,"רבעון 3, 2025",נתיבי איילון / CRG הנדסה, ,175824.907,658005.624
88,88.000000,בת ים,בת ים,0.000000,א,3006.000000,175857.185200,658043.938300,קיים,יהודה הלוי - בלפור,בלפור,יהודה הלוי, , , ,כן,כן,לא,לא,לא,לא,לא, ,לא,לא,לא, ,BY,"רבעון 3, 2025",נתיבי איילון / CRG הנדסה, ,175857.185,658043.938
89,89.000000,בת ים,נת"ע,0.000000, ,3007.000000,176066.991300,658306.367300,קיים,שדרות יוספטל גיורא בלפור,בלפור,שדרות גיורא יוספטל, , , ,כן,כן,לא,כן,לא,לא,לא, ,לא,לא,לא,13,BY,"רבעון 3, 2025",נתיבי איילון / CRG הנדסה, ,176066.991,658306.367
90,90.000000,בת ים,נת"ע,0.000000, ,3008.000000,176948.119700,658124.214100,קיים,יוספטל - כצנלסון,שדרות גיורא יוספטל,הרב לוי,ברל כצנלסון, , ,לא,לא,לא,כן,לא,לא,לא, ,לא,לא,לא,105,BY,"רבעון 3, 2025",נתיבי איילון / CRG הנדסה,BY20,176948.12,658124.214
91,91.000000,בת ים,בת ים,0.000000,א,3009.000000,176340.533000,659286.840100,קיים,שדרות העצמאות ירושלים,שדרות העצמאות,ירושלים, , , ,לא,לא,לא,כן,לא,לא,לא, ,לא,לא,לא,111,BY,"רבעון 3, 2025",נתיבי איילון / CRG הנדסה, ,176340.533,659286.84
92,92.000000,בת ים,נת"ע,0.000000, ,3010.000000,176160.000000,656594.000000,קיים,מנחם בגין - דרומה למסוף דן,מנחם בגין, , , , ,לא,לא,לא,כן,לא,לא,לא, ,לא,לא,לא,1,BY,"רבעון 3, 2025",נתיבי איילון / CRG הנדסה, ,176160,656594
93,93.000000,בת ים,בת ים,0.000000, ,3011.000000,176857.038500,656876.022500,בתכנון,אנה פרנק - קרן היסוד,אנה פרנק,קרן היסוד,חשמונאים, , ,לא,כן,לא,לא,לא,לא,לא, ,לא,לא,לא, ,BY,"רבעון 3, 2025",נתיבי איילון / CRG הנדסה,BY22,176857.039,656876.023
94,94.000000,בת ים,בת ים,0.000000, ,3012.000000,176904.300000,657062.100000,בתכנון,אנה פרנק - מעבר חציה,אנה פרנק, , , , ,לא,כן,לא,לא,לא,לא,לא, ,לא,לא,לא, ,BY,"רבעון 3, 2025",נתיבי איילון / CRG הנדסה,BY23,176904.3,657062.1
95,95.000000,בת ים,בת ים,0.000000,א,3013.000000,176938.722100,657210.588700,קיים,אנה פרנק - הרב מימון,הרב מימון,אנה פרנק, , , ,לא,כן,לא,לא,לא,לא,לא, ,לא,לא,לא, ,BY,"רבעון 3, 2025",נתיבי איילון / CRG הנדסה,BY24,176938.722,657210.589
96,96.000000,בת ים,בת ים,0.000000, ,3014.000000,176998.260500,657449.506700,בתכנון,אנה פרנק - כ"ט בנובמבר,אנה פרנק,כ"ט בנובמבר, , , ,לא,כן,לא,לא,לא,לא,לא, ,לא,לא,לא, ,BY,"רבעון 3, 2025",נתיבי איילון / CRG הנדסה,BY25,176998.26,657449.507
97,97.000000,בת ים,בת ים,0.000000, ,3015.000000,177226.000000,657405.000000,בתכנון,אלי כהן - כ"ט בנובמבר,אלי כהן,כ"ט בנובמבר, , , ,לא,כן,לא,לא,לא,לא,לא, ,לא,לא,לא, ,BY,"רבעון 3, 2025",נתיבי איילון / CRG הנדסה,BY21,177226,657405
98,98.000000,בת ים,בת ים,0.000000, ,3016.000000,177255.911700,657522.293800,בתכנון,אלי כהן - יוטבתה - השרון,אלי כהן,יוטבתה,השרון, , ,לא,כן,לא,לא,לא,לא,לא, ,לא,לא,לא, ,BY,"רבעון 3, 2025",נתיבי איילון / CRG הנדסה,BY26,177255.912,657522.294
99,99.000000,בת ים,בת ים,0.000000, ,3017.000000,177285.942000,657651.608800,בתכנון,אלי כהן - חצור - גלבוע,אלי כהן,חצור,גלבוע, , ,לא,כן,לא,לא,לא,לא,לא, ,לא,לא,לא, ,BY,"רבעון 3, 2025",נתיבי איילון / CRG הנדסה,BY27,177285.942,657651.609
100,100.000000,בת ים,בת ים,0.000000, ,3018.000000,177335.894400,657872.246100,בתכנון,אלי כהן - מצדה מעבר חצייה,אלי כהן,מצדה, , , ,לא,כן,לא,לא,לא,לא,לא, ,לא,לא,לא, ,BY,"רבעון 3, 2025",נתיבי איילון / CRG הנדסה,BY28,177335.894,657872.246
101,101.000000,בת ים,בת ים,0.000000,א,3019.000000,177355.955800,657928.364100,קיים,אלי כהן - דוד רזיאל,אלי כהן,דוד רזיאל, , , ,לא,כן,לא,לא,לא,לא,לא, ,לא,לא,לא, ,BY,"רבעון 3, 2025",נתיבי איילון / CRG הנדסה,BY29,177355.956,657928.364
102,102.000000,בת ים,בת ים,0.000000, ,3020.000000,177311.500000,657753.000000,בתכנון,אלי כהן - מעבר חציה,אלי כהן,התבור, , , ,לא,כן,לא,לא,לא,לא,לא, ,לא,לא,לא, ,BY,"רבעון 3, 2025",נתיבי איילון / CRG הנדסה,BY30,177311.5,657753
103,103.000000,בת ים,בת ים,0.000000,א,3021.000000,176948.740700,658830.852000,קיים,אנילביץ - מבצע סיני - ברל כצנלסון,ברל כצנלסון,מבצע סיני,אנילביץ, , ,לא,לא,לא,לא,לא,לא,לא, ,לא,כן,לא, ,BY,"רבעון 3, 2025",נתיבי איילון / CRG הנדסה, ,176948.741,658830.852
104,104.000000,בת ים,נת"ע,0.000000, ,3022.000000,176384.731300,656992.613100,קיים,קרן היסוד הרב ניסנבוים יצחק,קרן היסוד,הרב יצחק ניסנבאום,העמל, , ,לא,לא,לא,כן,לא,לא,לא, ,לא,לא,לא,4,BY,"רבעון 3, 2025",נתיבי איילון / CRG הנדסה, ,176384.731,656992.613
105,105.000000,בת ים,בת ים,0.000000,א,3023.000000,176528.011500,658848.700100,קיים,אנילביץ - הרב עוזיאל - דניאל,הרב עוזיאל,דניאל,אנילביץ, , ,לא,לא,לא,לא,לא,לא,לא, ,לא,כן,לא, ,BY,"רבעון 3, 2025",נתיבי איילון / CRG הנדסה, ,176528.012,658848.7
106,106.000000,בת ים,בת ים,0.000000,א,3024.000000,176234.443600,658991.201000,קיים,שדרות העצמאות - הרב עוזיאל,שדרות העצמאות,הרב עוזיאל, , , ,לא,לא,לא,לא,לא,לא,לא, ,לא,כן,לא, ,BY,"רבעון 3, 2025",נתיבי איילון / CRG הנדסה, ,176234.444,658991.201
107,107.000000,בת ים,נת"ע,0.000000, ,3025.000000,176526.730000,657311.192000,קיים,הרב ניסנבוים יצחק הרב מימון,הרב יצחק ניסנבאום,הרב מימון, , , ,לא,לא,לא,כן,לא,לא,לא, ,לא,לא,לא,5,BY,"רבעון 3, 2025",נתיבי איילון / CRG הנדסה, ,176526.73,657311.192
108,108.000000,בת ים,בת ים,0.000000,א,3026.000000,176543.742100,659271.781500,קיים,ירושלים - דניאל,ירושלים,דניאל, , , ,לא,לא,לא,לא,לא,לא,לא, ,לא,כן,לא, ,BY,"רבעון 3, 2025",נתיבי איילון / CRG הנדסה, ,176543.742,659271.782
109,109.000000,בת ים,בת ים,0.000000,א,3027.000000,176951.024200,659008.545000,קיים,קרן קימת לישראל - ברל כצנלסון,קרן קימת לישראל,ברל כצנלסון, , , ,לא,לא,לא,לא,לא,לא,לא, ,לא,כן,לא, ,BY,"רבעון 3, 2025",נתיבי איילון / CRG הנדסה, ,176951.024,659008.545
110,110.000000,בת ים,נת"ע,0.000000, ,3028.000000,176677.151600,657652.984400,קיים,הרב ניסנבוים יצחק כ"ט בנובמ,הרב יצחק ניסנבאום,כ"ט בנובמבר, , , ,לא,לא,לא,כן,לא,לא,לא, ,לא,לא,לא,6,BY,"רבעון 3, 2025",נתיבי איילון / CRG הנדסה, ,176677.152,657652.984
111,111.000000,בת ים,נת"ע,0.000000, ,3029.000000,176777.767500,657888.674300,קיים,הרב ניסנבוים יצחק החרושת,הרב יצחק ניסנבאום,החרושת, , , ,לא,לא,לא,כן,לא,לא,לא, ,לא,לא,לא,7,BY,"רבעון 3, 2025",נתיבי איילון / CRG הנדסה, ,176777.768,657888.674
112,112.000000,בת ים,נת"ע,0.000000, ,3030.000000,176796.744400,658084.338600,קיים,שדרות יוספטל גיורא הרב ניסנ,שדרות גיורא יוספטל,הרב יצחק ניסנבאום, , , ,לא,כן,לא,כן,לא,לא,לא, ,לא,לא,לא,8,BY,"רבעון 3, 2025",נתיבי איילון / CRG הנדסה, ,176796.744,658084.339
113,113.000000,בת ים,נת"ע,0.000000, ,3031.000000,176672.000000,658131.000000,קיים,יוספטל - משת שרת,שדרות גיורא יוספטל,משה שרת, , , ,לא,לא,לא,כן,לא,לא,לא, ,לא,לא,לא,9,BY,"רבעון 3, 2025",נתיבי איילון / CRG הנדסה, ,176672,658131
114,114.000000,בת ים,נת"ע,0.000000, ,3032.000000,176528.519100,658199.348900,קיים,שדרות יוספטל גיורא החשמונא,שדרות גיורא יוספטל,החשמונאים, , , ,לא,לא,לא,כן,לא,לא,לא, ,לא,לא,לא,10,BY,"רבעון 3, 2025",נתיבי איילון / CRG הנדסה, ,176528.519,658199.349
115,115.000000,בת ים,נת"ע,0.000000, ,3033.000000,176432.711500,658212.537900,קיים,שדרות יוספטל גיורא בר אילן,שדרות גיורא יוספטל,בר אילן, , , ,לא,לא,לא,כן,לא,לא,לא, ,לא,לא,לא,11,BY,"רבעון 3, 2025",נתיבי איילון / CRG הנדסה, ,176432.712,658212.538
116,116.000000,בת ים,נת"ע,0.000000, ,3034.000000,176252.000000,658244.000000,קיים,יוספטל - ברנר,שדרות גיורא יוספטל,ברנר, , , ,לא,לא,לא,כן,לא,לא,לא, ,לא,לא,לא,12,BY,"רבעון 3, 2025",נתיבי איילון / CRG הנדסה, ,176252,658244
117,117.000000,בת ים,נת"ע,0.000000, ,3035.000000,175929.000000,658422.000000,קיים,שדרות יוספטל - דולפין,שדרות גיורא יוספטל,דולפין, , , ,לא,לא,לא,כן,לא,לא,לא, ,לא,לא,לא,15,BY,"רבעון 3, 2025",נתיבי איילון / CRG הנדסה, ,175929,658422
118,118.000000,בת ים,נת"ע,0.000000, ,3036.000000,175932.000000,658576.000000,קיים,הרצל - דקר,הרצל,דקר, , , ,כן,לא,לא,כן,לא,לא,לא, ,לא,לא,לא,16,BY,"רבעון 3, 2025",נתיבי איילון / CRG הנדסה, ,175932,658576
119,119.000000,בת ים,נת"ע,0.000000, ,3037.000000,175884.000000,658766.000000,קיים,הרצל - ז'בוטינסקי,הרצל,ז'בוטינסקי, , , ,כן,לא,לא,כן,לא,לא,לא, ,לא,לא,לא,17,BY,"רבעון 3, 2025",נתיבי איילון / CRG הנדסה, ,175884,658766
120,120.000000,בת ים,נת"ע,0.000000, ,3038.000000,175871.512000,658893.041500,קיים,שדרות העצמאות הרצל,שדרות העצמאות,הרצל, , , ,לא,לא,לא,כן,לא,לא,לא, ,לא,לא,לא,18,BY,"רבעון 3, 2025",נתיבי איילון / CRG הנדסה, ,175871.512,658893.042
121,121.000000,בת ים,נת"ע,0.000000, ,3039.000000,175871.000000,659023.000000,קיים,הרצל - הרב קוק,הרצל,הרב קוק, , , ,לא,לא,לא,כן,לא,לא,לא, ,לא,לא,לא,19,BY,"רבעון 3, 2025",נתיבי איילון / CRG הנדסה, ,175871,659023
122,122.000000,בת ים,נת"ע,0.000000, ,3040.000000,175878.296900,659138.572800,קיים,ירושלים הרצל,ירושלים,הרצל, , , ,לא,לא,לא,כן,לא,לא,לא, ,לא,לא,לא,20,BY,"רבעון 3, 2025",נתיבי איילון / CRG הנדסה, ,175878.297,659138.573
123,123.000000,בת ים,נת"ע,0.000000, ,3041.000000,175867.636400,659362.840800,קיים,רוטשילד הרצל,רוטשילד,הרצל, , , ,לא,לא,לא,כן,לא,לא,לא, ,לא,לא,לא,21,BY,"רבעון 3, 2025",נתיבי איילון / CRG הנדסה, ,175867.636,659362.841
124,124.000000,בת ים,נת"ע,0.000000, ,3042.000000,176065.185700,659369.402300,קיים,רוטשילד בלפור,רוטשילד,בלפור, , , ,כן,לא,לא,כן,לא,לא,לא, ,לא,לא,לא,22,BY,"רבעון 3, 2025",נתיבי איילון / CRG הנדסה, ,176065.186,659369.402
125,125.000000,בת ים,נת"ע,0.000000, ,3043.000000,176202.000000,659397.000000,קיים,רוטשילד - ישי - הרב בר שאול,רוטשילד,הרב בר שאול,מעבר ישי, , ,לא,לא,לא,כן,לא,לא,לא, ,לא,לא,לא,23,BY,"רבעון 3, 2025",נתיבי איילון / CRG הנדסה, ,176202,659397
126,126.000000,בת ים,נת"ע,0.000000, ,3044.000000,176377.607500,659429.679200,קיים,שדרות העצמאות רוטשילד,שדרות העצמאות,רוטשילד, , , ,לא,לא,לא,כן,לא,לא,לא, ,לא,לא,לא,24,BY,"רבעון 3, 2025",נתיבי איילון / CRG הנדסה, ,176377.607,659429.679
127,127.000000,בת ים,נת"ע,0.000000, ,3045.000000,176460.000000,659579.000000,קיים,שדרות העצמאות,שדרות העצמאות, , , , ,לא,לא,לא,כן,לא,לא,לא, ,לא,לא,לא,25,BY,"רבעון 3, 2025",נתיבי איילון / CRG הנדסה, ,176460,659579
128,128.000000,בת ים,נת"ע,0.000000, ,3046.000000,176504.129500,659655.003900,קיים,שדרות העצמאות - שדרות ירושלים - הולצברג שמחה,שדרות העצמאות,שדרות ירושלים,שמחה הולצברג, , ,לא,לא,לא,כן,לא,לא,לא, ,לא,לא,לא,26,BY,"רבעון 3, 2025",נתיבי איילון / CRG הנדסה, ,176504.129,659655.004
129,129.000000,בת ים,בת ים,0.000000,א,3047.000000,175672.155800,657213.699600,קיים,הקוממיות - הנביאים - השייטת,הקוממיות,הנביאים,השייטת, , ,כן,לא,לא,לא,לא,לא,לא, ,לא,לא,לא, ,BY,"רבעון 3, 2025",נתיבי איילון / CRG הנדסה, ,175672.156,657213.7
130,130.000000,בת ים,בת ים,0.000000,א,3048.000000,175456.124100,657664.391100,קיים,הקוממיות - יצחק שדה - בן גוריון,הקוממיות,יצחק שדה,דרך בן גוריון, , ,לא,לא,לא,לא,לא,לא,לא, ,לא,כן,לא, ,BY,"רבעון 3, 2025",נתיבי איילון / CRG הנדסה, ,175456.124,657664.391
131,131.000000,בת ים,בת ים,0.000000,א,3049.000000,175742.841900,657635.523000,קיים,יצחק שדה - בלפור,בלפור,יצחק שדה, , , ,כן,לא,לא,לא,לא,לא,לא, ,לא,לא,לא, ,BY,"רבעון 3, 2025",נתיבי איילון / CRG הנדסה, ,175742.842,657635.523
132,132.000000,בת ים,בת ים,0.000000,א,3050.000000,176100.982700,658510.830500,קיים,הרצל - בלפור,בלפור,הרצל, , , ,כן,כן,לא,לא,לא,לא,לא, ,לא,לא,לא, ,BY,"רבעון 3, 2025",נתיבי איילון / CRG הנדסה, ,176100.983,658510.831
133,133.000000,בת ים,בת ים,0.000000,א,3051.000000,177377.704300,658985.696300,קיים,קרן קימת לישראל - ניצנה,קרן קימת לישראל,ניצנה, , , ,לא,לא,לא,לא,לא,לא,לא, ,לא,כן,לא, ,BY,"רבעון 3, 2025",נתיבי איילון / CRG הנדסה, ,177377.704,658985.696
134,134.000000,בת ים,בת ים,0.000000,א,3052.000000,177287.484800,658985.178100,קיים,קרן קימת לישראל - רהב,קרן קימת לישראל,רהב, , , ,לא,לא,לא,לא,לא,לא,לא, ,לא,כן,לא, ,BY,"רבעון 3, 2025",נתיבי איילון / CRG הנדסה, ,177287.485,658985.178
135,135.000000,בת ים,בת ים,0.000000,א,3053.000000,176080.301100,658908.464800,קיים,שדרות העצמאות - בלפור,שדרות העצמאות,בלפור, , , ,כן,לא,לא,לא,לא,לא,לא, ,לא,לא,לא, ,BY,"רבעון 3, 2025",נתיבי איילון / CRG הנדסה, ,176080.301,658908.465
136,136.000000,בת ים,בת ים,0.000000,א,3054.000000,176065.333100,659224.662100,קיים,ירושלים - בלפור,ירושלים,בלפור, , , ,כן,לא,לא,לא,לא,לא,לא, ,לא,לא,לא, ,BY,"רבעון 3, 2025",נתיבי איילון / CRG הנדסה, ,176065.333,659224.662
137,137.000000,בת ים,בת ים,0.000000,א,3055.000000,176013.943800,659755.661100,קיים,בלפור - מסיקה - רמב"ם - הרצל,בלפור,מסיקה,רמב"ם, , ,לא,לא,לא,לא,לא,לא,לא, ,לא,כן,לא, ,BY,"רבעון 3, 2025",נתיבי איילון / CRG הנדסה, ,176013.944,659755.661
138,138.000000,בת ים,בת ים,0.000000,א,3056.000000,175939.834000,659768.851100,קיים,הרצל - מסיקה,הרצל,מסיקה, , , ,לא,לא,לא,לא,לא,לא,לא, ,לא,כן,לא, ,BY,"רבעון 3, 2025",נתיבי איילון / CRG הנדסה, ,175939.834,659768.851
139,139.000000,בת ים,בת ים,0.000000,א,3057.000000,177009.217900,656624.700500,קיים,הקוממיות - בית עלמין,הקוממיות, , , , ,לא,כן,לא,לא,לא,לא,לא, ,לא,לא,לא, ,BY,"רבעון 3, 2025",נתיבי איילון / CRG הנדסה,BY03,177009.218,656624.701
140,140.000000,גבעת שמואל,רמת גן,0.000000,א,16001.000000,185836.274800,664594.013700,קיים,זבוטינסקי - כניסה לאוניברסיטת בר אילן,ז'בוטינסקי,פארק האחדות, , , ,לא,לא,לא,לא,לא,לא,לא, ,לא,כן,לא, ,RG,"רבעון 3, 2025",נתיבי איילון / CRG הנדסה, ,185836.275,664594.014
141,141.000000,גבעת שמואל,רמת גן,0.000000,א,16002.000000,185927.211600,664548.387700,קיים,זבוטינסקי - רמב"ם,ז'בוטינסקי,רמב"ם, , , ,לא,לא,לא,לא,לא,לא,לא, ,לא,כן,לא, ,RG,"רבעון 3, 2025",נתיבי איילון / CRG הנדסה, ,185927.212,664548.388
142,142.000000,גבעת שמואל,נת"י,0.000000, ,16003.000000,185567.000000,664757.000000,קיים,בן גוריון - מבצע קדש,בן גוריון,מבצע קדש,כביש 4, , ,לא,לא,לא,לא,לא,לא,לא, ,לא,כן,לא, ,GS,"רבעון 3, 2025",נתיבי איילון / CRG הנדסה, ,185567,664757
143,143.000000,גבעת שמואל,נת"י,0.000000, ,16004.000000,185973.000000,663884.000000,קיים,471 - ז'בוטינסקי,כביש 471,ז'בוטינסקי, , , ,לא,לא,לא,לא,לא,לא,לא, ,כן,לא,לא, ,GS,"רבעון 3, 2025",נתיבי איילון / CRG הנדסה, ,185973,663884
144,144.000000,גבעתיים,גבעתיים,0.000000,א,4001.000000,182212.434600,663389.076100,קיים,המאבק כף גימל,המאבק,כף גימל, , , ,לא,לא,לא,לא,לא,לא,לא, ,לא,כן,לא, ,GM,"רבעון 3, 2025",נתיבי איילון / CRG הנדסה, ,182212.435,663389.076
145,145.000000,גבעתיים,גבעתיים,0.000000,א,4002.000000,182070.820500,663754.099800,קיים,רבין - ויצמן - המאבק,דרך יצחק רבין,המאבק,ויצמן, , ,לא,לא,לא,לא,לא,לא,לא, ,לא,כן,לא, ,GM,"רבעון 3, 2025",נתיבי איילון / CRG הנדסה, ,182070.821,663754.1
146,146.000000,גבעתיים,גבעתיים,0.000000,א,4003.000000,182067.645600,663856.017300,קיים,בן צבי שמעון ויצמן,ויצמן,שמעון בן צבי, , , ,לא,לא,לא,לא,לא,לא,לא, ,לא,כן,לא, ,GM,"רבעון 3, 2025",נתיבי איילון / CRG הנדסה, ,182067.646,663856.017
147,147.000000,גבעתיים,גבעתיים,0.000000,א,4004.000000,182071.441400,664212.682000,קיים,ויצמן רמב"ם,ויצמן,רמב"ם, , , ,לא,לא,לא,לא,לא,לא,לא, ,לא,כן,לא, ,GM,"רבעון 3, 2025",נתיבי איילון / CRG הנדסה, ,182071.441,664212.682
148,148.000000,גבעתיים,גבעתיים,0.000000,א,4005.000000,181329.538400,664464.698000,קיים,עלית הנוער הל"ה,עליית הנוער,רמב"ם,הל"ה, , ,כן,לא,לא,לא,לא,לא,לא, ,לא,לא,לא, ,GM,"רבעון 3, 2025",נתיבי איילון / CRG הנדסה, ,181329.538,664464.698
149,149.000000,גבעתיים,גבעתיים,0.000000,א,4006.000000,181356.141900,664565.659200,קיים,עלית הנוער נחלת יצחק,עליית הנוער,נחלת יצחק, , , ,לא,לא,לא,לא,לא,לא,לא, ,לא,כן,לא, ,GM,"רבעון 3, 2025",נתיבי איילון / CRG הנדסה, ,181356.142,664565.659
150,150.000000,גבעתיים,גבעתיים,0.000000,א,4007.000000,181418.054500,664737.585300,קיים,עליית הנוער - כצנלסון,עליית הנוער,עמק ברכה,כצנלסון, , ,לא,כן,לא,לא,לא,לא,לא, ,לא,לא,לא, ,GM,"רבעון 3, 2025",נתיבי איילון / CRG הנדסה,GV04,181418.055,664737.585
151,151.000000,גבעתיים,גבעתיים,0.000000,א,4008.000000,181446.594400,664995.502300,קיים,ערבי נחל - בורוכוב,עליית הנוער,ערבי נחל,בורוכוב, , ,לא,כן,לא,לא,לא,לא,לא, ,לא,לא,לא, ,GM,"רבעון 3, 2025",נתיבי איילון / CRG הנדסה,GV03,181446.594,664995.502
152,152.000000,גבעתיים,גבעתיים,0.000000,א,4009.000000,181303.596200,665107.283300,קיים,ערבי נחל - מנהרת הסיטי,ערבי נחל, , , , ,לא,כן,לא,לא,לא,לא,לא, ,לא,לא,לא, ,GM,"רבעון 3, 2025",נתיבי איילון / CRG הנדסה,GV02,181303.596,665107.283
153,153.000000,גבעתיים,גבעתיים,0.000000,א,4010.000000,181162.111300,665191.971200,קיים,ערבי נחל - יגאל אלון,ערבי נחל,יגאל אלון,אריאל שרון, , ,לא,כן,לא,לא,לא,לא,לא, ,לא,לא,לא, ,GM,"רבעון 3, 2025",נתיבי איילון / CRG הנדסה,GV01,181162.111,665191.971
154,154.000000,רמת גן,רמת גן,0.000000,א,13103.000000,181266.780700,665384.799400,קיים,אריאל שרון - מנחם בגין - המעיין,אריאל שרון,המעיין,דרך מנחם בגין (תל אביב), , ,לא,לא,לא,לא,לא,לא,לא, ,כן,לא,לא, ,RG,"רבעון 3, 2025",נתיבי איילון / CRG הנדסה, ,181266.781,665384.799
155,155.000000,גבעתיים,גבעתיים,0.000000,א,4012.000000,181710.611800,664720.823400,קיים,כצנלסון - אחדות העבודה,כצנלסון,אחדות עבודה, , , ,לא,כן,לא,לא,לא,לא,לא, ,לא,לא,לא, ,GM,"רבעון 3, 2025",נתיבי איילון / CRG הנדסה,GV11,181710.612,664720.823
156,156.000000,גבעתיים,גבעתיים,0.000000,א,4013.000000,181871.327500,664716.898200,קיים,כצנלסון  - קרן קימת לישראל,כצנלסון,קרן קיימת לישראל, , , ,לא,כן,לא,לא,לא,לא,לא, ,לא,לא,לא, ,GM,"רבעון 3, 2025",נתיבי איילון / CRG הנדסה,GV08,181871.328,664716.898
157,157.000000,גבעתיים,גבעתיים,0.000000,א,4014.000000,182074.146400,664728.453400,קיים,כצנלסון - ויצמן,ויצמן,כצנלסון, , , ,לא,כן,לא,לא,לא,לא,לא, ,לא,לא,לא, ,GM,"רבעון 3, 2025",נתיבי איילון / CRG הנדסה,GV05,182074.146,664728.453
158,158.000000,גבעתיים,גבעתיים,0.000000,א,4015.000000,182379.735800,664770.832900,קיים,כצנלסון - גורדון,כצנלסון,גורדון, , , ,לא,כן,לא,לא,לא,לא,לא, ,לא,לא,לא, ,GM,"רבעון 3, 2025",נתיבי איילון / CRG הנדסה,GV06,182379.736,664770.833
159,159.000000,גבעתיים,גבעתיים,0.000000,א,4016.000000,182624.753900,664936.556700,קיים,כצנלסון סירקין,כצנלסון,סירקין, , , ,לא,כן,לא,לא,לא,לא,לא, ,לא,לא,לא, ,GM,"רבעון 3, 2025",נתיבי איילון / CRG הנדסה,GV09,182624.754,664936.557
160,160.000000,גבעתיים,גבעתיים,0.000000,א,4017.000000,182080.000000,664656.000000,קיים,ויצמן - שינקין,ויצמן,שינקין, , , ,לא,לא,לא,לא,לא,לא,לא, ,לא,כן,לא, ,GM,"רבעון 3, 2025",נתיבי איילון / CRG הנדסה, ,182080,664656
161,161.000000,גבעתיים,גבעתיים,0.000000,א,4018.000000,181700.711900,663723.448900,קיים,דרך יצחק רבין רמז,דרך יצחק רבין,רמז, , , ,לא,לא,לא,לא,לא,לא,לא, ,לא,כן,לא, ,GM,"רבעון 3, 2025",נתיבי איילון / CRG הנדסה, ,181700.712,663723.449
162,162.000000,גבעתיים,גבעתיים,0.000000,א,4019.000000,181542.571600,664730.951700,בתכנון,כצנלסון - מנרה,כצנלסון,מנרה, , , ,לא,כן,לא,לא,לא,לא,לא, ,לא,לא,לא, ,GM,"רבעון 3, 2025",נתיבי איילון / CRG הנדסה,GV07,181542.572,664730.952
163,163.000000,רמת גן,רמת גן,0.000000,א,13102.000000,183027.132000,664735.790500,קיים,כצנלסון -  דוד בן גוריון,דרך בן גוריון,כצנלסון, , , ,לא,כן,לא,לא,לא,לא,לא, ,לא,לא,לא, ,RG,"רבעון 3, 2025",נתיבי איילון / CRG הנדסה,GV10,183027.132,664735.791
164,164.000000,גבעתיים,גבעתיים,0.000000,א,4021.000000,181990.000000,664719.000000,בתכנון,כצנלסון - המלבן,כצלנסון,המלבן, , , ,לא,כן,לא,לא,לא,לא,לא, ,לא,לא,לא, ,GM,"רבעון 3, 2025",נתיבי איילון / CRG הנדסה,GV12,181990,664719
165,165.000000,גבעתיים,גבעתיים,0.000000,א,4022.000000,182816.000000,664811.000000,בתכנון,כצנלסון - המעגל,כצלנסון,המעגל, , , ,לא,כן,לא,לא,לא,לא,לא, ,לא,לא,לא, ,GM,"רבעון 3, 2025",נתיבי איילון / CRG הנדסה,GV14,182816,664811
166,166.000000,גבעתיים,גבעתיים,0.000000,א,4023.000000,182483.000000,664832.000000,בתכנון,כצנלסון - גן אהרון,כצנלסון, , , , ,לא,כן,לא,לא,לא,לא,לא, ,לא,לא,לא, ,GM,"רבעון 3, 2025",נתיבי איילון / CRG הנדסה,GV13,182483,664832
167,167.000000,גבעתיים,גבעתיים,0.000000,א,4024.000000,182913.000000,664738.000000,בתכנון,כצנלסון - המעלות,כצנלסון,המעלות, , , ,לא,כן,לא,לא,לא,לא,לא, ,לא,לא,לא, ,GM,"רבעון 3, 2025",נתיבי איילון / CRG הנדסה,GV15,182913,664738
168,168.000000,גן רווה,נת"י,0.000000, ,32001.000000,178420.000000,647595.000000,קיים,צומת  בית עובד,כביש 42,יצחק רבין, , , ,לא,לא,לא,לא,לא,לא,לא, ,לא,כן,לא, ,GR,"רבעון 3, 2025",נתיבי איילון / CRG הנדסה, ,178420,647595
169,169.000000,גן רווה,נת"י,0.000000, ,32002.000000,179173.000000,649319.000000,קיים,צומת בת חנן,כביש 42, , , , ,לא,לא,לא,לא,לא,לא,לא, ,לא,כן,לא, ,GR,"רבעון 3, 2025",נתיבי איילון / CRG הנדסה, ,179173,649319
170,170.000000,הוד השרון,נתיבי איילון,0.000000,א,5001.000000,190792.438600,670955.636900,קיים,רמתיים - מתחם 1302,דרך רמתים,מתחם 1302, , , ,לא,כן,לא,לא,לא,לא,לא, ,לא,לא,לא, ,HH,"רבעון 3, 2025",נתיבי איילון / CRG הנדסה,HH03,190792.439,670955.637
171,171.000000,הוד השרון,נתיבי איילון,0.000000,א,5002.000000,190350.691700,671638.674400,קיים,רמתיים - אפק,דרך רמתים,אפק, , , ,לא,כן,לא,לא,לא,לא,לא, ,לא,לא,לא, ,HH,"רבעון 3, 2025",נתיבי איילון / CRG הנדסה,HH07,190350.692,671638.674
172,172.000000,הוד השרון,נתיבי איילון,0.000000,א,5003.000000,190208.913400,672297.072300,קיים,רמתים - זבוטינסקי,דרך רמתים,זבוטינסקי, , , ,לא,כן,לא,לא,לא,לא,לא, ,לא,לא,לא, ,HH,"רבעון 3, 2025",נתיבי איילון / CRG הנדסה,HH06,190208.913,672297.072
173,173.000000,הוד השרון,נתיבי איילון,0.000000,א,5004.000000,190234.000000,673042.000000,קיים,רמתיים - אסף הרופא - הגיבור,דרך רמתים,אסף הרופא,הגיבור, , ,לא,כן,לא,לא,לא,לא,לא, ,לא,לא,לא, ,HH,"רבעון 3, 2025",נתיבי איילון / CRG הנדסה,HH02,190234,673042
174,174.000000,הוד השרון,נתיבי איילון,0.000000,א,5005.000000,190216.418100,673631.755400,קיים,רמתים - מגדיאל - הבנים,דרך רמתים,הבנים,דרך מגדיאל, , ,לא,כן,לא,לא,לא,לא,לא, ,לא,לא,לא, ,HH,"רבעון 3, 2025",נתיבי איילון / CRG הנדסה,HH11,190216.418,673631.755
175,175.000000,הוד השרון,נתיבי איילון,0.000000,א,5006.000000,190195.892100,674002.789900,קיים,רמתיים - בן גוריון,דרך רמתים,בן גוריון,הרשות, , ,לא,לא,לא,לא,לא,לא,לא, ,לא,כן,לא, ,HH,"רבעון 3, 2025",נתיבי איילון / CRG הנדסה, ,190195.892,674002.79
176,176.000000,הוד השרון,נת"י,0.000000, ,5007.000000,190179.614000,674408.339800,קיים,כפר מל"ל - שרת משה,דרך רמתים,משה שרת,התלמיד, , ,לא,לא,לא,לא,לא,לא,לא, ,לא,כן,לא, ,HH,"רבעון 3, 2025",נתיבי איילון / CRG הנדסה, ,190179.614,674408.34
177,177.000000,הוד השרון,נתיבי איילון,0.000000,א,5008.000000,190218.509100,672661.644900,בתכנון,רמתיים - כניסה לירקונה,דרך רמתים,דרך מייסדי ירקונה, , , ,לא,כן,לא,לא,לא,לא,לא, ,לא,לא,לא, ,HH,"רבעון 3, 2025",נתיבי איילון / CRG הנדסה,HH05,190218.509,672661.645
178,178.000000,הוד השרון,נתיבי איילון,0.000000,א,5009.000000,190697.601500,671091.507900,קיים,רמתיים - החרש - הרקון,דרך רמתים,הרקון,החרש, , ,לא,כן,לא,לא,לא,לא,לא, ,לא,לא,לא, ,HH,"רבעון 3, 2025",נתיבי איילון / CRG הנדסה,HH09,190697.601,671091.508
179,179.000000,הוד השרון,נת"י,0.000000, ,5010.000000,190963.586600,670683.520100,בתכנון,רמתיים - כביש 40,דרך רמתים,כביש 40, , , ,לא,כן,לא,לא,לא,לא,לא, ,לא,לא,לא, ,HH,"רבעון 3, 2025",נתיבי איילון / CRG הנדסה,HH10,190963.587,670683.52
180,180.000000,הוד השרון,נת"י,0.000000, ,5011.000000,190825.960300,675221.268100,קיים,מחלף סוקולוב,סוקולוב,דרך 531, , , ,לא,לא,לא,לא,לא,לא,לא, ,לא,כן,לא, ,HH,"רבעון 3, 2025",נתיבי איילון / CRG הנדסה, ,190825.96,675221.268
181,181.000000,הוד השרון,נת"י,0.000000, ,5012.000000,190151.000000,674961.000000,קיים,כפר מל"ל - הפרחים,עין חי,הפרחים,המייסדים, , ,לא,לא,לא,לא,לא,לא,לא, ,לא,כן,לא, ,HH,"רבעון 3, 2025",נתיבי איילון / CRG הנדסה, ,190151,674961
182,182.000000,הוד השרון,הוד השרון,0.000000, ,5013.000000,190115.000000,672296.000000,בתכנון,ז'בוטינסקי -  כניסה לספורטן - קניון,ז'בוטינסקי, , , , ,לא,כן,לא,לא,לא,לא,לא, ,לא,לא,לא, ,HH,"רבעון 3, 2025",נתיבי איילון / CRG הנדסה,HH01,190115,672296
183,183.000000,הוד השרון,נתיבי איילון,0.000000,א,5014.000000,190222.000000,671935.000000,קיים,רמתיים - הפרדס החדש,דרך רמתים,הפרדס, , , ,לא,כן,לא,לא,לא,לא,לא, ,לא,לא,לא, ,HH,"רבעון 3, 2025",נתיבי איילון / CRG הנדסה,HH04,190222,671935
184,184.000000,הוד השרון,נתיבי איילון,0.000000,א,5015.000000,190281.000000,671737.000000,בתכנון,רמתיים - הים,דרך רמתים,הים, , , ,לא,כן,לא,לא,לא,לא,לא, ,לא,לא,לא, ,HH,"רבעון 3, 2025",נתיבי איילון / CRG הנדסה,HH08,190281,671737
185,185.000000,הרצליה,הרצליה,0.000000, ,6001.000000,185555.649700,674118.049400,קיים,ארלוזורוב בן יהודה,ארלוזרוב,בן יהודה, , , ,לא,לא,לא,לא,לא,לא,לא, ,לא,כן,לא, ,HR,"רבעון 3, 2025",נתיבי איילון / CRG הנדסה, ,185555.65,674118.049
186,186.000000,הרצליה,הרצליה,0.000000, ,6002.000000,186300.828400,674381.807900,קיים,פרץ דרך ירושלים,דרך ירושלים,פרץ, , , ,לא,לא,לא,לא,לא,לא,לא, ,כן,לא,לא, ,HR,"רבעון 3, 2025",נתיבי איילון / CRG הנדסה, ,186300.828,674381.808
187,187.000000,הרצליה,הרצליה,0.000000, ,6003.000000,185886.830700,675651.115700,קיים,גולומב אליהו הדר,הדר,גולמב אליהו, , , ,לא,לא,לא,לא,לא,לא,לא, ,לא,כן,לא, ,HR,"רבעון 3, 2025",נתיבי איילון / CRG הנדסה, ,185886.831,675651.116
188,188.000000,הרצליה,הרצליה,0.000000, ,6004.000000,185889.750200,675917.952900,קיים,הבריגדה היהודית הדר,הדר,הבריגדה היהודית, , , ,לא,לא,לא,לא,לא,לא,לא, ,לא,כן,לא, ,HR,"רבעון 3, 2025",נתיבי איילון / CRG הנדסה, ,185889.75,675917.953
189,189.000000,הרצליה,הרצליה,0.000000, ,6005.000000,185589.572700,675959.195500,קיים,הבריגדה היהודית הצפצפות,הצפצפות,הבריגדה היהודית, , , ,לא,לא,לא,לא,לא,לא,לא, ,לא,כן,לא, ,HR,"רבעון 3, 2025",נתיבי איילון / CRG הנדסה, ,185589.573,675959.196
190,190.000000,הרצליה,הרצליה,0.000000, ,6006.000000,185315.853200,675990.711300,קיים,הבריגדה היהודית ויזנטל שמע,שמעון ויזנטל,הבריגדה היהודית, , , ,לא,לא,לא,לא,לא,לא,לא, ,לא,כן,לא, ,HR,"רבעון 3, 2025",נתיבי איילון / CRG הנדסה, ,185315.853,675990.711
191,191.000000,הרצליה,הרצליה,0.000000, ,6007.000000,185057.831600,676028.441200,קיים,הבריגדה היהודית שדרות מנחם,שדרות מנחם בגין,הבריגדה היהודית,כנפי נשרים, , ,לא,לא,לא,לא,לא,לא,לא, ,כן,לא,לא, ,HR,"רבעון 3, 2025",נתיבי איילון / CRG הנדסה, ,185057.832,676028.441
192,192.000000,הרצליה,הרצליה,0.000000, ,6008.000000,184163.487400,676149.211200,קיים,שדרות מנחם בגין זבוטינסקי,שדרות מנחם בגין,ז'בוטינסקי, , , ,לא,לא,לא,לא,לא,לא,לא, ,כן,לא,לא, ,HR,"רבעון 3, 2025",נתיבי איילון / CRG הנדסה, ,184163.487,676149.211
193,193.000000,הרצליה,הרצליה,0.000000, ,6009.000000,185119.241500,674913.618200,קיים,סוקולוב הנדיב,הנדיב,סוקולוב,הס, , ,לא,לא,לא,לא,לא,לא,לא, ,כן,לא,לא, ,HR,"רבעון 3, 2025",נתיבי איילון / CRG הנדסה, ,185119.242,674913.618
194,194.000000,הרצליה,הרצליה,0.000000, ,6010.000000,184941.241800,674826.308600,קיים,סוקולוב ויצמן,ויצמן,סוקולוב,פינסקר,השרון, ,לא,לא,לא,לא,לא,לא,לא, ,כן,לא,לא, ,HR,"רבעון 3, 2025",נתיבי איילון / CRG הנדסה, ,184941.242,674826.309
195,195.000000,הרצליה,הרצליה,0.000000, ,6011.000000,183956.444000,674852.619600,קיים,זבוטינסקי,ז'בוטינסקי,קאנטרי, , , ,לא,לא,לא,לא,לא,לא,לא, ,לא,כן,לא, ,HR,"רבעון 3, 2025",נתיבי איילון / CRG הנדסה, ,183956.444,674852.62
196,196.000000,הרצליה,הרצליה,0.000000, ,6012.000000,184000.244100,675080.049100,קיים,זבוטינסקי פינסקר,ז'בוטינסקי,פינסקר,שדרות אייבי נתן, , ,לא,לא,לא,לא,לא,לא,לא, ,כן,לא,לא, ,HR,"רבעון 3, 2025",נתיבי איילון / CRG הנדסה, ,184000.244,675080.049
197,197.000000,הרצליה,הרצליה,0.000000, ,6013.000000,184037.244300,675337.048500,קיים,זבוטינסקי נבו יוסף,ז'בוטינסקי,יוסף נבו,הנדיב, , ,לא,לא,לא,לא,לא,לא,לא, ,כן,לא,לא, ,HR,"רבעון 3, 2025",נתיבי איילון / CRG הנדסה, ,184037.244,675337.049
198,198.000000,הרצליה,הרצליה,0.000000, ,6014.000000,184116.334700,675832.737400,קיים,זבוטינסקי אלתרמן נתן,ז'בוטינסקי,נתן אלתרמן, , , ,לא,לא,לא,לא,לא,לא,לא, ,כן,לא,לא, ,HR,"רבעון 3, 2025",נתיבי איילון / CRG הנדסה, ,184116.335,675832.737
199,199.000000,הרצליה,הרצליה,0.000000, ,6015.000000,183507.744800,674480.000000,קיים,שבעת הכוכבים - נבו יוסף,שדרות שבעת הכוכבים,יוסף נבו, , , ,לא,כן,לא,לא,לא,לא,לא, ,לא,לא,לא, ,HR,"רבעון 3, 2025",נתיבי איילון / CRG הנדסה,HR03,183507.745,674480
200,200.000000,הרצליה,הרצליה,0.000000, ,6016.000000,182252.546900,674250.242800,קיים,שדרות אבא אבן שנקר אריה,שדרות אבא אבן,אריה שנקר, , , ,לא,לא,לא,לא,לא,לא,לא, ,לא,כן,לא, ,HR,"רבעון 3, 2025",נתיבי איילון / CRG הנדסה, ,182252.547,674250.243
201,201.000000,הרצליה,הרצליה,0.000000, ,6017.000000,182181.247100,674304.812800,קיים,שדרות אבא אבן משכית,שדרות אבא אבן,משכית, , , ,לא,לא,לא,לא,לא,לא,לא, ,לא,כן,לא, ,HR,"רבעון 3, 2025",נתיבי איילון / CRG הנדסה, ,182181.247,674304.813
202,202.000000,הרצליה,הרצליה,0.000000, ,6018.000000,182044.337500,674387.552800,קיים,שדרות אבא אבן גלגל הפלדה,שדרות אבא אבן,גלגל הפלדה, , , ,לא,לא,לא,לא,לא,לא,לא, ,לא,כן,לא, ,HR,"רבעון 3, 2025",נתיבי איילון / CRG הנדסה, ,182044.338,674387.553
203,203.000000,הרצליה,הרצליה,0.000000, ,6019.000000,181989.047700,674417.742800,קיים,שדרות אבא אבן הסדנאות,שדרות אבא אבן,הדסנאות, , , ,לא,לא,לא,לא,לא,לא,לא, ,לא,כן,לא, ,HR,"רבעון 3, 2025",נתיבי איילון / CRG הנדסה, ,181989.048,674417.743
204,204.000000,הרצליה,נת"ע,0.000000, ,6020.000000,181886.048000,674466.742800,קיים,שדרות אבא אבן,שדרות אבא אבן,נעמי שמר,ישיעהו ליבוביץ, , ,לא,לא,לא,לא,כן,לא,לא, ,לא,לא,לא, ,HR,"רבעון 3, 2025",נתיבי איילון / CRG הנדסה, ,181886.048,674466.743
205,205.000000,הרצליה,הרצליה,0.000000, ,6021.000000,181791.407900,674043.946700,קיים,החושלים הסדנאות,החושלים,הדסנאות, , , ,לא,לא,לא,לא,לא,לא,לא, ,לא,כן,לא, ,HR,"רבעון 3, 2025",נתיבי איילון / CRG הנדסה, ,181791.408,674043.947
206,206.000000,הרצליה,נת"ע,0.000000, ,6022.000000,181735.807900,674073.064300,קיים,החושלים ליבוביץ ישעיהו,החושלים,ישיעהו ליבובץ, , , ,לא,לא,לא,לא,כן,לא,לא, ,לא,לא,לא, ,HR,"רבעון 3, 2025",נתיבי איילון / CRG הנדסה, ,181735.808,674073.064
207,207.000000,הרצליה,הרצליה,0.000000, ,6023.000000,182393.657200,674759.431600,קיים,מדינת היהודים משכית,מדינת היהודים,משכית, , , ,לא,לא,לא,לא,לא,לא,לא, ,לא,כן,לא, ,HR,"רבעון 3, 2025",נתיבי איילון / CRG הנדסה, ,182393.657,674759.432
208,208.000000,הרצליה,הרצליה,0.000000, ,6024.000000,182282.747500,674793.551600,קיים,מדינת היהודים גלגל הפלדה,מדינת היהודים,גלגל הפלדה, , , ,לא,לא,לא,לא,לא,לא,לא, ,לא,כן,לא, ,HR,"רבעון 3, 2025",נתיבי איילון / CRG הנדסה, ,182282.748,674793.552
209,209.000000,הרצליה,הרצליה,0.000000, ,6025.000000,182151.447800,674861.741600,קיים,מדינת היהודים שמר נעמי,מדינת היהודים,נעמי שמר, , , ,לא,לא,לא,לא,לא,לא,לא, ,לא,כן,לא, ,HR,"רבעון 3, 2025",נתיבי איילון / CRG הנדסה, ,182151.448,674861.742
210,210.000000,הרצליה,הרצליה,0.000000, ,6026.000000,181157.749600,674575.743400,קיים,שדרות אבא אבן השונית,שדרות אבא אבן,השונית,הצדף, , ,לא,לא,לא,לא,לא,לא,לא, ,לא,כן,לא, ,HR,"רבעון 3, 2025",נתיבי איילון / CRG הנדסה, ,181157.75,674575.743
211,211.000000,הרצליה,הרצליה,0.000000, ,6027.000000,181549.448800,674558.743000,קיים,שדרות אבא אבן וינגייט,שדרות אבא אבן,וינגייט, , , ,לא,לא,לא,לא,לא,לא,לא, ,לא,כן,לא, ,HR,"רבעון 3, 2025",נתיבי איילון / CRG הנדסה, ,181549.449,674558.743
212,212.000000,הרצליה,הרצליה,0.000000, ,6028.000000,181603.339100,674980.742000,קיים,וינגייט זבולון,וינגייט,זבולון, , , ,לא,לא,לא,לא,לא,לא,לא, ,לא,כן,לא, ,HR,"רבעון 3, 2025",נתיבי איילון / CRG הנדסה, ,181603.339,674980.742
213,213.000000,הרצליה,הרצליה,0.000000, ,6029.000000,181613.949200,675035.741900,קיים,וינגייט מדינת היהודים,מדינת היהודים,וינגייט, , , ,לא,לא,לא,לא,לא,לא,לא, ,לא,כן,לא, ,HR,"רבעון 3, 2025",נתיבי איילון / CRG הנדסה, ,181613.949,675035.742
214,214.000000,הרצליה,נת"י,0.000000, ,6030.000000,182795.658100,676343.547800,קיים,צומת כפר שמריהו,קרן היסוד,המעפילים,דרך תל אביב, , ,כן,לא,לא,לא,לא,לא,לא, ,לא,לא,לא, ,HR,"רבעון 3, 2025",נתיבי איילון / CRG הנדסה, ,182795.658,676343.548
215,215.000000,הרצליה,הרצליה,0.000000, ,6031.000000,185262.793700,673182.359100,קיים,בן גוריון - ליפקין שחק - משה לוי,שדרות בן גוריון,משה לוי,ליפקין שחק,סוקולוב,יבנה,לא,כן,לא,לא,לא,לא,לא, ,לא,לא,לא, ,HR,"רבעון 3, 2025",נתיבי איילון / CRG הנדסה,HR30,185262.794,673182.359
216,216.000000,הרצליה,הרצליה,0.000000, ,6032.000000,185284.430200,673410.616300,קיים,בן גוריון - רבי עקיבא - אמירים,שדרות בן גוריון,רבי עקיבא,אמירים, , ,לא,כן,לא,לא,לא,לא,לא, ,לא,לא,לא, ,HR,"רבעון 3, 2025",נתיבי איילון / CRG הנדסה,HR27,185284.43,673410.616
217,217.000000,הרצליה,הרצליה,0.000000, ,6033.000000,185290.939700,673588.050800,קיים,ביל"ו בן גוריון,שדרות בן גוריון,ביל"ו, , , ,לא,כן,לא,לא,לא,לא,לא, ,לא,לא,לא, ,HR,"רבעון 3, 2025",נתיבי איילון / CRG הנדסה,HR26,185290.94,673588.051
218,218.000000,הרצליה,הרצליה,0.000000, ,6034.000000,185297.829900,673796.550300,קיים,ברנר בן גוריון,שדרות בן גוריון,ברנר,בר-כוכבא, , ,לא,כן,לא,לא,לא,לא,לא, ,לא,לא,לא, ,HR,"רבעון 3, 2025",נתיבי איילון / CRG הנדסה,HR25,185297.83,673796.55
219,219.000000,הרצליה,הרצליה,0.000000, ,6035.000000,185309.330300,674202.239500,קיים,בן גוריון - ארלוזורוב - הרב קוק,שדרות בן גוריון,ארלוזרוב,הרב קוק, , ,לא,כן,לא,לא,לא,לא,לא, ,לא,לא,לא, ,HR,"רבעון 3, 2025",נתיבי איילון / CRG הנדסה,HR29,185309.33,674202.24
220,220.000000,הרצליה,הרצליה,0.000000, ,6036.000000,185316.830600,674426.549000,קיים,הבנים בן גוריון,שדרות בן גוריון,הבנים, , , ,לא,כן,לא,לא,לא,לא,לא, ,לא,לא,לא, ,HR,"רבעון 3, 2025",נתיבי איילון / CRG הנדסה,HR21,185316.831,674426.549
221,221.000000,הרצליה,הרצליה,0.000000, ,6037.000000,185319.040800,674652.238500,קיים,העצמאות בן גוריון,שדרות בן גוריון,העצמאות, , , ,לא,כן,לא,לא,לא,לא,לא, ,כן,לא,לא, ,HR,"רבעון 3, 2025",נתיבי איילון / CRG הנדסה,HR19,185319.041,674652.239
222,222.000000,הרצליה,הרצליה,0.000000, ,6038.000000,185327.651100,674913.927900,קיים,שדרות ח"ן סוקולוב,שדרות בן גוריון,שדרות ח"ן,סוקולוב, , ,לא,כן,לא,לא,לא,לא,לא, ,לא,לא,לא, ,HR,"רבעון 3, 2025",נתיבי איילון / CRG הנדסה,HR17,185327.651,674913.928
223,223.000000,הרצליה,הרצליה,0.000000, ,6039.000000,185884.149600,674639.237900,קיים,קהילת ציון העצמאות,קהילת ציון,העצמאות, , , ,לא,לא,לא,לא,לא,לא,לא, ,לא,כן,לא, ,HR,"רבעון 3, 2025",נתיבי איילון / CRG הנדסה, ,185884.15,674639.238
224,224.000000,הרצליה,הרצליה,0.000000, ,6040.000000,185886.649900,674898.547300,קיים,הדר קהילת ציון,קהילת ציון,הדר,סוקולוב, , ,לא,לא,לא,לא,לא,לא,לא, ,כן,לא,לא, ,HR,"רבעון 3, 2025",נתיבי איילון / CRG הנדסה, ,185886.65,674898.547
225,225.000000,הרצליה,הרצליה,0.000000, ,6041.000000,186291.939100,674978.236700,קיים,דרך ירולשים סוקולוב,דרך ירושלים,סוקולוב, , , ,לא,כן,לא,לא,לא,לא,לא, ,כן,לא,לא, ,HR,"רבעון 3, 2025",נתיבי איילון / CRG הנדסה,HR13,186291.939,674978.237
226,226.000000,הרצליה,הרצליה,0.000000, ,6042.000000,186289.159800,675100.381100,קיים,כצנלסון דרך ירושלים,דרך ירושלים,כצנלסון, , , ,לא,כן,לא,לא,לא,לא,לא, ,כן,לא,לא, ,HR,"רבעון 3, 2025",נתיבי איילון / CRG הנדסה,HR12,186289.16,675100.381
227,227.000000,הרצליה,הרצליה,0.000000, ,6043.000000,186199.440000,675555.305600,קיים,הר סיני דרך ירושלים,דרך ירושלים,הר סיני, , , ,לא,כן,לא,לא,לא,לא,לא, ,כן,לא,לא, ,HR,"רבעון 3, 2025",נתיבי איילון / CRG הנדסה,HR11,186199.44,675555.306
228,228.000000,הרצליה,הרצליה,0.000000, ,6044.000000,186152.788600,675878.961500,קיים,דרך ירושלים הבריגדה היהודי,דרך ירושלים,הבריגדה היהודית, , , ,לא,כן,לא,לא,לא,לא,לא, ,כן,לא,לא, ,HR,"רבעון 3, 2025",נתיבי איילון / CRG הנדסה,HR10,186152.789,675878.962
229,229.000000,הרצליה,הרצליה,0.000000, ,6045.000000,184841.041500,674329.619700,קיים,הרב קוק העצמאות,הרב קוק,העצמאות,בר-כוכבא, , ,לא,לא,לא,לא,לא,לא,לא, ,לא,כן,לא, ,HR,"רבעון 3, 2025",נתיבי איילון / CRG הנדסה, ,184841.042,674329.62
230,230.000000,הרצליה,הרצליה,0.000000, ,6046.000000,184568.832100,674381.049900,קיים,הרב קוק אהרונסון דשה,הרב קוק,ויצמן,הארונסון דשה, , ,לא,כן,לא,לא,לא,לא,לא, ,לא,לא,לא, ,HR,"רבעון 3, 2025",נתיבי איילון / CRG הנדסה,HR22,184568.832,674381.05
231,231.000000,הרצליה,הרצליה,0.000000, ,6047.000000,183870.443700,674500.310500,קיים,הרב קוק - שבעת הכוכבים - ז'בוטינסקי,הרב קוק,שדרות שבעת הכוכבים,ז'בוטינסקי,יצחק שמיר, ,לא,כן,לא,לא,לא,לא,לא, ,לא,לא,לא, ,HR,"רבעון 3, 2025",נתיבי איילון / CRG הנדסה,HR04,183870.444,674500.311
232,232.000000,הרצליה,הרצליה,0.000000, ,6048.000000,182629.992600,674184.418300,קיים,שבעת הכוכבים - משה דיין,שדרות שבעת הכוכבים,דרך משה דיין,איילון,נתיבות, ,לא,כן,לא,לא,לא,לא,לא, ,כן,לא,לא, ,HR,"רבעון 3, 2025",נתיבי איילון / CRG הנדסה,HR02,182629.993,674184.418
233,233.000000,הרצליה,נת"י,0.000000, ,6049.000000,182326.046700,674185.932900,קיים,מחלף הסירה - מערב,שדרות אבא אבן,כביש 2, , , ,לא,כן,לא,לא,לא,לא,לא, ,כן,לא,לא, ,HR,"רבעון 3, 2025",נתיבי איילון / CRG הנדסה,HR07,182326.047,674185.933
234,234.000000,הרצליה,נת"י,0.000000, ,6050.000000,186227.275600,676207.148700,בתכנון,ירושלים - 531,דרך ירושלים,531, , , ,לא,כן,לא,לא,לא,לא,לא, ,כן,לא,לא, ,HR,"רבעון 3, 2025",נתיבי איילון / CRG הנדסה,HR09,186227.276,676207.149
235,235.000000,הרצליה,הרצליה,0.000000, ,6051.000000,184334.042700,674419.430100,בתכנון,הרב קוק - בן סרוק,הרב קוק,מנחם בן סרוק, , , ,לא,כן,לא,לא,לא,לא,לא, ,לא,לא,לא, ,HR,"רבעון 3, 2025",נתיבי איילון / CRG הנדסה,HR15,184334.043,674419.43
236,236.000000,הרצליה,הרצליה,0.000000, ,6052.000000,184131.743100,674455.620300,בתכנון,הרב קוק - אבן עזרא,הרב קוק,אבן עזרא, , , ,לא,כן,לא,לא,לא,לא,לא, ,לא,לא,לא, ,HR,"רבעון 3, 2025",נתיבי איילון / CRG הנדסה,HR16,184131.743,674455.62
237,237.000000,הרצליה,הרצליה,0.000000, ,6053.000000,185303.940100,674012.619900,בתכנון,בן גוריון - ההסתדרות,שדרות בן גוריון,ההסתדרות, , , ,לא,כן,לא,לא,לא,לא,לא, ,לא,לא,לא, ,HR,"רבעון 3, 2025",נתיבי איילון / CRG הנדסה,HR24,185303.94,674012.62
238,238.000000,הרצליה,הרצליה,0.000000, ,6054.000000,185302.440000,673942.310000,בתכנון,בן גוריון - חנה סנש,שדרות בן גוריון,חנה סנש, , , ,לא,כן,לא,לא,לא,לא,לא, ,לא,לא,לא, ,HR,"רבעון 3, 2025",נתיבי איילון / CRG הנדסה,HR23,185302.44,673942.31
239,239.000000,הרצליה,הרצליה,0.000000, ,6055.000000,185327.941000,674826.548100,בתכנון,בן גוריון - סירקין,שדרות בן גוריון,סירקין, , , ,לא,כן,לא,לא,לא,לא,לא, ,לא,לא,לא, ,HR,"רבעון 3, 2025",נתיבי איילון / CRG הנדסה,HR18,185327.941,674826.548
240,240.000000,הרצליה,הרצליה,0.000000, ,6056.000000,185320.650900,674778.808200,בתכנון,בן גוריון - בר אילן,שדרות בן גוריון,בר אילן, , , ,לא,כן,לא,לא,לא,לא,לא, ,לא,לא,לא, ,HR,"רבעון 3, 2025",נתיבי איילון / CRG הנדסה,HR28,185320.651,674778.808
241,241.000000,הרצליה,הרצליה,0.000000, ,6057.000000,185279.369800,673249.202500,בתכנון,בן גוריון - חתם הסופר,שדרות בן גוריון,חת"ם הסופר, , , ,לא,כן,לא,לא,לא,לא,לא, ,לא,לא,לא, ,HR,"רבעון 3, 2025",נתיבי איילון / CRG הנדסה,HR20,185279.37,673249.203
242,242.000000,הרצליה,הרצליה,0.000000, ,6058.000000,183479.345800,674561.733900,בתכנון,בן ציון מיכאלי - יוסף נבו,שדרות בן ציון מיכאלי,יוסף נבו, , , ,לא,כן,לא,לא,לא,לא,לא, ,כן,לא,לא, ,HR,"רבעון 3, 2025",נתיבי איילון / CRG הנדסה,HR06,183479.346,674561.734
243,243.000000,הרצליה,הרצליה,0.000000, ,6059.000000,183078.000000,674270.000000,קיים,שדרות שבעת הכוכבים - רתצ רכבת,שדרות שבעת הכוכבים,דרך 20, , , ,לא,כן,לא,לא,לא,לא,לא, ,לא,לא,לא, ,HR,"רבעון 3, 2025",נתיבי איילון / CRG הנדסה,HR01,183078,674270
244,244.000000,הרצליה,הרצליה,0.000000, ,6060.000000,183053.000000,676303.000000,קיים,המעפילים - החורש,המעפילים,החורש,נורדאו, , ,לא,לא,לא,לא,לא,לא,לא, ,לא,כן,לא, ,HR,"רבעון 3, 2025",נתיבי איילון / CRG הנדסה, ,183053,676303
245,245.000000,הרצליה,הרצליה,0.000000, ,6061.000000,183143.000000,676288.000000,קיים,המעפילים - הזורע,המעפילים,הזורע, , , ,לא,לא,לא,לא,לא,לא,לא, ,לא,כן,לא, ,HR,"רבעון 3, 2025",נתיבי איילון / CRG הנדסה, ,183143,676288
246,246.000000,הרצליה,נתיבי איילון,0.000000,א,6062.000000,183603.000000,676227.000000,קיים,מחלף המעפילים - מערב,מנחם בגין,המעפילים,כביש 20, , ,לא,לא,לא,לא,לא,לא,לא, ,לא,כן,לא, ,HR,"רבעון 3, 2025",נתיבי איילון / CRG הנדסה, ,183603,676227
247,247.000000,הרצליה,נתיבי איילון,0.000000,א,6063.000000,183770.000000,676208.000000,קיים,מחלף המעפילים - מזרח,מנחם בגין,כביש 20, , , ,לא,לא,לא,לא,לא,לא,לא, ,לא,כן,לא, ,HR,"רבעון 3, 2025",נתיבי איילון / CRG הנדסה, ,183770,676208
248,248.000000,הרצליה,נת"י,0.000000, ,6064.000000,182421.000000,674138.000000,קיים,מחלף הסירה מזרח,שדרות שבעת הכוכבים,כביש 2, , , ,לא,כן,לא,לא,לא,לא,לא, ,לא,לא,לא, ,HR,"רבעון 3, 2025",נתיבי איילון / CRG הנדסה,HR08,182421,674138
249,249.000000,הרצליה,הרצליה,0.000000, ,6065.000000,183086.000000,674627.000000,בתכנון,בן ציון מיכאלי - רכבת,בן ציון מיכאלי, , , , ,לא,כן,לא,לא,לא,לא,לא, ,לא,לא,לא, ,HR,"רבעון 3, 2025",נתיבי איילון / CRG הנדסה,HR05,183086,674627
250,250.000000,בת ים,בת ים,0.000000,א,3058.000000,177604.684900,658101.423700,קיים,יוספטל מערב - רכבת,שדרות גיורא יוספטל,דרך יגאל אלון, , , ,לא,כן,לא,לא,לא,לא,לא, ,לא,לא,לא, ,BY,"רבעון 3, 2025",נתיבי איילון / CRG הנדסה,HO17,177604.685,658101.424
251,251.000000,חולון,חולון,0.000000, ,7002.000000,177363.485300,656554.104300,קיים,משה דיין - הקוממיות מערב,משה דיין,הקוממיות,איילון, , ,לא,כן,לא,לא,לא,לא,לא, ,כן,לא,לא, ,HLN,"רבעון 3, 2025",נתיבי איילון / CRG הנדסה,HO02,177363.485,656554.104
252,252.000000,חולון,חולון,0.000000,א,7003.000000,177547.874600,656533.345100,קיים,משה דיין - הקוממיות מזרח+מערב,משה דיין,איילון, , , ,לא,כן,לא,לא,לא,לא,לא, ,כן,לא,לא, ,HLN,"רבעון 3, 2025",נתיבי איילון / CRG הנדסה,HO01,177547.875,656533.345
253,253.000000,חולון,חולון,0.000000,א,7004.000000,177817.348100,656514.728500,קיים,משה דיין - דן שומרון,משה דיין,דן שומרון, , , ,לא,כן,לא,לא,לא,לא,לא, ,לא,לא,לא, ,HLN,"רבעון 3, 2025",נתיבי איילון / CRG הנדסה,HO08,177817.348,656514.729
254,254.000000,חולון,חולון,0.000000,א,7005.000000,178170.419200,656492.393200,קיים,בן גוריון - משה דיין - אהרונוביץ,משה דיין,אהרונוביץ,שדרות בן גוריון, , ,לא,כן,לא,לא,לא,לא,לא, ,כן,לא,לא, ,HLN,"רבעון 3, 2025",נתיבי איילון / CRG הנדסה,HO07,178170.419,656492.393
255,255.000000,חולון,חולון,0.000000,א,7006.000000,178432.588200,656475.188300,קיים,משה דיין - יצחק רבין,משה דיין,יצחק רבין, , , ,לא,לא,לא,לא,לא,לא,לא, ,כן,לא,לא, ,HLN,"רבעון 3, 2025",נתיבי איילון / CRG הנדסה, ,178432.588,656475.188
256,256.000000,חולון,נת"ע,0.000000, ,7007.000000,178702.053000,656458.003400,קיים,משה דיין - ארליך - בר לב - אריק אינטשטיין,משה דיין,שמחה ארליך,חיים בר לב,אריק אינשטיין, ,לא,לא,לא,לא,כן,לא,לא, ,כן,לא,לא, ,HLN,"רבעון 3, 2025",נתיבי איילון / CRG הנדסה, ,178702.053,656458.003
257,257.000000,חולון,חולון,0.000000,א,7008.000000,178141.942900,656136.362200,קיים,שדרות בן גוריון -  אורי צבי גרינברג,שדרות בן גוריון,אור צבי גרינברג, , , ,לא,לא,לא,לא,לא,לא,לא, ,לא,כן,לא, ,HLN,"רבעון 3, 2025",נתיבי איילון / CRG הנדסה, ,178141.943,656136.362
258,258.000000,חולון,חולון,0.000000,א,7009.000000,178154.825900,656315.133400,קיים,שדרות בן גוריון - לנדאו - רבינוביץ,שדרות בן גוריון,חיים לנדאו,יהושע רבינוביץ, , ,לא,לא,לא,לא,לא,לא,לא, ,לא,כן,לא, ,HLN,"רבעון 3, 2025",נתיבי איילון / CRG הנדסה, ,178154.826,656315.133
259,259.000000,חולון,חולון,0.000000, ,7010.000000,177925.010800,657999.960400,קיים,יוספטל - הופיין - אילת,אילת,הופיין,שדרות יוספטל, , ,לא,כן,לא,לא,לא,לא,לא, ,לא,לא,לא, ,HLN,"רבעון 3, 2025",נתיבי איילון / CRG הנדסה,HO18,177925.011,657999.96
260,260.000000,חולון,חולון,0.000000,א,7011.000000,178399.624300,657916.932400,קיים,וייצמן - הופיין - אהרונובויץ,וייצמן,הופיין,אהרונוביץ, , ,לא,לא,לא,לא,לא,לא,לא, ,לא,כן,לא, ,HLN,"רבעון 3, 2025",נתיבי איילון / CRG הנדסה, ,178399.624,657916.932
261,261.000000,חולון,חולון,0.000000,א,7012.000000,177894.131000,657060.807000,קיים,אילת - מקס וגסי כהן - התנאים,אילת,מקס וג'סי כהן,התנאים, , ,לא,לא,לא,לא,לא,לא,לא, ,לא,כן,לא, ,HLN,"רבעון 3, 2025",נתיבי איילון / CRG הנדסה, ,177894.131,657060.807
262,262.000000,חולון,חולון,0.000000,א,7013.000000,177922.060100,657533.306000,קיים,אילת - רמז - עין יהב,אילת,רמז,עין יהב, , ,לא,לא,לא,לא,לא,לא,לא, ,לא,כן,לא, ,HLN,"רבעון 3, 2025",נתיבי איילון / CRG הנדסה, ,177922.06,657533.306
263,263.000000,חולון,חולון,0.000000,א,7014.000000,178219.384900,656912.800500,קיים,שדרות מנחם בגין - אהרונוביץ' - מקס וגסי כהן,שדרות מנחם בגין,מקס וג'סי כהן,אהרונוביץ, , ,לא,לא,לא,לא,לא,לא,לא, ,כן,לא,לא, ,HLN,"רבעון 3, 2025",נתיבי איילון / CRG הנדסה, ,178219.385,656912.8
264,264.000000,חולון,חולון,0.000000,א,7015.000000,178246.876800,657143.972100,קיים,אהרונוביץ הציונות,אהרונוביץ,הציונות, , , ,לא,לא,לא,לא,לא,לא,לא, ,כן,לא,לא, ,HLN,"רבעון 3, 2025",נתיבי איילון / CRG הנדסה, ,178246.877,657143.972
265,265.000000,חולון,חולון,0.000000,א,7016.000000,178336.646100,657473.093300,קיים,אהרונוביץ - פנחס לבון - רמז,אהרונוביץ,רמז,פנחס לבון, , ,לא,לא,לא,לא,לא,לא,לא, ,לא,כן,לא, ,HLN,"רבעון 3, 2025",נתיבי איילון / CRG הנדסה, ,178336.646,657473.093
266,266.000000,חולון,חולון,0.000000, ,7017.000000,177922.105300,658461.126800,קיים,אילת - ההסתדרות,אילת,ההסתדרות, , , ,לא,כן,לא,לא,לא,לא,לא, ,לא,לא,לא, ,HLN,"רבעון 3, 2025",נתיבי איילון / CRG הנדסה,HO20,177922.105,658461.127
267,267.000000,חולון,חולון,0.000000, ,7018.000000,177969.254700,658985.636800,קיים,אילת - דב הוז - המעפילים,שדרות דב הוז,אילת,המעפילים, , ,לא,כן,לא,לא,לא,לא,לא, ,לא,לא,לא, ,HLN,"רבעון 3, 2025",נתיבי איילון / CRG הנדסה,HO03,177969.255,658985.637
268,268.000000,חולון,חולון,0.000000,א,7019.000000,177777.143200,658982.159900,קיים,שדרות הוז דב - גבעתי - אברבנל,שדרות דב הוז,גבעתי,אברבנל, , ,לא,כן,לא,לא,לא,לא,לא, ,לא,לא,לא, ,HLN,"רבעון 3, 2025",נתיבי איילון / CRG הנדסה,HO26,177777.143,658982.16
269,269.000000,חולון,חולון,0.000000, ,7020.000000,178051.871600,659383.522100,קיים,המעפילים - רמב"ם,המעפילים,רמב"ם, , , ,לא,כן,לא,לא,לא,לא,לא, ,לא,לא,לא, ,HLN,"רבעון 3, 2025",נתיבי איילון / CRG הנדסה,HO14,178051.872,659383.522
270,270.000000,חולון,חולון,0.000000, ,7021.000000,178094.630200,659551.963900,קיים,המעפילים - הבנים,המעפילים,הבנים, , , ,לא,כן,לא,לא,לא,לא,לא, ,לא,לא,לא, ,HLN,"רבעון 3, 2025",נתיבי איילון / CRG הנדסה,HO13,178094.63,659551.964
271,271.000000,חולון,חולון,0.000000, ,7022.000000,177627.619100,660446.311200,קיים,הלוחמים - בית חולים,הלוחמים - בית חולים,בית חולים וולפסון, , , ,לא,לא,לא,לא,לא,לא,לא, ,לא,כן,לא, ,HLN,"רבעון 3, 2025",נתיבי איילון / CRG הנדסה, ,177627.619,660446.311
272,272.000000,חולון,חולון,0.000000, ,7023.000000,178037.589600,660387.073500,קיים,הלוחמים,הלוחמים - אילון צפון,בית חולים וולפסון, , , ,לא,לא,לא,לא,לא,לא,לא, ,לא,כן,לא, ,HLN,"רבעון 3, 2025",נתיבי איילון / CRG הנדסה, ,178037.59,660387.073
273,273.000000,חולון,חולון,0.000000,א,7025.000000,178427.805400,660139.780900,קיים,הלוחמים (משרד הרישוי),חומה ומגדל, , , , ,לא,כן,לא,לא,לא,לא,לא, ,לא,לא,לא, ,HLN,"רבעון 3, 2025",נתיבי איילון / CRG הנדסה,HO04,178427.805,660139.781
274,274.000000,חולון,חולון,0.000000, ,7026.000000,178466.656900,659879.986100,קיים,הלוחמים - המעפילים,הלוחמים,המעפילים, , , ,לא,כן,לא,לא,לא,לא,לא, ,לא,לא,לא, ,HLN,"רבעון 3, 2025",נתיבי איילון / CRG הנדסה,HO05,178466.657,659879.986
275,275.000000,חולון,נת"ע,0.000000, ,7027.000000,179124.437800,660437.086000,קיים,שדרות לוי אשכול,שדרות לוי אשכול,איילון, , , ,כן,לא,לא,לא,כן,לא,לא, ,כן,לא,לא, ,HLN,"רבעון 3, 2025",נתיבי איילון / CRG הנדסה,HO06,179124.438,660437.086
276,276.000000,חולון,חולון,0.000000,א,7028.000000,178153.333200,658439.415000,קיים,ההסתדרות - זלמן ארן,ההסתדרות,זלמן ארז, , , ,לא,כן,לא,לא,לא,לא,לא, ,לא,לא,לא, ,HLN,"רבעון 3, 2025",נתיבי איילון / CRG הנדסה, ,178153.333,658439.415
277,277.000000,חולון,חולון,0.000000,א,7029.000000,178468.016100,658396.235600,קיים,ההסתדרות - ויצמן,ויצמן,ההסתדרות, , , ,לא,לא,לא,לא,לא,לא,לא, ,לא,כן,לא, ,HLN,"רבעון 3, 2025",נתיבי איילון / CRG הנדסה,HO01,178468.016,658396.236
278,278.000000,חולון,חולון,0.000000,א,7030.000000,178527.690400,658636.260200,קיים,ויצמן - הרצפלד - חומה ומגדל,ויצמן,חומה ומגדל,הרצפלד, , ,לא,לא,לא,לא,לא,לא,לא, ,לא,כן,לא, ,HLN,"רבעון 3, 2025",נתיבי איילון / CRG הנדסה, ,178527.69,658636.26
279,279.000000,חולון,חולון,0.000000,א,7031.000000,178585.497700,658948.350600,קיים,סוקולוב - בילנסון - חובבי ציון,סוקולוב,בלינסון,חובבי ציון, , ,לא,לא,לא,לא,לא,לא,לא, ,לא,כן,לא, ,HLN,"רבעון 3, 2025",נתיבי איילון / CRG הנדסה, ,178585.498,658948.351
280,280.000000,חולון,חולון,0.000000,א,7032.000000,178510.304100,656882.276600,קיים,שדרות מנחם בגין - דבורה ברטונוב - יצחק רבין,שדרות מנחם בגין,יצחק רבין,דבורה ברטונוב, , ,לא,לא,לא,לא,לא,לא,לא, ,לא,כן,לא, ,HLN,"רבעון 3, 2025",נתיבי איילון / CRG הנדסה, ,178510.304,656882.277
281,281.000000,חולון,נת"ע,0.000000, ,7033.000000,178738.680400,656899.260700,קיים,שדרות מנחם בגין - חיים ברלב - ראובן ברקת,שדרות מנחם בגין,חיים בר לב,ראובן ברקת, , ,לא,לא,לא,לא,כן,לא,לא, ,לא,לא,לא, ,HLN,"רבעון 3, 2025",נתיבי איילון / CRG הנדסה, ,178738.68,656899.261
282,282.000000,חולון,חולון,0.000000,א,7034.000000,179135.608200,656928.576000,קיים,שדרות מנחם בגין - פנחס אילון,שדרות מנחם בגין,פנחס אילון, , , ,לא,לא,לא,לא,לא,לא,לא, ,לא,כן,לא, ,HLN,"רבעון 3, 2025",נתיבי איילון / CRG הנדסה, ,179135.608,656928.576
283,283.000000,חולון,חולון,0.000000,א,7035.000000,179158.521700,657327.336200,קיים,פנחס אילון  - האלוף אהרון יריב - אמיר דרורי,פנחס אילון,האלוף אהרון יריב,אילונה פהר, , ,לא,לא,לא,לא,לא,לא,לא, ,לא,כן,לא, ,HLN,"רבעון 3, 2025",נתיבי איילון / CRG הנדסה, ,179158.522,657327.336
284,284.000000,חולון,נת"ע,0.000000, ,7036.000000,178784.446600,657341.210200,קיים,ברקת - פנחס לבון,ראובן ברקת,פנחס לבון, , , ,לא,לא,לא,לא,כן,לא,לא, ,לא,לא,לא, ,HLN,"רבעון 3, 2025",נתיבי איילון / CRG הנדסה, ,178784.447,657341.21
285,285.000000,חולון,נת"ע,0.000000, ,7037.000000,178819.807700,657542.005300,קיים,ברקת - ראול ולנברג,ראובן ברקת,ראול ולנברג, , , ,לא,לא,לא,לא,כן,לא,לא, ,לא,לא,לא, ,HLN,"רבעון 3, 2025",נתיבי איילון / CRG הנדסה, ,178819.808,657542.005
286,286.000000,חולון,נת"ע,0.000000, ,7038.000000,178836.951500,657644.502800,קיים,ברקת - אלונה פורת,ראובן ברקת,אלונה פורת, , , ,לא,לא,לא,לא,כן,לא,לא, ,לא,לא,לא, ,HLN,"רבעון 3, 2025",נתיבי איילון / CRG הנדסה, ,178836.952,657644.503
287,287.000000,חולון,נת"ע,0.000000, ,7039.000000,178871.515500,657836.887900,קיים,גולדה מאיר - הופיין - פיכמן - ראובן ברקת,גולדה מאיר,הופיין,יעקב פיכמן,ראובן ברקת, ,לא,לא,לא,לא,כן,לא,לא, ,לא,לא,לא, ,HLN,"רבעון 3, 2025",נתיבי איילון / CRG הנדסה, ,178871.516,657836.888
288,288.000000,חולון,נת"ע,0.000000, ,7040.000000,178931.636000,658323.278000,קיים,ההסתדרות - פיכמן - שנקר,ההסתדרות,יעקב פיכמן,אריה שנקר, , ,לא,לא,לא,לא,כן,לא,לא, ,לא,לא,לא, ,HLN,"רבעון 3, 2025",נתיבי איילון / CRG הנדסה, ,178931.636,658323.278
289,289.000000,חולון,נת"ע,0.000000, ,7041.000000,178967.396300,658614.509300,קיים,שנקר - חומה ומגדל,שנקר,חומה ומגדל, , , ,לא,לא,לא,לא,כן,לא,לא, ,לא,לא,לא, ,HLN,"רבעון 3, 2025",נתיבי איילון / CRG הנדסה, ,178967.396,658614.509
290,290.000000,חולון,נת"ע,0.000000, ,7042.000000,178993.821200,658829.937300,קיים,שנקר - שפרינצק,שנקר,שפרינצק, , , ,לא,לא,לא,לא,כן,לא,לא, ,לא,לא,לא, ,HLN,"רבעון 3, 2025",נתיבי איילון / CRG הנדסה, ,178993.821,658829.937
291,291.000000,חולון,נת"ע,0.000000, ,7043.000000,179002.259200,658904.514400,קיים,שנקר - סוקולוב,סוקולוב,שנקר, , , ,לא,לא,לא,לא,כן,לא,לא, ,לא,לא,לא, ,HLN,"רבעון 3, 2025",נתיבי איילון / CRG הנדסה, ,179002.259,658904.514
292,292.000000,חולון,נת"ע,0.000000, ,7044.000000,178818.828900,658916.410300,קיים,שדרות קוגל - סוקולוב - הנשיאים,שדרות קוגל,סוקולוב,הנשיאים, , ,לא,לא,לא,לא,כן,לא,לא, ,כן,לא,לא, ,HLN,"רבעון 3, 2025",נתיבי איילון / CRG הנדסה, ,178818.829,658916.41
293,293.000000,חולון,נת"ע,0.000000, ,7045.000000,178820.125700,659104.701000,קיים,שדרות קוגל - אביבים,שדרות קוגל,אביבים, , , ,לא,לא,לא,לא,כן,לא,לא, ,כן,לא,לא, ,HLN,"רבעון 3, 2025",נתיבי איילון / CRG הנדסה, ,178820.126,659104.701
294,294.000000,חולון,נת"ע,0.000000, ,7046.000000,178761.305000,659343.800600,קיים,שדרות קוגל ה' באייר,שדרות קוגל,ה' באייר, , , ,לא,לא,לא,לא,כן,לא,לא, ,כן,לא,לא, ,HLN,"רבעון 3, 2025",נתיבי איילון / CRG הנדסה, ,178761.305,659343.801
295,295.000000,חולון,נת"ע,0.000000, ,7047.000000,178740.675700,659474.946200,קיים,שדרות קוגל - הגלעד,שדרות קוגל,הגלעד, , , ,לא,לא,לא,לא,כן,לא,לא, ,כן,לא,לא, ,HLN,"רבעון 3, 2025",נתיבי איילון / CRG הנדסה, ,178740.676,659474.946
296,296.000000,חולון,חולון,0.000000,א,7048.000000,179070.324900,659539.504600,קיים,מקוה ישראל - שנקר,מקווה ישראל,שנקר, , , ,לא,לא,לא,לא,לא,לא,לא, ,לא,כן,לא, ,HLN,"רבעון 3, 2025",נתיבי איילון / CRG הנדסה, ,179070.325,659539.505
297,297.000000,חולון,חולון,0.000000,א,7049.000000,179290.492600,659496.062800,קיים,מקוה ישראל - חנקין,מקווה ישראל,חנקין, , , ,לא,לא,לא,לא,לא,לא,לא, ,לא,כן,לא, ,HLN,"רבעון 3, 2025",נתיבי איילון / CRG הנדסה, ,179290.493,659496.063
298,298.000000,חולון,נת"ע,0.000000, ,7050.000000,178802.076400,659769.802600,קיים,שדרות לוי אשכול,שדרות לוי אשכול,תחנת דלק פז, , , ,כן,לא,לא,לא,כן,לא,לא, ,כן,לא,לא, ,HLN,"רבעון 3, 2025",נתיבי איילון / CRG הנדסה, ,178802.076,659769.803
299,299.000000,חולון,חולון,0.000000,א,7051.000000,179527.079600,659437.965500,קיים,מקוה ישראל - קראוזה - סרלין,מקווה ישראל,קראוזה,יוסף סרלין, , ,לא,לא,לא,לא,לא,לא,לא, ,לא,כן,לא, ,HLN,"רבעון 3, 2025",נתיבי איילון / CRG הנדסה, ,179527.08,659437.966
300,300.000000,חולון,חולון,0.000000,א,7052.000000,179745.416300,659154.070200,קיים,סרלין - ז'בוטינסקי,יוסף סרלין,ז'בוטינסקי, , , ,לא,לא,לא,לא,לא,לא,לא, ,לא,כן,לא, ,HLN,"רבעון 3, 2025",נתיבי איילון / CRG הנדסה, ,179745.416,659154.07
301,301.000000,חולון,נת"ע,0.000000, ,7053.000000,179254.035800,658889.589200,קיים,חנקין - סוקולוב,סוקולוב,חנקין, , , ,לא,לא,לא,לא,כן,לא,לא, ,לא,לא,לא, ,HLN,"רבעון 3, 2025",נתיבי איילון / CRG הנדסה, ,179254.036,658889.589
302,302.000000,חולון,נת"ע,0.000000, ,7054.000000,179492.145200,658876.588900,קיים,קראוזה  - סוקולוב,סוקולוב,קראוזה, , , ,לא,לא,לא,לא,כן,לא,לא, ,לא,לא,לא, ,HLN,"רבעון 3, 2025",נתיבי איילון / CRG הנדסה, ,179492.145,658876.589
303,303.000000,חולון,חולון,0.000000,א,7055.000000,179185.923700,657743.959500,קיים,גולדה מאיר - חנקין - פנחס אילון,פנחס אילון,חנקין,גולדה מאיר, , ,לא,לא,לא,לא,לא,לא,לא, ,לא,כן,לא, ,HLN,"רבעון 3, 2025",נתיבי איילון / CRG הנדסה, ,179185.924,657743.959
304,304.000000,חולון,חולון,0.000000,א,7056.000000,179191.876900,657851.911300,קיים,חנקין - קניון מערבי,חנקין,קניון, , , ,לא,לא,לא,לא,לא,לא,לא, ,לא,כן,לא, ,HLN,"רבעון 3, 2025",נתיבי איילון / CRG הנדסה, ,179191.877,657851.911
305,305.000000,חולון,חולון,0.000000,א,7057.000000,179220.158400,658304.807300,קיים,ההסתדרות - חנקין,ההסתדרות,חנקין, , , ,לא,לא,לא,לא,לא,לא,לא, ,לא,כן,לא, ,HLN,"רבעון 3, 2025",נתיבי איילון / CRG הנדסה, ,179220.158,658304.807
306,306.000000,חולון,חולון,0.000000,א,7058.000000,179354.514900,657692.282000,קיים,גולדה מאיר - קניון דרומי,גולדה מאיר,קניון, , , ,לא,לא,לא,לא,לא,לא,לא, ,לא,כן,לא, ,HLN,"רבעון 3, 2025",נתיבי איילון / CRG הנדסה, ,179354.515,657692.282
307,307.000000,חולון,חולון,0.000000,א,7059.000000,179513.248800,657639.763600,קיים,גולדה מאיר - מוטה גור - גאולים,גולדה מאיר,מוטה גור,גאולים, , ,לא,לא,לא,לא,לא,לא,לא, ,לא,כן,לא, ,HLN,"רבעון 3, 2025",נתיבי איילון / CRG הנדסה, ,179513.249,657639.764
308,308.000000,חולון,חולון,0.000000,א,7060.000000,179833.182900,657553.162900,קיים,גולדה מאיר - אלופי צה"ל - דוד אלעזר,גולדה מאיר,אלופי צה"ל,דוד אלעזר, , ,לא,לא,לא,לא,לא,לא,לא, ,לא,כן,לא, ,HLN,"רבעון 3, 2025",נתיבי איילון / CRG הנדסה, ,179833.183,657553.163
309,309.000000,חולון,חולון,0.000000,א,7061.000000,179813.005500,657372.983500,קיים,דוד אלעזר - קרן היסוד,דוד אלעזר,קרן היסוד, , , ,לא,לא,לא,לא,לא,לא,לא, ,לא,כן,לא, ,HLN,"רבעון 3, 2025",נתיבי איילון / CRG הנדסה, ,179813.005,657372.984
310,310.000000,חולון,חולון,0.000000, ,7062.000000,179766.134100,656962.501200,קיים,שדרות מנחם בגין - מפרץ שלמה,שדרות מנחם בגין,מפרץ שלמה,דוד אלעזר, , ,לא,לא,לא,לא,לא,לא,לא, ,לא,כן,לא, ,HLN,"רבעון 3, 2025",נתיבי איילון / CRG הנדסה, ,179766.134,656962.501
311,311.000000,חולון,חולון,0.000000,א,7063.000000,179881.407600,656955.731800,קיים,מפרץ שלמה - קרית שמונה - דוד אלעזר - מנחם בגין,מפרץ שלמה,קרית שמונה, , , ,לא,לא,לא,לא,לא,לא,לא, ,לא,כן,לא, ,HLN,"רבעון 3, 2025",נתיבי איילון / CRG הנדסה, ,179881.408,656955.732
312,312.000000,חולון,חולון,0.000000,א,7064.000000,179897.690500,658005.616300,קיים,ההסתדרות - דוד אלעזר - הכנסת,דוד אלעזר,ההסתדרות,הכנסת, , ,לא,לא,לא,לא,לא,לא,לא, ,לא,כן,לא, ,HLN,"רבעון 3, 2025",נתיבי איילון / CRG הנדסה, ,179897.691,658005.616
313,313.000000,חולון,חולון,0.000000,א,7065.000000,179742.036300,658102.903800,קיים,ההסתדרות - גאולים,גאולים,ההסתדרות, , , ,לא,לא,לא,לא,לא,לא,לא, ,לא,כן,לא, ,HLN,"רבעון 3, 2025",נתיבי איילון / CRG הנדסה, ,179742.036,658102.904
314,314.000000,חולון,נת"ע,0.000000, ,7066.000000,179909.445600,658861.999700,קיים,שדרות ירושלים - סוקולוב - סרלין,סוקולוב,יוסף סרלין,שדרות ירושלים, , ,לא,לא,לא,לא,כן,לא,לא, ,לא,לא,לא, ,HLN,"רבעון 3, 2025",נתיבי איילון / CRG הנדסה, ,179909.446,658862
315,315.000000,חולון,נת"ע,0.000000, ,7067.000000,179959.934900,658746.194000,קיים,שדרות ירושלים - טהון,שדרות ירושלים,טהון, , , ,לא,לא,לא,לא,כן,לא,לא, ,לא,לא,לא, ,HLN,"רבעון 3, 2025",נתיבי איילון / CRG הנדסה, ,179959.935,658746.194
316,316.000000,חולון,נת"ע,0.000000, ,7068.000000,180005.191900,658621.669200,קיים,שדרות ירושלים - מוהליבר,שדרות ירושלים,מוהליבר, , , ,לא,לא,לא,לא,כן,לא,לא, ,לא,לא,לא, ,HLN,"רבעון 3, 2025",נתיבי איילון / CRG הנדסה, ,180005.192,658621.669
317,317.000000,חולון,נת"ע,0.000000, ,7069.000000,180088.673800,658403.529600,קיים,שדרות ירושלים - פרופ' שור - גאולים,שדרות ירושלים,פרופ' שור,גאולים, , ,לא,לא,לא,לא,כן,לא,לא, ,לא,לא,לא, ,HLN,"רבעון 3, 2025",נתיבי איילון / CRG הנדסה, ,180088.674,658403.53
318,318.000000,חולון,נת"ע,0.000000, ,7070.000000,180449.727600,657982.023900,קיים,שדרות ירושלים - בצלאל,שדרות ירושלים,בצלאל, , , ,לא,לא,לא,לא,כן,לא,לא, ,לא,לא,לא, ,HLN,"רבעון 3, 2025",נתיבי איילון / CRG הנדסה, ,180449.728,657982.024
319,319.000000,חולון,נת"ע,0.000000, ,7071.000000,180609.972600,657705.496500,קיים,שדרות ירושלים - משה שרת,שדרות ירושלים,משה שרת, , , ,לא,לא,לא,לא,כן,לא,לא, ,לא,לא,לא, ,HLN,"רבעון 3, 2025",נתיבי איילון / CRG הנדסה, ,180609.973,657705.497
320,320.000000,חולון,חולון,0.000000,א,7072.000000,180288.094800,658524.146700,קיים,פרופ' שור - הנביאים,פרופ' שור,הנביאים, , , ,לא,לא,לא,לא,לא,לא,לא, ,לא,כן,לא, ,HLN,"רבעון 3, 2025",נתיבי איילון / CRG הנדסה, ,180288.095,658524.147
321,321.000000,חולון,חולון,0.000000, ,7073.000000,180434.082400,658595.013700,קיים,פרופ' שור יעבץ,פרופ' שור,יעבץ, , , ,לא,לא,לא,לא,לא,לא,לא, ,לא,כן,לא, ,HLN,"רבעון 3, 2025",נתיבי איילון / CRG הנדסה, ,180434.082,658595.014
322,322.000000,חולון,חולון,0.000000,א,7074.000000,180480.695500,658616.242500,קיים,פרופ' שור - ירמיהו - יעבץ,פרופ' שור,ירמיהו, , , ,לא,לא,לא,לא,לא,לא,לא, ,לא,כן,לא, ,HLN,"רבעון 3, 2025",נתיבי איילון / CRG הנדסה, ,180480.696,658616.243
323,323.000000,חולון,חולון,0.000000,א,7075.000000,180901.851900,658960.212900,קיים,פרופ' שור - הפלד,פרופ' שור,הפלד, , , ,לא,לא,לא,לא,לא,לא,לא, ,לא,כן,לא, ,HLN,"רבעון 3, 2025",נתיבי איילון / CRG הנדסה, ,180901.852,658960.213
324,324.000000,חולון,חולון,0.000000, ,7076.000000,180283.794300,656928.226100,קיים,מפרץ שלמה - גבעת התחמושת,מפרץ שלמה,גבעת התחמושת, , , ,לא,לא,לא,לא,לא,לא,לא, ,לא,כן,לא, ,HLN,"רבעון 3, 2025",נתיבי איילון / CRG הנדסה, ,180283.794,656928.226
325,325.000000,חולון,חולון,0.000000,א,7077.000000,180456.301800,656916.406100,קיים,מפרץ שלמה - משה שרת - גבעת התחמושת,מפרץ שלמה,משה שרת,גבעת התחמושת, , ,לא,לא,לא,לא,לא,לא,לא, ,לא,כן,לא, ,HLN,"רבעון 3, 2025",נתיבי איילון / CRG הנדסה, ,180456.302,656916.406
326,326.000000,חולון,חולון,0.000000,א,7078.000000,180589.651800,656906.563400,קיים,מפרץ שלמה - הר הצופים,מפרץ שלמה,הר הצופים, , , ,לא,לא,לא,לא,לא,לא,לא, ,לא,כן,לא, ,HLN,"רבעון 3, 2025",נתיבי איילון / CRG הנדסה, ,180589.652,656906.563
327,327.000000,חולון,חולון,0.000000,א,7079.000000,180938.286500,656939.417600,קיים,מפרץ שלמה - רמת הגולן,מפרץ שלמה,רמת הגולן, , , ,לא,לא,לא,לא,לא,לא,לא, ,לא,כן,לא, ,HLN,"רבעון 3, 2025",נתיבי איילון / CRG הנדסה, ,180938.287,656939.418
328,328.000000,חולון,נת"ע,0.000000, ,7080.000000,181158.596400,657024.983700,קיים,שדרות ירושלים - מפרץ שלמה - הלהב,שדרות ירושלים,מפרץ שלמה,הלהב, , ,לא,לא,לא,לא,כן,לא,לא, ,לא,לא,לא, ,HLN,"רבעון 3, 2025",נתיבי איילון / CRG הנדסה, ,181158.596,657024.984
329,329.000000,חולון,נת"ע,0.000000, ,7081.000000,181437.513100,656683.928900,קיים,שדרות ירושלים - המרכבה,שדרות ירושלים,המרכבה, , , ,לא,לא,לא,לא,כן,לא,לא, ,כן,לא,לא, ,HLN,"רבעון 3, 2025",נתיבי איילון / CRG הנדסה, ,181437.513,656683.929
330,330.000000,חולון,חולון,0.000000,א,7082.000000,181591.804400,656997.840900,קיים,הרוקמים - המנור,הרוקמים,המנור, , , ,לא,לא,לא,לא,לא,לא,לא, ,לא,כן,לא, ,HLN,"רבעון 3, 2025",נתיבי איילון / CRG הנדסה, ,181591.804,656997.841
331,331.000000,חולון,חולון,0.000000,א,7083.000000,181372.699500,657204.104100,קיים,הרוקמים - הלהב,הרוקמים,הלהב, , , ,לא,לא,לא,לא,לא,לא,לא, ,לא,כן,לא, ,HLN,"רבעון 3, 2025",נתיבי איילון / CRG הנדסה, ,181372.7,657204.104
332,332.000000,חולון,נת"ע,0.000000, ,7084.000000,181019.719000,657197.415000,קיים,שדרות ירושלים - הבנאי,שדרות ירושלים,הבנאי, , , ,לא,לא,לא,לא,כן,לא,לא, ,לא,לא,לא, ,HLN,"רבעון 3, 2025",נתיבי איילון / CRG הנדסה, ,181019.719,657197.415
333,333.000000,חולון,חולון,0.000000,א,7085.000000,180509.973100,657498.088000,קיים,אלופי צה"ל - משה שרת,אלופי צה"ל,משה שרת, , , ,לא,לא,לא,לא,לא,לא,לא, ,לא,כן,לא, ,HLN,"רבעון 3, 2025",נתיבי איילון / CRG הנדסה, ,180509.973,657498.088
334,334.000000,חולון,נת"ע,0.000000, ,7086.000000,180746.973600,657530.658000,קיים,אלופי צה"ל המלאכה,שדרות ירושלים,אלופי צה"ל,המלאכה, , ,לא,לא,לא,לא,כן,לא,לא, ,לא,לא,לא, ,HLN,"רבעון 3, 2025",נתיבי איילון / CRG הנדסה, ,180746.974,657530.658
335,335.000000,חולון,חולון,0.000000,א,7087.000000,180891.998200,657636.701500,קיים,המלאכה - הרוקמים - מרבד הקסמים,הרוקמים,המלאכה, , , ,לא,לא,לא,לא,לא,לא,לא, ,לא,כן,לא, ,HLN,"רבעון 3, 2025",נתיבי איילון / CRG הנדסה, ,180891.998,657636.702
336,336.000000,חולון,חולון,0.000000,א,7088.000000,180995.336500,657761.996100,קיים,המלאכה האורגים,המלאכה,האורגים, , , ,לא,לא,לא,לא,לא,לא,לא, ,לא,כן,לא, ,HLN,"רבעון 3, 2025",נתיבי איילון / CRG הנדסה, ,180995.337,657761.996
337,337.000000,חולון,חולון,0.000000,א,7089.000000,181280.290900,658122.556600,קיים,המלאכה - המשביר - הנחושת,המלאכה,המשביר,הנחושת, , ,לא,לא,לא,לא,לא,לא,לא, ,לא,כן,לא, ,HLN,"רבעון 3, 2025",נתיבי איילון / CRG הנדסה, ,181280.291,658122.557
338,338.000000,חולון,חולון,0.000000, ,7090.000000,181409.542000,658292.604800,בתכנון,המלאכה - הצורף,המלאכה,הצורף, , , ,לא,לא,לא,לא,לא,לא,לא, ,לא,כן,לא, ,HLN,"רבעון 3, 2025",נתיבי איילון / CRG הנדסה, ,181409.542,658292.605
339,339.000000,חולון,חולון,0.000000,א,7091.000000,181455.198400,658416.389300,קיים,המלאכה - הפלד,המלאכה,הפלד, , , ,לא,לא,לא,לא,לא,לא,לא, ,לא,כן,לא, ,HLN,"רבעון 3, 2025",נתיבי איילון / CRG הנדסה, ,181455.198,658416.389
340,340.000000,חולון,חולון,0.000000,א,7092.000000,181628.672700,658588.585300,קיים,המלאכה - המרכבה - הסדן,המלאכה,המרכבה,הסדן, , ,לא,לא,לא,לא,לא,לא,לא, ,לא,כן,לא, ,HLN,"רבעון 3, 2025",נתיבי איילון / CRG הנדסה, ,181628.673,658588.585
341,341.000000,חולון,נת"י,0.000000, ,7093.000000,181786.496800,658734.079500,קיים,דרך השבעה המלאכה,המלאכה,דרך השבעה, , , ,כן,לא,לא,לא,לא,לא,לא, ,כן,לא,לא, ,HLN,"רבעון 3, 2025",נתיבי איילון / CRG הנדסה, ,181786.497,658734.08
342,342.000000,חולון,חולון,0.000000,א,7094.000000,181422.455800,657995.336900,קיים,המשביר - הצורף - הסתת,המשביר,הסתת,הצורף, , ,לא,לא,לא,לא,לא,לא,לא, ,לא,כן,לא, ,HLN,"רבעון 3, 2025",נתיבי איילון / CRG הנדסה, ,181422.456,657995.337
343,343.000000,חולון,חולון,0.000000,א,7095.000000,182014.218800,657693.796100,קיים,המרכבה - המשביר,המרכבה,המשביר, , , ,לא,לא,לא,לא,לא,לא,לא, ,כן,לא,לא, ,HLN,"רבעון 3, 2025",נתיבי איילון / CRG הנדסה, ,182014.219,657693.796
344,344.000000,חולון,חולון,0.000000,א,7096.000000,181832.024500,658305.350900,קיים,המרכבה - הבנאי,המרכבה,הבנאי, , , ,לא,לא,לא,לא,לא,לא,לא, ,לא,כן,לא, ,HLN,"רבעון 3, 2025",נתיבי איילון / CRG הנדסה, ,181832.025,658305.351
345,345.000000,חולון,חולון,0.000000, ,7097.000000,178225.000000,659817.000000,בתכנון,המעפילים - רחבעם זאבי,המעפילים,רחבעם זאבי, , , ,לא,כן,לא,לא,לא,לא,לא, ,לא,לא,לא, ,HLN,"רבעון 3, 2025",נתיבי איילון / CRG הנדסה,HO09,178225,659817
346,346.000000,חולון,חולון,0.000000, ,7098.000000,178126.439100,659691.778800,בתכנון,המעפילים - אבן גבירול (הולכי,המעפילים,אבן גבירול, , , ,לא,כן,לא,לא,לא,לא,לא, ,לא,לא,לא, ,HLN,"רבעון 3, 2025",נתיבי איילון / CRG הנדסה,HO11,178126.439,659691.779
347,347.000000,חולון,חולון,0.000000, ,7099.000000,178001.137400,659192.106600,בתכנון,המעפילים - חסדאי,המעפילים,חסדאי, , , ,לא,כן,לא,לא,לא,לא,לא, ,לא,לא,לא, ,HLN,"רבעון 3, 2025",נתיבי איילון / CRG הנדסה,HO15,178001.137,659192.107
348,348.000000,חולון,חולון,0.000000, ,7100.000000,177788.135700,658034.256400,קיים,יוספטל 152 - קדושי קהיר,שדרות גיורא יוספטל,קדושי קהיר, , , ,לא,כן,לא,לא,לא,לא,לא, ,לא,לא,לא, ,HLN,"רבעון 3, 2025",נתיבי איילון / CRG הנדסה,HO19,177788.136,658034.256
349,349.000000,חולון,חולון,0.000000, ,7101.000000,178278.000000,659853.000000,בתכנון,המעפילים - המצודה,המעפילים,המצודה, , , ,לא,כן,לא,לא,לא,לא,לא, ,לא,לא,לא, ,HLN,"רבעון 3, 2025",נתיבי איילון / CRG הנדסה,HO10,178278,659853
350,350.000000,חולון,חולון,0.000000, ,7102.000000,177943.052900,658703.092100,בתכנון,אילת - צאלים,אילת,צאלים, , , ,לא,כן,לא,לא,לא,לא,לא, ,לא,לא,לא, ,HLN,"רבעון 3, 2025",נתיבי איילון / CRG הנדסה,HO21,177943.053,658703.092
351,351.000000,חולון,חולון,0.000000, ,7103.000000,177950.828700,658808.635200,בתכנון,אילת - הגר"א,אילת,הגר"א, , , ,לא,כן,לא,לא,לא,לא,לא, ,לא,לא,לא, ,HLN,"רבעון 3, 2025",נתיבי איילון / CRG הנדסה,HO22,177950.829,658808.635
352,352.000000,חולון,חולון,0.000000,א,7104.000000,177921.339600,658353.884400,קיים,אילת - קדושי קהיר (משרד הקליטה),אילת,קדושי קהיר, , , ,לא,כן,לא,לא,לא,לא,לא, ,לא,לא,לא, ,HLN,"רבעון 3, 2025",נתיבי איילון / CRG הנדסה,HO23,177921.34,658353.884
353,353.000000,חולון,חולון,0.000000, ,7105.000000,177960.286900,658898.674600,בתכנון,אילת - י"א באדר - הבעל שם טוב,אילת,י"א באדר,בעל שם טוב, , ,לא,כן,לא,לא,לא,לא,לא, ,לא,לא,לא, ,HLN,"רבעון 3, 2025",נתיבי איילון / CRG הנדסה,HO24,177960.287,658898.675
354,354.000000,חולון,נת"ע,0.000000, ,7106.000000,179258.773000,660622.702400,בתכנון,בן צבי - מחלף חולון - צ. מזרחי,דרך בן צבי,שדרות לוי אשכול,כביש 44,כביש 20, ,לא,כן,לא,לא,כן,לא,לא, ,כן,לא,לא, ,HLN,"רבעון 3, 2025",נתיבי איילון / CRG הנדסה,TL06,179258.773,660622.702
355,355.000000,חולון,נת"י,0.000000, ,7107.000000,181030.000000,659498.000000,קיים,אזור - איזור תעשיה חולון,דרך השבעה,כצנלסון,המצודה, , ,לא,לא,לא,לא,לא,לא,לא, ,כן,לא,לא, ,HLN,"רבעון 3, 2025",נתיבי איילון / CRG הנדסה, ,181030,659498
356,356.000000,חולון,חולון,0.000000, ,7108.000000,177688.000000,658068.000000,קיים,יוספטל - מזרח,שדרות גיורא יוספטל, , , , ,לא,כן,לא,לא,לא,לא,לא, ,לא,לא,לא, ,HLN,"רבעון 3, 2025",נתיבי איילון / CRG הנדסה,HO16,177688,658068
357,357.000000,כפר סבא,נת"י,0.000000, ,8001.000000,189919.732300,675796.300800,קיים,נתיב האבות - דרך השרון,דרך השרון,נתיבי האבות,טשרניחובסקי, , ,לא,כן,לא,לא,לא,לא,לא, ,כן,לא,לא, ,KS,"רבעון 3, 2025",נתיבי איילון / CRG הנדסה,KS23,189919.732,675796.301
358,358.000000,כפר סבא,נת"י,0.000000, ,8002.000000,190003.932000,675696.300900,קיים,דרך השרון הצומת,דרך השרון,הצומת, , , ,לא,לא,לא,לא,לא,לא,לא, ,לא,כן,לא, ,KS,"רבעון 3, 2025",נתיבי איילון / CRG הנדסה,KS24,190003.932,675696.301
359,359.000000,כפר סבא,נת"י,0.000000, ,8003.000000,189846.142300,675713.611100,קיים,צומת נתיב האבות,נתיבי האבות,הצומת,היהלום, , ,לא,לא,לא,לא,לא,לא,לא, ,לא,כן,לא, ,KS,"רבעון 3, 2025",נתיבי איילון / CRG הנדסה, ,189846.142,675713.611
360,360.000000,כפר סבא,נת"י,0.000000, ,8004.000000,189846.532500,675882.920700,קיים,דרך השרון - הפנינה,דרך השרון,הפנינה, , , ,לא,כן,לא,לא,לא,לא,לא, ,כן,לא,לא, ,KS,"רבעון 3, 2025",נתיבי איילון / CRG הנדסה,KS22,189846.533,675882.921
361,361.000000,כפר סבא,כפר סבא,0.000000, ,8005.000000,190094.322100,675977.110200,קיים,טשרניחובסקי ששת הימים,טשרניחובסקי,ששת הימים,גיל משעל, , ,לא,כן,לא,לא,לא,לא,לא, ,כן,לא,לא, ,KS,"רבעון 3, 2025",נתיבי איילון / CRG הנדסה,KS24,190094.322,675977.11
362,362.000000,כפר סבא,כפר סבא,0.000000, ,8006.000000,190256.642000,676152.039700,קיים,טשרניחובסקי ויצמן,ויצמן,טשרניחובסקי,סירני, , ,לא,כן,לא,לא,לא,לא,לא, ,כן,לא,לא, ,KS,"רבעון 3, 2025",נתיבי איילון / CRG הנדסה,KS25,190256.642,676152.04
363,363.000000,כפר סבא,כפר סבא,0.000000, ,8007.000000,190516.321300,676066.609600,קיים,ויצמן גלר זאב,ויצמן,זאב גלר, , , ,לא,כן,לא,לא,לא,לא,לא, ,כן,לא,לא, ,KS,"רבעון 3, 2025",נתיבי איילון / CRG הנדסה,KS19,190516.321,676066.61
364,364.000000,כפר סבא,כפר סבא,0.000000, ,8008.000000,190987.030200,675934.299300,קיים,ויצמן סוקולוב,ויצמן,סוקולוב,ברל כצנלסון, , ,לא,כן,לא,לא,לא,לא,לא, ,כן,לא,לא, ,KS,"רבעון 3, 2025",נתיבי איילון / CRG הנדסה,KS16,190987.03,675934.299
365,365.000000,כפר סבא,כפר סבא,0.000000, ,8009.000000,191159.819700,675887.799200,קיים,ויצמן התחיה,ויצמן,התחיה, , , ,לא,כן,לא,לא,לא,לא,לא, ,כן,לא,לא, ,KS,"רבעון 3, 2025",נתיבי איילון / CRG הנדסה,KS15,191159.82,675887.799
366,366.000000,כפר סבא,כפר סבא,0.000000, ,8010.000000,191291.529400,675851.419100,קיים,ויצמן ירושלים,ויצמן,ירושלים, , , ,לא,כן,לא,לא,לא,לא,לא, ,כן,לא,לא, ,KS,"רבעון 3, 2025",נתיבי איילון / CRG הנדסה,KS14,191291.529,675851.419
367,367.000000,כפר סבא,כפר סבא,0.000000, ,8011.000000,191541.928800,675784.919000,קיים,ויצמן רוטשילד,ויצמן,רוטשילד, , , ,לא,כן,לא,לא,לא,לא,לא, ,כן,לא,לא, ,KS,"רבעון 3, 2025",נתיבי איילון / CRG הנדסה,KS13,191541.929,675784.919
368,368.000000,כפר סבא,כפר סבא,0.000000, ,8012.000000,191792.318200,675715.608800,קיים,ויצמן הרצל,ויצמן,הרצל, , , ,לא,כן,לא,לא,לא,לא,לא, ,כן,לא,לא, ,KS,"רבעון 3, 2025",נתיבי איילון / CRG הנדסה,KS12,191792.318,675715.609
369,369.000000,כפר סבא,כפר סבא,0.000000, ,8013.000000,192058.427600,675646.608700,קיים,ויצמן תל חי,ויצמן,תל חי, , , ,לא,כן,לא,לא,לא,לא,לא, ,כן,לא,לא, ,KS,"רבעון 3, 2025",נתיבי איילון / CRG הנדסה,KS11,192058.428,675646.609
370,370.000000,כפר סבא,כפר סבא,0.000000, ,8014.000000,192193.267900,675608.291200,קיים,ויצמן העמק,ויצמן,העמק, , , ,לא,כן,לא,לא,לא,לא,לא, ,כן,לא,לא, ,KS,"רבעון 3, 2025",נתיבי איילון / CRG הנדסה,KS10,192193.268,675608.291
371,371.000000,כפר סבא,כפר סבא,0.000000, ,8015.000000,192321.926900,675574.918500,קיים,ויצמן הגליל,ויצמן,הגליל, , , ,לא,כן,לא,לא,לא,לא,לא, ,כן,לא,לא, ,KS,"רבעון 3, 2025",נתיבי איילון / CRG הנדסה,KS09,192321.927,675574.919
372,372.000000,כפר סבא,כפר סבא,0.000000, ,8016.000000,192558.926300,675510.228400,קיים,ויצמן נורדאו,ויצמן,נורדאו,משה דיין, , ,לא,כן,לא,לא,לא,לא,לא, ,כן,לא,לא, ,KS,"רבעון 3, 2025",נתיבי איילון / CRG הנדסה,KS08,192558.926,675510.228
373,373.000000,כפר סבא,כפר סבא,0.000000, ,8017.000000,192723.425900,675464.298300,קיים,ויצמן גיסות השרון,ויצמן,גיסות השרון, , , ,לא,כן,לא,לא,לא,לא,לא, ,כן,לא,לא, ,KS,"רבעון 3, 2025",נתיבי איילון / CRG הנדסה,KS07,192723.426,675464.298
374,374.000000,כפר סבא,כפר סבא,0.000000, ,8018.000000,192784.135800,675446.418300,קיים,ויצמן הראשונים,ויצמן,הראשונים, , , ,לא,כן,לא,לא,לא,לא,לא, ,כן,לא,לא, ,KS,"רבעון 3, 2025",נתיבי איילון / CRG הנדסה,KS06,192784.136,675446.418
375,375.000000,כפר סבא,כפר סבא,0.000000, ,8019.000000,193009.638500,675337.468500,קיים,ויצמן אלקלעי,ויצמן,אלקלעי,התע"ש, , ,לא,כן,לא,לא,לא,לא,לא, ,כן,לא,לא, ,KS,"רבעון 3, 2025",נתיבי איילון / CRG הנדסה,KS05,193009.639,675337.469
376,376.000000,כפר סבא,כפר סבא,0.000000, ,8020.000000,193210.524700,675254.918200,קיים,ויצמן הסדנא,ויצמן,הסדנא, , , ,לא,כן,לא,לא,לא,לא,לא, ,לא,לא,לא, ,KS,"רבעון 3, 2025",נתיבי איילון / CRG הנדסה,KS03,193210.525,675254.918
377,377.000000,כפר סבא,נת"י,0.000000, ,8021.000000,193437.924200,675247.297900,קיים,ויצמן - כביש 40,ויצמן,כביש 40,כביש 55, , ,לא,כן,לא,לא,לא,לא,לא, ,לא,לא,לא, ,KS,"רבעון 3, 2025",נתיבי איילון / CRG הנדסה,KS01,193437.924,675247.298
378,378.000000,כפר סבא,כפר סבא,0.000000, ,8022.000000,190868.929900,675456.300400,קיים,סוקולוב אהרונוביץ,סוקולוב,אהרונוביץ, , , ,לא,לא,לא,לא,לא,לא,לא, ,לא,כן,לא, ,KS,"רבעון 3, 2025",נתיבי איילון / CRG הנדסה,KS22,190868.93,675456.3
379,379.000000,כפר סבא,כפר סבא,0.000000, ,8023.000000,190913.730000,675629.420000,קיים,בן גוריון סוקולוב,סוקולוב,בן גוריון, , , ,לא,לא,לא,לא,לא,לא,לא, ,לא,כן,לא, ,KS,"רבעון 3, 2025",נתיבי איילון / CRG הנדסה, ,190913.73,675629.42
380,380.000000,כפר סבא,כפר סבא,0.000000, ,8024.000000,190932.320000,675702.609800,קיים,סוקולוב ששת הימים,סוקולוב,ששת הימים, , , ,לא,לא,לא,לא,לא,לא,לא, ,לא,כן,לא, ,KS,"רבעון 3, 2025",נתיבי איילון / CRG הנדסה, ,190932.32,675702.61
381,381.000000,כפר סבא,נת"י,0.000000, ,8025.000000,191918.674900,675133.361800,קיים,הצברים תל חי,תל חי,הצברים, , , ,לא,לא,לא,לא,לא,לא,לא, ,לא,כן,לא, ,KS,"רבעון 3, 2025",נתיבי איילון / CRG הנדסה, ,191918.675,675133.362
382,382.000000,כפר סבא,נת"י,0.000000, ,8026.000000,193337.723900,674857.798900,קיים,עתירי ידע,עתירי ידע,כביש 40, , , ,לא,לא,לא,לא,לא,לא,לא, ,לא,כן,לא, ,KS,"רבעון 3, 2025",נתיבי איילון / CRG הנדסה, ,193337.724,674857.799
383,383.000000,כפר סבא,כפר סבא,0.000000, ,8027.000000,190485.821800,676398.538900,קיים,טשרניחובסקי הוז דב,טשרניחובסקי,דב הוז,הידיד, , ,לא,כן,לא,לא,לא,לא,לא, ,לא,לא,לא, ,KS,"רבעון 3, 2025",נתיבי איילון / CRG הנדסה,KS26,190485.822,676398.539
384,384.000000,כפר סבא,כפר סבא,0.000000, ,8028.000000,190617.012500,676540.736400,קיים,טשרניחובסקי סנה משה,טשרניחובסקי,משה סנה, , , ,לא,כן,לא,לא,לא,לא,לא, ,לא,לא,לא, ,KS,"רבעון 3, 2025",נתיבי איילון / CRG הנדסה,KS27,190617.013,676540.736
385,385.000000,כפר סבא,כפר סבא,0.000000, ,8029.000000,190869.141400,676807.537600,קיים,טשרניחובסקי לוינסקי,טשרניחובסקי,לוינסקי, , , ,לא,לא,לא,לא,לא,לא,לא, ,לא,כן,לא, ,KS,"רבעון 3, 2025",נתיבי איילון / CRG הנדסה,KS28,190869.141,676807.538
386,386.000000,כפר סבא,כפר סבא,0.000000, ,8030.000000,191124.731200,677083.416700,קיים,טשרניחובסקי שדרות בגין מנח,טשרניחובסקי,שדרות מנחם בגין,בן יהודה, , ,לא,לא,לא,לא,לא,לא,לא, ,לא,כן,לא, ,KS,"רבעון 3, 2025",נתיבי איילון / CRG הנדסה, ,191124.731,677083.417
387,387.000000,כפר סבא,כפר סבא,0.000000, ,8031.000000,191195.231100,677165.916500,קיים,טשרניחובסקי רמז דוד,טשרניחובסקי,דוד רמז, , , ,לא,לא,לא,לא,לא,לא,לא, ,לא,כן,לא, ,KS,"רבעון 3, 2025",נתיבי איילון / CRG הנדסה, ,191195.231,677165.917
388,388.000000,כפר סבא,נת"י,0.000000, ,8032.000000,191600.930900,677715.604800,קיים,טשרניחובסקי - גן חיים,כביש 554,הראשונים (גן חיים), , , ,לא,לא,לא,לא,לא,לא,לא, ,לא,כן,לא, ,KS,"רבעון 3, 2025",נתיבי איילון / CRG הנדסה, ,191600.931,677715.605
389,389.000000,כפר סבא,נת"י,0.000000, ,8033.000000,189855.504600,677566.137100,קיים,צומת רעננה צפון - מזרח,שדרות מנחם בגין,כביש 4, , , ,לא,לא,לא,לא,לא,לא,לא, ,לא,כן,לא, ,KS,"רבעון 3, 2025",נתיבי איילון / CRG הנדסה, ,189855.505,677566.137
390,390.000000,כפר סבא,כפר סבא,0.000000, ,8034.000000,190643.514200,677303.617900,קיים,שדרות מנחם בגין סנה משה,שדרות מנחם בגין,משה סנה, , , ,לא,לא,לא,לא,לא,לא,לא, ,לא,כן,לא, ,KS,"רבעון 3, 2025",נתיבי איילון / CRG הנדסה, ,190643.514,677303.618
391,391.000000,כפר סבא,כפר סבא,0.000000, ,8035.000000,191275.640800,677043.416600,קיים,בן יהודה כצנלסון ברל,בן יהודה,ברל כצנלסון, , , ,לא,לא,לא,לא,לא,לא,לא, ,לא,כן,לא, ,KS,"רבעון 3, 2025",נתיבי איילון / CRG הנדסה, ,191275.641,677043.417
392,392.000000,כפר סבא,כפר סבא,0.000000, ,8036.000000,191377.820600,677023.036500,קיים,בן יהודה פרישמן,בן יהודה,פרישמן, , , ,לא,לא,לא,לא,לא,לא,לא, ,לא,כן,לא, ,KS,"רבעון 3, 2025",נתיבי איילון / CRG הנדסה, ,191377.821,677023.037
393,393.000000,כפר סבא,כפר סבא,0.000000, ,8037.000000,191985.029100,676871.796200,קיים,בן יהודה החי"ש,בן יהודה,החי"ש, , , ,לא,לא,לא,לא,לא,לא,לא, ,לא,כן,לא, ,KS,"רבעון 3, 2025",נתיבי איילון / CRG הנדסה, ,191985.029,676871.796
394,394.000000,כפר סבא,כפר סבא,0.000000, ,8038.000000,192355.138200,676771.606000,קיים,בן יהודה תל חי,בן יהודה,תל חי, , , ,לא,לא,לא,לא,לא,לא,לא, ,לא,כן,לא, ,KS,"רבעון 3, 2025",נתיבי איילון / CRG הנדסה, ,192355.138,676771.606
395,395.000000,כפר סבא,כפר סבא,0.000000, ,8039.000000,192624.227500,676676.295900,קיים,בן יהודה הגליל,בן יהודה,הגליל, , , ,לא,לא,לא,לא,לא,לא,לא, ,לא,כן,לא, ,KS,"רבעון 3, 2025",נתיבי איילון / CRG הנדסה, ,192624.228,676676.296
396,396.000000,כפר סבא,כפר סבא,0.000000, ,8040.000000,193398.815900,676665.225000,קיים,בן יהודה דרך הפועל,בן יהודה,דרך הפועל,זמיר, , ,לא,לא,לא,לא,לא,לא,לא, ,לא,כן,לא, ,KS,"רבעון 3, 2025",נתיבי איילון / CRG הנדסה, ,193398.816,676665.225
397,397.000000,כפר סבא,כפר סבא,0.000000, ,8041.000000,193436.582000,676196.326000,קיים,דרך הפועל התע"ש,דרך הפועל,התע"ש, , , ,לא,לא,לא,לא,לא,לא,לא, ,כן,לא,לא, ,KS,"רבעון 3, 2025",נתיבי איילון / CRG הנדסה, ,193436.582,676196.326
398,398.000000,כפר סבא,כפר סבא,0.000000, ,8042.000000,194015.923700,675924.295800,קיים,דרך הפועל אלי הורביץ,דרך הפועל, אלי הורביץ, , , ,לא,לא,לא,לא,לא,לא,לא, ,כן,לא,לא, ,KS,"רבעון 3, 2025",נתיבי איילון / CRG הנדסה, ,194015.924,675924.296
399,399.000000,כפר סבא,כפר סבא,0.000000, ,8043.000000,193337.134400,675227.538100,בתכנון,ויצמן - כניסה למתחם מסחרי,ויצמן,מתחם מסחרי, , , ,לא,כן,לא,לא,לא,לא,לא, ,לא,לא,לא, ,KS,"רבעון 3, 2025",נתיבי איילון / CRG הנדסה,KS02,193337.134,675227.538
400,400.000000,כפר סבא,כפר סבא,0.000000, ,8044.000000,190789.030700,675989.919400,בתכנון,ויצמן - גאולה,ויצמן,גאולה, , , ,לא,כן,לא,לא,לא,לא,לא, ,כן,לא,לא, ,KS,"רבעון 3, 2025",נתיבי איילון / CRG הנדסה,KS17,190789.031,675989.919
401,401.000000,כפר סבא,כפר סבא,0.000000, ,8045.000000,190684.320900,676019.109500,בתכנון,ויצמן - גורדון - המעפילים,ויצמן,גורדון,המעפילים, , ,לא,כן,לא,לא,לא,לא,לא, ,כן,לא,לא, ,KS,"רבעון 3, 2025",נתיבי איילון / CRG הנדסה,KS18,190684.321,676019.11
402,402.000000,כפר סבא,נת"י,0.000000, ,8046.000000,193219.000000,674581.000000,קיים,מחלף אלישמע,כביש 531,כביש 40, , , ,לא,לא,לא,לא,לא,לא,לא, ,לא,כן,לא, ,KS,"רבעון 3, 2025",נתיבי איילון / CRG הנדסה, ,193219,674581
403,403.000000,כפר סבא,נת"י,0.000000, ,8047.000000,194131.000000,675805.000000,קיים,צומת הפועל,הפועל,כביש 40, , , ,לא,לא,לא,לא,לא,לא,לא, ,לא,כן,לא, ,KS,"רבעון 3, 2025",נתיבי איילון / CRG הנדסה, ,194131,675805
404,404.000000,כפר סבא,נת"י,0.000000, ,8048.000000,194293.000000,675892.000000,קיים,צומת כפר סבא מזרח,הפיקוס,כביש 40, , , ,לא,לא,לא,לא,לא,לא,לא, ,לא,כן,לא, ,KS,"רבעון 3, 2025",נתיבי איילון / CRG הנדסה, ,194293,675892
405,405.000000,כפר סבא,כפר סבא,0.000000, ,8049.000000,193111.000000,675288.000000,בתכנון,מעבר נת"צ מצד לצד,ויצמן, , , , ,לא,כן,לא,לא,לא,לא,לא, ,לא,לא,לא, ,KS,"רבעון 3, 2025",נתיבי איילון / CRG הנדסה,KS04,193111,675288
406,406.000000,לוד,נת"י,0.000000, ,17001.000000,189835.569600,648890.488800,קיים,דרך הרמ"א,כביש 40,דרך הרמ"א, , , ,לא,לא,לא,לא,לא,לא,לא, ,לא,כן,לא, ,LOD,"רבעון 3, 2025",נתיבי איילון / CRG הנדסה,KS19,189835.57,648890.489
407,407.000000,לוד,לוד,0.000000, ,17002.000000,189335.412300,649504.897600,קיים,דרך הרמ"א - שדרות ירושלים,דרך הרמ"א,שדרות ירושלים,יונה הנביא, , ,לא,לא,לא,לא,לא,לא,כן, ,לא,לא,לא, ,LOD,"רבעון 3, 2025",נתיבי איילון / CRG הנדסה, ,189335.412,649504.898
408,408.000000,לוד,לוד,0.000000, ,17003.000000,189673.250500,650078.346100,קיים,שדרות ירושלים - גבריאל - ז'בוטינסקי,שדרות ירושלים,גבריאל,ז'בוטינסקי, , ,לא,לא,לא,לא,לא,לא,כן, ,לא,לא,לא, ,LOD,"רבעון 3, 2025",נתיבי איילון / CRG הנדסה, ,189673.251,650078.346
409,409.000000,לוד,נת"י,0.000000, ,17004.000000,190353.701300,650012.285300,קיים,שדרות הציונות - כביש 40,כביש 40,שדרות הציונות, , , ,לא,לא,לא,לא,לא,לא,לא, ,לא,כן,לא, ,LOD,"רבעון 3, 2025",נתיבי איילון / CRG הנדסה, ,190353.701,650012.285
410,410.000000,לוד,לוד,0.000000, ,17005.000000,190113.612100,650260.595000,קיים,שדרות הציונות - חיים משה שפירא - סן מטרין,שדרות הציונות,חיים משה שפירא,סן מטרין, , ,לא,לא,לא,לא,לא,לא,לא, ,לא,כן,לא, ,LOD,"רבעון 3, 2025",נתיבי איילון / CRG הנדסה,LO02,190113.612,650260.595
411,411.000000,לוד,לוד,0.000000, ,17006.000000,189933.716300,650441.230300,קיים,דוד המלך - ירושלים - הנשיא - הציונות,שדרות דוד המלך,שדרות ירושלים,הנשיא,סולד,שדרות הציונות,לא,כן,לא,לא,לא,לא,כן, ,לא,לא,לא, ,LOD,"רבעון 3, 2025",נתיבי איילון / CRG הנדסה,LO10,189933.716,650441.23
412,412.000000,לוד,לוד,0.000000, ,17007.000000,189550.347400,650764.921500,קיים,דוד המלך - שלמה המלך,שדרות דוד המלך,שלמה המלך, , , ,לא,כן,לא,לא,לא,לא,לא, ,לא,לא,לא, ,LOD,"רבעון 3, 2025",נתיבי איילון / CRG הנדסה,LO13,189550.347,650764.922
413,413.000000,לוד,לוד,0.000000, ,17008.000000,189387.794100,650588.475200,קיים,שלמה המלך - ארלוזורוב,שלמה המלך,ארלוזרוב,איינשטיין, , ,לא,לא,לא,לא,לא,לא,לא, ,לא,כן,לא, ,LOD,"רבעון 3, 2025",נתיבי איילון / CRG הנדסה,LO20,189387.794,650588.475
414,414.000000,לוד,לוד,0.000000, ,17009.000000,188848.447700,650823.686600,קיים,דרכי משה,דרכי משה, , , , ,לא,לא,לא,לא,לא,לא,לא, ,לא,כן,לא, ,LOD,"רבעון 3, 2025",נתיבי איילון / CRG הנדסה, ,188848.448,650823.687
415,415.000000,לוד,לוד,0.000000, ,17010.000000,189905.404400,651840.351900,קיים,הלן קלר - שדרות ריסר מיכה,הלן קלר,מיכה ריסר, , , ,לא,לא,לא,לא,לא,לא,לא, ,לא,כן,לא, ,LOD,"רבעון 3, 2025",נתיבי איילון / CRG הנדסה, ,189905.404,651840.352
416,416.000000,לוד,לוד,0.000000, ,17011.000000,190662.967500,652396.313500,קיים,אבא הלל - מנחם בגין,אבא הלל סילבר,דרך מנחם בגין, , , ,לא,כן,לא,לא,לא,לא,כן, ,לא,לא,לא, ,LOD,"רבעון 3, 2025",נתיבי איילון / CRG הנדסה,LO19,190662.968,652396.314
417,417.000000,לוד,נת"י,0.000000, ,17012.000000,190284.114900,652888.089200,קיים,בן הורקנוס אליעזר לב פסח,אליעזר בן הורקנוס,לב פסח,החיטה (ישוב זיתן), , ,לא,לא,לא,לא,לא,לא,לא, ,לא,כן,לא, ,LOD,"רבעון 3, 2025",נתיבי איילון / CRG הנדסה, ,190284.115,652888.089
418,418.000000,לוד,לוד,0.000000, ,17013.000000,188773.000000,650484.000000,קיים,יוספטל - הרכבת,גיורא יוספטל, , , , ,לא,כן,לא,לא,לא,לא,כן, ,לא,לא,לא, ,LOD,"רבעון 3, 2025",נתיבי איילון / CRG הנדסה,LO07,188773,650484
419,419.000000,לוד,לוד,0.000000, ,17014.000000,190373.703100,651540.662000,בתכנון,הרצל - כיכר הפלמח,הרצל,כיכר הפלמח, , , ,לא,כן,לא,לא,לא,לא,כן, ,לא,לא,לא, ,LOD,"רבעון 3, 2025",נתיבי איילון / CRG הנדסה,LO03,190373.703,651540.662
420,420.000000,לוד,לוד,0.000000, ,17015.000000,188124.000000,650058.000000,בתכנון,מתח"מ - כניסה לכלי רכב,גיורא יוספטל, , , , ,לא,כן,לא,לא,לא,לא,כן, ,לא,לא,לא, ,LOD,"רבעון 3, 2025",נתיבי איילון / CRG הנדסה,LO04,188124,650058
421,421.000000,לוד,לוד,0.000000, ,17016.000000,190127.202900,650926.853600,בתכנון,הרצל - טוויטו - מיכאל כהן,הרצל,טוויטו,מיכאל כהן, , ,לא,כן,לא,לא,לא,לא,כן, ,לא,לא,לא, ,LOD,"רבעון 3, 2025",נתיבי איילון / CRG הנדסה,LO27,190127.203,650926.854
422,422.000000,לוד,לוד,0.000000, ,17017.000000,190457.703100,651691.351500,בתכנון,אבא הלל - נורדאו,אבא הלל סילבר,נורדאו, , , ,לא,כן,לא,לא,לא,לא,כן, ,לא,לא,לא, ,LOD,"רבעון 3, 2025",נתיבי איילון / CRG הנדסה,LO01,190457.703,651691.352
423,423.000000,לוד,לוד,0.000000, ,17018.000000,188260.599100,650156.085500,בתכנון,יוספטל - כניסה למבנה הרכבת,גיורא יוספטל,רכבת, , , ,לא,כן,לא,לא,לא,לא,לא, ,לא,לא,לא, ,LOD,"רבעון 3, 2025",נתיבי איילון / CRG הנדסה,LO05,188260.599,650156.086
424,424.000000,לוד,לוד,0.000000, ,17019.000000,188035.784400,649935.562200,בתכנון,יוספטל - אפריאט,גיורא יוספטל,הרב אפריאט, , , ,לא,כן,לא,לא,לא,לא,לא, ,לא,לא,לא, ,LOD,"רבעון 3, 2025",נתיבי איילון / CRG הנדסה,LO08,188035.784,649935.562
425,425.000000,לוד,לוד,0.000000, ,17020.000000,187919.138400,649714.265400,בתכנון,יוספטל - אחימאיר,גיורא יוספטל,אבא אחימאיר, , , ,לא,כן,לא,לא,לא,לא,לא, ,לא,לא,לא, ,LOD,"רבעון 3, 2025",נתיבי איילון / CRG הנדסה,LO09,187919.138,649714.265
426,426.000000,לוד,לוד,0.000000, ,17021.000000,189714.222500,650625.410900,בתכנון,דוד המלך - אלי כהן,שדרות דוד המלך,אלי כהן, , , ,לא,כן,לא,לא,לא,לא,לא, ,לא,לא,לא, ,LOD,"רבעון 3, 2025",נתיבי איילון / CRG הנדסה,LO11,189714.223,650625.411
427,427.000000,לוד,לוד,0.000000, ,17022.000000,189440.379700,650858.717600,בתכנון,דוד המלך - אלפעל,שדרות דוד המלך,אלפעל, , , ,לא,כן,לא,לא,לא,לא,לא, ,לא,לא,לא, ,LOD,"רבעון 3, 2025",נתיבי איילון / CRG הנדסה,LO14,189440.38,650858.718
428,428.000000,לוד,לוד,0.000000, ,17023.000000,189206.575300,650857.715500,בתכנון,חטיבת יפתח - נתן שוורץ,חטיבת יפתח,נתן שוורץ, , , ,לא,כן,לא,לא,לא,לא,לא, ,לא,לא,לא, ,LOD,"רבעון 3, 2025",נתיבי איילון / CRG הנדסה,LO15,189206.575,650857.716
429,429.000000,לוד,לוד,0.000000, ,17024.000000,189114.788100,650782.918300,בתכנון,חטיבת יפתח - אברהם מזרחי,חטיבת יפתח,אברהם מזרחי, , , ,לא,כן,לא,לא,לא,לא,לא, ,לא,לא,לא, ,LOD,"רבעון 3, 2025",נתיבי איילון / CRG הנדסה,LO16,189114.788,650782.918
430,430.000000,לוד,לוד,0.000000, ,17025.000000,188924.114700,650627.789200,בתכנון,חטיבת יפתח - בן חקון - יוספטל,חטיבת יפתח,בן חקון, , , ,לא,כן,לא,לא,לא,לא,לא, ,לא,לא,לא, ,LOD,"רבעון 3, 2025",נתיבי איילון / CRG הנדסה,LO17,188924.115,650627.789
431,431.000000,לוד,לוד,0.000000, ,17026.000000,190592.293200,652080.160500,בתכנון,אבא הלל - יודפת,אבא הלל סילבר,יודפת, , , ,לא,כן,לא,לא,לא,לא,כן, ,לא,לא,לא, ,LOD,"רבעון 3, 2025",נתיבי איילון / CRG הנדסה,LO18,190592.293,652080.161
432,432.000000,לוד,לוד,0.000000, ,17027.000000,190505.403100,651830.091200,בתכנון,אבא הלל - כצנלסון (מבצע יהונ,אבא הלל סילבר,כצנלסון,מבצע יהונתן, , ,לא,כן,לא,לא,לא,לא,כן, ,לא,לא,לא, ,LOD,"רבעון 3, 2025",נתיבי איילון / CRG הנדסה,LO20,190505.403,651830.091
433,433.000000,לוד,לוד,0.000000, ,17028.000000,190234.080800,651568.680300,בתכנון,כצנלסון - סוקולוב,כצנלסון,סוקולוב, , , ,לא,כן,לא,לא,לא,לא,לא, ,לא,לא,לא, ,LOD,"רבעון 3, 2025",נתיבי איילון / CRG הנדסה,LO21,190234.081,651568.68
434,434.000000,לוד,לוד,0.000000, ,17029.000000,190208.293400,651467.662300,בתכנון,כצנלסון - גולומב,כצנלסון,גולומב, , , ,לא,כן,לא,לא,לא,לא,לא, ,לא,לא,לא, ,LOD,"רבעון 3, 2025",נתיבי איילון / CRG הנדסה,LO23,190208.293,651467.662
435,435.000000,לוד,לוד,0.000000, ,17030.000000,189832.000000,650527.000000,בתכנון,דוד המלך - כניסה לחניון - ר. ה"ר (מע"ח),כצנלסון,יעקב פלומניק, , , ,לא,כן,לא,לא,לא,לא,לא, ,לא,לא,לא, ,LOD,"רבעון 3, 2025",נתיבי איילון / CRG הנדסה,LO12,189832,650527
436,436.000000,לוד,לוד,0.000000, ,17031.000000,190039.261200,650740.703000,בתכנון,כיכר הבנים,כצנלסון,הרצל,הנשיא,העצמאות, ,לא,כן,לא,לא,לא,לא,כן, ,לא,לא,לא, ,LOD,"רבעון 3, 2025",נתיבי איילון / CRG הנדסה,LO28,190039.261,650740.703
437,437.000000,לוד,לוד,0.000000, ,17032.000000,188536.000000,650250.000000,בתכנון,יוספטל - הצנחנים,גיורא יוספטל,הצנחנים, , , ,לא,כן,לא,לא,לא,לא,לא, ,לא,לא,לא, ,LOD,"רבעון 3, 2025",נתיבי איילון / CRG הנדסה,LO06,188536,650250
438,438.000000,נס ציונה,נס ציונה,0.000000, ,19001.000000,181034.613100,647582.136600,קיים,ויצמן - הנפת הדרך,ויצמן,דרך הנפת הדגל, , , ,לא,לא,כן,לא,לא,לא,לא, ,לא,לא,לא, ,NS,"רבעון 3, 2025",נתיבי איילון / CRG הנדסה,LO35,181034.613,647582.137
439,439.000000,נס ציונה,נס ציונה,0.000000, ,19002.000000,181006.308300,647792.527300,קיים,ויצמן - החרש,ויצמן,החרש, , , ,לא,לא,כן,לא,לא,לא,לא, ,לא,לא,לא, ,NS,"רבעון 3, 2025",נתיבי איילון / CRG הנדסה, ,181006.308,647792.527
440,440.000000,נס ציונה,נס ציונה,0.000000, ,19003.000000,180997.977800,647990.561400,קיים,ויצמן - בן גוריון,ויצמן,בן גוריון,דרך יצחק רבין, , ,לא,לא,כן,לא,לא,לא,לא, ,לא,לא,לא, ,NS,"רבעון 3, 2025",נתיבי איילון / CRG הנדסה, ,180997.978,647990.561
441,441.000000,נס ציונה,נס ציונה,0.000000, ,19004.000000,181076.026300,648518.973900,קיים,ויצמן - עמק השושנים,ויצמן,עמק השושנים,הבנים, , ,לא,לא,כן,לא,לא,לא,לא, ,לא,לא,לא, ,NS,"רבעון 3, 2025",נתיבי איילון / CRG הנדסה, ,181076.026,648518.974
442,442.000000,נס ציונה,נס ציונה,0.000000, ,19005.000000,181200.388000,649350.848200,קיים,ויצמן - מרגולין,ויצמן,מרגולין,המאה ואחד, , ,לא,לא,כן,לא,לא,לא,לא, ,לא,לא,לא, ,NS,"רבעון 3, 2025",נתיבי איילון / CRG הנדסה, ,181200.388,649350.848
443,443.000000,נס ציונה,נס ציונה,0.000000, ,19006.000000,180741.000000,647958.000000,קיים,יצחק רבין - החניך הראשון,יצחק רבין,החניך הראשון,תרמ"ג, , ,לא,לא,לא,לא,לא,לא,לא, ,לא,כן,לא, ,NS,"רבעון 3, 2025",נתיבי איילון / CRG הנדסה, ,180741,647958
444,444.000000,נס ציונה,נס ציונה,0.000000, ,19007.000000,179822.000000,647758.000000,קיים,יצחק רבין - עמק השושנים - שדות העמק,יצחק רבין,עמק השושנים,שדות העמק, , ,לא,לא,לא,לא,לא,לא,לא, ,לא,כן,לא, ,NS,"רבעון 3, 2025",נתיבי איילון / CRG הנדסה, ,179822,647758
445,445.000000,נס ציונה,נס ציונה,0.000000, ,19008.000000,179190.000000,647655.000000,קיים,יצחק רבין - האלופים,יצחק רבין,האלופים, , , ,לא,לא,לא,לא,לא,לא,לא, ,לא,כן,לא, ,NS,"רבעון 3, 2025",נתיבי איילון / CRG הנדסה, ,179190,647655
446,446.000000,נס ציונה,נס ציונה,0.000000, ,19009.000000,180735.000000,647559.000000,קיים,תרמ"ג - הנפת הדגל,תרמ"ג,הנפת הדגל, , , ,לא,לא,לא,לא,לא,לא,לא, ,לא,כן,לא, ,NS,"רבעון 3, 2025",נתיבי איילון / CRG הנדסה, ,180735,647559
447,447.000000,נס ציונה,נס ציונה,0.000000, ,19010.000000,182041.000000,647591.000000,קיים,הנפת הדגל - 4303,הנפת הדגל,כביש 4303, , , ,לא,לא,לא,לא,לא,לא,לא, ,לא,כן,לא, ,NS,"רבעון 3, 2025",נתיבי איילון / CRG הנדסה, ,182041,647591
448,448.000000,נס ציונה,נס ציונה,0.000000, ,19011.000000,182410.000000,648979.000000,קיים,מרגולין - ישראל שמיר,מרגולין,ישראל שמיר, , , ,לא,לא,לא,לא,לא,לא,לא, ,לא,כן,לא, ,NS,"רבעון 3, 2025",נתיבי איילון / CRG הנדסה, ,182410,648979
449,449.000000,נס ציונה,נס ציונה,0.000000, ,19012.000000,182130.000000,649107.000000,קיים,מרגולין - רמב"ם,מרגולין,רמב"ם, , , ,לא,לא,לא,לא,לא,לא,לא, ,לא,כן,לא, ,NS,"רבעון 3, 2025",נתיבי איילון / CRG הנדסה, ,182130,649107
450,450.000000,נס ציונה,נס ציונה,0.000000, ,19013.000000,181593.000000,649280.000000,קיים,מרגולין - אפרים קומרוב,מרגולין,שדרות אפרים קומרוב, , , ,לא,לא,לא,לא,לא,לא,לא, ,לא,כן,לא, ,NS,"רבעון 3, 2025",נתיבי איילון / CRG הנדסה, ,181593,649280
451,451.000000,נס ציונה,נס ציונה,0.000000, ,19014.000000,182428.000000,648753.000000,קיים,ישראל שמיר - דוד אלעזר,ישראל שמיר,דוד אלעזר, , , ,לא,לא,לא,לא,לא,לא,לא, ,לא,כן,לא, ,NS,"רבעון 3, 2025",נתיבי איילון / CRG הנדסה, ,182428,648753
452,452.000000,נס ציונה,נס ציונה,0.000000, ,19015.000000,181174.000000,647268.000000,קיים,ויצמן - אריאל שרון,ויצמן,אריאל שרון, , , ,לא,לא,כן,לא,לא,לא,לא, ,לא,לא,לא, ,NS,"רבעון 3, 2025",נתיבי איילון / CRG הנדסה, ,181174,647268
453,453.000000,נס ציונה,נס ציונה,0.000000, ,19016.000000,182083.000000,648358.000000,קיים,נורדאו - הבנים,נורדאו,הבנים, , , ,לא,לא,לא,לא,לא,לא,לא, ,לא,כן,לא, ,NS,"רבעון 3, 2025",נתיבי איילון / CRG הנדסה, ,182083,648358
454,454.000000,נס ציונה,נס ציונה,0.000000, ,19017.000000,181166.000000,648937.000000,בתכנון,ויצמן - אירוסים,ויצמן, , , , ,לא,לא,כן,לא,לא,לא,לא, ,לא,לא,לא, ,NS,"רבעון 3, 2025",נתיבי איילון / CRG הנדסה, ,181166,648937
455,455.000000,נס ציונה,נס ציונה,0.000000, ,19018.000000,181270.000000,649855.000000,קיים,412 - צדק,412,צדק, , , ,לא,לא,כן,לא,לא,לא,לא, ,לא,לא,לא, ,NS,"רבעון 3, 2025",נתיבי איילון / CRG הנדסה, ,181270,649855
456,456.000000,סביון,נתיבי איילון,0.000000, ,10028.000000,187473.520900,661421.834200,קיים,חטיבת אלכסנדרוני - מבואות סביון,חטיבת אלכסנדרוני,לוי אשכול,מבואות (סביון), , ,לא,כן,לא,לא,לא,לא,לא, ,לא,לא,לא, ,SAV,"רבעון 3, 2025",נתיבי איילון / CRG הנדסה,KO20,187473.521,661421.834
457,457.000000,קרית אונו,נתיבי איילון,0.000000, ,10025.000000,187573.536900,660549.010100,קיים,חטיבת אלכסנדרוני - תחנת כיבוי אש והצלה,חטיבת אלכסנדרוני,תחנת כיבוי אש והצלה, , , ,לא,כן,לא,לא,לא,לא,לא, ,לא,לא,לא, ,KO,"רבעון 3, 2025",נתיבי איילון / CRG הנדסה,KO26,187573.537,660549.01
458,458.000000,פתח תקווה,נת"ע,0.000000,א,9001.000000,186359.483300,666636.128900,קיים,זבוטינסקי אינשטיין,ז'בוטינסקי,אינשטיין,אריה שנקר, , ,כן,לא,לא,כן,לא,לא,לא, ,לא,לא,לא,85,PT,"רבעון 3, 2025",נתיבי איילון / CRG הנדסה, ,186359.483,666636.129
459,459.000000,פתח תקווה,נת"ע,0.000000,א,9002.000000,186686.547800,666600.423000,קיים,זבוטינסקי הסיבים,ז'בוטינסקי,הסיבים, , , ,כן,לא,לא,כן,לא,לא,לא, ,לא,לא,לא,86,PT,"רבעון 3, 2025",נתיבי איילון / CRG הנדסה, ,186686.548,666600.423
460,460.000000,פתח תקווה,נת"ע,0.000000,א,9003.000000,186913.067800,666576.366800,קיים,זבוטינסקי שחם,ז'בוטינסקי,שחם, , , ,כן,לא,לא,כן,לא,לא,לא, ,לא,לא,לא,87,PT,"רבעון 3, 2025",נתיבי איילון / CRG הנדסה, ,186913.068,666576.367
461,461.000000,פתח תקווה,נת"ע,0.000000,א,9004.000000,187120.097100,666551.851200,קיים,זבוטינסקי דרך יצחק רבין,ז'בוטינסקי,דרך יצחק רבין,משה דיין, , ,כן,לא,לא,כן,לא,לא,לא, ,לא,לא,לא,88,PT,"רבעון 3, 2025",נתיבי איילון / CRG הנדסה, ,187120.097,666551.851
462,462.000000,פתח תקווה,נת"ע,0.000000,א,9005.000000,187347.584900,666527.955300,קיים,זבוטינסקי מוטה גור,ז'בוטינסקי,מוטה גור,דנמרק, , ,כן,לא,לא,כן,לא,לא,לא, ,לא,לא,לא,89,PT,"רבעון 3, 2025",נתיבי איילון / CRG הנדסה, ,187347.585,666527.955
463,463.000000,פתח תקווה,נת"ע,0.000000,א,9006.000000,187542.000000,666512.000000,קיים,זבוטינסקי - בזל,ז'בוטינסקי,בזל, , , ,כן,לא,לא,כן,לא,לא,לא, ,לא,לא,לא,90,PT,"רבעון 3, 2025",נתיבי איילון / CRG הנדסה, ,187542,666512
464,464.000000,פתח תקווה,נת"ע,0.000000,א,9007.000000,187796.950900,666481.253400,קיים,זבוטינסקי קפלן אליעזר,ז'בוטינסקי,אליעזר קפלן,הרב משה מלכה, , ,כן,לא,לא,כן,לא,לא,לא, ,לא,לא,לא,91,PT,"רבעון 3, 2025",נתיבי איילון / CRG הנדסה, ,187796.951,666481.253
465,465.000000,פתח תקווה,נת"ע,0.000000,א,9008.000000,187996.329000,666455.680400,קיים,זבוטינסקי צה"ל,ז'בוטינסקי,מאיר דנקנר, , , ,כן,לא,לא,כן,לא,לא,לא, ,לא,לא,לא,92,PT,"רבעון 3, 2025",נתיבי איילון / CRG הנדסה, ,187996.329,666455.68
466,466.000000,פתח תקווה,נת"ע,0.000000,א,9009.000000,188446.555700,666398.702700,קיים,זבוטינסקי כצנלסון ברל,ז'בוטינסקי,ברל כצנלסון,זאב אורלוב, , ,כן,לא,לא,כן,לא,לא,לא, ,לא,לא,לא,93,PT,"רבעון 3, 2025",נתיבי איילון / CRG הנדסה, ,188446.556,666398.703
467,467.000000,פתח תקווה,נת"ע,0.000000,א,9010.000000,188640.999000,666591.974600,קיים,אורלוב זאב קרול יעקב,יעקב קרול,זאב אורלוב, , , ,לא,לא,לא,כן,לא,לא,לא, ,לא,לא,לא,94,PT,"רבעון 3, 2025",נתיבי איילון / CRG הנדסה, ,188640.999,666591.975
468,468.000000,פתח תקווה,נת"ע,0.000000,א,9011.000000,188858.917200,666693.003300,קיים,רוטשילד אורלוב זאב,זאב אורלוב,רוטשילד, , , ,לא,לא,לא,כן,לא,לא,לא, ,לא,לא,לא,95,PT,"רבעון 3, 2025",נתיבי איילון / CRG הנדסה, ,188858.917,666693.003
469,469.000000,פתח תקווה,נת"ע,0.000000,א,9012.000000,188998.000000,666745.000000,קיים,אורלוב - בייליס,זאב אורלוב,בייליס, , , ,לא,לא,לא,כן,לא,לא,לא, ,לא,לא,לא,96,PT,"רבעון 3, 2025",נתיבי איילון / CRG הנדסה, ,188998,666745
470,470.000000,פתח תקווה,נת"ע,0.000000,א,9013.000000,189089.745800,666770.252900,קיים,אורלוב זאב פינסקר,זאב אורלוב,פינסקר, , , ,לא,לא,לא,כן,לא,לא,לא, ,לא,לא,לא,97,PT,"רבעון 3, 2025",נתיבי איילון / CRG הנדסה, ,189089.746,666770.253
471,471.000000,פתח תקווה,נת"ע,0.000000,א,9014.000000,189353.534300,666836.488400,קיים,אורלוב זאב בר כוכבא,זאב אורלוב,בר כוכבא, , , ,לא,כן,לא,כן,לא,לא,לא, ,לא,לא,לא,98,PT,"רבעון 3, 2025",נתיבי איילון / CRG הנדסה,PT17,189353.534,666836.488
472,472.000000,פתח תקווה,נת"ע,0.000000,א,9015.000000,188657.031500,666721.175900,קיים,קרול יעקב לודיוב,יעקב קרול,לודיוב,דוד טבצ'ניק, , ,לא,לא,לא,לא,לא,לא,לא, ,לא,כן,לא,321,PT,"רבעון 3, 2025",נתיבי איילון / CRG הנדסה, ,188657.032,666721.176
473,473.000000,פתח תקווה,נת"ע,0.000000,א,9016.000000,188609.284300,666372.239900,קיים,זבוטינסקי שדה יצחק,ז'בוטינסקי,יצחק שדה,יעקב קרול, , ,כן,לא,לא,כן,לא,לא,לא, ,לא,לא,לא,323,PT,"רבעון 3, 2025",נתיבי איילון / CRG הנדסה, ,188609.284,666372.24
474,474.000000,פתח תקווה,נת"ע,0.000000,א,9017.000000,189359.636500,666925.593600,קיים,בר כוכבא,בר כוכבא (תחנה מרכזית), , , , ,לא,לא,לא,כן,לא,לא,לא, ,לא,לא,לא,326,PT,"רבעון 3, 2025",נתיבי איילון / CRG הנדסה, ,189359.637,666925.594
475,475.000000,פתח תקווה,נת"ע,0.000000,א,9018.000000,189688.364600,666923.535900,קיים,המכבים אורלוב זאב,המכבים,זאב אורלוב,דרך יוסף ספיר, , ,לא,כן,לא,כן,לא,לא,לא, ,לא,לא,לא,328,PT,"רבעון 3, 2025",נתיבי איילון / CRG הנדסה,PT16,189688.365,666923.536
476,476.000000,פתח תקווה,נת"ע,0.000000,א,9019.000000,188646.555500,666788.824600,קיים,לודיוב - מרדכי בצ'איב,לודיוב,מרדכי בצ'איב, , , ,לא,לא,לא,לא,לא,לא,לא, ,לא,כן,לא,321-2,PT,"רבעון 3, 2025",נתיבי איילון / CRG הנדסה, ,188646.556,666788.825
477,477.000000,פתח תקווה,נת"ע,0.000000,א,9020.000000,188616.000000,666872.000000,בתכנון,לודיוב - פנחס מאירי,לודיוב,פנחס מאירי, , , ,לא,לא,לא,לא,לא,לא,לא, ,לא,כן,לא,321-3,PT,"רבעון 3, 2025",נתיבי איילון / CRG הנדסה, ,188616,666872
478,478.000000,פתח תקווה,נת"ע,0.000000,א,9021.000000,188530.000000,666506.000000,קיים,אורלוב - מעבר חציה,זאב אורלוב, , , , ,לא,לא,לא,כן,לא,לא,לא, ,לא,לא,לא,93-א,PT,"רבעון 3, 2025",נתיבי איילון / CRG הנדסה, ,188530,666506
479,479.000000,פתח תקווה,נת"ע,0.000000,א,9022.000000,189567.185400,666876.572500,קיים,אורלוב זאב,זאב אורלוב (תחנה מרכזית?), , , , ,לא,לא,לא,כן,לא,לא,לא, ,לא,לא,לא, ,PT,"רבעון 3, 2025",נתיבי איילון / CRG הנדסה,PT16,189567.185,666876.572
480,480.000000,פתח תקווה,נת"ע,0.000000,א,9023.000000,187082.901300,666345.809400,קיים,דרך יצחק רבין תוצרת הארץ,דרך יצחק רבין,תוצרת הארץ, , , ,לא,כן,לא,לא,לא,לא,לא, ,לא,לא,לא,314,PT,"רבעון 3, 2025",נתיבי איילון / CRG הנדסה, ,187082.901,666345.809
481,481.000000,פתח תקווה,נת"י,0.000000,א,9024.000000,186933.134500,664070.179600,קיים,דרך יצחק רבין - 471 צפוני,דרך 471,דרך יצחק רבין,לוי אשכול (קריית אונו), , ,כן,כן,לא,לא,לא,לא,לא, ,כן,לא,לא, ,PT,"רבעון 3, 2025",נתיבי איילון / CRG הנדסה,PT08,186933.135,664070.18
482,482.000000,פתח תקווה,פתח תקווה,0.000000,א,9025.000000,186910.631000,664538.748300,קיים,דרך יצחק רבין העצמאות,דרך יצחק רבין, העצמאות, , , ,לא,כן,לא,לא,לא,לא,לא, ,לא,לא,לא, ,PT,"רבעון 3, 2025",נתיבי איילון / CRG הנדסה,PT07,186910.631,664538.748
483,483.000000,פתח תקווה,פתח תקווה,0.000000,א,9026.000000,186966.701700,665478.187100,קיים,דרך יצחק רבין אורן אבי,דרך יצחק רבין,אבי אורן, , , ,לא,כן,לא,לא,לא,לא,לא, ,לא,לא,לא, ,PT,"רבעון 3, 2025",נתיבי איילון / CRG הנדסה,PT04,186966.702,665478.187
484,484.000000,פתח תקווה,פתח תקווה,0.000000,א,9027.000000,186973.607500,665668.792900,קיים,דרך יצחק רבין דרנגר טובה וש,דרך יצחק רבין,טובה ושמעון דרנגר, , , ,לא,כן,לא,לא,לא,לא,לא, ,לא,לא,לא, ,PT,"רבעון 3, 2025",נתיבי איילון / CRG הנדסה,PT03,186973.607,665668.793
485,485.000000,פתח תקווה,פתח תקווה,0.000000,א,9028.000000,187027.060300,665962.228900,קיים,דרך יצחק רבין דגניה,דרך יצחק רבין,דגניה, , , ,לא,כן,לא,לא,לא,לא,לא, ,לא,לא,לא, ,PT,"רבעון 3, 2025",נתיבי איילון / CRG הנדסה,PT02,187027.06,665962.229
486,486.000000,פתח תקווה,פתח תקווה,0.000000, ,9029.000000,186792.239400,665685.360800,קיים,דרנגר טובה ושמשון שחם,טובה ושמעון דרנגר,שחם, , , ,לא,לא,לא,לא,לא,לא,לא, ,לא,כן,לא, ,PT,"רבעון 3, 2025",נתיבי איילון / CRG הנדסה, ,186792.239,665685.361
487,487.000000,פתח תקווה,נת"ע,0.000000,א,9030.000000,185702.537300,666621.841200,קיים,זבוטינסקי,ז'בוטינסקי,כביש 4, , , ,כן,לא,לא,לא,לא,לא,לא, ,לא,לא,לא, ,PT,"רבעון 3, 2025",נתיבי איילון / CRG הנדסה, ,185702.537,666621.841
488,488.000000,פתח תקווה,פתח תקווה,0.000000, ,9031.000000,186888.522700,666367.780300,קיים,תוצרת הארץ שחם,תוצרת הארץ,שחם,רחוב 397, , ,לא,לא,לא,לא,לא,לא,לא, ,לא,כן,לא, ,PT,"רבעון 3, 2025",נתיבי איילון / CRG הנדסה, ,186888.523,666367.78
489,489.000000,פתח תקווה,פתח תקווה,0.000000, ,9032.000000,186660.821400,666446.466400,קיים,הסיבים השילוח,הסיבים,השילוח,רחוב 397, , ,לא,לא,לא,לא,לא,לא,לא, ,לא,כן,לא, ,PT,"רבעון 3, 2025",נתיבי איילון / CRG הנדסה, ,186660.821,666446.466
490,490.000000,פתח תקווה,נת"ע,0.000000,א,9033.000000,185965.584900,666636.790800,קיים,זבוטינסקי היצירה,ז'בוטינסקי,היצירה, , , ,כן,לא,לא,לא,לא,לא,לא, ,לא,לא,לא, ,PT,"רבעון 3, 2025",נתיבי איילון / CRG הנדסה, ,185965.585,666636.791
491,491.000000,פתח תקווה,פתח תקווה,0.000000,א,9034.000000,189890.983700,667048.309900,קיים,דרך ספיר יוסף גולומב אליהו,דרך יוסף ספיר,אליהו גולומב, , , ,לא,כן,לא,לא,לא,לא,לא, ,לא,לא,לא, ,PT,"רבעון 3, 2025",נתיבי איילון / CRG הנדסה,PT14,189890.984,667048.31
492,492.000000,פתח תקווה,פתח תקווה,0.000000, ,9035.000000,185970.875200,666756.311400,קיים,היצירה אפעל,היצירה,אפעל, , , ,לא,לא,לא,לא,לא,לא,לא, ,לא,כן,לא, ,PT,"רבעון 3, 2025",נתיבי איילון / CRG הנדסה, ,185970.875,666756.311
493,493.000000,פתח תקווה,פתח תקווה,0.000000, ,9036.000000,186486.729300,666795.563900,קיים,שנקר אריה המפעלים,אריה שנקר,המעפילים,עמל, , ,לא,לא,לא,לא,לא,לא,לא, ,לא,כן,לא, ,PT,"רבעון 3, 2025",נתיבי איילון / CRG הנדסה, ,186486.729,666795.564
494,494.000000,פתח תקווה,פתח תקווה,0.000000, ,9037.000000,186035.030500,667020.323900,קיים,היצירה עמל,היצירה,עמל, , , ,לא,לא,לא,לא,לא,לא,לא, ,לא,כן,לא, ,PT,"רבעון 3, 2025",נתיבי איילון / CRG הנדסה, ,186035.031,667020.324
495,495.000000,פתח תקווה,פתח תקווה,0.000000, ,9038.000000,186106.857100,667170.759400,קיים,היצירה גהל מרטין,היצירה,מרטין גהל,האופן, , ,לא,לא,לא,לא,לא,לא,לא, ,לא,כן,לא, ,PT,"רבעון 3, 2025",נתיבי איילון / CRG הנדסה, ,186106.857,667170.759
496,496.000000,פתח תקווה,פתח תקווה,0.000000, ,9039.000000,186133.527400,667479.157700,קיים,גהל מרטין דרך אם המושבות,דרך אם המושבות,מרטין גהל, , , ,לא,לא,לא,לא,לא,לא,לא, ,לא,כן,לא, ,PT,"רבעון 3, 2025",נתיבי איילון / CRG הנדסה, ,186133.527,667479.158
497,497.000000,פתח תקווה,פתח תקווה,0.000000, ,9040.000000,186702.117000,667583.868500,קיים,דרך אם המושבות השפלה,דרך אם המושבות,השפלה, , , ,לא,לא,לא,לא,לא,לא,לא, ,לא,כן,לא, ,PT,"רבעון 3, 2025",נתיבי איילון / CRG הנדסה, ,186702.117,667583.868
498,498.000000,פתח תקווה,פתח תקווה,0.000000, ,9041.000000,187345.874800,667742.009200,קיים,דרך אם המושבות - גרניט - הרכבת,דרך אם המושבות,גרניט,הרכבת/אצטדיון, , ,לא,לא,לא,לא,לא,לא,לא, ,לא,כן,לא, ,PT,"רבעון 3, 2025",נתיבי איילון / CRG הנדסה, ,187345.875,667742.009
499,499.000000,פתח תקווה,פתח תקווה,0.000000, ,9042.000000,187772.383300,667891.496100,קיים,דרך אם המושבות המר זבולון,דרך אם המושבות,זבולון המר,ראשון לציון, , ,לא,לא,לא,לא,לא,לא,לא, ,לא,כן,לא, ,PT,"רבעון 3, 2025",נתיבי איילון / CRG הנדסה, ,187772.383,667891.496
500,500.000000,פתח תקווה,פתח תקווה,0.000000, ,9043.000000,186855.603300,667008.785500,קיים,יגיע כפיים גיסין אבשלום,אבשלום גיסין,יגיע כפיים,אריה שנקר, , ,לא,לא,לא,לא,לא,לא,לא, ,לא,כן,לא, ,PT,"רבעון 3, 2025",נתיבי איילון / CRG הנדסה, ,186855.603,667008.786
501,501.000000,פתח תקווה,פתח תקווה,0.000000, ,9044.000000,187045.627200,667063.593800,קיים,גיסין אבשלום דיין משה,אבשלום גיסין,משה דיין,השפלה, , ,לא,לא,לא,לא,לא,לא,לא, ,לא,כן,לא, ,PT,"רבעון 3, 2025",נתיבי איילון / CRG הנדסה, ,187045.627,667063.594
502,502.000000,פתח תקווה,פתח תקווה,0.000000, ,9045.000000,187117.228600,666916.363600,קיים,דיין משה שמשון,משה דיין,שמשון, , , ,לא,לא,לא,לא,לא,לא,לא, ,לא,כן,לא, ,PT,"רבעון 3, 2025",נתיבי איילון / CRG הנדסה, ,187117.229,666916.364
503,503.000000,פתח תקווה,פתח תקווה,0.000000, ,9046.000000,187640.927400,667296.821500,קיים,גיסין אבשלום בזל,אבשלום גיסין,בזל, , , ,לא,לא,לא,לא,לא,לא,לא, ,לא,כן,לא, ,PT,"רבעון 3, 2025",נתיבי איילון / CRG הנדסה, ,187640.927,667296.822
504,504.000000,פתח תקווה,פתח תקווה,0.000000, ,9047.000000,187971.516100,667396.071600,קיים,גיסין אבשלום המר זבולון,אבשלום גיסין,זבולון המר,הרב משה מלכה, , ,לא,לא,לא,לא,לא,לא,לא, ,לא,כן,לא, ,PT,"רבעון 3, 2025",נתיבי איילון / CRG הנדסה, ,187971.516,667396.072
505,505.000000,פתח תקווה,פתח תקווה,0.000000, ,9048.000000,188457.767100,667278.913500,קיים,גיסין אבשלום לויתן חנן,אבשלום גיסין,חנן לויתן,ראשון לציון, , ,לא,לא,לא,לא,לא,לא,לא, ,לא,כן,לא, ,PT,"רבעון 3, 2025",נתיבי איילון / CRG הנדסה, ,188457.767,667278.913
506,506.000000,פתח תקווה,פתח תקווה,0.000000, ,9049.000000,188703.829500,667223.509500,קיים,גיסין אבשלום סנה משה,אבשלום גיסין,משה סנה, , , ,לא,לא,לא,לא,לא,לא,לא, ,לא,כן,לא, ,PT,"רבעון 3, 2025",נתיבי איילון / CRG הנדסה, ,188703.83,667223.51
507,507.000000,פתח תקווה,פתח תקווה,0.000000, ,9050.000000,188956.165300,667219.331000,קיים,גיסין אבשלום פינסקר,אבשלום גיסין,פינסקר,מבצע יפתח, , ,לא,לא,לא,לא,לא,לא,לא, ,לא,כן,לא, ,PT,"רבעון 3, 2025",נתיבי איילון / CRG הנדסה, ,188956.165,667219.331
508,508.000000,פתח תקווה,פתח תקווה,0.000000, ,9051.000000,189167.696900,667237.161400,קיים,גיסין אבשלום ברוך איסחקוב,אבשלום גיסין,ברוך איסחקוב, , , ,לא,לא,לא,לא,לא,לא,לא, ,לא,כן,לא, ,PT,"רבעון 3, 2025",נתיבי איילון / CRG הנדסה, ,189167.697,667237.161
509,509.000000,פתח תקווה,פתח תקווה,0.000000, ,9052.000000,189408.520800,667254.782400,קיים,גיסין אבשלום בן דרור מרדכי,אבשלום גיסין,מדרכי בן דרור,המכבים,חיה פינשטיין, ,לא,לא,לא,לא,לא,לא,לא, ,לא,כן,לא, ,PT,"רבעון 3, 2025",נתיבי איילון / CRG הנדסה, ,189408.521,667254.782
510,510.000000,פתח תקווה,פתח תקווה,0.000000, ,9053.000000,189588.214100,667347.574300,קיים,בן דרור מרדכי דורני שלום,מדרכי בן דרור,שלום דורני, , , ,לא,לא,לא,לא,לא,לא,לא, ,לא,כן,לא, ,PT,"רבעון 3, 2025",נתיבי איילון / CRG הנדסה, ,189588.214,667347.574
511,511.000000,פתח תקווה,פתח תקווה,0.000000, ,9054.000000,189957.637200,667554.977900,קיים,בן דרור מרדכי,מדרכי בן דרור, , , , ,לא,לא,לא,לא,לא,לא,לא, ,לא,כן,לא, ,PT,"רבעון 3, 2025",נתיבי איילון / CRG הנדסה, ,189957.637,667554.978
512,512.000000,פתח תקווה,פתח תקווה,0.000000, ,9055.000000,187900.669000,667032.933200,קיים,הרב מלכה משה גרינשפן,הרב משה מלכה,גרינשפן, , , ,לא,לא,לא,לא,לא,לא,לא, ,לא,כן,לא, ,PT,"רבעון 3, 2025",נתיבי איילון / CRG הנדסה, ,187900.669,667032.933
513,513.000000,פתח תקווה,פתח תקווה,0.000000, ,9056.000000,188473.624200,667041.663900,קיים,גרינשפן לודיוב,גרינשפן,לודיוב,חנן לויתן, , ,לא,לא,לא,לא,לא,לא,לא, ,לא,כן,לא, ,PT,"רבעון 3, 2025",נתיבי איילון / CRG הנדסה, ,188473.624,667041.664
514,514.000000,פתח תקווה,פתח תקווה,0.000000, ,9057.000000,188738.302700,667380.366500,קיים,סנה משה רום יעל,משה סנה,יעל רום, , , ,לא,לא,לא,לא,לא,לא,לא, ,לא,כן,לא, ,PT,"רבעון 3, 2025",נתיבי איילון / CRG הנדסה, ,188738.303,667380.367
515,515.000000,פתח תקווה,פתח תקווה,0.000000, ,9058.000000,188508.432900,667550.811300,קיים,ראשון לציון זכרון יעקב,ראשון לציון,זכרון יעקב,משה פלד, , ,לא,לא,לא,לא,לא,לא,לא, ,לא,כן,לא, ,PT,"רבעון 3, 2025",נתיבי איילון / CRG הנדסה, ,188508.433,667550.811
516,516.000000,פתח תקווה,פתח תקווה,0.000000, ,9059.000000,188507.269200,667919.640500,קיים,ראשון לציון רחובות,ראשון לציון,רחובות,האלוף רחבעם זאבי, , ,לא,לא,לא,לא,לא,לא,לא, ,לא,כן,לא, ,PT,"רבעון 3, 2025",נתיבי איילון / CRG הנדסה, ,188507.269,667919.64
517,517.000000,פתח תקווה,פתח תקווה,0.000000, ,9060.000000,188459.207800,668080.573400,קיים,ראשון לציון רפאלי שרגא,ראשון לציון,שרגא רפאלי, , , ,לא,לא,לא,לא,לא,לא,לא, ,לא,כן,לא, ,PT,"רבעון 3, 2025",נתיבי איילון / CRG הנדסה, ,188459.208,668080.573
518,518.000000,פתח תקווה,פתח תקווה,0.000000, ,9061.000000,187181.439200,665455.012100,קיים,אורן אבי דנמרק,אבי אורן,דנמרק, , , ,לא,לא,לא,לא,לא,לא,לא, ,לא,כן,לא, ,PT,"רבעון 3, 2025",נתיבי איילון / CRG הנדסה, ,187181.439,665455.012
519,519.000000,פתח תקווה,פתח תקווה,0.000000, ,9062.000000,187387.536300,665428.636800,קיים,אורן אבי דגל ראובן,דגל ראובן,אבי אורן,אמסטרדם,הצייר, ,לא,לא,לא,לא,לא,לא,לא, ,לא,כן,לא, ,PT,"רבעון 3, 2025",נתיבי איילון / CRG הנדסה, ,187387.536,665428.637
520,520.000000,פתח תקווה,פתח תקווה,0.000000, ,9063.000000,187638.688100,665395.706800,קיים,דגל ראובן קפלן אליעזר,דגל ראובן,אליעזר קפלן, , , ,לא,לא,לא,לא,לא,לא,לא, ,לא,כן,לא, ,PT,"רבעון 3, 2025",נתיבי איילון / CRG הנדסה, ,187638.688,665395.707
521,521.000000,פתח תקווה,פתח תקווה,0.000000, ,9064.000000,187851.728000,665427.283100,קיים,דגל ראובן צה"ל,דגל ראובן,צה"ל, , , ,לא,לא,לא,לא,לא,לא,לא, ,לא,כן,לא, ,PT,"רבעון 3, 2025",נתיבי איילון / CRG הנדסה, ,187851.728,665427.283
522,522.000000,פתח תקווה,פתח תקווה,0.000000, ,9065.000000,187928.153600,665431.905900,קיים,דגל ראובן בן גוריון,דגל ראובן,בן גוריון, , , ,לא,לא,לא,לא,לא,לא,לא, ,לא,כן,לא, ,PT,"רבעון 3, 2025",נתיבי איילון / CRG הנדסה, ,187928.154,665431.906
523,523.000000,פתח תקווה,פתח תקווה,0.000000, ,9066.000000,187707.025600,665862.944500,קיים,קפלן אליעזר ארלוזורוב,ארלוזרוב,אליעזר קפלן,אנסקי, , ,לא,לא,לא,לא,לא,לא,לא, ,לא,כן,לא, ,PT,"רבעון 3, 2025",נתיבי איילון / CRG הנדסה, ,187707.026,665862.945
524,524.000000,פתח תקווה,פתח תקווה,0.000000, ,9067.000000,188427.874700,665427.477500,קיים,לוחמי הגיטו דגל ראובן,דגל ראובן,לוחמי הגיטו, , , ,לא,לא,לא,לא,לא,לא,לא, ,לא,כן,לא, ,PT,"רבעון 3, 2025",נתיבי איילון / CRG הנדסה, ,188427.875,665427.478
525,525.000000,פתח תקווה,פתח תקווה,0.000000, ,9068.000000,188655.985200,665420.598200,קיים,דגל ראובן טרומפלדור,דגל ראובן,טרומפלדור, , , ,לא,לא,לא,לא,לא,לא,לא, ,לא,כן,לא, ,PT,"רבעון 3, 2025",נתיבי איילון / CRG הנדסה, ,188655.985,665420.598
526,526.000000,פתח תקווה,פתח תקווה,0.000000, ,9069.000000,188663.019700,665818.740700,קיים,ארלוזורוב טרומפלדור,ארלוזרוב,טרומפלדור,דוד פרנקפורטר, , ,לא,לא,לא,לא,לא,לא,לא, ,לא,כן,לא, ,PT,"רבעון 3, 2025",נתיבי איילון / CRG הנדסה, ,188663.02,665818.741
527,527.000000,פתח תקווה,פתח תקווה,0.000000, ,9070.000000,188845.278200,664994.594100,קיים,הנשיאים יטקובסקי אחים,הנשיאים,אחים יטקובסקי,אשר בר-לוי, , ,לא,לא,לא,לא,לא,לא,לא, ,לא,כן,לא, ,PT,"רבעון 3, 2025",נתיבי איילון / CRG הנדסה, ,188845.278,664994.594
528,528.000000,פתח תקווה,פתח תקווה,0.000000, ,9071.000000,189210.446800,664620.001100,קיים,זרובבל יעקב הנשיאים,הנשיאים,יעקב זורבבל,י"ד הבנים,העצמאות, ,לא,לא,לא,לא,לא,לא,לא, ,לא,כן,לא, ,PT,"רבעון 3, 2025",נתיבי איילון / CRG הנדסה, ,189210.447,664620.001
529,529.000000,פתח תקווה,פתח תקווה,0.000000, ,9072.000000,189357.008400,664729.088600,קיים,י"ד הבנים פינס יחיאל מיכל,יחיאל מיכל פינס,י"ד הבנים,רוטשילד,מיכל לייב כץ, ,לא,לא,לא,לא,לא,לא,לא, ,לא,כן,לא, ,PT,"רבעון 3, 2025",נתיבי איילון / CRG הנדסה, ,189357.008,664729.089
530,530.000000,פתח תקווה,פתח תקווה,0.000000, ,9073.000000,189227.815200,665166.707400,קיים,קרן קימת לישראל רוטשילד,רוטשילד,קרן קיימת לישראל, , , ,לא,לא,לא,לא,לא,לא,לא, ,לא,כן,לא, ,PT,"רבעון 3, 2025",נתיבי איילון / CRG הנדסה, ,189227.815,665166.707
531,531.000000,פתח תקווה,פתח תקווה,0.000000, ,9074.000000,189678.108000,664990.615000,קיים,פינס יחיאל מיכל מינץ בנימין,יחיאל מיכל פינס,בנימין מינץ,חיים חפץ, , ,לא,לא,לא,לא,לא,לא,לא, ,לא,כן,לא, ,PT,"רבעון 3, 2025",נתיבי איילון / CRG הנדסה, ,189678.108,664990.615
532,532.000000,פתח תקווה,פתח תקווה,0.000000, ,9075.000000,189767.844900,665063.810300,קיים,פינס יחיאל מיכל שפרינצק,יחיאל מיכל פינס,שפרינצק,שמואל סלנט, , ,לא,לא,לא,לא,לא,לא,לא, ,לא,כן,לא, ,PT,"רבעון 3, 2025",נתיבי איילון / CRG הנדסה, ,189767.845,665063.81
533,533.000000,פתח תקווה,פתח תקווה,0.000000, ,9076.000000,190065.601100,665311.467100,קיים,פינס יחיאל מיכל הרב קלישר,יחיאל מיכל פינס,הרב קלישר, , , ,לא,לא,לא,לא,לא,לא,לא, ,לא,כן,לא, ,PT,"רבעון 3, 2025",נתיבי איילון / CRG הנדסה, ,190065.601,665311.467
534,534.000000,פתח תקווה,פתח תקווה,0.000000, ,9077.000000,190446.244600,665631.922500,קיים,עין גנים מחנה יהודה,עין גנים,מחנה יהודה,פנחס דוד, , ,לא,כן,לא,לא,לא,לא,לא, ,לא,לא,לא, ,PT,"רבעון 3, 2025",נתיבי איילון / CRG הנדסה, ,190446.245,665631.923
535,535.000000,פתח תקווה,נת"י,0.000000, ,9078.000000,191013.197400,663929.064000,קיים,ירושלים,ירושלים (כביש 40),כביש 471, , , ,לא,לא,לא,לא,לא,לא,לא, ,כן,לא,לא, ,PT,"רבעון 3, 2025",נתיבי איילון / CRG הנדסה,PT22,191013.197,663929.064
536,536.000000,פתח תקווה,פתח תקווה,0.000000, ,9079.000000,191053.257000,664483.736300,קיים,ירושלים הושע,ירושלים (כביש 40),הושע, , , ,לא,לא,לא,לא,לא,לא,לא, ,לא,כן,לא, ,PT,"רבעון 3, 2025",נתיבי איילון / CRG הנדסה, ,191053.257,664483.736
537,537.000000,פתח תקווה,פתח תקווה,0.000000, ,9080.000000,191182.049600,664883.345100,קיים,דרך בגין מנחם חזן יעקב,דרך מנחם בגין,חזן יעקב, , , ,לא,לא,לא,לא,לא,לא,לא, ,לא,כן,לא, ,PT,"רבעון 3, 2025",נתיבי איילון / CRG הנדסה, ,191182.05,664883.345
538,538.000000,פתח תקווה,פתח תקווה,0.000000, ,9081.000000,191044.175300,664935.113700,קיים,ירושלים שלמה,ירושלים (כביש 40),שלמה,חזן יעקב, , ,לא,לא,לא,לא,לא,לא,לא, ,לא,כן,לא, ,PT,"רבעון 3, 2025",נתיבי איילון / CRG הנדסה,PT28,191044.175,664935.114
539,539.000000,פתח תקווה,נת"י,0.000000, ,9082.000000,191516.527300,665258.328100,קיים,ועד ארבע ארצות דרך בגין מנח,דרך מנחם בגין,ועד ארבע ארצות, , , ,לא,כן,לא,לא,לא,לא,לא, ,לא,לא,לא, ,PT,"רבעון 3, 2025",נתיבי איילון / CRG הנדסה, ,191516.527,665258.328
540,540.000000,פתח תקווה,נת"י,0.000000, ,9083.000000,190932.063200,665506.878400,קיים,ירושלים עין גנים,ירושלים (כביש 40),עין גנים,ועד ארבע ארצות, , ,לא,כן,לא,לא,לא,לא,לא, ,לא,לא,לא, ,PT,"רבעון 3, 2025",נתיבי איילון / CRG הנדסה,PT19,190932.063,665506.878
541,541.000000,פתח תקווה,פתח תקווה,0.000000, ,9084.000000,190779.020600,665463.216500,קיים,עין גנים אלתרמן נתן,עין גנים,נתן אלתרמן,אליעזר פרידמן, , ,לא,כן,לא,לא,לא,לא,לא, ,לא,לא,לא, ,PT,"רבעון 3, 2025",נתיבי איילון / CRG הנדסה,PT25,190779.021,665463.217
542,542.000000,פתח תקווה,פתח תקווה,0.000000, ,9085.000000,190330.314600,665833.627600,קיים,עין גנים אחד העם,עין גנים,אחד העם, , , ,לא,כן,לא,לא,לא,לא,לא, ,לא,לא,לא, ,PT,"רבעון 3, 2025",נתיבי איילון / CRG הנדסה,PT24,190330.315,665833.628
543,543.000000,פתח תקווה,פתח תקווה,0.000000, ,9086.000000,190149.720700,666157.251000,קיים,עין גנים וולפסון דוד,עין גנים,דוד וולפסון,א.ד.ג., , ,לא,לא,לא,לא,לא,לא,לא, ,לא,כן,לא, ,PT,"רבעון 3, 2025",נתיבי איילון / CRG הנדסה,PT21,190149.721,666157.251
544,544.000000,פתח תקווה,פתח תקווה,0.000000, ,9087.000000,189574.521400,665697.632600,קיים,סלנט שמואל אחד העם,שמואל סלנט,אחד העם, , , ,לא,לא,לא,לא,לא,לא,לא, ,לא,כן,לא, ,PT,"רבעון 3, 2025",נתיבי איילון / CRG הנדסה, ,189574.521,665697.633
545,545.000000,פתח תקווה,פתח תקווה,0.000000, ,9088.000000,189549.631600,665821.322400,קיים,סלנט שמואל עוזר חיים,שמואל סלנט,עוזר חיים,הרצל, , ,לא,לא,לא,לא,לא,לא,לא, ,לא,כן,לא, ,PT,"רבעון 3, 2025",נתיבי איילון / CRG הנדסה, ,189549.632,665821.322
546,546.000000,פתח תקווה,פתח תקווה,0.000000, ,9089.000000,189527.897300,665916.483000,קיים,עוזר חיים ההסתדרות,ההסתדרות,עוזר חיים,דוד וולפסון, , ,לא,לא,לא,לא,לא,לא,לא, ,לא,כן,לא, ,PT,"רבעון 3, 2025",נתיבי איילון / CRG הנדסה, ,189527.897,665916.483
547,547.000000,פתח תקווה,פתח תקווה,0.000000, ,9090.000000,189654.421500,665940.632000,קיים,וולפסון דוד אהרונסון שרה,דוד וולפסון,שרה אהרונסון,העלייה השניה, , ,לא,לא,לא,לא,לא,לא,לא, ,לא,כן,לא, ,PT,"רבעון 3, 2025",נתיבי איילון / CRG הנדסה, ,189654.422,665940.632
548,548.000000,פתח תקווה,פתח תקווה,0.000000, ,9091.000000,189018.022800,665865.752900,קיים,ההסתדרות פרנקפורטר דוד,ההסתדרות,דוד פרנקפורטר,רוטשילד, , ,לא,לא,לא,לא,לא,לא,לא, ,לא,כן,לא, ,PT,"רבעון 3, 2025",נתיבי איילון / CRG הנדסה, ,189018.023,665865.753
549,549.000000,פתח תקווה,פתח תקווה,0.000000, ,9092.000000,189289.632700,666309.441700,קיים,שטמפפר יהושע ברון הירש,יהושע שטמפפר,ברון הירש,פנסקר, , ,כן,לא,לא,לא,לא,לא,לא, ,לא,לא,לא, ,PT,"רבעון 3, 2025",נתיבי איילון / CRG הנדסה, ,189289.633,666309.442
550,550.000000,פתח תקווה,פתח תקווה,0.000000, ,9093.000000,189375.198800,666355.716800,קיים,שטמפפר יהושע בר כוכבא,יהושע שטמפפר,בר כוכבא,עוזר חיים, , ,כן,לא,לא,לא,לא,לא,לא, ,לא,לא,לא, ,PT,"רבעון 3, 2025",נתיבי איילון / CRG הנדסה, ,189375.199,666355.717
551,551.000000,פתח תקווה,פתח תקווה,0.000000, ,9094.000000,190844.377700,666108.199000,קיים,ירושלים אדג,ירושלים (כביש 40),א.ד.ג., , , ,לא,לא,לא,לא,לא,לא,לא, ,לא,כן,לא, ,PT,"רבעון 3, 2025",נתיבי איילון / CRG הנדסה, ,190844.378,666108.199
552,552.000000,פתח תקווה,פתח תקווה,0.000000, ,9095.000000,190903.398300,666423.606200,קיים,ירושלים הותיקים,ירושלים (כביש 40),הותיקים, , , ,לא,לא,לא,לא,לא,לא,לא, ,לא,כן,לא, ,PT,"רבעון 3, 2025",נתיבי איילון / CRG הנדסה, ,190903.398,666423.606
553,553.000000,פתח תקווה,נת"י,0.000000, ,9096.000000,190856.099900,667086.448400,קיים,ירושלים הנח"ל,ירושלים (כביש 40),הנח"ל,הרב הרצוג,כביש 483, ,לא,לא,לא,לא,לא,לא,לא, ,לא,כן,לא, ,PT,"רבעון 3, 2025",נתיבי איילון / CRG הנדסה, ,190856.1,667086.448
554,554.000000,פתח תקווה,פתח תקווה,0.000000, ,9097.000000,190164.678500,666522.875700,קיים,חזון איש אברבנאל,אברבנאל,חזון איש,סוקולוב,יוסף פפר, ,לא,לא,לא,לא,לא,לא,לא, ,לא,כן,לא, ,PT,"רבעון 3, 2025",נתיבי איילון / CRG הנדסה, ,190164.679,666522.876
555,555.000000,פתח תקווה,פתח תקווה,0.000000, ,9098.000000,189917.721800,666701.060100,קיים,אברבנאל נחלת צבי,אברבנאל,נחלת צבי, , , ,לא,לא,לא,לא,לא,לא,לא, ,לא,כן,לא, ,PT,"רבעון 3, 2025",נתיבי איילון / CRG הנדסה, ,189917.722,666701.06
556,556.000000,פתח תקווה,פתח תקווה,0.000000, ,9099.000000,189838.885900,666764.785800,קיים,אברבנאל המכבים,יהושע שטמפפר,אברבנאל,המכבים, , ,לא,לא,לא,לא,לא,לא,לא, ,לא,כן,לא, ,PT,"רבעון 3, 2025",נתיבי איילון / CRG הנדסה, ,189838.886,666764.786
557,557.000000,פתח תקווה,פתח תקווה,0.000000,א,9100.000000,190211.183200,667248.591700,קיים,דרך ספיר יוסף הרב חפוטא יאי,דרך יוסף ספיר,הרב יאיר חפוטא, , , ,לא,כן,לא,לא,לא,לא,לא, ,לא,לא,לא, ,PT,"רבעון 3, 2025",נתיבי איילון / CRG הנדסה,PT12,190211.183,667248.592
558,558.000000,פתח תקווה,פתח תקווה,0.000000, ,9101.000000,190006.514000,666886.133700,קיים,שטמפפר יהושע צלנוב יחיאל,יהושע שטמפפר,יחיאל צלנוב,אליהו גולומב, , ,לא,לא,לא,לא,לא,לא,לא, ,לא,כן,לא, ,PT,"רבעון 3, 2025",נתיבי איילון / CRG הנדסה, ,190006.514,666886.134
559,559.000000,פתח תקווה,פתח תקווה,0.000000,א,9102.000000,190389.701000,667381.667100,קיים,דרך ספיר יוסף הירקונים,דרך יוסף ספיר,הירקונים, , , ,לא,כן,לא,לא,לא,לא,לא, ,לא,לא,לא, ,PT,"רבעון 3, 2025",נתיבי איילון / CRG הנדסה,PT11,190389.701,667381.667
560,560.000000,פתח תקווה,נת"י,0.000000,א,9103.000000,190514.558200,667664.427200,קיים,הירקונים הנח"ל,הירקונים,הנח"ל,גליס, , ,לא,כן,לא,לא,לא,לא,לא, ,לא,לא,לא, ,PT,"רבעון 3, 2025",נתיבי איילון / CRG הנדסה,PT10,190514.558,667664.427
561,561.000000,פתח תקווה,פתח תקווה,0.000000,א,9104.000000,186945.108400,664912.803700,קיים,רבין - חייקה גרוסמן,דרך יצחק רבין,חייקה גרוסמן, , , ,לא,כן,לא,לא,לא,לא,לא, ,לא,לא,לא, ,PT,"רבעון 3, 2025",נתיבי איילון / CRG הנדסה,PT06,186945.108,664912.804
562,562.000000,פתח תקווה,פתח תקווה,0.000000,א,9105.000000,190069.236200,667157.584700,בתכנון,ספיר - שלום עליכם,דרך יוסף ספיר,שלום עליכם, , , ,לא,כן,לא,לא,לא,לא,לא, ,לא,לא,לא, ,PT,"רבעון 3, 2025",נתיבי איילון / CRG הנדסה,PT13,190069.236,667157.585
563,563.000000,פתח תקווה,פתח תקווה,0.000000, ,9106.000000,190326.395600,667783.051100,קיים,הרב פינטו מסעוד גליס,גליס,הרב פינטו מסעוד,אלכסנדר ינאי, , ,לא,לא,לא,לא,לא,לא,לא, ,לא,כן,לא, ,PT,"רבעון 3, 2025",נתיבי איילון / CRG הנדסה,PT10,190326.396,667783.051
564,564.000000,פתח תקווה,פתח תקווה,0.000000, ,9107.000000,189982.428700,668005.892400,קיים,גליס רבניצקי,גליס,רבינצקי,משה שוולב, , ,לא,לא,לא,לא,לא,לא,לא, ,לא,כן,לא, ,PT,"רבעון 3, 2025",נתיבי איילון / CRG הנדסה, ,189982.429,668005.892
565,565.000000,פתח תקווה,פתח תקווה,0.000000, ,9108.000000,191001.477000,669194.994800,קיים,הירקונים,הירקונים,כביש 40, , , ,לא,לא,לא,לא,לא,לא,לא, ,לא,כן,לא, ,PT,"רבעון 3, 2025",נתיבי איילון / CRG הנדסה, ,191001.477,669194.995
566,566.000000,פתח תקווה,פתח תקווה,0.000000,א,9109.000000,186965.000000,665235.000000,קיים,רבין - יצחק ויטנברג,דרך יצחק רבין,יצחק ויטנברג, , , ,לא,כן,לא,לא,לא,לא,לא, ,לא,לא,לא, ,PT,"רבעון 3, 2025",נתיבי איילון / CRG הנדסה,PT05,186965,665235
567,567.000000,פתח תקווה,פתח תקווה,0.000000, ,9110.000000,189793.000000,666985.000000,בתכנון,ספיר - מעבר חציה,דרך יוסף ספיר, , , , ,לא,כן,לא,לא,לא,לא,לא, ,לא,לא,לא, ,PT,"רבעון 3, 2025",נתיבי איילון / CRG הנדסה,PT15,189793,666985
568,568.000000,פתח תקווה,נת"י,0.000000, ,9111.000000,189318.000000,664294.000000,קיים,זורבבל - 471 צפון,יעקב זורבבל,כביש 471, , , ,לא,לא,לא,לא,לא,לא,לא, ,לא,כן,לא, ,PT,"רבעון 3, 2025",נתיבי איילון / CRG הנדסה, ,189318,664294
569,569.000000,פתח תקווה,נת"י,0.000000, ,9112.000000,189331.000000,664127.000000,קיים,זורבבל - 471 דרום,יעקב זורבבל,כביש 471, , , ,לא,לא,לא,לא,לא,לא,לא, ,לא,כן,לא, ,PT,"רבעון 3, 2025",נתיבי איילון / CRG הנדסה, ,189331,664127
570,570.000000,פתח תקווה,נת"י,0.000000, ,9113.000000,191068.000000,669907.000000,קיים,ירקון צפון,כביש 5,כביש 40, , , ,לא,לא,לא,לא,לא,לא,לא, ,לא,כן,לא, ,PT,"רבעון 3, 2025",נתיבי איילון / CRG הנדסה, ,191068,669907
571,571.000000,פתח תקווה,נת"י,0.000000, ,9114.000000,191055.000000,669739.000000,קיים,ירקון דרום,כביש 5,כביש 40, , , ,לא,לא,לא,לא,לא,לא,לא, ,לא,כן,לא, ,PT,"רבעון 3, 2025",נתיבי איילון / CRG הנדסה, ,191055,669739
572,572.000000,קרית אונו,נת"י,0.000000, ,10001.000000,185936.000000,663792.000000,קיים,471 - הרצל,כביש 471,הרצל, , , ,לא,לא,לא,לא,לא,לא,לא, ,לא,כן,לא, ,KO,"רבעון 3, 2025",נתיבי איילון / CRG הנדסה, ,185936,663792
573,573.000000,קרית אונו,נת"י,0.000000,א,10002.000000,186957.133500,663871.224200,קיים,רבין - 471 דרומי,דרך יצחק רבין,כביש 471,לוי אשכול (קריית אונו), , ,לא,כן,לא,לא,לא,לא,לא, ,לא,לא,לא, ,KO,"רבעון 3, 2025",נתיבי איילון / CRG הנדסה,PT09,186957.134,663871.224
574,574.000000,קרית אונו,נת"י,0.000000, ,10003.000000,185514.970800,663573.317300,קיים,בן גוריון - 471 - דרומי,שדרות אהרון קציר,כביש 471,קרן היסוד, , ,לא,לא,לא,לא,לא,כן,לא, ,לא,לא,לא, ,KO,"רבעון 3, 2025",נתיבי איילון / CRG הנדסה,PT36,185514.971,663573.317
575,575.000000,קרית אונו,קרית אונו,0.000000, ,10004.000000,186506.873100,661890.922200,קיים,דרך דורי יעקב - בקו"ם,דרך יעקב דורי,בקו"ם, , , ,לא,לא,לא,לא,לא,לא,לא, ,לא,כן,לא, ,KO,"רבעון 3, 2025",נתיבי איילון / CRG הנדסה,KO03,186506.873,661890.922
576,576.000000,קרית אונו,קרית אונו,0.000000, ,10005.000000,186490.924500,662294.845700,קיים,שלמה המלך - נחל גמלא,שלמה המלך,נחל גמלא, , , ,לא,לא,לא,לא,לא,לא,לא, ,לא,כן,לא, ,KO,"רבעון 3, 2025",נתיבי איילון / CRG הנדסה,KO09,186490.925,662294.846
577,577.000000,קרית אונו,קרית אונו,0.000000, ,10006.000000,186716.031900,662306.910400,קיים,צה"ל שלמה המלך,שלמה המלך,צה"ל,המייסדים, , ,לא,לא,לא,לא,לא,לא,לא, ,לא,כן,לא, ,KO,"רבעון 3, 2025",נתיבי איילון / CRG הנדסה, ,186716.032,662306.91
578,578.000000,קרית אונו,קרית אונו,0.000000, ,10007.000000,187345.659200,662469.416700,קיים,אשכול לוי - שלמה המלך,שלמה המלך,לוי אשכול, , , ,לא,כן,לא,לא,לא,לא,לא, ,לא,לא,לא, ,KO,"רבעון 3, 2025",נתיבי איילון / CRG הנדסה, ,187345.659,662469.417
579,579.000000,קרית אונו,קרית אונו,0.000000, ,10008.000000,187351.837300,662578.716100,קיים,אשכול לוי - שלמה המלך - יחזקאל,לוי אשכול,יחזקאל, , , ,לא,כן,לא,לא,לא,לא,לא, ,לא,לא,לא, ,KO,"רבעון 3, 2025",נתיבי איילון / CRG הנדסה,KO18,187351.837,662578.716
580,580.000000,קרית אונו,קרית אונו,0.000000, ,10009.000000,187261.285800,662974.436000,קיים,אשכול לוי - ירושלים,לוי אשכול,ירושלים, , , ,לא,כן,לא,לא,לא,לא,לא, ,לא,לא,לא, ,KO,"רבעון 3, 2025",נתיבי איילון / CRG הנדסה,KO19,187261.286,662974.436
581,581.000000,קרית אונו,קרית אונו,0.000000, ,10010.000000,187198.279800,663160.549200,קיים,אשכול לוי - יהודה הלוי,לוי אשכול,יהודה הלוי,וולך, , ,לא,כן,לא,לא,לא,לא,לא, ,לא,לא,לא, ,KO,"רבעון 3, 2025",נתיבי איילון / CRG הנדסה,KO21,187198.28,663160.549
582,582.000000,קרית אונו,קרית אונו,0.000000, ,10011.000000,186975.363100,663701.202900,קיים,אשכול לוי - דרך איתן,לוי אשכול,דרך איתן,דרך איתן, , ,לא,כן,לא,לא,לא,לא,לא, ,לא,לא,לא, ,KO,"רבעון 3, 2025",נתיבי איילון / CRG הנדסה,KO22,186975.363,663701.203
583,583.000000,קרית אונו,קרית אונו,0.000000, ,10012.000000,187032.803900,663459.969000,קיים,אשכול לוי - לוס אנג'לס,לוי אשכול,לוס אנג'לס,דרך יצחק רבין, , ,לא,כן,לא,לא,לא,לא,לא, ,לא,לא,לא, ,KO,"רבעון 3, 2025",נתיבי איילון / CRG הנדסה,KO13,187032.804,663459.969
584,584.000000,קרית אונו,קרית אונו,0.000000, ,10013.000000,186126.188500,662540.324300,קיים,שדרות בן גוריון - מנדס - הפרדס,שדרות בן גוריון,מנדס,הפרדס, , ,לא,כן,לא,לא,לא,לא,לא, ,לא,לא,לא, ,KO,"רבעון 3, 2025",נתיבי איילון / CRG הנדסה,KO01,186126.189,662540.324
585,585.000000,קרית אונו,קרית אונו,0.000000, ,10014.000000,185914.705000,662869.564800,קיים,שדרות בן גוריון - האילנות - הנשיא,שדרות בן גוריון,האילנות,הנשיא, , ,לא,כן,לא,לא,לא,לא,לא, ,לא,לא,לא, ,KO,"רבעון 3, 2025",נתיבי איילון / CRG הנדסה,KO08,185914.705,662869.565
586,586.000000,קרית אונו,נת"ע,0.000000, ,10015.000000,185631.427000,663232.262500,קיים,בן גוריון - קציר,שדרות בן גוריון,שדרות הארון קציר,בן גוריון (כפר אז"ר),רפאל איתן (כפר אז"ר), ,לא,לא,לא,לא,לא,כן,לא, ,לא,לא,לא, ,KO,"רבעון 3, 2025",נתיבי איילון / CRG הנדסה,KO02,185631.427,663232.263
587,587.000000,קרית אונו,נת"ע,0.000000, ,10016.000000,185701.455800,663211.601800,קיים,בן גוריון - מודיעין,שדרות בן גוריון,מודיעין, , , ,לא,כן,לא,לא,לא,לא,לא, ,לא,לא,לא, ,KO,"רבעון 3, 2025",נתיבי איילון / CRG הנדסה,KO04,185701.456,663211.602
588,588.000000,קרית אונו,קרית אונו,0.000000, ,10017.000000,186032.845700,662686.932800,קיים,בן גוריון - הרצפלד,שדרות בן גוריון,הרצפלד, , , ,לא,כן,לא,לא,לא,לא,לא, ,לא,לא,לא, ,KO,"רבעון 3, 2025",נתיבי איילון / CRG הנדסה,KO05,186032.846,662686.933
589,589.000000,קרית אונו,קרית אונו,0.000000, ,10018.000000,187430.505800,661615.254700,קיים,לוי אשכול - יעקב דורי,לוי אשכול,דרך יעקב דורי, , , ,לא,כן,לא,לא,לא,לא,לא, ,לא,לא,לא, ,KO,"רבעון 3, 2025",נתיבי איילון / CRG הנדסה,KO07,187430.506,661615.255
590,590.000000,קרית אונו,קרית אונו,0.000000, ,10019.000000,187311.245100,661882.598000,קיים,לוי אשכול - צה"ל - שטרן,לוי אשכול,צה"ל,יאיר שטרן, , ,לא,כן,לא,לא,לא,לא,לא, ,לא,לא,לא, ,KO,"רבעון 3, 2025",נתיבי איילון / CRG הנדסה,KO12,187311.245,661882.598
591,591.000000,קרית אונו,קרית אונו,0.000000, ,10020.000000,187384.336100,661742.368800,קיים,לוי אשכול - הצבר - המעגל,לוי אשכול,הצבר,המעגל, , ,לא,כן,לא,לא,לא,לא,לא, ,לא,לא,לא, ,KO,"רבעון 3, 2025",נתיבי איילון / CRG הנדסה,KO15,187384.336,661742.369
592,592.000000,קרית אונו,קרית אונו,0.000000, ,10021.000000,187324.143900,662175.293300,קיים,לוי אשכול - התמר,לוי אשכול,התמר, , , ,לא,כן,לא,לא,לא,לא,לא, ,לא,לא,לא, ,KO,"רבעון 3, 2025",נתיבי איילון / CRG הנדסה,KO14,187324.144,662175.293
593,593.000000,קרית אונו,קרית אונו,0.000000, ,10022.000000,187338.363900,662312.084900,קיים,לוי אשכול - התאנה - שטרן,לוי אשכול,התאנה,יאיר שטרן, , ,לא,כן,לא,לא,לא,לא,לא, ,לא,לא,לא, ,KO,"רבעון 3, 2025",נתיבי איילון / CRG הנדסה,KO16,187338.364,662312.085
594,594.000000,קרית אונו,קרית אונו,0.000000, ,10023.000000,187338.818800,662730.122800,קיים,לוי אשכול - הרוגי מלכות בבל,לוי אשכול,הרוגי מלכות בבל, , , ,לא,כן,לא,לא,לא,לא,לא, ,לא,לא,לא, ,KO,"רבעון 3, 2025",נתיבי איילון / CRG הנדסה,KO17,187338.819,662730.123
595,595.000000,קרית אונו,קרית אונו,0.000000, ,10024.000000,186865.000000,661759.000000,קיים,יעקב דורי - מכללה אקדמית אונו - בקום,יעקב דורי, , , , ,לא,לא,לא,לא,לא,לא,לא, ,לא,כן,לא, ,KO,"רבעון 3, 2025",נתיבי איילון / CRG הנדסה, ,186865,661759
596,596.000000,ראש העין,ראש העין,0.000000, ,27001.000000,195617.708400,665680.125600,קיים,יהודה הלוי,יהודה הלוי,כביש 444, , , ,לא,לא,לא,לא,לא,לא,לא, ,לא,כן,לא, ,RSH,"רבעון 3, 2025",נתיבי איילון / CRG הנדסה,KO27,195617.708,665680.126
597,597.000000,ראש העין,ראש העין,0.000000, ,27002.000000,195699.923900,665758.295300,קיים,יהודה הלוי,יהודה הלוי,שדרות בן גוריון, , , ,לא,לא,לא,לא,לא,לא,לא, ,לא,כן,לא, ,RSH,"רבעון 3, 2025",נתיבי איילון / CRG הנדסה, ,195699.924,665758.295
598,598.000000,ראש העין,ראש העין,0.000000, ,27003.000000,194920.301400,666913.813800,קיים,שבזי שלמה המלך,שבזי,שלמה המלך,וולפסון, , ,לא,לא,לא,לא,לא,לא,לא, ,לא,כן,לא, ,RSH,"רבעון 3, 2025",נתיבי איילון / CRG הנדסה, ,194920.301,666913.814
599,599.000000,ראש העין,ראש העין,0.000000, ,27004.000000,195869.710200,667638.621200,קיים,יהודה הלוי צה"ל,יהודה הלוי,צה"ל,יהושע בן נון, , ,לא,לא,לא,לא,לא,לא,לא, ,לא,כן,לא, ,RSH,"רבעון 3, 2025",נתיבי איילון / CRG הנדסה, ,195869.71,667638.621
600,600.000000,ראש העין,ראש העין,0.000000, ,27005.000000,197217.707200,667540.739800,קיים,נחל רבה,נחל רבה,קיבוץ גלויות, , , ,לא,לא,לא,לא,לא,לא,לא, ,לא,כן,לא, ,RSH,"רבעון 3, 2025",נתיבי איילון / CRG הנדסה, ,197217.707,667540.74
601,601.000000,ראש העין,ראש העין,0.000000, ,27006.000000,196871.788600,668351.291700,קיים,עמל המלאכה,המלאכה,עמל, , , ,לא,לא,לא,לא,לא,לא,לא, ,לא,כן,לא, ,RSH,"רבעון 3, 2025",נתיבי איילון / CRG הנדסה, ,196871.789,668351.292
602,602.000000,ראשון לציון,ראשון לציון,0.000000, ,11001.000000,178247.052100,655065.239300,קיים,אצ"ל רוזנסקי מרדכי,אצ"ל,מרדכי רוז'נסקי,נדב בסקינד, , ,לא,לא,לא,לא,לא,לא,לא, ,לא,כן,לא, ,RL,"רבעון 3, 2025",נתיבי איילון / CRG הנדסה, ,178247.052,655065.239
603,603.000000,ראשון לציון,נת"ע,0.000000, ,11002.000000,178754.196600,654788.940000,קיים,בר אברהם רוזנסקי מרדכי,אברהם בר,מרדכי רוז'נסקי, , , ,לא,לא,לא,לא,כן,לא,לא, ,לא,לא,לא, ,RL,"רבעון 3, 2025",נתיבי איילון / CRG הנדסה, ,178754.197,654788.94
604,604.000000,ראשון לציון,נת"ע,0.000000, ,11003.000000,178651.696900,654590.896300,קיים,בר אברהם ילדי טהרן,אברהם בר,ילדי טהרן, , , ,לא,לא,לא,לא,כן,לא,לא, ,לא,לא,לא, ,RL,"רבעון 3, 2025",נתיבי איילון / CRG הנדסה, ,178651.697,654590.896
605,605.000000,ראשון לציון,ראשון לציון,0.000000, ,11004.000000,180018.341000,654726.734900,קיים,שניאור זלמן צייטלין,זלמן שניאור,צייטלין, , , ,לא,לא,לא,לא,לא,לא,לא, ,לא,כן,לא, ,RL,"רבעון 3, 2025",נתיבי איילון / CRG הנדסה, ,180018.341,654726.735
606,606.000000,ראשון לציון,ראשון לציון,0.000000, ,11005.000000,178862.106300,654258.169300,קיים,שדרות דיין משה גדולי ישראל,שדרות משה דיין,גדולי ישראל, , , ,כן,לא,לא,לא,לא,לא,כן, ,לא,לא,לא, ,RL,"רבעון 3, 2025",נתיבי איילון / CRG הנדסה, ,178862.106,654258.169
607,607.000000,ראשון לציון,ראשון לציון,0.000000, ,11006.000000,179279.078900,654128.935700,קיים,שדרות דיין משה לוי אשכול,שדרות משה דיין,לוי אשכול, , , ,כן,לא,לא,לא,לא,לא,כן, ,לא,לא,לא, ,RL,"רבעון 3, 2025",נתיבי איילון / CRG הנדסה, ,179279.079,654128.936
608,608.000000,ראשון לציון,ראשון לציון,0.000000, ,11007.000000,178789.821000,653967.670300,קיים,תור הזהב אלקבץ,תור הזהב,אלקבץ,הרשב"א, , ,לא,לא,לא,לא,לא,לא,לא, ,לא,כן,לא, ,RL,"רבעון 3, 2025",נתיבי איילון / CRG הנדסה, ,178789.821,653967.67
609,609.000000,ראשון לציון,ראשון לציון,0.000000, ,11008.000000,178458.485200,652655.419500,קיים,החצוצרה מוטה גור,החצוצרה,מוטה גור, , , ,לא,לא,לא,לא,לא,לא,לא, ,לא,כן,לא, ,RL,"רבעון 3, 2025",נתיבי איילון / CRG הנדסה, ,178458.485,652655.42
610,610.000000,ראשון לציון,ראשון לציון,0.000000, ,11009.000000,178584.850500,652855.841200,קיים,מוטה גור ויזל אלי,מוטה גור,אלי ויזל, , , ,לא,לא,לא,לא,לא,לא,לא, ,לא,כן,לא, ,RL,"רבעון 3, 2025",נתיבי איילון / CRG הנדסה, ,178584.851,652855.841
611,611.000000,ראשון לציון,ראשון לציון,0.000000, ,11010.000000,178869.880000,653320.019100,קיים,לוי אשכול גלילי ישראל,לוי אשכול,ישראל גלילי, , , ,לא,לא,לא,לא,לא,לא,כן, ,לא,לא,לא, ,RL,"רבעון 3, 2025",נתיבי איילון / CRG הנדסה, ,178869.88,653320.019
612,612.000000,ראשון לציון,ראשון לציון,0.000000, ,11011.000000,178995.583800,653571.955200,קיים,לוי אשכול תור הזהב,לוי אשכול,תור הזהב,היין, , ,לא,לא,לא,לא,לא,לא,כן, ,לא,לא,לא, ,RL,"רבעון 3, 2025",נתיבי איילון / CRG הנדסה, ,178995.584,653571.955
613,613.000000,ראשון לציון,ראשון לציון,0.000000, ,11012.000000,179177.458800,653933.283200,קיים,לוי אשכול חסידי אומות העולם,לוי אשכול,חסידי אומות העולם, , , ,לא,לא,לא,לא,לא,לא,כן, ,לא,לא,לא, ,RL,"רבעון 3, 2025",נתיבי איילון / CRG הנדסה, ,179177.459,653933.283
614,614.000000,ראשון לציון,ראשון לציון,0.000000, ,11013.000000,179111.424400,652723.953900,קיים,חומה ומגדל נגבה,חומה ומגדל,נגבה, , , ,לא,לא,לא,לא,לא,לא,לא, ,לא,כן,לא, ,RL,"רבעון 3, 2025",נתיבי איילון / CRG הנדסה, ,179111.424,652723.954
615,615.000000,ראשון לציון,ראשון לציון,0.000000, ,11014.000000,178953.672500,652408.198800,קיים,חומה ומגדל המצילתיים,חומה ומגדל,המצילתיים,נגבה, , ,לא,לא,לא,לא,לא,לא,לא, ,לא,כן,לא, ,RL,"רבעון 3, 2025",נתיבי איילון / CRG הנדסה, ,178953.673,652408.199
616,616.000000,ראשון לציון,ראשון לציון,0.000000, ,11015.000000,179811.511900,654133.519600,קיים,שניאור זלמן מבצע משה,זלמן שניאור,מבצע משה, , , ,לא,לא,לא,לא,לא,לא,לא, ,לא,כן,לא, ,RL,"רבעון 3, 2025",נתיבי איילון / CRG הנדסה, ,179811.512,654133.52
617,617.000000,ראשון לציון,ראשון לציון,0.000000, ,11016.000000,180300.959500,651454.754300,קיים,שדרות תש"ח,שדרות תש"ח,רמז, , , ,לא,לא,לא,לא,לא,לא,לא, ,לא,כן,לא, ,RL,"רבעון 3, 2025",נתיבי איילון / CRG הנדסה, ,180300.959,651454.754
618,618.000000,ראשון לציון,ראשון לציון,0.000000, ,11017.000000,181107.527300,651332.323200,קיים,שדרות תש"ח דרובין יואל,שדרות תש"ח,יואל דרובין, , , ,לא,לא,לא,לא,לא,לא,לא, ,לא,כן,לא, ,RL,"רבעון 3, 2025",נתיבי איילון / CRG הנדסה, ,181107.527,651332.323
619,619.000000,ראשון לציון,ראשון לציון,0.000000, ,11018.000000,180371.658000,651729.793500,קיים,רמז ויניק,רמז,ויניק, , , ,לא,לא,לא,לא,לא,לא,לא, ,לא,כן,לא, ,RL,"רבעון 3, 2025",נתיבי איילון / CRG הנדסה, ,180371.658,651729.794
620,620.000000,ראשון לציון,ראשון לציון,0.000000, ,11019.000000,180363.587900,651711.587500,קיים,רמז רויז יוסף,רמז,יוסף רויז, , , ,לא,לא,לא,לא,לא,לא,לא, ,לא,כן,לא, ,RL,"רבעון 3, 2025",נתיבי איילון / CRG הנדסה, ,180363.588,651711.588
621,621.000000,ראשון לציון,ראשון לציון,0.000000, ,11020.000000,180240.554100,652497.368100,קיים,רוטשילד ההסתדרות,רוטשילד,ההסתדרות,שפרינצק,שדרות בן גוריון, ,לא,לא,לא,לא,לא,לא,כן, ,לא,לא,לא, ,RL,"רבעון 3, 2025",נתיבי איילון / CRG הנדסה, ,180240.554,652497.368
622,622.000000,ראשון לציון,ראשון לציון,0.000000, ,11021.000000,180561.247700,652454.160300,קיים,רוטשילד רמז,רוטשילד,רמז,מאפו, , ,לא,לא,לא,לא,לא,לא,כן, ,לא,לא,לא, ,RL,"רבעון 3, 2025",נתיבי איילון / CRG הנדסה, ,180561.248,652454.16
623,623.000000,ראשון לציון,נת"י,0.000000, ,11022.000000,180343.220800,653915.186000,קיים,שדרות דיין משה בן צבי יצחק,שדרות משה דיין,יצחק בן צבי, , , ,כן,לא,לא,לא,לא,לא,לא, ,לא,לא,לא, ,RL,"רבעון 3, 2025",נתיבי איילון / CRG הנדסה, ,180343.221,653915.186
624,624.000000,ראשון לציון,נת"י,0.000000, ,11023.000000,180436.102500,653913.467500,קיים,דרך ישראל ישעיהו,שדרות משה דיין,דרך ישעיהו ישראל, , , ,לא,לא,לא,לא,לא,לא,לא, ,לא,כן,לא, ,RL,"רבעון 3, 2025",נתיבי איילון / CRG הנדסה, ,180436.103,653913.468
625,625.000000,ראשון לציון,נת"י,0.000000, ,11024.000000,180654.349700,653829.143200,קיים,שדרות דיין משה,שדרות משה דיין,כביש 4, , , ,לא,לא,לא,לא,לא,לא,לא, ,לא,כן,לא, ,RL,"רבעון 3, 2025",נתיבי איילון / CRG הנדסה, ,180654.35,653829.143
626,626.000000,ראשון לציון,ראשון לציון,0.000000, ,11025.000000,180684.276800,653224.859700,קיים,שדרות מנחם בגין סירקין נחמן,שדרות מנחם בגין,נחמן סירקין, , , ,לא,לא,לא,לא,לא,לא,לא, ,לא,כן,לא, ,RL,"רבעון 3, 2025",נתיבי איילון / CRG הנדסה, ,180684.277,653224.86
627,627.000000,ראשון לציון,ראשון לציון,0.000000, ,11026.000000,181071.136300,654125.667300,קיים,שדרות היובל פינסקר נח יהודה,שדרות היובל,יהודה נח פינסקר, , , ,לא,לא,לא,לא,לא,לא,לא, ,לא,כן,לא, ,RL,"רבעון 3, 2025",נתיבי איילון / CRG הנדסה, ,181071.136,654125.667
628,628.000000,ראשון לציון,ראשון לציון,0.000000, ,11027.000000,180820.511500,653736.188100,קיים,שדרות היובל זבוטינסקי,ז'בוטינסקי,שדרות משה דיין,שדרות היובל, , ,לא,לא,לא,לא,לא,לא,לא, ,לא,כן,לא, ,RL,"רבעון 3, 2025",נתיבי איילון / CRG הנדסה, ,180820.512,653736.188
629,629.000000,ראשון לציון,ראשון לציון,0.000000, ,11028.000000,180937.014700,653503.116300,קיים,זבוטינסקי מן גרשון,ז'בוטינסקי,מן גרשון, , , ,לא,לא,לא,לא,לא,לא,לא, ,לא,כן,לא, ,RL,"רבעון 3, 2025",נתיבי איילון / CRG הנדסה, ,180937.015,653503.116
630,630.000000,ראשון לציון,ראשון לציון,0.000000, ,11029.000000,181119.135600,653636.788300,קיים,האורנים מן גרשון,האורנים,מן גרשון, , , ,לא,לא,לא,לא,לא,לא,לא, ,לא,כן,לא, ,RL,"רבעון 3, 2025",נתיבי איילון / CRG הנדסה, ,181119.136,653636.788
631,631.000000,ראשון לציון,ראשון לציון,0.000000, ,11030.000000,181093.273400,653657.591800,קיים,האורנים העצמאות,האורנים,העצמאות, , , ,לא,לא,לא,לא,לא,לא,לא, ,לא,כן,לא, ,RL,"רבעון 3, 2025",נתיבי איילון / CRG הנדסה, ,181093.273,653657.592
632,632.000000,ראשון לציון,ראשון לציון,0.000000, ,11031.000000,181065.335500,653195.813400,קיים,שדרות מנחם בגין זבוטינסקי,ז'בוטינסקי,שדרות מנחם בגין,גיסין, , ,לא,לא,לא,לא,לא,לא,לא, ,לא,כן,לא, ,RL,"רבעון 3, 2025",נתיבי איילון / CRG הנדסה, ,181065.336,653195.813
633,633.000000,ראשון לציון,ראשון לציון,0.000000, ,11032.000000,181090.734700,653100.203700,קיים,זבוטינסקי שמריהו לוין,ז'בוטינסקי,שמריהו לוין, , , ,לא,לא,לא,לא,לא,לא,לא, ,לא,כן,לא, ,RL,"רבעון 3, 2025",נתיבי איילון / CRG הנדסה, ,181090.735,653100.204
634,634.000000,ראשון לציון,ראשון לציון,0.000000, ,11033.000000,181153.806600,652900.395400,קיים,זבוטינסקי שפינוזה,ז'בוטינסקי,שפינוזה, , , ,לא,לא,לא,לא,לא,לא,לא, ,לא,כן,לא, ,RL,"רבעון 3, 2025",נתיבי איילון / CRG הנדסה, ,181153.807,652900.395
635,635.000000,ראשון לציון,ראשון לציון,0.000000, ,11034.000000,181171.271500,652728.653600,קיים,זבוטינסקי כצנלסון,ז'בוטינסקי,כצנלסון, , , ,לא,לא,לא,לא,לא,לא,לא, ,לא,כן,לא, ,RL,"רבעון 3, 2025",נתיבי איילון / CRG הנדסה, ,181171.272,652728.654
636,636.000000,ראשון לציון,ראשון לציון,0.000000, ,11035.000000,181187.817200,652563.415900,קיים,זבוטינסקי עין הקורא,ז'בוטינסקי,עין הקורא,קרית ספר, , ,לא,לא,לא,לא,לא,לא,לא, ,לא,כן,לא, ,RL,"רבעון 3, 2025",נתיבי איילון / CRG הנדסה, ,181187.817,652563.416
637,637.000000,ראשון לציון,ראשון לציון,0.000000, ,11036.000000,181208.477500,652373.418300,קיים,זבוטינסקי רוטשילד,ז'בוטינסקי,רוטשילד, , , ,כן,לא,לא,לא,לא,לא,כן, ,לא,לא,לא, ,RL,"רבעון 3, 2025",נתיבי איילון / CRG הנדסה, ,181208.478,652373.418
638,638.000000,ראשון לציון,ראשון לציון,0.000000, ,11037.000000,181221.676000,652275.013900,קיים,זבוטינסקי גרינבוים,ז'בוטינסקי,גרינבוים,התומר, , ,לא,לא,לא,לא,לא,לא,לא, ,לא,כן,לא, ,RL,"רבעון 3, 2025",נתיבי איילון / CRG הנדסה, ,181221.676,652275.014
639,639.000000,ראשון לציון,ראשון לציון,0.000000, ,11038.000000,181285.150000,652049.691300,קיים,זבוטינסקי עולי הגרדום,ז'בוטינסקי,עולי הגרדום, , , ,לא,לא,לא,לא,לא,לא,לא, ,לא,כן,לא, ,RL,"רבעון 3, 2025",נתיבי איילון / CRG הנדסה, ,181285.15,652049.691
640,640.000000,ראשון לציון,ראשון לציון,0.000000, ,11039.000000,181695.316900,652148.144600,קיים,הכרמל זדל,הכרמל,זדל, , , ,לא,לא,לא,לא,לא,לא,כן, ,לא,לא,לא, ,RL,"רבעון 3, 2025",נתיבי איילון / CRG הנדסה, ,181695.317,652148.145
641,641.000000,ראשון לציון,ראשון לציון,0.000000, ,11040.000000,181624.521200,650796.103900,קיים,שדרות נים,שדרות נים,יובלים, , , ,לא,לא,לא,לא,לא,לא,לא, ,לא,כן,לא, ,RL,"רבעון 3, 2025",נתיבי איילון / CRG הנדסה, ,181624.521,650796.104
642,642.000000,ראשון לציון,ראשון לציון,0.000000, ,11041.000000,181781.789600,650684.562100,קיים,שדרות נים הפלמ"ח,שדרות נים,הפלמ"ח, , , ,לא,לא,לא,לא,לא,לא,לא, ,לא,כן,לא, ,RL,"רבעון 3, 2025",נתיבי איילון / CRG הנדסה, ,181781.79,650684.562
643,643.000000,ראשון לציון,ראשון לציון,0.000000, ,11042.000000,181882.777000,650846.937600,קיים,הפלמ"ח,הפלמ"ח,זליג שמשון, , , ,לא,לא,לא,לא,לא,לא,לא, ,לא,כן,לא, ,RL,"רבעון 3, 2025",נתיבי איילון / CRG הנדסה, ,181882.777,650846.938
644,644.000000,ראשון לציון,ראשון לציון,0.000000, ,11043.000000,181938.810600,650922.983200,קיים,הפלמ"ח הולצברג שמחה,הפלמ"ח,שמחה הולצברג, , , ,לא,לא,לא,לא,לא,לא,לא, ,לא,כן,לא, ,RL,"רבעון 3, 2025",נתיבי איילון / CRG הנדסה, ,181938.811,650922.983
645,645.000000,ראשון לציון,ראשון לציון,0.000000, ,11044.000000,182140.622800,650544.102600,קיים,קלמן אלון יגאל,שדרות נים,יגאל אלון,הרב קלמן, , ,לא,לא,לא,לא,לא,לא,לא, ,לא,כן,לא, ,RL,"רבעון 3, 2025",נתיבי איילון / CRG הנדסה, ,182140.623,650544.103
646,646.000000,ראשון לציון,ראשון לציון,0.000000, ,11045.000000,182231.507200,650708.805600,קיים,אלון יגאל רבי יהודה הנשיא,יגאל אלון,רבי יהודה הנשיא, , , ,לא,לא,לא,לא,לא,לא,לא, ,לא,כן,לא, ,RL,"רבעון 3, 2025",נתיבי איילון / CRG הנדסה, ,182231.507,650708.806
647,647.000000,ראשון לציון,ראשון לציון,0.000000, ,11046.000000,182822.398500,650357.839600,קיים,קלמן הרב חיין דוד הלוי,הרב קלמן,הרב חיים דוד הלוי, , , ,לא,לא,לא,לא,לא,לא,לא, ,לא,כן,לא, ,RL,"רבעון 3, 2025",נתיבי איילון / CRG הנדסה, ,182822.399,650357.84
648,648.000000,ראשון לציון,ראשון לציון,0.000000, ,11047.000000,182527.308200,651199.459100,קיים,אלון יגאל,יגאל אלון,הנביא יחזקאל, , , ,לא,לא,לא,לא,לא,לא,לא, ,לא,כן,לא, ,RL,"רבעון 3, 2025",נתיבי איילון / CRG הנדסה, ,182527.308,651199.459
649,649.000000,ראשון לציון,ראשון לציון,0.000000, ,11048.000000,182585.601000,651278.616700,קיים,אלון יגאל ראם,יגאל אלון,ראם, , , ,לא,לא,לא,לא,לא,לא,לא, ,לא,כן,לא, ,RL,"רבעון 3, 2025",נתיבי איילון / CRG הנדסה, ,182585.601,651278.617
650,650.000000,ראשון לציון,ראשון לציון,0.000000, ,11049.000000,182772.705600,651511.391100,קיים,אלון יגאל גרינשפן הרשל,יגאל אלון,הרשל גרינשפן, , , ,לא,לא,לא,לא,לא,לא,לא, ,לא,כן,לא, ,RL,"רבעון 3, 2025",נתיבי איילון / CRG הנדסה, ,182772.706,651511.391
651,651.000000,ראשון לציון,ראשון לציון,0.000000, ,11050.000000,181934.990800,652140.046500,קיים,הכרמל חלוצי יסוד המעלה,ירושלים,הכרמל,חלוצי יסוד המעלה,אחד העם, ,לא,לא,לא,לא,לא,לא,כן, ,לא,לא,לא, ,RL,"רבעון 3, 2025",נתיבי איילון / CRG הנדסה, ,181934.991,652140.047
652,652.000000,ראשון לציון,ראשון לציון,0.000000, ,11051.000000,182245.077500,652184.888400,קיים,ירושלים בלקינד שמשון,ירושלים,שמשון בלקינד,הגדוד העברי, , ,לא,לא,לא,לא,לא,לא,כן, ,לא,לא,לא, ,RL,"רבעון 3, 2025",נתיבי איילון / CRG הנדסה, ,182245.078,652184.888
653,653.000000,ראשון לציון,ראשון לציון,0.000000, ,11052.000000,182316.684300,652193.308100,קיים,ירושלים שיבת ציון,ירושלים,שיבת ציון,בלפור, , ,לא,לא,לא,לא,לא,לא,כן, ,לא,לא,לא, ,RL,"רבעון 3, 2025",נתיבי איילון / CRG הנדסה, ,182316.684,652193.308
654,654.000000,ראשון לציון,ראשון לציון,0.000000, ,11053.000000,182856.631000,652246.908700,קיים,ירושלים השומר,ירושלים,השומר,גבעתי, , ,לא,לא,לא,לא,לא,לא,כן, ,לא,לא,לא, ,RL,"רבעון 3, 2025",נתיבי איילון / CRG הנדסה, ,182856.631,652246.909
655,655.000000,ראשון לציון,ראשון לציון,0.000000, ,11054.000000,181823.133000,652693.289500,קיים,דרור החפץ חיים,דרור,החפץ חיים,יהודה הלוי, , ,לא,לא,לא,לא,לא,לא,לא, ,לא,כן,לא, ,RL,"רבעון 3, 2025",נתיבי איילון / CRG הנדסה, ,181823.133,652693.29
656,656.000000,ראשון לציון,ראשון לציון,0.000000, ,11055.000000,181906.312800,652699.979400,קיים,יהודה לייב יהודה הלוי,יהודה הלוי,יהודה לייב, , , ,לא,לא,לא,לא,לא,לא,לא, ,לא,כן,לא, ,RL,"רבעון 3, 2025",נתיבי איילון / CRG הנדסה, ,181906.313,652699.979
657,657.000000,ראשון לציון,ראשון לציון,0.000000, ,11056.000000,182185.491100,652713.804000,קיים,יהודה הלוי הגדוד העברי,יהודה הלוי,הגדוד העברי, , , ,לא,לא,לא,לא,לא,לא,לא, ,לא,כן,לא, ,RL,"רבעון 3, 2025",נתיבי איילון / CRG הנדסה, ,182185.491,652713.804
658,658.000000,ראשון לציון,ראשון לציון,0.000000, ,11057.000000,182518.421500,652759.098600,קיים,יהודה הלוי יוחנן הסנדלר,יהודה הלוי,יוחנן הסנדלר,אייזנבנד, , ,לא,לא,לא,לא,לא,לא,לא, ,לא,כן,לא, ,RL,"רבעון 3, 2025",נתיבי איילון / CRG הנדסה, ,182518.422,652759.099
659,659.000000,ראשון לציון,ראשון לציון,0.000000, ,11058.000000,182808.636100,652798.950200,קיים,בורג יוסף גבעתי,יהודה הלוי,יוסף בורג,גבעתי, , ,לא,לא,לא,לא,לא,לא,לא, ,לא,כן,לא, ,RL,"רבעון 3, 2025",נתיבי איילון / CRG הנדסה, ,182808.636,652798.95
660,660.000000,ראשון לציון,ראשון לציון,0.000000, ,11059.000000,182783.792000,652934.419500,קיים,פרנק צבי גבעתי,פרנק צבי,גבעתי,על כנפי נשרים, , ,לא,לא,לא,לא,לא,לא,לא, ,לא,כן,לא, ,RL,"רבעון 3, 2025",נתיבי איילון / CRG הנדסה, ,182783.792,652934.42
661,661.000000,ראשון לציון,ראשון לציון,0.000000, ,11060.000000,182479.336700,653044.363400,קיים,סגל מרדכי יואל פרנק צבי,פרנק צבי,יואל מרדכי סגל, , , ,לא,לא,לא,לא,לא,לא,לא, ,לא,כן,לא, ,RL,"רבעון 3, 2025",נתיבי איילון / CRG הנדסה, ,182479.337,653044.363
662,662.000000,ראשון לציון,ראשון לציון,0.000000, ,11061.000000,182313.747000,653133.882100,קיים,פרנק צבי הכובש,פרנק צבי,הכובש,יעקובזון, , ,לא,לא,לא,לא,לא,לא,לא, ,לא,כן,לא, ,RL,"רבעון 3, 2025",נתיבי איילון / CRG הנדסה, ,182313.747,653133.882
663,663.000000,ראשון לציון,ראשון לציון,0.000000, ,11062.000000,182180.081600,653187.304600,קיים,פרנק צבי בלבן אליעזר,פרנק צבי,אליעזר בלבן,הגדוד העברי, , ,לא,לא,לא,לא,לא,לא,לא, ,לא,כן,לא, ,RL,"רבעון 3, 2025",נתיבי איילון / CRG הנדסה, ,182180.082,653187.305
664,664.000000,ראשון לציון,ראשון לציון,0.000000, ,11063.000000,182223.928300,653328.273000,קיים,שמוטקין בנימין בלבן אליעזר,בנימין שמוטקין,אליעזר בלבן,פיק"א, , ,לא,לא,לא,לא,לא,לא,לא, ,לא,כן,לא, ,RL,"רבעון 3, 2025",נתיבי איילון / CRG הנדסה, ,182223.928,653328.273
665,665.000000,ראשון לציון,ראשון לציון,0.000000, ,11064.000000,182291.041200,653729.228500,קיים,פרימן יעקב שמוטקין בנימין,בנימין שמוטקין,יעקב פרימן, , , ,לא,לא,לא,לא,לא,לא,לא, ,לא,כן,לא, ,RL,"רבעון 3, 2025",נתיבי איילון / CRG הנדסה, ,182291.041,653729.229
666,666.000000,ראשון לציון,ראשון לציון,0.000000, ,11065.000000,182403.313800,654512.354900,קיים,טוליפמן פלוטיצקי,פלוטיצקי,טוליפמן, , , ,לא,לא,לא,לא,לא,לא,לא, ,לא,כן,לא, ,RL,"רבעון 3, 2025",נתיבי איילון / CRG הנדסה, ,182403.314,654512.355
667,667.000000,ראשון לציון,ראשון לציון,0.000000, ,11066.000000,182602.137900,654460.225200,קיים,טוליפמן שמוטקין בנימין,בנימין שמוטקין,טוליפמן, , , ,לא,לא,לא,לא,לא,לא,לא, ,לא,כן,לא, ,RL,"רבעון 3, 2025",נתיבי איילון / CRG הנדסה, ,182602.138,654460.225
668,668.000000,ראשון לציון,ראשון לציון,0.000000, ,11067.000000,182525.033200,653628.605400,קיים,פרימן יעקב כהן מנחם,יעקב פרימן,מנחם כהן, , , ,לא,לא,לא,לא,לא,לא,לא, ,לא,כן,לא, ,RL,"רבעון 3, 2025",נתיבי איילון / CRG הנדסה, ,182525.033,653628.605
669,669.000000,ראשון לציון,ראשון לציון,0.000000, ,11068.000000,182865.567500,653473.626400,קיים,פרימן יעקב תנועת הנוער,יעקב פרימן,תנועת הנוער, , , ,לא,לא,לא,לא,לא,לא,לא, ,לא,כן,לא, ,RL,"רבעון 3, 2025",נתיבי איילון / CRG הנדסה, ,182865.567,653473.626
670,670.000000,ראשון לציון,ראשון לציון,0.000000, ,11069.000000,183387.785900,653225.393600,קיים,פרימן יעקב בורג יוסף,יעקב פרימן,יוסף בורג,מנחם גינדי, , ,לא,לא,לא,לא,לא,לא,לא, ,לא,כן,לא, ,RL,"רבעון 3, 2025",נתיבי איילון / CRG הנדסה, ,183387.786,653225.394
671,671.000000,ראשון לציון,ראשון לציון,0.000000, ,11070.000000,182830.594000,652584.752900,קיים,גבעתי אלירז שלמה,שלמה אלירז,גבעתי, , , ,לא,לא,לא,לא,לא,לא,לא, ,לא,כן,לא, ,RL,"רבעון 3, 2025",נתיבי איילון / CRG הנדסה, ,182830.594,652584.753
672,672.000000,ראשון לציון,ראשון לציון,0.000000, ,11071.000000,175265.255000,655924.965100,קיים,שדרות רחבעם זאבי חיל התותחנ,שדרות רחבעם זאבי,חיל התותחנים, , , ,לא,לא,לא,לא,לא,לא,לא, ,לא,כן,לא, ,RL,"רבעון 3, 2025",נתיבי איילון / CRG הנדסה, ,175265.255,655924.965
673,673.000000,ראשון לציון,נת"ע,0.000000, ,11072.000000,175771.508500,655737.957000,קיים,שדרות רחבעם זאבי כורש,שדרות רחבעם זאבי,כורש, , , ,לא,לא,לא,כן,לא,לא,כן, ,לא,לא,לא, ,RL,"רבעון 3, 2025",נתיבי איילון / CRG הנדסה, ,175771.509,655737.957
674,674.000000,ראשון לציון,נת"ע,0.000000, ,11073.000000,176214.844000,655536.688000,קיים,שדרות רחבעם זאבי שדרות מריל,שדרות רחבעם זאבי,שדרות מרילנד, , , ,לא,לא,לא,כן,לא,לא,כן, ,לא,לא,לא, ,RL,"רבעון 3, 2025",נתיבי איילון / CRG הנדסה, ,176214.844,655536.688
675,675.000000,ראשון לציון,נת"ע,0.000000, ,11074.000000,176477.178100,655367.619000,קיים,שדרות רחבעם זאבי ספיר יוסף,שדרות רחבעם זאבי,יוסף ספיר, , , ,לא,לא,לא,כן,לא,לא,כן, ,לא,לא,לא, ,RL,"רבעון 3, 2025",נתיבי איילון / CRG הנדסה, ,176477.178,655367.619
676,676.000000,ראשון לציון,נת"ע,0.000000, ,11075.000000,177760.221200,654852.032800,קיים,שדרות דיין משה לישנסקי יוסף,שדרות משה דיין,יוסף לישנסקי, , , ,כן,לא,לא,לא,כן,לא,כן, ,לא,לא,לא, ,RL,"רבעון 3, 2025",נתיבי איילון / CRG הנדסה, ,177760.221,654852.033
677,677.000000,ראשון לציון,נת"ע,0.000000, ,11076.000000,178085.252800,654694.596600,קיים,שדרות דיין משה בסקינד נדב,שדרות משה דיין,נדב בסקינד, , , ,כן,לא,לא,לא,כן,לא,כן, ,לא,לא,לא, ,RL,"רבעון 3, 2025",נתיבי איילון / CRG הנדסה, ,178085.253,654694.597
678,678.000000,ראשון לציון,נת"ע,0.000000, ,11077.000000,178265.169300,654591.673500,קיים,שדרות דיין משה בר-לב חיים,שדרות משה דיין,חיים בר-לב, , , ,כן,לא,לא,לא,כן,לא,כן, ,לא,לא,לא, ,RL,"רבעון 3, 2025",נתיבי איילון / CRG הנדסה, ,178265.169,654591.674
679,679.000000,ראשון לציון,ראשון לציון,0.000000, ,11078.000000,178562.825300,654418.106500,קיים,שדרות דיין משה בר אברהם,שדרות משה דיין,אברהם בר, , , ,כן,לא,לא,לא,לא,לא,כן, ,לא,לא,לא, ,RL,"רבעון 3, 2025",נתיבי איילון / CRG הנדסה, ,178562.825,654418.106
680,680.000000,ראשון לציון,ראשון לציון,0.000000, ,11079.000000,178660.733400,654372.021600,קיים,שדרות דיין משה אבני החושן,שדרות משה דיין,אבני חושן, , , ,כן,לא,לא,לא,לא,לא,כן, ,לא,לא,לא, ,RL,"רבעון 3, 2025",נתיבי איילון / CRG הנדסה, ,178660.733,654372.022
681,681.000000,ראשון לציון,ראשון לציון,0.000000, ,11080.000000,177463.362100,653924.801100,קיים,שדרות יצחק רבין נאות סיני,שדרות יצחק רבין,נאות סיני, , , ,לא,לא,לא,לא,לא,לא,לא, ,כן,לא,לא, ,RL,"רבעון 3, 2025",נתיבי איילון / CRG הנדסה,RL16,177463.362,653924.801
682,682.000000,ראשון לציון,ראשון לציון,0.000000, ,11081.000000,177709.027600,653761.420600,קיים,שדרות יצחק שדה בר-לב חיים,שדרות יצחק שדה,חיים בר-לב,ראנה קסין, , ,לא,לא,לא,לא,לא,לא,לא, ,כן,לא,לא, ,RL,"רבעון 3, 2025",נתיבי איילון / CRG הנדסה, ,177709.028,653761.421
683,683.000000,ראשון לציון,ראשון לציון,0.000000, ,11082.000000,178323.698200,653379.608600,קיים,שדרות יצחק רבין מורשת ישראל,שדרות יצחק רבין,מורשת ישראל, , , ,לא,לא,לא,לא,לא,לא,לא, ,כן,לא,לא, ,RL,"רבעון 3, 2025",נתיבי איילון / CRG הנדסה, ,178323.698,653379.609
684,684.000000,ראשון לציון,ראשון לציון,0.000000, ,11083.000000,177947.395500,654122.334000,קיים,גדולי ישראל בר-לב חיים,חיים בר-לב,גדולי ישראל, , , ,לא,לא,לא,לא,לא,לא,לא, ,לא,כן,לא, ,RL,"רבעון 3, 2025",נתיבי איילון / CRG הנדסה, ,177947.396,654122.334
685,685.000000,ראשון לציון,ראשון לציון,0.000000, ,11084.000000,178140.045500,654417.112600,קיים,בר-לב חיים החלוצים,חיים בר-לב,החלוצים, , , ,לא,לא,לא,לא,לא,לא,לא, ,לא,כן,לא, ,RL,"רבעון 3, 2025",נתיבי איילון / CRG הנדסה, ,178140.046,654417.113
686,686.000000,ראשון לציון,ראשון לציון,0.000000, ,11085.000000,177482.927600,655400.622400,קיים,אצ"ל עלית הנוער,אצ"ל,עלית הנוער, , , ,לא,לא,לא,לא,לא,לא,לא, ,לא,כן,לא, ,RL,"רבעון 3, 2025",נתיבי איילון / CRG הנדסה, ,177482.928,655400.622
687,687.000000,ראשון לציון,ראשון לציון,0.000000, ,11086.000000,177682.449700,655313.494900,קיים,אצ"ל אלטלנה,אצ"ל,אלטלנה, , , ,לא,לא,לא,לא,לא,לא,לא, ,לא,כן,לא, ,RL,"רבעון 3, 2025",נתיבי איילון / CRG הנדסה, ,177682.45,655313.495
688,688.000000,ראשון לציון,ראשון לציון,0.000000, ,11087.000000,177636.645000,655212.599000,קיים,אלטלנה ההגנה,ההגנה,אלטלנה, , , ,לא,לא,לא,לא,לא,לא,לא, ,לא,כן,לא, ,RL,"רבעון 3, 2025",נתיבי איילון / CRG הנדסה, ,177636.645,655212.599
689,689.000000,ראשון לציון,ראשון לציון,0.000000, ,11088.000000,177884.915400,655112.604800,קיים,ההגנה לישנסקי יוסף,יוסף לישנסקי,ההגנה, , , ,לא,כן,לא,לא,לא,לא,לא, ,לא,לא,לא, ,RL,"רבעון 3, 2025",נתיבי איילון / CRG הנדסה, ,177884.915,655112.605
690,690.000000,ראשון לציון,ראשון לציון,0.000000, ,11089.000000,177932.201700,655203.348100,קיים,לישנסקי יוסף אצ"ל,יוסף לישנסקי,אצ"ל, , , ,לא,כן,לא,לא,לא,לא,לא, ,לא,לא,לא, ,RL,"רבעון 3, 2025",נתיבי איילון / CRG הנדסה, ,177932.202,655203.348
691,691.000000,ראשון לציון,ראשון לציון,0.000000, ,11090.000000,178015.420300,655375.225900,קיים,לישנסקי יוסף הכשרת הישוב,יוסף לישנסקי,הכשרת הישוב, , , ,לא,כן,לא,לא,לא,לא,לא, ,לא,לא,לא, ,RL,"רבעון 3, 2025",נתיבי איילון / CRG הנדסה, ,178015.42,655375.226
692,692.000000,ראשון לציון,ראשון לציון,0.000000, ,11091.000000,178144.254100,655876.245400,קיים,לישנסקי יוסף שייקה דן,יוסף לישנסקי,שייקה דן,שדרות בן גוריון,השואבים, ,לא,לא,לא,לא,לא,לא,לא, ,לא,כן,לא, ,RL,"רבעון 3, 2025",נתיבי איילון / CRG הנדסה, ,178144.254,655876.245
693,693.000000,ראשון לציון,ראשון לציון,0.000000, ,11092.000000,178125.521200,655599.702900,קיים,לישנסקי יוסף סחרוב דוד,יוסף לישנסקי,דוד סחרוב, , , ,לא,כן,לא,לא,לא,לא,לא, ,לא,לא,לא, ,RL,"רבעון 3, 2025",נתיבי איילון / CRG הנדסה, ,178125.521,655599.703
694,694.000000,ראשון לציון,ראשון לציון,0.000000, ,11093.000000,178224.186100,655549.069000,קיים,סחרוב דוד אלחנן,דוד סחרוב,אלחנן, , , ,לא,כן,לא,לא,לא,לא,לא, ,לא,לא,לא, ,RL,"רבעון 3, 2025",נתיבי איילון / CRG הנדסה, ,178224.186,655549.069
695,695.000000,ראשון לציון,ראשון לציון,0.000000, ,11094.000000,178456.457100,655426.451400,קיים,סחרוב דוד חומה,דוד סחרוב,חומה, , , ,לא,כן,לא,לא,לא,לא,לא, ,לא,לא,לא, ,RL,"רבעון 3, 2025",נתיבי איילון / CRG הנדסה, ,178456.457,655426.451
696,696.000000,ראשון לציון,ראשון לציון,0.000000, ,11095.000000,178579.405900,655361.642100,קיים,סחרוב דוד מזל אליעזר,דוד סחרוב,מזל אליעזר, , , ,לא,כן,לא,לא,לא,לא,לא, ,לא,לא,לא, ,RL,"רבעון 3, 2025",נתיבי איילון / CRG הנדסה, ,178579.406,655361.642
697,697.000000,ראשון לציון,ראשון לציון,0.000000, ,11096.000000,178811.558800,655235.990100,קיים,סחרוב דוד לוי משה,דוד סחרוב,משה לוי, , , ,לא,כן,לא,לא,לא,לא,לא, ,לא,לא,לא, ,RL,"רבעון 3, 2025",נתיבי איילון / CRG הנדסה, ,178811.559,655235.99
698,698.000000,ראשון לציון,נת"ע,0.000000, ,11097.000000,178951.483600,655160.012600,קיים,בר אברהם סחרוב דוד,דוד סחרוב,אברהם בר, , , ,לא,לא,לא,לא,כן,לא,לא, ,לא,לא,לא, ,RL,"רבעון 3, 2025",נתיבי איילון / CRG הנדסה, ,178951.484,655160.013
699,699.000000,ראשון לציון,ראשון לציון,0.000000, ,11098.000000,179752.047800,653984.737300,קיים,שדרות דיין משה שדרות התקומה,שדרות משה דיין,שדרות התקומה,זלמן שניאור, , ,כן,כן,לא,לא,לא,לא,לא, ,לא,לא,לא, ,RL,"רבעון 3, 2025",נתיבי איילון / CRG הנדסה,RL02,179752.048,653984.737
700,700.000000,ראשון לציון,ראשון לציון,0.000000, ,11099.000000,179200.668100,652905.856900,קיים,שדרות יצחק רבין חומה ומגדל,שדרות התקומה,שדרות יצחק רבין,חומה ומגדל,ההסתדרות, ,לא,כן,לא,לא,לא,לא,כן, ,לא,לא,לא, ,RL,"רבעון 3, 2025",נתיבי איילון / CRG הנדסה,RL08,179200.668,652905.857
701,701.000000,ראשון לציון,ראשון לציון,0.000000, ,11100.000000,179305.099400,653112.549200,קיים,שדרות התקומה גלילי ישראל,שדרות התקומה,גלילי ישראל, , , ,לא,כן,לא,לא,לא,לא,לא, ,לא,לא,לא, ,RL,"רבעון 3, 2025",נתיבי איילון / CRG הנדסה,RL06,179305.099,653112.549
702,702.000000,ראשון לציון,ראשון לציון,0.000000, ,11101.000000,179492.702700,653484.116500,קיים,שדרות התקומה שומרה,שדרות התקומה,שומרה,המורן, , ,לא,כן,לא,לא,לא,לא,לא, ,לא,לא,לא, ,RL,"רבעון 3, 2025",נתיבי איילון / CRG הנדסה,RL04,179492.703,653484.117
703,703.000000,ראשון לציון,ראשון לציון,0.000000, ,11102.000000,179636.128300,653768.654500,קיים,שדרות התקומה חסידי אומות העולם,שדרות התקומה,חסידי אומות העולם,גולדה מאיר, , ,לא,כן,לא,לא,לא,לא,לא, ,לא,לא,לא, ,RL,"רבעון 3, 2025",נתיבי איילון / CRG הנדסה,RL03,179636.128,653768.655
704,704.000000,ראשון לציון,ראשון לציון,0.000000, ,11103.000000,181459.280600,651286.821400,קיים,שדרות תש"ח הרצל,הרצל,שדרות תש"ח,אבי האסירים, , ,כן,לא,כן,לא,לא,לא,לא, ,לא,לא,לא, ,RL,"רבעון 3, 2025",נתיבי איילון / CRG הנדסה,RL03,181459.281,651286.821
705,705.000000,ראשון לציון,ראשון לציון,0.000000, ,11104.000000,179694.595500,652684.235100,קיים,ההסתדרות גולדה מאיר,גולדה מאיר,ההסתדרות, , , ,כן,כן,לא,לא,לא,לא,כן, ,לא,לא,לא, ,RL,"רבעון 3, 2025",נתיבי איילון / CRG הנדסה,RL09,179694.595,652684.235
706,706.000000,ראשון לציון,ראשון לציון,0.000000, ,11105.000000,179799.159100,652918.285300,קיים,גולדה מאיר גלילי ישראל,גולדה מאיר,ישראל גלילי, , , ,כן,כן,לא,לא,לא,לא,לא, ,לא,לא,לא, ,RL,"רבעון 3, 2025",נתיבי איילון / CRG הנדסה,RL01,179799.159,652918.285
707,707.000000,ראשון לציון,ראשון לציון,0.000000, ,11106.000000,181422.203800,651831.978700,קיים,זבוטינסקי הרצל,הרצל,זבוטינסקי, , , ,כן,לא,כן,לא,לא,לא,לא, ,לא,לא,לא, ,RL,"רבעון 3, 2025",נתיבי איילון / CRG הנדסה,RL01,181422.204,651831.979
708,708.000000,ראשון לציון,ראשון לציון,0.000000, ,11107.000000,181464.609200,652014.253600,קיים,הרצל קרון אהרון,הרצל,קרון אהרון, , , ,כן,לא,כן,לא,לא,לא,לא, ,לא,לא,לא, ,RL,"רבעון 3, 2025",נתיבי איילון / CRG הנדסה, ,181464.609,652014.254
709,709.000000,ראשון לציון,ראשון לציון,0.000000, ,11108.000000,181473.856300,652061.420700,קיים,הרצל עולי הגרדום,הרצל,עולי הגרדום, , , ,כן,לא,כן,לא,לא,לא,לא, ,לא,לא,לא, ,RL,"רבעון 3, 2025",נתיבי איילון / CRG הנדסה, ,181473.856,652061.421
710,710.000000,ראשון לציון,ראשון לציון,0.000000, ,11109.000000,181500.653100,652160.392700,קיים,הרצל הכרמל,הרצל,הכרמל, , , ,כן,לא,כן,לא,לא,לא,כן, ,לא,לא,לא, ,RL,"רבעון 3, 2025",נתיבי איילון / CRG הנדסה, ,181500.653,652160.393
711,711.000000,ראשון לציון,ראשון לציון,0.000000, ,11110.000000,181498.974600,652395.210600,קיים,הרצל רוטשילד,הרצל,רוטשילד, , , ,כן,לא,כן,לא,לא,לא,כן, ,לא,לא,לא, ,RL,"רבעון 3, 2025",נתיבי איילון / CRG הנדסה, ,181498.975,652395.211
712,712.000000,ראשון לציון,ראשון לציון,0.000000, ,11111.000000,181482.349600,652589.194500,קיים,הרצל עין הקורא,הרצל,עין הקורא, , , ,כן,לא,כן,לא,לא,לא,לא, ,לא,לא,לא, ,RL,"רבעון 3, 2025",נתיבי איילון / CRG הנדסה, ,181482.35,652589.195
713,713.000000,ראשון לציון,ראשון לציון,0.000000, ,11112.000000,181477.494400,652692.025300,קיים,הרצל תרמ"ב,הרצל,תרמ"ב, , , ,כן,לא,כן,לא,לא,לא,לא, ,לא,לא,לא, ,RL,"רבעון 3, 2025",נתיבי איילון / CRG הנדסה, ,181477.494,652692.025
714,714.000000,ראשון לציון,ראשון לציון,0.000000, ,11113.000000,181572.413500,652867.296400,קיים,הרצל אוסישקין,הרצל,אוסישקין, , , ,כן,לא,כן,לא,לא,לא,לא, ,לא,לא,לא, ,RL,"רבעון 3, 2025",נתיבי איילון / CRG הנדסה, ,181572.414,652867.296
715,715.000000,ראשון לציון,ראשון לציון,0.000000, ,11114.000000,181640.976900,652963.514000,קיים,הרצל מוהליבר,הרצל,מוהליבר,ויצמן, , ,כן,לא,כן,לא,לא,לא,לא, ,לא,לא,לא, ,RL,"רבעון 3, 2025",נתיבי איילון / CRG הנדסה, ,181640.977,652963.514
716,716.000000,ראשון לציון,ראשון לציון,0.000000, ,11115.000000,181744.791900,653119.511200,קיים,הרצל קרן קימת לישראל,הרצל,קרן קימת לישראל, , , ,כן,לא,כן,לא,לא,לא,לא, ,לא,לא,לא, ,RL,"רבעון 3, 2025",נתיבי איילון / CRG הנדסה, ,181744.792,653119.511
717,717.000000,ראשון לציון,ראשון לציון,0.000000, ,11116.000000,181834.168400,653329.061100,קיים,הרצל פרנק צבי,הרצל,צבי פרנק, , , ,כן,לא,כן,לא,לא,לא,לא, ,לא,לא,לא, ,RL,"רבעון 3, 2025",נתיבי איילון / CRG הנדסה, ,181834.168,653329.061
718,718.000000,ראשון לציון,ראשון לציון,0.000000, ,11117.000000,181865.098300,653438.481900,קיים,הרצל דרך המכבים,הרצל,דרך המכבים,פיק"א,המייסדים, ,כן,לא,כן,לא,לא,לא,לא, ,לא,לא,לא, ,RL,"רבעון 3, 2025",נתיבי איילון / CRG הנדסה, ,181865.098,653438.482
719,719.000000,ראשון לציון,ראשון לציון,0.000000, ,11118.000000,181961.946900,653792.857400,קיים,דרך המכבים פרימן יעקב,דרך המכבים,יעקב פרימן, , , ,כן,לא,כן,לא,לא,לא,לא, ,לא,לא,לא, ,RL,"רבעון 3, 2025",נתיבי איילון / CRG הנדסה, ,181961.947,653792.857
720,720.000000,ראשון לציון,ראשון לציון,0.000000, ,11119.000000,182094.715200,654244.642100,קיים,שדרות הציונות דרך המכבים,דרך המכבים,שדרות הציונות, , , ,כן,לא,כן,לא,לא,לא,לא, ,לא,לא,לא, ,RL,"רבעון 3, 2025",נתיבי איילון / CRG הנדסה, ,182094.715,654244.642
721,721.000000,ראשון לציון,ראשון לציון,0.000000, ,11120.000000,182193.537200,654564.220100,קיים,דרך המכבים טוליפמן,דרך המכבים,טוליפמן, , , ,כן,לא,כן,לא,לא,לא,לא, ,לא,לא,לא, ,RL,"רבעון 3, 2025",נתיבי איילון / CRG הנדסה, ,182193.537,654564.22
722,722.000000,ראשון לציון,ראשון לציון,0.000000, ,11121.000000,182545.778400,655613.106000,קיים,דרך המכבים קמרון אברהם,דרך המכבים,אברהם קמרון, , , ,כן,לא,כן,לא,לא,לא,לא, ,לא,לא,לא, ,RL,"רבעון 3, 2025",נתיבי איילון / CRG הנדסה, ,182545.778,655613.106
723,723.000000,ראשון לציון,נת"י,0.000000, ,11122.000000,183234.727900,656512.743300,קיים,צומת בית דגן,דרך המכבים,כביש 412,כביש 44, , ,כן,לא,כן,לא,לא,לא,לא, ,לא,לא,לא, ,RL,"רבעון 3, 2025",נתיבי איילון / CRG הנדסה, ,183234.728,656512.743
724,724.000000,ראשון לציון,נתיבי היובל,0.000000, ,11123.000000,181406.801400,650922.166600,קיים,שדרות נים הרצל,הרצל,שדרות נים,כביש 431, , ,לא,לא,כן,לא,לא,לא,לא, ,לא,לא,לא, ,RL,"רבעון 3, 2025",נתיבי איילון / CRG הנדסה, ,181406.801,650922.167
725,725.000000,ראשון לציון,ראשון לציון,0.000000, ,11124.000000,178961.393300,655502.006800,בתכנון,שייקה דן - לזרוב,שייקה דן,לזרוב, , , ,לא,לא,לא,לא,לא,לא,לא, ,לא,כן,לא, ,RL,"רבעון 3, 2025",נתיבי איילון / CRG הנדסה, ,178961.393,655502.007
726,726.000000,ראשון לציון,ראשון לציון,0.000000, ,11125.000000,179258.308100,653015.026500,בתכנון,התקומה - מיש"ר,שדרות התקומה,מיש"ר,האלוף דוד, , ,לא,כן,לא,לא,לא,לא,לא, ,לא,לא,לא, ,RL,"רבעון 3, 2025",נתיבי איילון / CRG הנדסה,RL05,179258.308,653015.027
727,727.000000,ראשון לציון,ראשון לציון,0.000000, ,11126.000000,183227.000000,652134.000000,קיים,יגאל אלון - ירושלים,יגאל אלון,ירושלים, , , ,לא,לא,לא,לא,לא,לא,כן, ,לא,לא,לא, ,RL,"רבעון 3, 2025",נתיבי איילון / CRG הנדסה, ,183227,652134
728,728.000000,ראשון לציון,ראשון לציון,0.000000, ,11127.000000,183339.000000,652301.000000,קיים,חנה ומיכאל לוין - שמואל שרירא,חנה ומיכאל לוין,שמואל שרירא, , , ,לא,לא,לא,לא,לא,לא,לא, ,לא,כן,לא, ,RL,"רבעון 3, 2025",נתיבי איילון / CRG הנדסה, ,183339,652301
729,729.000000,ראשון לציון,ראשון לציון,0.000000, ,11128.000000,183586.000000,652670.000000,קיים,חנה ומיכאל לוין - חיים הרצוג,חיים הרצוג,חנה ומיכאל לוין,כתריאל רפפורט, , ,לא,לא,לא,לא,לא,לא,לא, ,לא,כן,לא, ,RL,"רבעון 3, 2025",נתיבי איילון / CRG הנדסה, ,183586,652670
730,730.000000,ראשון לציון,ראשון לציון,0.000000, ,11129.000000,183777.000000,652805.000000,קיים,חיים הרצוג - מנחם גינדי,חיים הרצוג,מנחם גינדי, , , ,לא,לא,לא,לא,לא,לא,לא, ,לא,כן,לא, ,RL,"רבעון 3, 2025",נתיבי איילון / CRG הנדסה, ,183777,652805
731,731.000000,ראשון לציון,נת"י,0.000000, ,11130.000000,185023.000000,653511.000000,קיים,חיים הרצוג - כביש 44,חיים הרצוג,כביש 44, , , ,לא,לא,לא,לא,לא,לא,לא, ,לא,כן,לא, ,RL,"רבעון 3, 2025",נתיבי איילון / CRG הנדסה, ,185023,653511
732,732.000000,ראשון לציון,נתיבי היובל,0.000000, ,11131.000000,179925.000000,651517.000000,קיים,מחלף עין הקורא - מזרח,כביש 4331,כביש 42, , , ,לא,לא,לא,לא,לא,לא,לא, ,לא,כן,לא, ,RL,"רבעון 3, 2025",נתיבי איילון / CRG הנדסה, ,179925,651517
733,733.000000,ראשון לציון,נתיבי היובל,0.000000, ,11132.000000,179756.000000,651541.000000,קיים,מחלף עין הקורא - מערב,כביש 4331,כביש 42, , , ,לא,לא,לא,לא,לא,לא,לא, ,לא,כן,לא, ,RL,"רבעון 3, 2025",נתיבי איילון / CRG הנדסה, ,179756,651541
734,734.000000,ראשון לציון,נתיבי היובל,0.000000, ,11133.000000,179402.000000,651439.000000,קיים,מחלף ראשון דרום - (צפון),כביש 4331,כביש 431, , , ,לא,לא,לא,לא,לא,לא,לא, ,לא,כן,לא, ,RL,"רבעון 3, 2025",נתיבי איילון / CRG הנדסה, ,179402,651439
735,735.000000,ראשון לציון,נתיבי היובל,0.000000, ,11134.000000,179263.000000,651305.000000,קיים,מחלף ראשון דרום - (דרום),כביש 4331,כביש 431, , , ,לא,לא,לא,לא,לא,לא,לא, ,לא,כן,לא, ,RL,"רבעון 3, 2025",נתיבי איילון / CRG הנדסה, ,179263,651305
736,736.000000,ראשון לציון,נתיבי היובל,0.000000, ,11135.000000,181359.000000,650604.000000,קיים,מחלף ראשונים,כביש 431,כביש 412, , , ,לא,לא,כן,לא,לא,לא,לא, ,לא,לא,לא, ,RL,"רבעון 3, 2025",נתיבי איילון / CRG הנדסה, ,181359,650604
737,737.000000,ראשון לציון,ראשון לציון,0.000000, ,11136.000000,177297.000000,654971.000000,קיים,משה דיין מזרח- כביש 20,שדרות משה דיין,כביש 20, , , ,לא,לא,לא,לא,לא,לא,לא, ,לא,כן,לא, ,RL,"רבעון 3, 2025",נתיבי איילון / CRG הנדסה, ,177297,654971
738,738.000000,ראשון לציון,ראשון לציון,0.000000, ,11137.000000,177026.000000,655044.000000,קיים,משה דיין מערב - כביש 20,שדרות משה דיין,כביש 20, , , ,לא,לא,לא,לא,לא,לא,לא, ,לא,כן,לא, ,RL,"רבעון 3, 2025",נתיבי איילון / CRG הנדסה, ,177026,655044
739,739.000000,ראשון לציון,ראשון לציון,0.000000, ,11138.000000,181434.000000,651572.000000,בתכנון,הרצל - ינובסקי,הרצל,הרב ינובסקי, , , ,כן,לא,כן,לא,לא,לא,לא, ,לא,לא,לא, ,RL,"רבעון 3, 2025",נתיבי איילון / CRG הנדסה, ,181434,651572
740,740.000000,רחובות,נת"י,0.000000, ,12001.000000,182526.000000,641516.000000,קיים,מחלף קרית עקרון,כביש 40,כביש 411, , , ,לא,לא,לא,לא,לא,לא,לא, ,לא,כן,לא, ,RHV,"רבעון 3, 2025",נתיבי איילון / CRG הנדסה, ,182526,641516
741,741.000000,רחובות,נת"י,0.000000, ,12002.000000,183026.846800,642070.242100,קיים,הרצל צומת ביל"ו,הרצל,צומת ביל"ו, , , ,לא,לא,כן,לא,לא,לא,לא, ,לא,לא,לא, ,RHV,"רבעון 3, 2025",נתיבי איילון / CRG הנדסה,RL05,183026.847,642070.242
742,742.000000,רחובות,רחובות,0.000000, ,12003.000000,182999.292800,642316.525100,קיים,הרצל הגליל,הרצל,הגליל,כביש 40, , ,לא,לא,כן,לא,לא,לא,לא, ,לא,לא,לא, ,RHV,"רבעון 3, 2025",נתיבי איילון / CRG הנדסה, ,182999.293,642316.525
743,743.000000,רחובות,רחובות,0.000000, ,12004.000000,182943.255300,642806.735000,קיים,הרצל הפרדסים,הרצל,הפרדסים, , , ,לא,לא,כן,לא,לא,לא,לא, ,לא,לא,לא, ,RHV,"רבעון 3, 2025",נתיבי איילון / CRG הנדסה,RH01,182943.255,642806.735
744,744.000000,רחובות,רחובות,0.000000, ,12005.000000,182902.920500,643067.395100,קיים,הרצל קלמן ביאלר,הרצל,קלמן ביאלר, , , ,לא,לא,כן,לא,לא,לא,לא, ,לא,לא,לא, ,RHV,"רבעון 3, 2025",נתיבי איילון / CRG הנדסה,RH03,182902.921,643067.395
745,745.000000,רחובות,רחובות,0.000000, ,12006.000000,182761.781900,643433.079800,קיים,יעקבי/ שד' הקיבוצים,הרצל,יעקבי יצחק,שדרת הקיבוצים, , ,לא,לא,כן,לא,לא,לא,לא, ,לא,לא,לא, ,RHV,"רבעון 3, 2025",נתיבי איילון / CRG הנדסה,RH05,182761.782,643433.08
746,746.000000,רחובות,רחובות,0.000000, ,12007.000000,182665.132800,643576.557400,קיים,הרצל  - מזרחי משה,הרצל,משה מזרחי, , , ,לא,לא,כן,לא,לא,לא,לא, ,לא,לא,לא, ,RHV,"רבעון 3, 2025",נתיבי איילון / CRG הנדסה,RH07,182665.133,643576.557
747,747.000000,רחובות,רחובות,0.000000, ,12008.000000,182374.621900,644317.117000,קיים,הרצל - עזרא,הרצל,עזרא,הרשנזון, , ,לא,לא,כן,לא,לא,לא,לא, ,לא,לא,לא, ,RHV,"רבעון 3, 2025",נתיבי איילון / CRG הנדסה, ,182374.622,644317.117
748,748.000000,רחובות,רחובות,0.000000, ,12009.000000,182329.399700,644501.776100,קיים,הרצל - בני משה,הרצל,בני משה, , , ,לא,לא,כן,לא,לא,לא,לא, ,לא,לא,לא, ,RHV,"רבעון 3, 2025",נתיבי איילון / CRG הנדסה,RH21,182329.4,644501.776
749,749.000000,רחובות,רחובות,0.000000, ,12010.000000,182287.018500,644666.624900,קיים,הרצל - בנימין/ לבקוביץ',הרצל,בנימין,לבקוביץ', , ,לא,לא,כן,לא,לא,לא,לא, ,לא,לא,לא, ,RHV,"רבעון 3, 2025",נתיבי איילון / CRG הנדסה,RH23,182287.019,644666.625
750,750.000000,רחובות,רחובות,0.000000, ,12011.000000,182249.605200,644822.268000,קיים,יעקב/ ישראל טלר,הרצל,יעקב,טלר, , ,לא,לא,כן,לא,לא,לא,לא, ,לא,לא,לא, ,RHV,"רבעון 3, 2025",נתיבי איילון / CRG הנדסה,RH24,182249.605,644822.268
751,751.000000,רחובות,רחובות,0.000000, ,12012.000000,182205.513100,645003.185700,קיים,בית הפועלים,הרצל,בית הפועלים, , , ,לא,לא,כן,לא,לא,לא,לא, ,לא,לא,לא, ,RHV,"רבעון 3, 2025",נתיבי איילון / CRG הנדסה,RH25,182205.513,645003.186
752,752.000000,רחובות,רחובות,0.000000, ,12013.000000,182161.455700,645181.332900,קיים,ויצמן הרצל,הרצל,ויצמן, , , ,לא,לא,כן,לא,לא,לא,לא, ,לא,לא,לא, ,RHV,"רבעון 3, 2025",נתיבי איילון / CRG הנדסה,RH26,182161.456,645181.333
753,753.000000,רחובות,רחובות,0.000000, ,12014.000000,182089.970600,645362.077400,קיים,הרצל איזנברג,הרצל,איזנברג, , , ,לא,לא,כן,לא,לא,לא,לא, ,לא,לא,לא, ,RHV,"רבעון 3, 2025",נתיבי איילון / CRG הנדסה,RH28,182089.971,645362.077
754,754.000000,רחובות,רחובות,0.000000, ,12015.000000,182060.639800,645431.877700,קיים,א.ד גורדון,הרצל,גורדון, , , ,לא,לא,כן,לא,לא,לא,לא, ,לא,לא,לא, ,RHV,"רבעון 3, 2025",נתיבי איילון / CRG הנדסה,RH29,182060.64,645431.878
755,755.000000,רחובות,רחובות,0.000000, ,12016.000000,181988.548100,645597.957500,קיים,הרצל - הנשיא הראשון,הרצל,הנשיא הראשון, , , ,לא,לא,כן,לא,לא,לא,לא, ,לא,לא,לא, ,RHV,"רבעון 3, 2025",נתיבי איילון / CRG הנדסה,RH30,181988.548,645597.958
756,756.000000,רחובות,רחובות,0.000000, ,12017.000000,181945.254200,645678.558600,קיים,הרצל - יבנה,הרצל,דרך יבנה,מכון ויצמן, , ,לא,לא,כן,לא,לא,לא,לא, ,לא,לא,לא, ,RHV,"רבעון 3, 2025",נתיבי איילון / CRG הנדסה,RH40,181945.254,645678.559
757,757.000000,רחובות,רחובות,0.000000, ,12018.000000,181768.045500,645981.654000,קיים,הרצל - ברודי,הרצל,ברודי,האונבירסיטה העברית,הפקולטה לחקלאות, ,לא,לא,כן,לא,לא,לא,לא, ,לא,לא,לא, ,RHV,"רבעון 3, 2025",נתיבי איילון / CRG הנדסה,RH41,181768.046,645981.654
758,758.000000,רחובות,רחובות,0.000000, ,12019.000000,181620.223700,646394.092700,קיים,הרצל - אופנהיימר,הרצל,אופנהיימר, , , ,לא,לא,כן,לא,לא,לא,לא, ,לא,לא,לא, ,RHV,"רבעון 3, 2025",נתיבי איילון / CRG הנדסה,RH36,181620.224,646394.093
759,759.000000,רחובות,רחובות,0.000000, ,12020.000000,181479.430600,646577.309600,קיים,הרצל - אצ"ל,הרצל,דרך האצ"ל,המדע,ויצמן, ,לא,לא,כן,לא,לא,לא,לא, ,לא,לא,לא, ,RHV,"רבעון 3, 2025",נתיבי איילון / CRG הנדסה,RH38,181479.431,646577.31
760,760.000000,רחובות,רחובות,0.000000, ,12021.000000,182974.965100,642574.842900,בתכנון,הירדן,הרצל,הירדן, , , ,לא,לא,כן,לא,לא,לא,לא, ,לא,לא,לא, ,RHV,"רבעון 3, 2025",נתיבי איילון / CRG הנדסה,RH39,182974.965,642574.843
761,761.000000,רחובות,רחובות,0.000000, ,12022.000000,182581.484800,643692.330300,בתכנון,אבן עזרא,הרצל,אבן עזרא, , , ,לא,לא,כן,לא,לא,לא,לא, ,לא,לא,לא, ,RHV,"רבעון 3, 2025",נתיבי איילון / CRG הנדסה,RH09,182581.485,643692.33
762,762.000000,רחובות,רחובות,0.000000, ,12023.000000,182540.000000,643798.000000,בתכנון,הרצל - אברבנל,הרצל,אברבנל, , , ,לא,לא,כן,לא,לא,לא,לא, ,לא,לא,לא, ,RHV,"רבעון 3, 2025",נתיבי איילון / CRG הנדסה,RH11,182540,643798
763,763.000000,רחובות,רחובות,0.000000, ,12024.000000,182496.511100,643905.117700,בתכנון,בר כוכבא,הרצל,בר כוכבא, , , ,לא,לא,כן,לא,לא,לא,לא, ,לא,לא,לא, ,RHV,"רבעון 3, 2025",נתיבי איילון / CRG הנדסה,RH14,182496.511,643905.118
764,764.000000,רחובות,רחובות,0.000000, ,12025.000000,182451.000000,644053.000000,בתכנון,הרצל - שבזי,הרצל,הרב שלום שבזי,סעדיה גאון, , ,לא,לא,כן,לא,לא,לא,לא, ,לא,לא,לא, ,RHV,"רבעון 3, 2025",נתיבי איילון / CRG הנדסה,RH15,182451,644053
765,765.000000,רחובות,רחובות,0.000000, ,12026.000000,181849.415600,645795.263600,בתכנון,יהושע חנקין,הרצל,חנקין, , , ,לא,לא,כן,לא,לא,לא,לא, ,לא,לא,לא, ,RHV,"רבעון 3, 2025",נתיבי איילון / CRG הנדסה,RH31,181849.416,645795.264
766,766.000000,רחובות,רחובות,0.000000, ,12027.000000,181710.274500,646155.489700,בתכנון,הרצל - גוטהילף,הרצל,רכבת,שרה ושמואל גוטהילף, , ,לא,לא,כן,לא,לא,לא,לא, ,לא,לא,לא, ,RHV,"רבעון 3, 2025",נתיבי איילון / CRG הנדסה,RH35,181710.275,646155.49
767,767.000000,רחובות,נת"י,0.000000, ,12028.000000,184614.000000,644100.000000,קיים,צומת רחובות מזרח,מנחם בגין,כביש 40, , , ,לא,לא,לא,לא,לא,לא,לא, ,לא,כן,לא, ,RHV,"רבעון 3, 2025",נתיבי איילון / CRG הנדסה, ,184614,644100
768,768.000000,רחובות,רחובות,0.000000, ,12029.000000,184159.000000,644314.000000,קיים,מנחם בגין - ירושלים,מנחם בגין,ירושלים, , , ,לא,לא,לא,לא,לא,לא,לא, ,לא,כן,לא, ,RHV,"רבעון 3, 2025",נתיבי איילון / CRG הנדסה, ,184159,644314
769,769.000000,רחובות,רחובות,0.000000, ,12030.000000,183633.000000,645162.000000,קיים,מנחם בגין - יהודה גורודיסקי,מנחם בגין,יהודה גורודיסקי, , , ,לא,לא,לא,לא,לא,לא,לא, ,לא,כן,לא, ,RHV,"רבעון 3, 2025",נתיבי איילון / CRG הנדסה, ,183633,645162
770,770.000000,רחובות,רחובות,0.000000, ,12031.000000,183495.000000,645958.000000,קיים,מנחם בגין - יהודה יוספזון,מנחם בגין,יהודה לייב יוספזון, , , ,לא,לא,לא,לא,לא,לא,לא, ,לא,כן,לא, ,RHV,"רבעון 3, 2025",נתיבי איילון / CRG הנדסה, ,183495,645958
771,771.000000,רחובות,רחובות,0.000000, ,12032.000000,181962.000000,646819.000000,קיים,המדע - הולצמן,המדע,חיים הולצמן,פרופ' א.ד. ברגמן, , ,לא,לא,לא,לא,לא,לא,לא, ,לא,כן,לא, ,RHV,"רבעון 3, 2025",נתיבי איילון / CRG הנדסה, ,181962,646819
772,772.000000,רחובות,רחובות,0.000000, ,12033.000000,181620.000000,646679.000000,קיים,המדע - פנחס ספיר - פקריס,המדע,פנחס ספיר,פרופ' חיים פקריס, , ,לא,לא,לא,לא,לא,לא,לא, ,לא,כן,לא, ,RHV,"רבעון 3, 2025",נתיבי איילון / CRG הנדסה, ,181620,646679
773,773.000000,רחובות,נת"י,0.000000, ,12034.000000,178939.000000,644052.000000,קיים,דרך 411 - כביש 410,כביש 411,כביש 410, , , ,לא,לא,לא,לא,לא,לא,לא, ,לא,כן,לא, ,RHV,"רבעון 3, 2025",נתיבי איילון / CRG הנדסה, ,178939,644052
774,774.000000,רחובות,נת"י,0.000000, ,12035.000000,179108.000000,643938.000000,קיים,צומת כפר גבירול,דרך הים,כביש 411, , , ,לא,לא,לא,לא,לא,לא,לא, ,לא,כן,לא, ,RHV,"רבעון 3, 2025",נתיבי איילון / CRG הנדסה, ,179108,643938
775,775.000000,רחובות,נת"י,0.000000, ,12036.000000,177761.000000,645502.000000,קיים,צומת רחובות מערב,כביש 42,כביש 411, , , ,לא,לא,לא,לא,לא,לא,לא, ,לא,כן,לא, ,RHV,"רבעון 3, 2025",נתיבי איילון / CRG הנדסה, ,177761,645502
776,776.000000,רחובות,נת"י,0.000000, ,12037.000000,184855.000000,644425.000000,קיים,מחלף סתרייה,כביש 40,שבעת המינים, , , ,לא,לא,לא,לא,לא,לא,לא, ,לא,כן,לא, ,RHV,"רבעון 3, 2025",נתיבי איילון / CRG הנדסה, ,184855,644425
777,777.000000,רחובות,נת"י,0.000000, ,12038.000000,184379.000000,643745.000000,קיים,צומת נען,כביש 40,כביש 4233, , , ,לא,לא,לא,לא,לא,לא,לא, ,לא,כן,לא, ,RHV,"רבעון 3, 2025",נתיבי איילון / CRG הנדסה, ,184379,643745
778,778.000000,רחובות,נת"י,0.000000, ,12039.000000,183925.000000,643163.000000,קיים,צומת מחנה ליפקין,כביש 40, , , , ,לא,לא,לא,לא,לא,לא,לא, ,לא,כן,לא, ,RHV,"רבעון 3, 2025",נתיבי איילון / CRG הנדסה, ,183925,643163
779,779.000000,רחובות,רחובות,0.000000, ,12040.000000,181199.000000,645012.000000,קיים,דרך יבנה - הים - אצ"ל,דרך יבנה,דרך הים,אצ"ל,עמיאל רוז'נסקי, ,לא,לא,לא,לא,לא,לא,לא, ,לא,כן,לא, ,RHV,"רבעון 3, 2025",נתיבי איילון / CRG הנדסה, ,181199,645012
780,780.000000,רחובות,רחובות,0.000000, ,12041.000000,180980.000000,644868.000000,קיים,דרך הים - צבי ארליך,דרך הים,צבי ארליך, , , ,לא,לא,לא,לא,לא,לא,לא, ,לא,כן,לא, ,RHV,"רבעון 3, 2025",נתיבי איילון / CRG הנדסה, ,180980,644868
781,781.000000,רחובות,רחובות,0.000000, ,12042.000000,180778.000000,644758.000000,קיים,דרך הים - יצחק פניגר - משה פריד,דרך הים,יצחק פניגר,משה פריד, , ,לא,לא,לא,לא,לא,לא,לא, ,לא,כן,לא, ,RHV,"רבעון 3, 2025",נתיבי איילון / CRG הנדסה, ,180778,644758
782,782.000000,רחובות,רחובות,0.000000, ,12043.000000,180326.000000,644569.000000,קיים,דרך הים - ששת הימים - גד,דרך הים,ששת הימים,גד פינשטיין, , ,לא,לא,לא,לא,לא,לא,לא, ,לא,כן,לא, ,RHV,"רבעון 3, 2025",נתיבי איילון / CRG הנדסה, ,180326,644569
783,783.000000,רחובות,רחובות,0.000000, ,12044.000000,180310.000000,644799.000000,קיים,גד פינשטיין - מוטי קינד,גד פינשטיין,מוטי קינד, , , ,לא,לא,לא,לא,לא,לא,לא, ,לא,כן,לא, ,RHV,"רבעון 3, 2025",נתיבי איילון / CRG הנדסה, ,180310,644799
784,784.000000,רחובות,רחובות,0.000000, ,12045.000000,180301.000000,645045.000000,קיים,גד פינשטיין - יעקב פרי,גד פינשטיין,יעקב פרי, , , ,לא,לא,לא,לא,לא,לא,לא, ,לא,כן,לא, ,RHV,"רבעון 3, 2025",נתיבי איילון / CRG הנדסה, ,180301,645045
785,785.000000,רחובות,נת"י,0.000000, ,12046.000000,179614.000000,644213.000000,קיים,דרך הים - קלמן גבריאלוב,דרך הים,קלמן גבריאלוב, , , ,לא,לא,לא,לא,לא,לא,לא, ,לא,כן,לא, ,RHV,"רבעון 3, 2025",נתיבי איילון / CRG הנדסה, ,179614,644213
786,786.000000,רחובות,רחובות,0.000000, ,12047.000000,181094.000000,645163.000000,קיים,אצ"ל - ציפורה טוב,אצ"ל,ציפורה טוב, , , ,לא,לא,לא,לא,לא,לא,לא, ,לא,כן,לא, ,RHV,"רבעון 3, 2025",נתיבי איילון / CRG הנדסה, ,181094,645163
787,787.000000,רחובות,רחובות,0.000000, ,12048.000000,181071.000000,645541.000000,קיים,אצ"ל - מור,אצ"ל,מור, , , ,לא,לא,לא,לא,לא,לא,לא, ,לא,כן,לא, ,RHV,"רבעון 3, 2025",נתיבי איילון / CRG הנדסה, ,181071,645541
788,788.000000,רחובות,רחובות,0.000000, ,12049.000000,181430.000000,646237.000000,קיים,אצ"ל - מרדכי בשיסט,אצ"ל,מדרכי בשיסט, , , ,לא,לא,לא,לא,לא,לא,לא, ,לא,כן,לא, ,RHV,"רבעון 3, 2025",נתיבי איילון / CRG הנדסה, ,181430,646237
789,789.000000,רחובות,רחובות,0.000000, ,12050.000000,180254.000000,643966.000000,קיים,ששת הימים  - משה פריד,ששת הימים,משה פריד,סטולבוב, , ,לא,לא,לא,לא,לא,לא,לא, ,לא,כן,לא, ,RHV,"רבעון 3, 2025",נתיבי איילון / CRG הנדסה, ,180254,643966
790,790.000000,רחובות,רחובות,0.000000, ,12051.000000,180249.000000,643917.000000,קיים,ששת הימים  - דובנוב,ששת הימים,שמעון דובנוב, , , ,לא,לא,לא,לא,לא,לא,לא, ,לא,כן,לא, ,RHV,"רבעון 3, 2025",נתיבי איילון / CRG הנדסה, ,180249,643917
791,791.000000,רחובות,רחובות,0.000000, ,12052.000000,182907.000000,644449.000000,קיים,עזרא - ההגנה - מנוחה ונחלה,עזרא,ההגנה,מנוחה ונחלה,הרב זכריה מדאר, ,לא,לא,לא,לא,לא,לא,לא, ,לא,כן,לא, ,RHV,"רבעון 3, 2025",נתיבי איילון / CRG הנדסה, ,182907,644449
792,792.000000,רחובות,רחובות,0.000000, ,12053.000000,183266.000000,644533.000000,קיים,ההגנה - חיים סינרי - לח"י,ההגנה,חיים סירני,לח"י, , ,לא,לא,לא,לא,לא,לא,לא, ,לא,כן,לא, ,RHV,"רבעון 3, 2025",נתיבי איילון / CRG הנדסה, ,183266,644533
793,793.000000,רחובות,רחובות,0.000000, ,12054.000000,183134.000000,643489.000000,קיים,שדרות הקיבוצים - זכריה מדאר,שדרות הקיבוצים,הרב זכריה מדאר, , , ,לא,לא,לא,לא,לא,לא,לא, ,לא,כן,לא, ,RHV,"רבעון 3, 2025",נתיבי איילון / CRG הנדסה, ,183134,643489
794,794.000000,רחובות,רחובות,0.000000, ,12055.000000,182820.000000,644798.000000,קיים,מנוחה ונחלה - בנימין - השומרים,מנוחה ונחלה,בנימין,השומרים, , ,לא,לא,לא,לא,לא,לא,לא, ,לא,כן,לא, ,RHV,"רבעון 3, 2025",נתיבי איילון / CRG הנדסה, ,182820,644798
795,795.000000,רחובות,רחובות,0.000000, ,12056.000000,182693.000000,645305.000000,קיים,מנוחה ונחלה - הרצוג - ויצמן,מנוחה ונחלה,הרב הרצוג,חיים ויצמן,טובה וטוביה מילר, ,לא,לא,לא,לא,לא,לא,לא, ,לא,כן,לא, ,RHV,"רבעון 3, 2025",נתיבי איילון / CRG הנדסה, ,182693,645305
796,796.000000,רחובות,רחובות,0.000000, ,12057.000000,182077.000000,644637.000000,קיים,לבקוביץ' - השופטים,לבקוביץ',השופטים, , , ,לא,לא,לא,לא,לא,לא,לא, ,לא,כן,לא, ,RHV,"רבעון 3, 2025",נתיבי איילון / CRG הנדסה, ,182077,644637
797,797.000000,רחובות,רחובות,0.000000, ,12058.000000,182025.000000,644622.000000,קיים,לבקוביץ' - ביל"ו - רל"פ,לבקוביץ',ביל"ו,רל"פ, , ,לא,לא,לא,לא,לא,לא,לא, ,לא,כן,לא, ,RHV,"רבעון 3, 2025",נתיבי איילון / CRG הנדסה, ,182025,644622
798,798.000000,רחובות,רחובות,0.000000, ,12059.000000,181803.000000,644465.000000,קיים,ביל"ו - תחנה מרכזית,ביל"ו, , , , ,לא,לא,לא,לא,לא,לא,לא, ,לא,כן,לא, ,RHV,"רבעון 3, 2025",נתיבי איילון / CRG הנדסה, ,181803,644465
799,799.000000,רחובות,רחובות,0.000000, ,12060.000000,181691.000000,644411.000000,קיים,שאול טשרניחובסקי - ביל"ו,שאול טשרניחובסקי,ביל"ו, , , ,לא,לא,לא,לא,לא,לא,לא, ,לא,כן,לא, ,RHV,"רבעון 3, 2025",נתיבי איילון / CRG הנדסה, ,181691,644411
800,800.000000,רחובות,רחובות,0.000000, ,12061.000000,181681.000000,644493.000000,קיים,שאול טשרניחובסקי - רוז'נסקי,שאול טשרניחובסקי,עמנואל רוז'נסקי,הגורן,גרשון דובנבוים, ,לא,לא,לא,לא,לא,לא,לא, ,לא,כן,לא, ,RHV,"רבעון 3, 2025",נתיבי איילון / CRG הנדסה, ,181681,644493
801,801.000000,רחובות,רחובות,0.000000, ,12062.000000,181840.000000,643957.000000,קיים,שאול טשרניחובסקי - רחל הירשזון,שאול טשרניחובסקי,רחל הירשזון, , , ,לא,לא,לא,לא,לא,לא,לא, ,לא,כן,לא, ,RHV,"רבעון 3, 2025",נתיבי איילון / CRG הנדסה, ,181840,643957
802,802.000000,רחובות,רחובות,0.000000, ,12063.000000,181984.000000,643716.000000,קיים,שאול טשרניחובסקי - לוי אשכול,שאול טשרניחובסקי,לוי אשכול,סעדיה גאון, , ,לא,לא,לא,לא,לא,לא,לא, ,לא,כן,לא, ,RHV,"רבעון 3, 2025",נתיבי איילון / CRG הנדסה, ,181984,643716
803,803.000000,רחובות,רחובות,0.000000, ,12064.000000,181508.000000,644674.000000,קיים,רוז'נסקי - רמז,עמנואל רוז'נסקי,דוד רמז, , , ,לא,לא,לא,לא,לא,לא,לא, ,לא,כן,לא, ,RHV,"רבעון 3, 2025",נתיבי איילון / CRG הנדסה, ,181508,644674
804,804.000000,רמלה,רמלה,0.000000, ,18001.000000,186345.729900,649001.230000,קיים,אהרון בוגנים - חטיבת קריתי,חטיבת קריתי,אהרון בוגנים,שרת, , ,לא,לא,לא,לא,לא,לא,לא, ,לא,כן,לא, ,RAMLA,"רבעון 3, 2025",נתיבי איילון / CRG הנדסה,RH37,186345.73,649001.23
805,805.000000,רמלה,רמלה,0.000000, ,18002.000000,186402.138700,648674.672400,קיים,קרן היסוד - צה"ל,חטיבת קריתי,קרן היסוד,צה"ל,התשעה, ,לא,לא,לא,לא,לא,לא,לא, ,לא,כן,לא, ,RAMLA,"רבעון 3, 2025",נתיבי איילון / CRG הנדסה, ,186402.139,648674.672
806,806.000000,רמלה,רמלה,0.000000, ,18003.000000,186385.061500,648237.305300,קיים,קרן היסוד - שטיין יהודה - הזית,קרן היסוד,יהודה שטיין,הזית,מבצע יונתן, ,לא,לא,לא,לא,לא,לא,כן, ,לא,לא,לא, ,RAMLA,"רבעון 3, 2025",נתיבי איילון / CRG הנדסה, ,186385.061,648237.305
807,807.000000,רמלה,רמלה,0.000000, ,18004.000000,186925.605200,648202.697100,קיים,יהודה שטיין - בן גוריון - יצחק בן צבי,יהודה שטיין,בן גוריון,יצחק בן צבי, , ,לא,לא,לא,לא,לא,לא,כן, ,לא,לא,לא, ,RAMLA,"רבעון 3, 2025",נתיבי איילון / CRG הנדסה, ,186925.605,648202.697
808,808.000000,רמלה,רמלה,0.000000, ,18005.000000,187208.100800,648185.243100,קיים,יהודה שטיין - שדרות ויצמן - שמשון הגיבור - דוד רזיאל,יהודה שטיין,שדרות ויצמן,שמשון הגיבור,דוד רזיאל, ,לא,לא,לא,לא,לא,לא,כן, ,לא,לא,לא, ,RAMLA,"רבעון 3, 2025",נתיבי איילון / CRG הנדסה, ,187208.101,648185.243
809,809.000000,רמלה,רמלה,0.000000, ,18006.000000,187445.937800,648582.860000,קיים,שדרות ויצמן - בר אילן,בר אילן,שדרות ויצמן, , , ,לא,לא,לא,לא,לא,לא,כן, ,לא,לא,לא, ,RAMLA,"רבעון 3, 2025",נתיבי איילון / CRG הנדסה, ,187445.938,648582.86
810,810.000000,רמלה,רמלה,0.000000, ,18007.000000,187065.127600,649022.775100,קיים,בר אילן - יוספטל גיורא,בר אילן,גיורא יוספטל,ישראל פרנקל, , ,לא,לא,לא,לא,לא,לא,לא, ,לא,כן,לא, ,RAMLA,"רבעון 3, 2025",נתיבי איילון / CRG הנדסה, ,187065.128,649022.775
811,811.000000,רמלה,נת"י,0.000000, ,18008.000000,187444.360800,649509.620500,קיים,הרצל - החשמונאים,שדרות הרצל,החשמונאים,כביש 44, , ,לא,כן,לא,לא,לא,לא,לא, ,לא,לא,לא, ,RAMLA,"רבעון 3, 2025",נתיבי איילון / CRG הנדסה,RM07,187444.361,649509.621
812,812.000000,רמלה,רמלה,0.000000, ,18009.000000,187493.210200,649314.728100,קיים,הרצל - ישראל פרנקל,שדרות הרצל,ישראל פרנקל, , , ,לא,כן,לא,לא,לא,לא,לא, ,לא,לא,לא, ,RAMLA,"רבעון 3, 2025",נתיבי איילון / CRG הנדסה,RM08,187493.21,649314.728
813,813.000000,רמלה,רמלה,0.000000, ,18010.000000,187728.898200,648822.113600,קיים,הרצל - ויצמן - ההגנה,שדרות הרצל,שדרות ויצמן,ההגנה, , ,לא,כן,לא,לא,לא,לא,כן, ,לא,לא,לא, ,RAMLA,"רבעון 3, 2025",נתיבי איילון / CRG הנדסה,RM11,187728.898,648822.114
814,814.000000,רמלה,רמלה,0.000000, ,18011.000000,188274.803200,648222.878000,קיים,הרצל - יצחק שדה,שדרות הרצל,יצחק שדה, , , ,לא,כן,לא,לא,לא,לא,כן, ,לא,לא,לא, ,RAMLA,"רבעון 3, 2025",נתיבי איילון / CRG הנדסה,RM03,188274.803,648222.878
815,815.000000,רמלה,רמלה,0.000000, ,18012.000000,187953.877500,648427.203100,קיים,הרצל - דני מס,שדרות הרצל,דני מס, , , ,לא,כן,לא,לא,לא,לא,כן, ,לא,לא,לא, ,RAMLA,"רבעון 3, 2025",נתיבי איילון / CRG הנדסה,RM13,187953.878,648427.203
816,816.000000,רמלה,רמלה,0.000000, ,18013.000000,188383.115900,648188.945400,קיים,הרצל - שלמה המלך,שדרות הרצל,שלמה המלך, , , ,לא,כן,לא,לא,לא,לא,כן, ,לא,לא,לא, ,RAMLA,"רבעון 3, 2025",נתיבי איילון / CRG הנדסה,RM04,188383.116,648188.945
817,817.000000,רמלה,רמלה,0.000000, ,18014.000000,188487.260300,648133.731100,קיים,הרצל - שלמה המלך - יהודה הלוי,שדרות הרצל,קרית הממשלה, , , ,לא,כן,לא,לא,לא,לא,לא, ,לא,לא,לא, ,RAMLA,"רבעון 3, 2025",נתיבי איילון / CRG הנדסה,RM15,188487.26,648133.731
818,818.000000,רמלה,רמלה,0.000000, ,18015.000000,188554.305600,648025.615300,קיים,הרצל - תל חי,שדרות הרצל,תל חי, , , ,לא,כן,לא,לא,לא,לא,לא, ,לא,לא,לא, ,RAMLA,"רבעון 3, 2025",נתיבי איילון / CRG הנדסה,RM16,188554.306,648025.615
819,819.000000,רמלה,רמלה,0.000000, ,18016.000000,188663.534400,647912.586400,קיים,הרצל - קלוזנר,שדרות הרצל,קלוזנר, , , ,לא,כן,לא,לא,לא,לא,לא, ,לא,לא,לא, ,RAMLA,"רבעון 3, 2025",נתיבי איילון / CRG הנדסה,RM17,188663.534,647912.586
820,820.000000,רמלה,רמלה,0.000000, ,18017.000000,188592.910700,648246.460700,קיים,תל חי - אצ"ל,תל חי,אצ"ל, , , ,לא,לא,לא,לא,לא,לא,לא, ,לא,כן,לא, ,RAMLA,"רבעון 3, 2025",נתיבי איילון / CRG הנדסה,RM18,188592.911,648246.461
821,821.000000,רמלה,נת"י,0.000000, ,18018.000000,188604.076300,648443.575200,קיים,תל חי,תל חי,כביש 44, , , ,לא,לא,לא,לא,לא,לא,לא, ,לא,כן,לא, ,RAMLA,"רבעון 3, 2025",נתיבי איילון / CRG הנדסה,RM01,188604.076,648443.575
822,822.000000,רמלה,רמלה,0.000000, ,18019.000000,187049.798500,647577.216700,קיים,רזיאל דוד לוי אליהו סלם,יחזקאל,דוד רזיאל,אליהן סלם לוי, , ,לא,לא,לא,לא,לא,לא,לא, ,לא,כן,לא, ,RAMLA,"רבעון 3, 2025",נתיבי איילון / CRG הנדסה, ,187049.799,647577.217
823,823.000000,רמלה,רמלה,0.000000, ,18020.000000,187612.948000,647479.529300,קיים,ביאליק יחזקאל,יחזקאל,ביאליק, , , ,לא,לא,לא,לא,לא,לא,לא, ,לא,כן,לא, ,RAMLA,"רבעון 3, 2025",נתיבי איילון / CRG הנדסה, ,187612.948,647479.529
824,824.000000,רמלה,נת"י,0.000000, ,18021.000000,187609.561200,647389.571000,קיים,ביאליק,ביאליק,כביש 40, , , ,לא,לא,לא,לא,לא,לא,לא, ,לא,כן,לא, ,RAMLA,"רבעון 3, 2025",נתיבי איילון / CRG הנדסה, ,187609.561,647389.571
825,825.000000,רמלה,רמלה,0.000000, ,18022.000000,189473.477300,647085.904500,קיים,הר עצמון,הר עצמון, כביש 44, , , ,לא,לא,לא,לא,לא,לא,לא, ,לא,כן,לא, ,RAMLA,"רבעון 3, 2025",נתיבי איילון / CRG הנדסה, ,189473.477,647085.905
826,826.000000,רמלה,רמלה,0.000000, ,18023.000000,188711.188600,648858.613500,קיים,תל חי - לוחמי בית"ר,תל חי,לוחמי בית"ר, , , ,לא,לא,לא,לא,לא,לא,כן, ,לא,לא,לא, ,RAMLA,"רבעון 3, 2025",נתיבי איילון / CRG הנדסה, ,188711.189,648858.614
827,827.000000,רמלה,רמלה,0.000000, ,18024.000000,188880.733600,648917.192100,קיים,תל חי - עמל,תל חי,עמל, , , ,לא,לא,לא,לא,לא,לא,כן, ,לא,לא,לא, ,RAMLA,"רבעון 3, 2025",נתיבי איילון / CRG הנדסה, ,188880.734,648917.192
828,828.000000,רמלה,רמלה,0.000000, ,18025.000000,189265.967400,649380.794400,קיים,תל חי - שדרות ירושלים - דרור - הרב אפריאט,תל חי,דרור,שדרות ירושלים,הרב אפריאט, ,לא,לא,לא,לא,לא,לא,כן, ,לא,לא,לא, ,RAMLA,"רבעון 3, 2025",נתיבי איילון / CRG הנדסה, ,189265.967,649380.794
829,829.000000,רמלה,נת"י,0.000000, ,18026.000000,188436.792100,647513.851600,קיים,קלאוזנר - כביש 40,קלאוזנר,כביש 40, , , ,לא,לא,לא,לא,לא,לא,לא, ,לא,כן,לא, ,RAMLA,"רבעון 3, 2025",נתיבי איילון / CRG הנדסה, ,188436.792,647513.852
830,830.000000,רמלה,רמלה,0.000000, ,18027.000000,188084.704400,648448.361300,בתכנון,אצ"ל - הגדוד העברי,הגדוד העברי,אצ"ל, , , ,לא,לא,לא,לא,לא,לא,לא, ,לא,כן,לא, ,RAMLA,"רבעון 3, 2025",נתיבי איילון / CRG הנדסה, ,188084.704,648448.361
831,831.000000,רמלה,רמלה,0.000000, ,18028.000000,188187.016000,648272.408600,בתכנון,הרצל - קהילת דטרויט,שדרות הרצל,קהילת דטריוט, , , ,לא,כן,לא,לא,לא,לא,כן, ,לא,לא,לא, ,RAMLA,"רבעון 3, 2025",נתיבי איילון / CRG הנדסה,RM05,188187.016,648272.409
832,832.000000,רמלה,רמלה,0.000000, ,18029.000000,188576.292600,647813.362100,בתכנון,קלואזנר - רש"י - מונטיפיורי,קלאוזנר,רש"י,מונטיפיורי, , ,לא,כן,לא,לא,לא,לא,לא, ,לא,לא,לא, ,RAMLA,"רבעון 3, 2025",נתיבי איילון / CRG הנדסה,RM06,188576.293,647813.362
833,833.000000,רמלה,רמלה,0.000000, ,18030.000000,187568.035000,649144.500500,בתכנון,הרצל - שפרינצק,שדרות הרצל,שפרינצק, , , ,לא,כן,לא,לא,לא,לא,לא, ,לא,לא,לא, ,RAMLA,"רבעון 3, 2025",נתיבי איילון / CRG הנדסה,RM09,187568.035,649144.501
834,834.000000,רמלה,רמלה,0.000000, ,18031.000000,187631.815400,649014.442500,בתכנון,הרצל - אגוזי (ה"ר),שדרות הרצל,אגוזי, , , ,לא,כן,לא,לא,לא,לא,לא, ,לא,לא,לא, ,RAMLA,"רבעון 3, 2025",נתיבי איילון / CRG הנדסה,RM10,187631.815,649014.443
835,835.000000,רמלה,רמלה,0.000000, ,18032.000000,187831.765600,648617.403600,בתכנון,הרצל - מרכוס (כניסה למשטרה),שדרות הרצל,מרכוס, , , ,לא,כן,לא,לא,לא,לא,כן, ,לא,לא,לא, ,RAMLA,"רבעון 3, 2025",נתיבי איילון / CRG הנדסה,RM12,187831.766,648617.404
836,836.000000,רמלה,רמלה,0.000000, ,18033.000000,188048.980000,648329.544200,בתכנון,הרצל - הגדוד העברי,שדרות הרצל,הגדוד העברי, , , ,לא,כן,לא,לא,לא,לא,כן, ,לא,לא,לא, ,RAMLA,"רבעון 3, 2025",נתיבי איילון / CRG הנדסה,RM14,188048.98,648329.544
837,837.000000,רמת גן,רמת גן,0.000000,א,13001.000000,186257.244500,662278.971000,קיים,בן גוריון - יעקב דורי - שלמה המלך - גילדסגיים,דרך יעקב דורי,שדרות בן גוריון,שלמה המלך,גילדסגיים, ,לא,כן,לא,לא,לא,לא,לא, ,לא,לא,לא, ,RG,"רבעון 3, 2025",נתיבי איילון / CRG הנדסה,K010,186257.245,662278.971
838,838.000000,רמת גן,רמת גן,0.000000,א,13002.000000,183896.524900,667993.610200,קיים,מבצע קדש - שבט ראובן (רמפת לח"י),מבצע קדש,שבט ראובן,לח"י, , ,לא,לא,לא,לא,לא,לא,לא,RB-1,לא,כן,לא, ,RG,"רבעון 3, 2025",נתיבי איילון / CRG הנדסה, ,183896.525,667993.61
839,839.000000,רמת גן,רמת גן,0.000000,א,13003.000000,183924.735600,667516.825300,קיים,מבצע קדש - קניון איילון (מזרחי),מבצע קדש,קניון איילון (מזרחי), , , ,לא,לא,לא,לא,לא,לא,לא,RB-1,כן,לא,לא, ,RG,"רבעון 3, 2025",נתיבי איילון / CRG הנדסה, ,183924.736,667516.825
840,840.000000,רמת גן,רמת גן,0.000000,א,13004.000000,183911.185200,667663.327000,קיים,מבצע קדש - קניון איילון (צפון) - שמורת הרכבת,מבצע קדש,קניון איילון (צפון), , , ,לא,לא,לא,לא,לא,לא,לא,RB-1,כן,לא,לא, ,RG,"רבעון 3, 2025",נתיבי איילון / CRG הנדסה, ,183911.185,667663.327
841,841.000000,רמת גן,נת"ע,0.000000, ,13005.000000,183415.589900,666444.866100,קיים,בן גוריון - זבוטינסקי,ז'בוטינסקי,דרך דוד בן גוריון, , , ,כן,כן,לא,לא,לא,לא,לא, ,לא,לא,לא, ,RG,"רבעון 3, 2025",נתיבי איילון / CRG הנדסה, ,183415.59,666444.866
842,842.000000,רמת גן,רמת גן,0.000000,א,13006.000000,181579.946500,665579.302200,קיים,זבוטינסקי - אבא הלל - המעיין,ז'בוטינסקי,דרך אבא הלל,ארלוזרוב,המעיין, ,כן,לא,לא,לא,לא,לא,לא, ,לא,לא,לא, ,RG,"רבעון 3, 2025",נתיבי איילון / CRG הנדסה, ,181579.947,665579.302
843,843.000000,רמת גן,נת"ע,0.000000, ,13007.000000,182838.349600,662884.690600,קיים,אלוף שדה כורזין,אלוף שדה,כורזין, , , ,לא,לא,לא,לא,לא,כן,לא, ,כן,לא,לא, ,RG,"רבעון 3, 2025",נתיבי איילון / CRG הנדסה, ,182838.35,662884.691
844,844.000000,רמת גן,נת"ע,0.000000, ,13008.000000,182371.448900,662873.319000,קיים,דרך השלום עודד,דרך השלום,עודד, , , ,לא,לא,לא,לא,לא,כן,לא, ,כן,לא,לא, ,RG,"רבעון 3, 2025",נתיבי איילון / CRG הנדסה, ,182371.449,662873.319
845,845.000000,גבעתיים,גבעתיים,0.000000,א,4025.000000,182674.450200,663569.186800,קיים,יצחק רבין דרך בן גוריון דוד,דרך בן גוריון,דרך יצחק רבין, , , ,לא,לא,לא,לא,לא,לא,לא, ,לא,כן,לא, ,GM,"רבעון 3, 2025",נתיבי איילון / CRG הנדסה, ,182674.45,663569.187
846,846.000000,גבעתיים,גבעתיים,0.000000,א,4026.000000,182745.545100,663687.183800,קיים,דוד בן גוריון,דרך בן גוריון, , , , ,לא,לא,לא,לא,לא,לא,לא, ,לא,כן,לא, ,GM,"רבעון 3, 2025",נתיבי איילון / CRG הנדסה, ,182745.545,663687.184
847,847.000000,גבעתיים,גבעתיים,0.000000,א,4027.000000,182791.538700,663755.730400,קיים,דוד בן גוריון - הפורצים,דרך בן גוריון,הפורצים, , , ,לא,לא,לא,לא,לא,לא,לא, ,לא,כן,לא, ,GM,"רבעון 3, 2025",נתיבי איילון / CRG הנדסה, ,182791.539,663755.73
848,848.000000,גבעתיים,גבעתיים,0.000000,א,4028.000000,182816.079600,663845.635600,קיים,דוד בן גוריון - בן צבי שמע,דרך בן גוריון,שמעון בן צבי, , , ,לא,לא,לא,לא,לא,לא,לא, ,לא,כן,לא, ,GM,"רבעון 3, 2025",נתיבי איילון / CRG הנדסה, ,182816.08,663845.636
849,849.000000,רמת גן,רמת גן,0.000000,א,13013.000000,182943.730300,664237.933300,קיים,דוד בן גוריון - עמל - כנפי נשרים,דרך בן גוריון,עמל,כנפי נשרים, , ,לא,לא,לא,לא,לא,לא,לא, ,לא,כן,לא, ,RG,"רבעון 3, 2025",נתיבי איילון / CRG הנדסה, ,182943.73,664237.933
850,850.000000,רמת גן,רמת גן,0.000000,א,13014.000000,182965.956100,664292.375000,קיים,דוד בן גוריון - המלך יוסף - כנפי נשרים - עמל,דרך בן גוריון,המלך יוסף, , , ,לא,לא,לא,לא,לא,לא,לא, ,לא,כן,לא, ,RG,"רבעון 3, 2025",נתיבי איילון / CRG הנדסה, ,182965.956,664292.375
851,851.000000,רמת גן,רמת גן,0.000000,א,13015.000000,183012.885400,664676.257300,קיים,דוד בן גוריון - שדרות ירושלים - כצנלסון,דרך בן גוריון,שדרות ירושלים, , , ,לא,לא,לא,לא,לא,לא,לא, ,לא,כן,לא, ,RG,"רבעון 3, 2025",נתיבי איילון / CRG הנדסה, ,183012.885,664676.257
852,852.000000,רמת גן,רמת גן,0.000000,א,13016.000000,183126.806300,665181.258100,קיים,דוד בן גוריון - חיבת ציון,דרך בן גוריון,חיבת ציון, , , ,לא,לא,לא,לא,לא,לא,לא, ,לא,כן,לא, ,RG,"רבעון 3, 2025",נתיבי איילון / CRG הנדסה, ,183126.806,665181.258
853,853.000000,רמת גן,נת"י,0.000000, ,13017.000000,184018.227400,660603.340000,קיים,דרך הנשיא הראשון דרך לוד,דרך הנשיא הראשון,דרך לוד 461,כביש 4, , ,לא,לא,לא,לא,לא,לא,לא, ,כן,לא,לא, ,RG,"רבעון 3, 2025",נתיבי איילון / CRG הנדסה,RM15,184018.227,660603.34
854,854.000000,רמת גן,נת"י,0.000000, ,13018.000000,182505.472600,661317.757700,קיים,דרך הטייסים דרך בר-לב חיים,דרך הטייסים,דרך חיים בר-לב,דרך לוד 461, , ,לא,כן,לא,לא,לא,לא,לא, ,כן,לא,לא, ,RG,"רבעון 3, 2025",נתיבי איילון / CRG הנדסה, ,182505.473,661317.758
855,855.000000,רמת גן,רמת גן,0.000000, ,13019.000000,182566.168800,661885.235800,קיים,דרך הטייסים מח"ל,דרך הטייסים,מח"ל,ככר הרב פרדס, , ,לא,לא,לא,לא,לא,לא,לא, ,כן,לא,לא, ,TLV,"רבעון 3, 2025",נתיבי איילון / CRG הנדסה, ,182566.169,661885.236
856,856.000000,רמת גן,נת"ע,0.000000, ,13020.000000,183256.059600,662996.115600,קיים,דרך יצחק רבין אלוף שדה,דרך יצחק רבין,אלוף שדה,רזיאל, , ,לא,לא,לא,לא,לא,כן,לא, ,כן,לא,לא, ,RG,"רבעון 3, 2025",נתיבי איילון / CRG הנדסה, ,183256.06,662996.116
857,857.000000,רמת גן,נת"ע,0.000000, ,13021.000000,183196.932200,663181.835400,קיים,דרך יצחק רבין - הרא"ה,דרך יצחק רבין,הרא"ה, , , ,לא,לא,לא,לא,לא,לא,לא, ,לא,כן,לא, ,RG,"רבעון 3, 2025",נתיבי איילון / CRG הנדסה, ,183196.932,663181.835
858,858.000000,רמת גן,רמת גן,0.000000,א,13022.000000,183121.732500,663297.075200,קיים,דרך יצחק רבין - הרצוג,דרך יצחק רבין,הרצוג, , , ,לא,לא,לא,לא,לא,לא,לא, ,לא,כן,לא, ,RG,"רבעון 3, 2025",נתיבי איילון / CRG הנדסה, ,183121.732,663297.075
859,859.000000,רמת גן,רמת גן,0.000000,א,13023.000000,183358.431900,663258.835000,קיים,הרא"ה - אהרונסון - לב הזהב,הרא"ה,שרה אהרונסון,לב הזהב, , ,לא,לא,לא,לא,לא,לא,לא, ,לא,כן,לא, ,RG,"רבעון 3, 2025",נתיבי איילון / CRG הנדסה, ,183358.432,663258.835
860,860.000000,רמת גן,רמת גן,0.000000,א,13024.000000,183423.531900,663313.644900,קיים,הרא"ה - משה דיין,הרא"ה,משה דיין, , , ,לא,לא,לא,לא,לא,לא,לא, ,לא,כן,לא, ,RG,"רבעון 3, 2025",נתיבי איילון / CRG הנדסה, ,183423.532,663313.645
861,861.000000,רמת גן,רמת גן,0.000000,א,13025.000000,183483.641900,663477.074400,קיים,הרא"ה - פנחס רוטנברג,הרא"ה,פנחס רוטנברג, , , ,לא,לא,לא,לא,לא,לא,לא, ,לא,כן,לא, ,RG,"רבעון 3, 2025",נתיבי איילון / CRG הנדסה, ,183483.642,663477.074
862,862.000000,רמת גן,נת"ע,0.000000, ,13026.000000,183903.853700,662882.950300,קיים,אלוף שדה הירדן,אלוף שדה,הירדן,פרץ ברנשטיין, , ,לא,לא,לא,לא,לא,כן,לא, ,כן,לא,לא, ,RG,"רבעון 3, 2025",נתיבי איילון / CRG הנדסה, ,183903.854,662882.95
863,863.000000,רמת גן,נת"ע,0.000000, ,13027.000000,183924.320500,663028.334900,קיים,הירדן נוה יהושע,הירדן,נוה יהושע,הבילויים, , ,לא,לא,לא,לא,לא,לא,לא, ,לא,כן,לא, ,RG,"רבעון 3, 2025",נתיבי איילון / CRG הנדסה, ,183924.321,663028.335
864,864.000000,רמת גן,רמת גן,0.000000,א,13028.000000,183933.430600,663188.644500,קיים,הירדן - בן אליעזר - משה דיין,הירדן,אריה בן אליעזר,משה דיין, , ,לא,לא,לא,לא,לא,לא,לא, ,לא,כן,לא, ,RG,"רבעון 3, 2025",נתיבי איילון / CRG הנדסה, ,183933.431,663188.645
865,865.000000,רמת גן,רמת גן,0.000000,א,13029.000000,183943.820900,663413.264000,קיים,הירדן - פנחס רוטנברג,הירדן,פנחס רוטנברג, , , ,לא,לא,לא,לא,לא,לא,לא, ,לא,כן,לא, ,RG,"רבעון 3, 2025",נתיבי איילון / CRG הנדסה, ,183943.821,663413.264
866,866.000000,רמת גן,רמת גן,0.000000,א,13030.000000,183944.431200,663737.573300,קיים,הירדן - אצ"ל - תל חי,הירדן,אצ"ל,תל חי, , ,לא,לא,לא,לא,לא,לא,לא, ,לא,כן,לא, ,RG,"רבעון 3, 2025",נתיבי איילון / CRG הנדסה, ,183944.431,663737.573
867,867.000000,רמת גן,רמת גן,0.000000,א,13031.000000,185833.525400,662202.764400,קיים,אהרון קציר - עמק האלה - גילדסגיים,קציר,עמק האלה,גילדסגיים, , ,לא,לא,לא,לא,לא,לא,לא,RB-3,לא,כן,לא, ,RG,"רבעון 3, 2025",נתיבי איילון / CRG הנדסה, ,185833.525,662202.764
868,868.000000,רמת גן,רמת גן,0.000000,א,13032.000000,185767.725700,662366.644200,קיים,אהרון קציר - מנדס,קציר,מנדס, , , ,לא,לא,לא,לא,לא,לא,לא,RB-3,לא,כן,לא, ,RG,"רבעון 3, 2025",נתיבי איילון / CRG הנדסה, ,185767.726,662366.644
869,869.000000,רמת גן,רמת גן,0.000000,א,13033.000000,185733.151100,662449.013500,קיים,אהרון קציר - מעבר חציה,קציר,דן שומרון, , , ,לא,לא,לא,לא,לא,לא,לא,RB-3,לא,כן,לא, ,RG,"רבעון 3, 2025",נתיבי איילון / CRG הנדסה, ,185733.151,662449.014
870,870.000000,רמת גן,נת"ע,0.000000, ,13034.000000,185493.221600,663667.975100,קיים,קרן היסוד דרך אשכול,קרן היסוד,דרך אשכול, , , ,לא,לא,לא,לא,לא,כן,לא, ,כן,לא,לא, ,RG,"רבעון 3, 2025",נתיבי איילון / CRG הנדסה, ,185493.222,663667.975
871,871.000000,רמת גן,נת"ע,0.000000,א,13035.000000,185230.261000,661963.373400,קיים,עמק האלה - דרך שיבא - מנדס,דרך שיבא,עמק האלה,מנדס,גבריאלה, ,לא,לא,לא,לא,לא,כן,לא, ,לא,לא,לא, ,RG,"רבעון 3, 2025",נתיבי איילון / CRG הנדסה, ,185230.261,661963.373
872,872.000000,רמת גן,נת"ע,0.000000, ,13036.000000,184825.842900,662140.774600,קיים,שדרות הארזים - דרך שיבא - מנדס,דרך שיבא,שדרות הארזים,ה' באייר (כפר אזר), , ,לא,לא,לא,לא,לא,כן,לא, ,לא,לא,לא, ,RG,"רבעון 3, 2025",נתיבי איילון / CRG הנדסה, ,184825.843,662140.775
873,873.000000,רמת גן,נת"ע,0.000000, ,13037.000000,184661.828400,662332.219500,קיים,דרך שיבא דרך הנשיא הראשון,דרך שיבא,דרך הנשיא הראשון,כביש 4, , ,לא,לא,לא,לא,לא,כן,לא, ,לא,לא,לא, ,RG,"רבעון 3, 2025",נתיבי איילון / CRG הנדסה, ,184661.828,662332.22
874,874.000000,רמת גן,נת"ע,0.000000, ,13038.000000,184442.479900,662638.174000,קיים,אלוף שדה,אלוף שדה,דרך הנשיא הראשון,כביש 4, , ,כן,לא,לא,לא,לא,כן,לא, ,לא,לא,לא, ,RG,"רבעון 3, 2025",נתיבי איילון / CRG הנדסה, ,184442.48,662638.174
875,875.000000,רמת גן,רמת גן,0.000000,א,13039.000000,184358.730000,663422.333500,קיים,בן אליעזר - רוטנברג - הכבאים,אריה בן אליעזר,פנחס רוטנברג,הכבאים, , ,לא,לא,לא,לא,לא,לא,לא, ,לא,כן,לא, ,RG,"רבעון 3, 2025",נתיבי איילון / CRG הנדסה, ,184358.73,663422.334
876,876.000000,רמת גן,רמת גן,0.000000,א,13040.000000,184374.430300,663713.142900,קיים,בן אליעזר - אצ"ל,אריה בן אליעזר,אצ"ל, , , ,לא,לא,לא,לא,לא,לא,לא, ,לא,כן,לא, ,RG,"רבעון 3, 2025",נתיבי איילון / CRG הנדסה, ,184374.43,663713.143
877,877.000000,רמת גן,רמת גן,0.000000,א,13041.000000,184332.820800,664123.332100,קיים,בן אליעזר - נגבה - ההגנה,אריה בן אליעזר,דרך נגבה, , , ,לא,לא,לא,לא,לא,לא,לא, ,לא,כן,לא, ,RG,"רבעון 3, 2025",נתיבי איילון / CRG הנדסה, ,184332.821,664123.332
878,878.000000,רמת גן,רמת גן,0.000000, ,13042.000000,184334.530900,664142.762000,קיים,חזון אי"ש ההגנה,חזון איש,ההגנה,אריה בן אליעזר, , ,לא,לא,לא,לא,לא,לא,לא, ,לא,כן,לא, ,RG,"רבעון 3, 2025",נתיבי איילון / CRG הנדסה, ,184334.531,664142.762
879,879.000000,רמת גן,רמת גן,0.000000,א,13043.000000,183970.931600,664148.832400,קיים,הירדן - נגבה - לנדאו,הירדן,דרך נגבה,חיים לנדאו, , ,לא,לא,לא,לא,לא,לא,לא, ,לא,כן,לא, ,RG,"רבעון 3, 2025",נתיבי איילון / CRG הנדסה, ,183970.932,664148.832
880,880.000000,רמת גן,רמת גן,0.000000,א,13044.000000,183598.032500,664178.642800,קיים,הרא"ה - נגבה,דרך נגבה,הרא"ה, , , ,לא,לא,לא,לא,לא,לא,לא, ,לא,כן,לא, ,RG,"רבעון 3, 2025",נתיבי איילון / CRG הנדסה, ,183598.033,664178.643
881,881.000000,רמת גן,רמת גן,0.000000,א,13045.000000,183443.143400,664650.642000,קיים,שדרות ירושלים - עוזיאל,שדרות ירושלים,עוזיאל, , , ,לא,לא,לא,לא,לא,לא,לא, ,לא,כן,לא, ,RG,"רבעון 3, 2025",נתיבי איילון / CRG הנדסה, ,183443.143,664650.642
882,882.000000,רמת גן,רמת גן,0.000000,א,13046.000000,183625.823000,664642.571800,קיים,הרא"ה - שדרות ירושלים,שדרות ירושלים,הרא"ה, , , ,לא,לא,לא,לא,לא,לא,לא, ,לא,כן,לא, ,RG,"רבעון 3, 2025",נתיבי איילון / CRG הנדסה, ,183625.823,664642.572
883,883.000000,רמת גן,רמת גן,0.000000,א,13047.000000,183920.142300,664633.831500,קיים,שדרות ירושלים - תרצה,שדרות ירושלים,תרצה, , , ,לא,לא,לא,לא,לא,לא,לא, ,לא,כן,לא, ,RG,"רבעון 3, 2025",נתיבי איילון / CRG הנדסה, ,183920.142,664633.832
884,884.000000,רמת גן,רמת גן,0.000000,א,13048.000000,183654.233400,665057.950900,קיים,הרא"ה - יהודה הנשיא,הרא"ה,יהודה הנשיא, , , ,לא,לא,לא,לא,לא,לא,לא, ,לא,כן,לא, ,RG,"רבעון 3, 2025",נתיבי איילון / CRG הנדסה, ,183654.233,665057.951
885,885.000000,רמת גן,רמת גן,0.000000,א,13049.000000,183670.646800,665152.657100,קיים,הרא"ה - חיבת ציון,הרא"ה,חיבת ציון, , , ,לא,לא,לא,לא,לא,לא,לא, ,לא,כן,לא, ,RG,"רבעון 3, 2025",נתיבי איילון / CRG הנדסה, ,183670.647,665152.657
886,886.000000,רמת גן,רמת גן,0.000000,א,13050.000000,183660.233900,665524.259900,קיים,הרא"ה - ירושלים,הרא"ה,ירושלים, , , ,לא,לא,לא,לא,לא,לא,לא, ,לא,כן,לא, ,RG,"רבעון 3, 2025",נתיבי איילון / CRG הנדסה, ,183660.234,665524.26
887,887.000000,רמת גן,רמת גן,0.000000,א,13051.000000,183297.534800,665659.330000,קיים,הרא"ה - דרך דוד בן גוריון,הרא"ה,דרך דוד בן גוריון, , , ,לא,לא,לא,לא,לא,לא,לא, ,לא,כן,לא, ,RG,"רבעון 3, 2025",נתיבי איילון / CRG הנדסה, ,183297.535,665659.33
888,888.000000,רמת גן,רמת גן,0.000000,א,13052.000000,183101.235300,665696.330100,קיים,הרא"ה - קריניצי,הרא"ה,קריניצי, , , ,לא,לא,לא,לא,לא,לא,לא, ,לא,כן,לא, ,RG,"רבעון 3, 2025",נתיבי איילון / CRG הנדסה, ,183101.235,665696.33
889,889.000000,רמת גן,רמת גן,0.000000,א,13053.000000,182724.536100,665666.640600,קיים,הרא"ה - הרצל - ככר רמב"ם,הרא"ה,הרצל,ככר רמב"ם, , ,לא,כן,לא,לא,לא,לא,לא, ,לא,לא,לא, ,RG,"רבעון 3, 2025",נתיבי איילון / CRG הנדסה, ,182724.536,665666.641
890,890.000000,רמת גן,רמת גן,0.000000,א,13054.000000,183155.144700,665285.570900,קיים,דוד בן גוריון - הרצל - חיבת ציון,הרצל,דרך דוד בן גוריון, , , ,לא,לא,לא,לא,לא,לא,לא, ,לא,כן,לא, ,RG,"רבעון 3, 2025",נתיבי איילון / CRG הנדסה, ,183155.145,665285.571
891,891.000000,רמת גן,רמת גן,0.000000,א,13055.000000,183021.035100,665359.450900,קיים,הרצל - קריניצי,הרצל,קריניצי, , , ,לא,כן,לא,לא,לא,לא,לא, ,לא,לא,לא, ,RG,"רבעון 3, 2025",נתיבי איילון / CRG הנדסה, ,183021.035,665359.451
892,892.000000,רמת גן,רמת גן,0.000000,א,13056.000000,182668.735600,665158.761800,קיים,ביאליק - ארלוזרוב - קריניצי,ביאליק,קריניצי,ארלוזרוב, , ,לא,כן,לא,לא,לא,לא,לא, ,לא,לא,לא, ,RG,"רבעון 3, 2025",נתיבי איילון / CRG הנדסה,RG21,182668.736,665158.762
893,893.000000,רמת גן,נת"ע,0.000000, ,13057.000000,181799.638200,665623.263600,קיים,זבוטינסקי הרי הגלעד,ז'בוטינסקי,הרי הגלעד, , , ,כן,לא,לא,לא,לא,לא,לא, ,לא,לא,לא, ,RG,"רבעון 3, 2025",נתיבי איילון / CRG הנדסה, ,181799.638,665623.264
894,894.000000,רמת גן,נת"ע,0.000000, ,13058.000000,181881.479200,665650.102800,קיים,זבוטינסקי,ז'בוטינסקי, , , , ,כן,לא,לא,לא,לא,לא,לא, ,לא,לא,לא, ,RG,"רבעון 3, 2025",נתיבי איילון / CRG הנדסה, ,181881.479,665650.103
895,895.000000,רמת גן,רמת גן,0.000000,א,13059.000000,181241.412300,665717.864900,קיים,דרך בגין מנחם - שלום זיסמן,דרך מנחם בגין,שלום זיסמן, , , ,לא,לא,לא,לא,לא,לא,לא, ,כן,לא,לא, ,RG,"רבעון 3, 2025",נתיבי איילון / CRG הנדסה, ,181241.412,665717.865
896,896.000000,רמת גן,רמת גן,0.000000,א,13060.000000,181274.458900,665801.605500,קיים,דרך מנחם בגין - יצחק מודעי - הרקון - שהם,דרך מנחם בגין,יצחק מודעי,הרקון,שהם, ,לא,לא,לא,לא,לא,לא,לא, ,כן,לא,לא, ,RG,"רבעון 3, 2025",נתיבי איילון / CRG הנדסה, ,181274.459,665801.606
897,897.000000,רמת גן,רמת גן,0.000000,א,13061.000000,181330.126900,665973.612500,קיים,דרך מנחם בגין - בצלאל,דרך מנחם בגין,בצלאל, , , ,לא,לא,לא,לא,לא,לא,לא, ,כן,לא,לא, ,RG,"רבעון 3, 2025",נתיבי איילון / CRG הנדסה, ,181330.127,665973.613
898,898.000000,רמת גן,רמת גן,0.000000,א,13062.000000,181394.712400,666107.181400,קיים,דרך מנחם בגין - אהליאב,דרך מנחם בגין,אהליאב,תע"ש?, , ,לא,לא,לא,לא,לא,לא,לא, ,כן,לא,לא, ,RG,"רבעון 3, 2025",נתיבי איילון / CRG הנדסה, ,181394.712,666107.181
899,899.000000,רמת גן,רמת גן,0.000000,א,13063.000000,181506.155000,666243.706300,קיים,דרך מנחם בגין - ביאליק,דרך מנחם בגין,ביאליק, , , ,לא,לא,לא,לא,לא,לא,לא, ,כן,לא,לא, ,RG,"רבעון 3, 2025",נתיבי איילון / CRG הנדסה, ,181506.155,666243.706
900,900.000000,רמת גן,רמת גן,0.000000,א,13064.000000,181654.754000,666187.597200,קיים,ביאליק - תובל - יהודית,ביאליק,תובל,יהודית, , ,לא,לא,לא,לא,לא,לא,לא, ,לא,כן,לא, ,RG,"רבעון 3, 2025",נתיבי איילון / CRG הנדסה, ,181654.754,666187.597
901,901.000000,רמת גן,רמת גן,0.000000,א,13065.000000,181383.753400,666327.148100,קיים,ביאליק - מנדלסון - כביש 20,ביאליק,מנדלסון,כביש 20, , ,לא,לא,לא,לא,לא,לא,לא, ,כן,לא,לא, ,RG,"רבעון 3, 2025",נתיבי איילון / CRG הנדסה, ,181383.753,666327.148
902,902.000000,רמת גן,רמת גן,0.000000,א,13066.000000,181720.038000,665480.832200,קיים,ארלוזורוב - שפירא,ארלוזרוב,שפירא, , , ,לא,לא,לא,לא,לא,לא,לא, ,לא,כן,לא, ,RG,"רבעון 3, 2025",נתיבי איילון / CRG הנדסה, ,181720.038,665480.832
903,903.000000,רמת גן,רמת גן,0.000000,א,13067.000000,181837.037700,665446.762100,קיים,ארלוזורוב - המתמיד,ארלוזרוב,המתמיד, , , ,לא,לא,לא,לא,לא,לא,לא, ,לא,כן,לא, ,RG,"רבעון 3, 2025",נתיבי איילון / CRG הנדסה, ,181837.038,665446.762
904,904.000000,רמת גן,רמת גן,0.000000,א,13068.000000,181608.177700,665760.160300,קיים,דרך אבא הלל - היצירה,דרך אבא הלל,היצירה, , , ,לא,לא,לא,לא,לא,לא,לא, ,לא,כן,לא, ,RG,"רבעון 3, 2025",נתיבי איילון / CRG הנדסה, ,181608.178,665760.16
905,905.000000,רמת גן,רמת גן,0.000000,א,13069.000000,181689.669600,665872.449400,קיים,דרך אבא הלל - הרי הגלעד,דרך אבא הלל,הרי הגלעד, , , ,לא,לא,לא,לא,לא,לא,לא, ,לא,כן,לא, ,RG,"רבעון 3, 2025",נתיבי איילון / CRG הנדסה, ,181689.67,665872.449
906,906.000000,רמת גן,רמת גן,0.000000,א,13070.000000,181849.033100,666088.886600,קיים,דרך אבא הלל - ביאליק,דרך אבא הלל,ביאליק, , , ,לא,לא,לא,לא,לא,לא,לא, ,לא,כן,לא, ,RG,"רבעון 3, 2025",נתיבי איילון / CRG הנדסה, ,181849.033,666088.887
907,907.000000,רמת גן,רמת גן,0.000000,א,13071.000000,182008.889600,666205.239200,קיים,דרך אבא הלל - איתמר,דרך אבא הלל,איתמר, , , ,לא,לא,לא,לא,לא,לא,לא, ,לא,כן,לא, ,RG,"רבעון 3, 2025",נתיבי איילון / CRG הנדסה, ,182008.89,666205.239
908,908.000000,רמת גן,רמת גן,0.000000,א,13072.000000,182190.886000,666345.510500,קיים,דרך אבא הלל - רוקח (מערבי),דרך אבא הלל,רוקח, , , ,לא,לא,לא,לא,לא,לא,לא, ,לא,כן,לא, ,RG,"רבעון 3, 2025",נתיבי איילון / CRG הנדסה, ,182190.886,666345.511
909,909.000000,רמת גן,רמת גן,0.000000,א,13073.000000,182486.237500,666476.569200,קיים,דרך אבא הלל - התקוה - שדרות טובים,דרך אבא הלל,התקוה,שדרות טובים, , ,לא,לא,לא,לא,לא,לא,לא, ,לא,כן,לא, ,RG,"רבעון 3, 2025",נתיבי איילון / CRG הנדסה, ,182486.237,666476.569
910,910.000000,רמת גן,רמת גן,0.000000,א,13074.000000,182750.327100,666631.638500,קיים,דרך אבא הלל - המבדיל,דרך אבא הלל,המבדיל, , , ,לא,לא,לא,לא,לא,לא,לא, ,לא,כן,לא, ,RG,"רבעון 3, 2025",נתיבי איילון / CRG הנדסה, ,182750.327,666631.639
911,911.000000,רמת גן,רמת גן,0.000000,א,13075.000000,182899.146900,666741.138100,קיים,דרך אבא הלל - רש"י - הכלניות,דרך אבא הלל,רש"י,שדרות הכלניות, , ,לא,לא,לא,לא,לא,לא,לא,RB-2,לא,כן,לא, ,RG,"רבעון 3, 2025",נתיבי איילון / CRG הנדסה, ,182899.147,666741.138
912,912.000000,רמת גן,רמת גן,0.000000,א,13076.000000,183105.236700,666903.447500,קיים,דרך אבא הלל - רוקח (מזרחי),דרך אבא הלל,רוקח, , , ,לא,לא,לא,לא,לא,לא,לא,RB-2,לא,כן,לא, ,RG,"רבעון 3, 2025",נתיבי איילון / CRG הנדסה, ,183105.237,666903.447
913,913.000000,רמת גן,רמת גן,0.000000,א,13077.000000,181737.249700,665801.081300,קיים,הרי הגלעד - המעיין,הרי הגלעד, , , , ,לא,לא,לא,לא,לא,לא,לא, ,לא,כן,לא, ,RG,"רבעון 3, 2025",נתיבי איילון / CRG הנדסה, ,181737.25,665801.081
914,914.000000,רמת גן,נת"ע,0.000000, ,13078.000000,181929.580400,665665.819000,קיים,זבוטינסקי,ז'בוטינסקי, , , , ,כן,לא,לא,לא,לא,לא,לא, ,לא,לא,לא, ,RG,"רבעון 3, 2025",נתיבי איילון / CRG הנדסה, ,181929.58,665665.819
915,915.000000,רמת גן,נת"ע,0.000000, ,13079.000000,181996.511400,665686.221200,קיים,זבוטינסקי מקדונלד,ז'בוטינסקי,מקדולנד, , , ,כן,לא,לא,לא,לא,לא,לא, ,לא,לא,לא, ,RG,"רבעון 3, 2025",נתיבי איילון / CRG הנדסה, ,181996.511,665686.221
916,916.000000,רמת גן,נת"ע,0.000000, ,13080.000000,182281.979300,665885.245400,קיים,זבוטינסקי ביאליק,ז'בוטינסקי,ביאליק, , , ,כן,כן,לא,לא,לא,לא,לא, ,לא,לא,לא, ,RG,"רבעון 3, 2025",נתיבי איילון / CRG הנדסה, ,182281.979,665885.245
917,917.000000,רמת גן,נת"ע,0.000000, ,13081.000000,182405.745900,665997.450100,קיים,זבוטינסקי ד"ר כהן,ז'בוטינסקי,ד"ר כהן, , , ,כן,לא,לא,לא,לא,לא,לא, ,לא,לא,לא, ,RG,"רבעון 3, 2025",נתיבי איילון / CRG הנדסה, ,182405.746,665997.45
918,918.000000,רמת גן,נת"ע,0.000000, ,13082.000000,182568.436900,666120.949800,קיים,זבוטינסקי התקוה,ז'בוטינסקי,התקוה, , , ,כן,לא,לא,לא,לא,לא,לא, ,לא,לא,לא, ,RG,"רבעון 3, 2025",נתיבי איילון / CRG הנדסה, ,182568.437,666120.95
919,919.000000,רמת גן,נת"ע,0.000000, ,13083.000000,182657.041700,666175.571000,קיים,זבוטינסקי הרצל,ז'בוטינסקי,הרצל, , , ,כן,כן,לא,לא,לא,לא,לא, ,לא,לא,לא, ,RG,"רבעון 3, 2025",נתיבי איילון / CRG הנדסה, ,182657.042,666175.571
920,920.000000,רמת גן,נת"ע,0.000000, ,13084.000000,182887.936400,666263.069200,קיים,זבוטינסקי מבוא זאב,ז'בוטינסקי (מבוא זאב), , , , ,כן,לא,לא,לא,לא,לא,לא, ,לא,לא,לא, ,RG,"רבעון 3, 2025",נתיבי איילון / CRG הנדסה, ,182887.936,666263.069
921,921.000000,רמת גן,נת"ע,0.000000, ,13085.000000,183080.436100,666340.638800,קיים,זבוטינסקי רש"י,ז'בוטינסקי,רש"י, , , ,כן,לא,לא,לא,לא,לא,לא, ,לא,לא,לא, ,RG,"רבעון 3, 2025",נתיבי איילון / CRG הנדסה, ,183080.436,666340.639
922,922.000000,רמת גן,נת"ע,0.000000, ,13086.000000,183168.216800,666375.595400,קיים,זבוטינסקי קריניצי,קריניצי, , , , ,כן,לא,לא,לא,לא,לא,לא, ,לא,לא,לא, ,RG,"רבעון 3, 2025",נתיבי איילון / CRG הנדסה, ,183168.217,666375.595
923,923.000000,רמת גן,רמת גן,0.000000, ,13087.000000,183363.662300,666756.330500,קיים,בן גוריון - הפודים,דרך דוד בן גוריון,הפודים, , , ,לא,כן,לא,לא,לא,לא,לא, ,לא,לא,לא, ,RG,"רבעון 3, 2025",נתיבי איילון / CRG הנדסה,RG02,183363.662,666756.331
924,924.000000,רמת גן,רמת גן,0.000000,א,13088.000000,183749.645700,667277.636000,קיים,ששת הימים - קניון איילון דרום,דרך ששת הימים,קניון אילון, , , ,לא,כן,לא,לא,לא,לא,לא, ,כן,לא,לא, ,RG,"רבעון 3, 2025",נתיבי איילון / CRG הנדסה,RG05,183749.646,667277.636
925,925.000000,רמת גן,רמת גן,0.000000,א,13089.000000,183297.871100,667104.749000,קיים,ששת הימים - בן גוריון - אבא הלל,דרך ששת הימים,דרך דוד בן גוריון,דרך אבא הלל, , ,לא,כן,לא,לא,לא,לא,לא,RB-2,כן,לא,לא, ,RG,"רבעון 3, 2025",נתיבי איילון / CRG הנדסה,RG06,183297.871,667104.749
926,926.000000,רמת גן,רמת גן,0.000000, ,13090.000000,182466.536800,665773.570700,בתכנון,ביאליק - נורדאו,ביאליק,נורדאו, , , ,לא,כן,לא,לא,לא,לא,לא, ,לא,לא,לא, ,RG,"רבעון 3, 2025",נתיבי איילון / CRG הנדסה,RG06,182466.537,665773.571
927,927.000000,רמת גן,רמת גן,0.000000, ,13091.000000,182650.936100,665549.641000,בתכנון,ביאליק - צומת לבבי,ביאליק,צומת ללבי, , , ,לא,כן,לא,לא,לא,לא,לא, ,לא,לא,לא, ,RG,"רבעון 3, 2025",נתיבי איילון / CRG הנדסה,RG09,182650.936,665549.641
928,928.000000,רמת גן,רמת גן,0.000000, ,13092.000000,182548.736500,665722.640700,בתכנון,ביאליק - המעגל,ביאליק,המעגל, , , ,לא,כן,לא,לא,לא,לא,לא, ,לא,לא,לא, ,RG,"רבעון 3, 2025",נתיבי איילון / CRG הנדסה,RG10,182548.737,665722.641
929,929.000000,רמת גן,רמת גן,0.000000, ,13093.000000,182665.851900,665484.286800,בתכנון,ביאליק - בן יוסף,ביאליק,בן יוסף, , , ,לא,כן,לא,לא,לא,לא,לא, ,לא,לא,לא, ,RG,"רבעון 3, 2025",נתיבי איילון / CRG הנדסה,RG13,182665.852,665484.287
930,930.000000,רמת גן,רמת גן,0.000000, ,13094.000000,182672.569100,665343.403500,בתכנון,ביאליק - קלאוזנר - השוטרת,ביאליק,קלאוזנר,השוטרת, , ,לא,כן,לא,לא,לא,לא,לא, ,לא,לא,לא, ,RG,"רבעון 3, 2025",נתיבי איילון / CRG הנדסה,RG14,182672.569,665343.404
931,931.000000,רמת גן,רמת גן,0.000000, ,13095.000000,182669.235800,665274.951500,בתכנון,ביאליק - אורה,ביאליק,אורה, , , ,לא,כן,לא,לא,לא,לא,לא, ,לא,לא,לא, ,RG,"רבעון 3, 2025",נתיבי איילון / CRG הנדסה,RG15,182669.236,665274.952
932,932.000000,רמת גן,רמת גן,0.000000, ,13096.000000,182415.826900,665803.640700,בתכנון,ביאליק - ד"ר כהן,ביאליק,ד"ר כהן, , , ,לא,כן,לא,לא,לא,לא,לא, ,לא,לא,לא, ,RG,"רבעון 3, 2025",נתיבי איילון / CRG הנדסה,RG16,182415.827,665803.641
933,933.000000,רמת גן,רמת גן,0.000000, ,13097.000000,182626.936300,665630.330800,בתכנון,ביאליק - הרא"ה,ביאליק,הרא"ה, , , ,לא,כן,לא,לא,לא,לא,לא, ,לא,לא,לא, ,RG,"רבעון 3, 2025",נתיבי איילון / CRG הנדסה,RG17,182626.936,665630.331
934,934.000000,רמת גן,רמת גן,0.000000, ,13098.000000,182762.325900,665577.140800,בתכנון,הרצל - צומת לבבי,הרצל,צומת לבבי, , , ,לא,כן,לא,לא,לא,לא,לא, ,לא,לא,לא, ,RG,"רבעון 3, 2025",נתיבי איילון / CRG הנדסה,RG19,182762.326,665577.141
935,935.000000,רמת גן,רמת גן,0.000000, ,13099.000000,182892.881800,665433.045200,בתכנון,הרצל - נתן - קלאוזנר,הרצל,נתן,קלאוזנר, , ,לא,כן,לא,לא,לא,לא,לא, ,לא,לא,לא, ,RG,"רבעון 3, 2025",נתיבי איילון / CRG הנדסה,RG20,182892.882,665433.045
936,936.000000,רמת גן,רמת גן,0.000000,א,13100.000000,183816.000000,667659.000000,קיים,מבצע קדש - רמפת המטווח,קניון איילון, , , , ,לא,לא,לא,לא,לא,לא,לא, ,לא,לא,לא, ,RG,"רבעון 3, 2025",נתיבי איילון / CRG הנדסה, ,183816,667659
937,937.000000,רמת השרון,נת"י,0.000000, ,34001.000000,186780.160400,670338.950900,קיים,כביש 5 כביש 4,כביש 5,כביש 4, , , ,לא,לא,לא,לא,לא,לא,לא, ,לא,כן,לא, ,RH,"רבעון 3, 2025",נתיבי איילון / CRG הנדסה,RG22,186780.16,670338.951
938,938.000000,רמת השרון,נת"י,0.000000, ,34002.000000,186514.981600,670139.339600,קיים,כביש 5 כביש 4,כביש 5,כביש 4, , , ,לא,לא,לא,לא,לא,לא,לא, ,לא,כן,לא, ,RH,"רבעון 3, 2025",נתיבי איילון / CRG הנדסה, ,186514.982,670139.34
939,939.000000,רמת השרון,נת"י,0.000000, ,34003.000000,181421.985400,671994.774600,קיים,דרך נמיר מרדכי יוניצמן,דרך מרכדי נמיר,כביש 2,יוניצ'מן, , ,כן,לא,לא,לא,לא,לא,לא, ,כן,לא,לא, ,RH,"רבעון 3, 2025",נתיבי איילון / CRG הנדסה, ,181421.985,671994.775
940,940.000000,רמת השרון,רמת השרון,0.000000, ,34004.000000,184907.538200,671618.555400,קיים,דרך הראשונים העבודה,דרך הראשונים,העבודה,תרפ"ד, , ,לא,לא,לא,לא,לא,לא,לא, ,כן,לא,לא, ,RH,"רבעון 3, 2025",נתיבי איילון / CRG הנדסה, ,184907.538,671618.555
941,941.000000,רמת השרון,רמת השרון,0.000000, ,34005.000000,185168.327600,671570.245200,קיים,דרך הראשונים אוסישקין,דרך הראשונים,אוסישקין,המאבק, , ,לא,לא,לא,לא,לא,לא,לא, ,כן,לא,לא, ,RH,"רבעון 3, 2025",נתיבי איילון / CRG הנדסה, ,185168.328,671570.245
942,942.000000,רמת השרון,רמת השרון,0.000000, ,34006.000000,184150.648900,670821.818000,קיים,סנה משה,משה סנה,מרכז הטניס רמת השרון,בית קברות קרית שאול, , ,לא,כן,לא,לא,לא,לא,לא, ,כן,לא,לא, ,RH,"רבעון 3, 2025",נתיבי איילון / CRG הנדסה,TL38,184150.649,670821.818
943,943.000000,רמת השרון,רמת השרון,0.000000, ,34007.000000,184221.714400,670930.047800,קיים,סנה משה,משה סנה,קרית שאול, , , ,לא,כן,לא,לא,לא,לא,לא, ,כן,לא,לא, ,RH,"רבעון 3, 2025",נתיבי איילון / CRG הנדסה, ,184221.714,670930.048
944,944.000000,רמת השרון,רמת השרון,0.000000, ,34008.000000,184606.648900,671682.125600,קיים,סנה משה סוקולוב,משה סנה,סוקולוב,דרך ראשונים,שרף, ,לא,כן,לא,לא,לא,לא,לא, ,כן,לא,לא, ,RH,"רבעון 3, 2025",נתיבי איילון / CRG הנדסה, ,184606.649,671682.126
945,945.000000,רמת השרון,רמת השרון,0.000000, ,34009.000000,184811.439100,672225.314200,קיים,סוקולוב הכרמל,סוקולוב,הכרמל,הרב אורבוך, , ,לא,כן,לא,לא,לא,לא,לא, ,לא,לא,לא, ,RH,"רבעון 3, 2025",נתיבי איילון / CRG הנדסה,RH04,184811.439,672225.314
946,946.000000,רמת השרון,רמת השרון,0.000000, ,34010.000000,184933.329200,672550.743400,קיים,שדרות ויצמן סוקולוב,סוקולוב,שדרות ויצמן,שדרות ביאליק, , ,לא,כן,לא,לא,לא,לא,לא, ,לא,לא,לא, ,RH,"רבעון 3, 2025",נתיבי איילון / CRG הנדסה,RH02,184933.329,672550.743
947,947.000000,רמת השרון,רמת השרון,0.000000, ,34011.000000,185059.829300,672883.432500,קיים,סוקולוב אז"ר,סוקולוב,אז"ר,כהן ברנשטיין, , ,לא,כן,לא,לא,לא,לא,לא, ,לא,לא,לא, ,RH,"רבעון 3, 2025",נתיבי איילון / CRG הנדסה,RH01,185059.829,672883.433
948,948.000000,רמת השרון,רמת השרון,0.000000, ,34012.000000,184745.239100,672047.314700,בתכנון,סוקולוב - זורבבל - סאלד,סוקולוב,זורבבל,סולד, , ,לא,כן,לא,לא,לא,לא,לא, ,לא,לא,לא, ,RH,"רבעון 3, 2025",נתיבי איילון / CRG הנדסה,RH05,184745.239,672047.315
949,949.000000,רמת השרון,נת"י,0.000000, ,34013.000000,184463.162900,671300.098000,קיים,צומת הכפר הירוק,כביש 5,משה סנה, , , ,לא,לא,לא,לא,לא,לא,לא, ,כן,לא,לא, ,RH,"רבעון 3, 2025",נתיבי איילון / CRG הנדסה,RH03,184463.163,671300.098
950,950.000000,רעננה,נת"י,0.000000, ,33001.000000,187819.667600,675739.239300,קיים,פרדס משותף בן גוריון,בן גוריון,פרדס משותף, , , ,לא,לא,לא,לא,לא,לא,לא, ,לא,כן,לא, ,RNN,"רבעון 3, 2025",נתיבי איילון / CRG הנדסה,RH07,187819.668,675739.239
951,951.000000,רעננה,רעננה,0.000000, ,33002.000000,186173.582300,676948.586800,קיים,אחוזה,תחנת רכבת רעננה מערב,דרך הפארק, , , ,לא,לא,לא,לא,לא,לא,לא, ,לא,כן,לא, ,RNN,"רבעון 3, 2025",נתיבי איילון / CRG הנדסה, ,186173.582,676948.587
952,952.000000,רעננה,רעננה,0.000000, ,33003.000000,186394.241100,676889.112500,קיים,אחוזה - ירושלים,אחוזה,דרך הפארק,ירושלים, , ,לא,כן,לא,לא,לא,לא,לא, ,כן,לא,לא, ,RNN,"רבעון 3, 2025",נתיבי איילון / CRG הנדסה, ,186394.241,676889.113
953,953.000000,רעננה,רעננה,0.000000, ,33004.000000,186731.240200,676800.302300,קיים,אחזוה - המיתר - השחר,אחוזה,המיתר,השחר, , ,לא,לא,לא,לא,לא,לא,לא, ,כן,לא,לא, ,RNN,"רבעון 3, 2025",נתיבי איילון / CRG הנדסה,RN01,186731.24,676800.302
954,954.000000,רעננה,רעננה,0.000000, ,33005.000000,187089.939400,676705.422100,קיים,אחזוה - הנשיאים - המלכים,אחוזה,הנשיאים,המלכים, , ,לא,לא,לא,לא,לא,לא,לא, ,כן,לא,לא, ,RNN,"רבעון 3, 2025",נתיבי איילון / CRG הנדסה,RN03,187089.939,676705.422
955,955.000000,רעננה,רעננה,0.000000, ,33006.000000,187364.328700,676632.302000,קיים,אחוזה - מגדל - משה דיין,אחוזה,משה דיין,מגדל, , ,לא,לא,לא,לא,לא,לא,לא, ,כן,לא,לא, ,RNN,"רבעון 3, 2025",נתיבי איילון / CRG הנדסה,RN10,187364.329,676632.302
956,956.000000,רעננה,רעננה,0.000000, ,33007.000000,187634.938000,676562.111800,קיים,אחוזה - חפץ חיים,אחוזה,חפץ חיים, , , ,לא,לא,לא,לא,לא,לא,לא, ,כן,לא,לא, ,RNN,"רבעון 3, 2025",נתיבי איילון / CRG הנדסה,RN11,187634.938,676562.112
957,957.000000,רעננה,רעננה,0.000000, ,33008.000000,187817.827600,676513.541700,קיים,אחוזה - הר סיני - הרצל,אחוזה,הרצל, , , ,לא,לא,לא,לא,לא,לא,לא, ,כן,לא,לא, ,RNN,"רבעון 3, 2025",נתיבי איילון / CRG הנדסה,RN13,187817.828,676513.542
958,958.000000,רעננה,רעננה,0.000000, ,33009.000000,187941.237300,676483.301600,קיים,אחוזה - קרן היסוד,אחוזה,קרן היסוד, , , ,לא,לא,לא,לא,לא,לא,לא, ,כן,לא,לא, ,RNN,"רבעון 3, 2025",נתיבי איילון / CRG הנדסה,RN14,187941.237,676483.302
959,959.000000,רעננה,רעננה,0.000000, ,33010.000000,188106.146900,676436.801500,קיים,אחוזה - בן גוריון,אחוזה,בן גוריון, , , ,לא,לא,לא,לא,לא,לא,לא, ,כן,לא,לא, ,RNN,"רבעון 3, 2025",נתיבי איילון / CRG הנדסה,RN15,188106.147,676436.802
960,960.000000,רעננה,רעננה,0.000000, ,33011.000000,188241.326600,676406.111400,קיים,אחוזה - בר אילן,אחוזה,בר אילן, , , ,לא,לא,לא,לא,לא,לא,לא, ,כן,לא,לא, ,RNN,"רבעון 3, 2025",נתיבי איילון / CRG הנדסה,RN16,188241.327,676406.111
961,961.000000,רעננה,רעננה,0.000000, ,33012.000000,188360.326300,676372.541400,קיים,אחוזה - אליעזר יפה,אחוזה,אליעזר יפה, , , ,לא,לא,לא,לא,לא,לא,לא, ,כן,לא,לא, ,RNN,"רבעון 3, 2025",נתיבי איילון / CRG הנדסה,RN18,188360.326,676372.541
962,962.000000,רעננה,רעננה,0.000000, ,33013.000000,188544.645800,676323.231300,קיים,אחוזה - חנקין,אחוזה,חנקין, , , ,לא,לא,לא,לא,לא,לא,לא, ,כן,לא,לא, ,RNN,"רבעון 3, 2025",נתיבי איילון / CRG הנדסה,RN20,188544.646,676323.231
963,963.000000,רעננה,רעננה,0.000000, ,33014.000000,188697.325400,676281.801200,קיים,אחוזה - ברנר,אחוזה,ברנר, , , ,לא,לא,לא,לא,לא,לא,לא, ,כן,לא,לא, ,RNN,"רבעון 3, 2025",נתיבי איילון / CRG הנדסה,RN22,188697.325,676281.801
964,964.000000,רעננה,רעננה,0.000000, ,33015.000000,188814.435200,676249.611100,קיים,אאחוזה - לוי אשכול,אחוזה,לוי אשכול, , , ,לא,לא,לא,לא,לא,לא,לא, ,כן,לא,לא, ,RNN,"רבעון 3, 2025",נתיבי איילון / CRG הנדסה,RN24,188814.435,676249.611
965,965.000000,רעננה,רעננה,0.000000, ,33016.000000,188969.234800,676209.801000,קיים,אחוזה - קזן,אחוזה,קזן,שברץ, , ,לא,לא,לא,לא,לא,לא,לא, ,כן,לא,לא, ,RNN,"רבעון 3, 2025",נתיבי איילון / CRG הנדסה,RN04,188969.235,676209.801
966,966.000000,רעננה,רעננה,0.000000, ,33017.000000,189269.644100,676130.300800,קיים,אחוזה - רש"י,אחוזה,רש"י,רבוצקי, , ,לא,לא,לא,לא,לא,לא,לא, ,כן,לא,לא, ,RNN,"רבעון 3, 2025",נתיבי איילון / CRG הנדסה,RN05,189269.644,676130.301
967,967.000000,רעננה,נת"י,0.000000, ,33018.000000,189631.251700,676041.589200,קיים,צומת רעננה,אחוזה,דרך השרון,כביש 4, , ,לא,לא,לא,לא,לא,לא,לא, ,כן,לא,לא, ,RNN,"רבעון 3, 2025",נתיבי איילון / CRG הנדסה,KS21,189631.252,676041.589
968,968.000000,רעננה,רעננה,0.000000, ,33019.000000,188725.145400,676275.041200,קיים,אחוזה מכבי,אחוזה,מכבי, , , ,לא,לא,לא,לא,לא,לא,לא, ,כן,לא,לא, ,RNN,"רבעון 3, 2025",נתיבי איילון / CRG הנדסה, ,188725.145,676275.041
969,969.000000,רעננה,רעננה,0.000000, ,33020.000000,186455.241200,677146.301900,קיים,ירושלים הולצברג שמחה,ירושלים,שמחה הולצברג, , , ,לא,לא,לא,לא,לא,לא,לא, ,לא,כן,לא, ,RNN,"רבעון 3, 2025",נתיבי איילון / CRG הנדסה, ,186455.241,677146.302
970,970.000000,רעננה,רעננה,0.000000, ,33021.000000,186507.331400,677415.801300,קיים,ירושלים הרמון,ירושלים,הרמון,הנשר, , ,לא,לא,לא,לא,לא,לא,לא, ,לא,כן,לא, ,RNN,"רבעון 3, 2025",נתיבי איילון / CRG הנדסה, ,186507.331,677415.801
971,971.000000,רעננה,רעננה,0.000000, ,33022.000000,186567.993900,677756.570800,קיים,ירושלים ויצמן,ויצמן,ירושלים,גאולה, , ,לא,לא,לא,לא,לא,לא,לא, ,לא,כן,לא, ,RNN,"רבעון 3, 2025",נתיבי איילון / CRG הנדסה, ,186567.994,677756.571
972,972.000000,רעננה,רעננה,0.000000, ,33023.000000,186897.650900,677732.040200,קיים,ויצמן השחר,ויצמן,השחר,דרך כפר נחמן, , ,לא,לא,לא,לא,לא,לא,לא, ,לא,כן,לא, ,RNN,"רבעון 3, 2025",נתיבי איילון / CRG הנדסה, ,186897.651,677732.04
973,973.000000,רעננה,רעננה,0.000000, ,33024.000000,187292.240100,677701.919800,קיים,ויצמן הנשיאים,ויצמן,הנשיאים,נעמי שמר, , ,לא,לא,לא,לא,לא,לא,לא, ,לא,כן,לא, ,RNN,"רבעון 3, 2025",נתיבי איילון / CRG הנדסה, ,187292.24,677701.92
974,974.000000,רעננה,רעננה,0.000000, ,33025.000000,188217.238100,677699.228700,קיים,ויצמן הוז דב,ויצמן,דב הוז, , , ,לא,לא,לא,לא,לא,לא,לא, ,לא,כן,לא, ,RNN,"רבעון 3, 2025",נתיבי איילון / CRG הנדסה, ,188217.238,677699.229
975,975.000000,רעננה,רעננה,0.000000, ,33026.000000,188350.037800,677696.608600,קיים,ויצמן קרן היסוד,ויצמן,קרן היסוד, , , ,לא,לא,לא,לא,לא,לא,לא, ,לא,כן,לא, ,RNN,"רבעון 3, 2025",נתיבי איילון / CRG הנדסה, ,188350.038,677696.609
976,976.000000,רעננה,רעננה,0.000000, ,33027.000000,188655.737200,677699.418200,קיים,בורוכוב,ויצמן,בורכוב, , , ,לא,לא,לא,לא,לא,לא,לא, ,לא,כן,לא, ,RNN,"רבעון 3, 2025",נתיבי איילון / CRG הנדסה, ,188655.737,677699.418
977,977.000000,רעננה,רעננה,0.000000, ,33028.000000,188957.536500,677671.797900,קיים,החרושת ויצמן,ויצמן,החרושת, , , ,לא,לא,לא,לא,לא,לא,לא, ,לא,כן,לא, ,RNN,"רבעון 3, 2025",נתיבי איילון / CRG הנדסה, ,188957.537,677671.798
978,978.000000,רעננה,רעננה,0.000000, ,33029.000000,189206.435900,677599.297800,קיים,ויצמן עקיבא,ויצמן,עקיבא,התדהר, , ,לא,לא,לא,לא,לא,לא,לא, ,לא,כן,לא, ,RNN,"רבעון 3, 2025",נתיבי איילון / CRG הנדסה, ,189206.436,677599.298
979,979.000000,רעננה,נת"י,0.000000, ,33030.000000,189547.081500,677554.577900,קיים,רעננה צפון - מערב,ויצמן,כביש 4 / אוניברסיטה פתוחה, , , ,לא,לא,לא,לא,לא,לא,לא, ,לא,כן,לא, ,RNN,"רבעון 3, 2025",נתיבי איילון / CRG הנדסה, ,189547.082,677554.578
980,980.000000,רעננה,רעננה,0.000000, ,33031.000000,189091.235400,676954.299300,קיים,עקיבא ציפמן,ציפמן,עקיבא, , , ,לא,לא,לא,לא,לא,לא,לא, ,לא,כן,לא, ,RNN,"רבעון 3, 2025",נתיבי איילון / CRG הנדסה, ,189091.235,676954.299
981,981.000000,רעננה,רעננה,0.000000, ,33032.000000,188370.438000,677882.298200,קיים,עתידים,עתידים,מרים ילן שטקליס, , , ,לא,לא,לא,לא,לא,לא,לא, ,לא,כן,לא, ,RNN,"רבעון 3, 2025",נתיבי איילון / CRG הנדסה, ,188370.438,677882.298
982,982.000000,רעננה,רעננה,0.000000, ,33033.000000,188399.328000,677976.797900,קיים,עתידים היצירה,עתידים,היצירה, , , ,לא,לא,לא,לא,לא,לא,לא, ,לא,כן,לא, ,RNN,"רבעון 3, 2025",נתיבי איילון / CRG הנדסה, ,188399.328,677976.798
983,983.000000,רעננה,רעננה,0.000000, ,33034.000000,188455.148100,678124.227600,קיים,עתידים התעשיה,עתידים,התעשיה, , , ,לא,לא,לא,לא,לא,לא,לא, ,לא,כן,לא, ,RNN,"רבעון 3, 2025",נתיבי איילון / CRG הנדסה, ,188455.148,678124.228
984,984.000000,רעננה,רעננה,0.000000, ,33035.000000,188888.437200,678149.917000,קיים,התעשיה החרושת,החרושת,התעשיה, , , ,לא,לא,לא,לא,לא,לא,לא, ,לא,כן,לא, ,RNN,"רבעון 3, 2025",נתיבי איילון / CRG הנדסה, ,188888.437,678149.917
985,985.000000,רעננה,רעננה,0.000000, ,33036.000000,189272.036400,678182.796500,קיים,התעשיה התדהר,התדהר,התעשיה, , , ,לא,לא,לא,לא,לא,לא,לא, ,לא,כן,לא, ,RNN,"רבעון 3, 2025",נתיבי איילון / CRG הנדסה, ,189272.036,678182.797
986,986.000000,רעננה,רעננה,0.000000, ,33037.000000,189258.646100,677908.107100,קיים,התדהר הנופר,התדהר,הנופר, , , ,לא,לא,לא,לא,לא,לא,לא, ,לא,כן,לא, ,RNN,"רבעון 3, 2025",נתיבי איילון / CRG הנדסה, ,189258.646,677908.107
987,987.000000,רעננה,רעננה,0.000000, ,33038.000000,189235.436000,677754.297400,קיים,התדהר כליל החורש,התדהר,כליל חורש,השיזף, , ,לא,לא,לא,לא,לא,לא,לא, ,לא,כן,לא, ,RNN,"רבעון 3, 2025",נתיבי איילון / CRG הנדסה, ,189235.436,677754.297
988,988.000000,רעננה,רעננה,0.000000, ,33039.000000,186313.836300,676600.017700,בתכנון,הפעמונים - דרך 531,דרך ירושלים,הפעמונים, , , ,לא,כן,לא,לא,לא,לא,לא, ,כן,לא,לא, ,RNN,"רבעון 3, 2025",נתיבי איילון / CRG הנדסה, ,186313.836,676600.018
989,989.000000,רעננה,נת"י,0.000000, ,33040.000000,187746.000000,675457.000000,קיים,מחלף ח"ן,בן גוריון,כביש 531, , , ,לא,לא,לא,לא,לא,לא,לא, ,לא,כן,לא, ,RNN,"רבעון 3, 2025",נתיבי איילון / CRG הנדסה, ,187746,675457
990,990.000000,תל אביב,תל אביב,0.000000, ,26001.000000,181524.578700,663705.069800,קיים,דרך יצחק רבין דרך הגבורה,דרך יצחק רבין,דרך הגבורה,דרך השלום, , ,לא,כן,לא,לא,לא,לא,לא, ,לא,לא,לא, ,TLV,"רבעון 3, 2025",נתיבי איילון / CRG הנדסה, ,181524.579,663705.07
991,991.000000,תל אביב,תל אביב,0.000000, ,26002.000000,177387.817000,660394.373600,קיים,הרב הלר חיים,הרב הלר חיים, , , , ,לא,לא,לא,לא,לא,לא,לא, ,כן,לא,לא, ,TLV,"רבעון 3, 2025",נתיבי איילון / CRG הנדסה,HO13,177387.817,660394.374
992,992.000000,תל אביב,תל אביב,0.000000, ,26003.000000,176600.158700,659794.624400,קיים,שדרות ירושלים הגבורים,שדרות ירושלים,הגיבורים, , , ,כן,לא,לא,כן,לא,לא,לא, ,לא,לא,לא,28,TLV,"רבעון 3, 2025",נתיבי איילון / CRG הנדסה,RN23,176600.159,659794.624
993,993.000000,תל אביב,תל אביב,0.000000, ,26004.000000,176690.249000,660171.739100,קיים,שדרות ירושלים מחרוזת,שדרות ירושלים,מחרוזת,סהרון, , ,לא,לא,לא,כן,לא,לא,לא, ,לא,לא,לא,29,TLV,"רבעון 3, 2025",נתיבי איילון / CRG הנדסה, ,176690.249,660171.739
994,994.000000,תל אביב,תל אביב,0.000000, ,26005.000000,176988.938100,660431.370100,קיים,שדרות ירושלים הרב הלר חיים,שדרות ירושלים,הרלב הלר חיים, , , ,לא,כן,לא,כן,לא,לא,לא, ,לא,לא,לא,30,TLV,"רבעון 3, 2025",נתיבי איילון / CRG הנדסה, ,176988.938,660431.37
995,995.000000,תל אביב,תל אביב,0.000000, ,26006.000000,177048.945700,660621.393800,קיים,שדרות ירושלים שדרות הבעש"ט,שדרות ירושלים,שדרות הבעש"ט,קוץ' אדוארד, , ,לא,כן,לא,כן,לא,לא,לא, ,לא,לא,לא,31,TLV,"רבעון 3, 2025",נתיבי איילון / CRG הנדסה, ,177048.946,660621.394
996,996.000000,תל אביב,תל אביב,0.000000, ,26007.000000,177092.378200,660751.495000,קיים,שדרות ירושלים נחל הבשור,שדרות ירושלים,נחל הבשור, , , ,לא,לא,לא,כן,לא,לא,לא, ,לא,לא,לא,32,TLV,"רבעון 3, 2025",נתיבי איילון / CRG הנדסה,TL75,177092.378,660751.495
997,997.000000,תל אביב,תל אביב,0.000000, ,26008.000000,177173.870000,661006.417800,קיים,שדרות ירושלים איסקוב נסים,שדרות ירושלים,איסקוב נסים,בת עין, , ,לא,לא,לא,כן,לא,לא,לא, ,לא,לא,לא,33,TLV,"רבעון 3, 2025",נתיבי איילון / CRG הנדסה, ,177173.87,661006.418
998,998.000000,תל אביב,תל אביב,0.000000, ,26009.000000,177243.637400,661240.211500,קיים,שדרות ירושלים וכטנגוב,שדרות ירושלים,וכנטגוב, , , ,לא,לא,לא,כן,לא,לא,לא, ,לא,לא,לא,34,TLV,"רבעון 3, 2025",נתיבי איילון / CRG הנדסה, ,177243.637,661240.212
999,999.000000,תל אביב,תל אביב,0.000000, ,26010.000000,177306.924200,661430.916900,קיים,שדרות ירושלים ארליך,שדרות ירושלים,ארליך,נס לגויים, , ,כן,לא,לא,כן,לא,לא,לא, ,לא,לא,לא,35,TLV,"רבעון 3, 2025",נתיבי איילון / CRG הנדסה, ,177306.924,661430.917
1000,1000.000000,תל אביב,תל אביב,0.000000, ,26011.000000,177366.207200,661899.988400,קיים,שדרות ירושלים יהודה הימית,שדרות ירושלים,יהודה הימית, , , ,כן,לא,לא,כן,לא,לא,לא, ,לא,לא,לא,37,TLV,"רבעון 3, 2025",נתיבי איילון / CRG הנדסה, ,177366.207,661899.988
1001,1001.000000,תל אביב,תל אביב,0.000000, ,26012.000000,177384.874300,662046.017600,קיים,שדרות ירושלים דרך בן צבי,שדרות ירושלים,דרך בן צבי,התקומה,עולי ציון, ,כן,לא,לא,כן,לא,לא,לא, ,לא,לא,לא,38,TLV,"רבעון 3, 2025",נתיבי איילון / CRG הנדסה, ,177384.874,662046.018
1002,1002.000000,תל אביב,תל אביב,0.000000, ,26013.000000,177437.129600,662490.945600,קיים,שדרות ירושלים מרזוק ועזר,שדרות ירושלים,מרזוק ועזר,דרך שלמה, , ,לא,לא,לא,כן,לא,לא,לא, ,לא,לא,לא,39,TLV,"רבעון 3, 2025",נתיבי איילון / CRG הנדסה, ,177437.13,662490.946
1003,1003.000000,תל אביב,תל אביב,0.000000, ,26014.000000,177458.154100,662702.843000,קיים,שדרות ירושלים רזיאל,שדרות ירושלים,רזיאל,אילת,קופמן יחזקל, ,כן,לא,לא,כן,לא,לא,לא, ,לא,לא,לא,40,TLV,"רבעון 3, 2025",נתיבי איילון / CRG הנדסה, ,177458.154,662702.843
1004,1004.000000,תל אביב,תל אביב,0.000000, ,26015.000000,177482.452900,661937.514800,קיים,דרך בן צבי יהודה הימית,דרך בן צבי,יהודה הימית,עזה, , ,לא,לא,לא,כן,לא,לא,לא, ,לא,לא,לא,211,TLV,"רבעון 3, 2025",נתיבי איילון / CRG הנדסה, ,177482.453,661937.515
1005,1005.000000,תל אביב,תל אביב,0.000000, ,26016.000000,176333.768400,660334.240100,קיים,יפת חריף אייזיק,יפת,חריף אייזיק,פחד יצחק, , ,לא,לא,לא,לא,לא,לא,לא, ,לא,כן,לא, ,TLV,"רבעון 3, 2025",נתיבי איילון / CRG הנדסה, ,176333.768,660334.24
1006,1006.000000,תל אביב,תל אביב,0.000000, ,26017.000000,176520.893000,660553.618800,קיים,יפת שדרות הבעש"ט,יפת,שדרות הבעש"ט,3178, , ,לא,לא,לא,לא,לא,לא,לא, ,לא,כן,לא, ,TLV,"רבעון 3, 2025",נתיבי איילון / CRG הנדסה, ,176520.893,660553.619
1007,1007.000000,תל אביב,תל אביב,0.000000, ,26018.000000,177218.442000,660422.968200,קיים,הרב הלר חיים,הרב חיים הלר, , , , ,לא,לא,לא,לא,לא,לא,לא, ,לא,כן,לא, ,TLV,"רבעון 3, 2025",נתיבי איילון / CRG הנדסה, ,177218.442,660422.968
1008,1008.000000,תל אביב,תל אביב,0.000000, ,26019.000000,177342.153300,660422.636200,קיים,הרב הלר חיים סומקן,הרב חיים הלר,סומקן, , , ,לא,לא,לא,לא,לא,לא,לא, ,לא,כן,לא, ,TLV,"רבעון 3, 2025",נתיבי איילון / CRG הנדסה, ,177342.153,660422.636
1009,1009.000000,תל אביב,תל אביב,0.000000, ,26020.000000,177428.000000,660495.000000,קיים,קוץ אדוארד סמטת באר שבע,אדוארד קוץ,סמטת באר שבע, , , ,לא,לא,לא,לא,לא,לא,לא, ,כן,לא,לא, ,TLV,"רבעון 3, 2025",נתיבי איילון / CRG הנדסה, ,177428,660495
1010,1010.000000,תל אביב,תל אביב,0.000000, ,26021.000000,177527.456700,660469.879100,קיים,הלוחמים דרך יגאל ידין,דרך יגאל אלון,הלוחמים, , , ,כן,לא,לא,לא,לא,לא,לא, ,לא,לא,לא, ,TLV,"רבעון 3, 2025",נתיבי איילון / CRG הנדסה, ,177527.457,660469.879
1011,1011.000000,תל אביב,תל אביב,0.000000, ,26022.000000,177578.434700,660678.631400,קיים,היינריך היינה דרך יגאל ידין,דרך יגאל אלון,היינריך היינה, , , ,לא,לא,לא,לא,לא,לא,לא, ,כן,לא,לא, ,TLV,"רבעון 3, 2025",נתיבי איילון / CRG הנדסה, ,177578.435,660678.631
1012,1012.000000,תל אביב,נת"ע,0.000000, ,26023.000000,179175.243300,660682.434300,קיים,בן צבי - צומת חולון - צ. מערבי,דרך בן צבי,צומת חולון,כביש 20,השבעה,שדרות לוי אשכול,לא,כן,לא,לא,כן,לא,לא, ,כן,לא,לא, ,TLV,"רבעון 3, 2025",נתיבי איילון / CRG הנדסה, ,179175.243,660682.434
1013,1013.000000,תל אביב,תל אביב,0.000000, ,26024.000000,178358.015200,660682.117800,קיים,תל גבורים שז"ר זלמן,תל גיבורים,זלמן שז"ר, , , ,לא,כן,לא,לא,לא,לא,לא, ,לא,לא,לא, ,TLV,"רבעון 3, 2025",נתיבי איילון / CRG הנדסה,TL10,178358.015,660682.118
1014,1014.000000,תל אביב,תל אביב,0.000000, ,26025.000000,178390.157500,660886.165600,קיים,תל גבורים גרוסמן מאיר,תל גיבורים,מאיר גרוסמן, , , ,לא,כן,לא,לא,לא,לא,לא, ,לא,לא,לא, ,TLV,"רבעון 3, 2025",נתיבי איילון / CRG הנדסה,TL56,178390.158,660886.166
1015,1015.000000,תל אביב,נת"ע,0.000000, ,26026.000000,178868.444800,660894.420000,קיים,דרך בן צבי גיתית,דרך בן צבי,גיתית, , , ,לא,כן,לא,לא,כן,לא,לא, ,כן,לא,לא, ,TLV,"רבעון 3, 2025",נתיבי איילון / CRG הנדסה,TL57,178868.445,660894.42
1016,1016.000000,תל אביב,נת"ע,0.000000, ,26027.000000,178564.779400,661113.495900,קיים,דרך בן צבי לבון פנחס,דרך בן צבי,פנחס לבון,מאיר גרוסמן, , ,לא,כן,לא,לא,כן,לא,לא, ,כן,לא,לא, ,TLV,"רבעון 3, 2025",נתיבי איילון / CRG הנדסה,TL16,178564.779,661113.496
1017,1017.000000,תל אביב,תל אביב,0.000000, ,26028.000000,178223.497200,661417.237300,קיים,דרך בן צבי הרצל,דרך בן צבי,הרצל,גרינבויים, , ,לא,לא,לא,לא,לא,לא,לא, ,כן,לא,לא, ,TLV,"רבעון 3, 2025",נתיבי איילון / CRG הנדסה,TL12,178223.497,661417.237
1018,1018.000000,תל אביב,תל אביב,0.000000, ,26029.000000,177820.907600,661798.661100,קיים,דרך בן צבי שלבים,דרך בן צבי,שלבים,הנריך היינה, , ,לא,לא,לא,לא,לא,לא,לא, ,לא,כן,לא, ,TLV,"רבעון 3, 2025",נתיבי איילון / CRG הנדסה, ,177820.908,661798.661
1019,1019.000000,תל אביב,תל אביב,0.000000, ,26030.000000,178053.325700,661162.558500,קיים,גרינבוים נס לגויים,נס לגויים,גרינבוים, , , ,לא,לא,לא,לא,לא,לא,לא, ,כן,לא,לא, ,TLV,"רבעון 3, 2025",נתיבי איילון / CRG הנדסה, ,178053.326,661162.559
1020,1020.000000,תל אביב,תל אביב,0.000000, ,26031.000000,177704.075900,661308.185600,קיים,נס לגויים היינריך היינה,נס לגויים,היינריך היינה, , , ,לא,לא,לא,לא,לא,לא,לא, ,לא,כן,לא, ,TLV,"רבעון 3, 2025",נתיבי איילון / CRG הנדסה, ,177704.076,661308.186
1021,1021.000000,תל אביב,תל אביב,0.000000, ,26032.000000,177021.543700,661528.466100,קיים,שבטי ישראל ארליך,שבטי ישראל,ארליך, , , ,לא,לא,לא,לא,לא,לא,לא, ,לא,כן,לא, ,TLV,"רבעון 3, 2025",נתיבי איילון / CRG הנדסה, ,177021.544,661528.466
1022,1022.000000,תל אביב,תל אביב,0.000000, ,26033.000000,177884.257800,661914.561800,קיים,שלבים התחיה,שלבים,התחיה, , , ,לא,לא,לא,לא,לא,לא,לא, ,לא,כן,לא, ,TLV,"רבעון 3, 2025",נתיבי איילון / CRG הנדסה, ,177884.258,661914.562
1023,1023.000000,תל אביב,תל אביב,0.000000, ,26034.000000,177107.098000,662457.805100,קיים,רזיאל יפת,יפת,רזיאל,מפרץ שלמה,בת אשל, ,לא,לא,לא,לא,לא,לא,לא, ,לא,כן,לא, ,TLV,"רבעון 3, 2025",נתיבי איילון / CRG הנדסה, ,177107.098,662457.805
1024,1024.000000,תל אביב,תל אביב,0.000000, ,26035.000000,178331.619900,662116.699900,קיים,קבוץ גלויות רח 3426,קיבוץ גלויות,3426, , , ,לא,לא,לא,לא,לא,לא,לא, ,לא,כן,לא, ,TLV,"רבעון 3, 2025",נתיבי איילון / CRG הנדסה, ,178331.62,662116.7
1025,1025.000000,תל אביב,תל אביב,0.000000, ,26036.000000,178352.374500,662122.640100,קיים,קבוץ גלויות אבולעפיה,קיבוץ גלויות,אבולעפיה, , , ,לא,לא,לא,לא,לא,לא,לא, ,לא,כן,לא, ,TLV,"רבעון 3, 2025",נתיבי איילון / CRG הנדסה, ,178352.374,662122.64
1026,1026.000000,תל אביב,תל אביב,0.000000, ,26037.000000,178432.280900,662085.847200,קיים,קבוץ גלויות הרצל,קיבוץ גלויות,הרצל, , , ,לא,לא,לא,לא,לא,לא,לא, ,לא,כן,לא, ,TLV,"רבעון 3, 2025",נתיבי איילון / CRG הנדסה, ,178432.281,662085.847
1027,1027.000000,תל אביב,תל אביב,0.000000, ,26038.000000,178560.995900,662009.765100,קיים,קבוץ גלויות שוקן,קיבוץ גלויות,שוקן, , , ,לא,כן,לא,לא,לא,לא,לא, ,לא,לא,לא, ,TLV,"רבעון 3, 2025",נתיבי איילון / CRG הנדסה, ,178560.996,662009.765
1028,1028.000000,תל אביב,נת"ע,0.000000, ,26039.000000,178742.764400,661882.129900,קיים,קבוץ גלויות שדרות הר ציון,קיבוץ גלויות,שדרות הר ציון, , , ,לא,כן,לא,לא,כן,לא,לא, ,כן,לא,לא, ,TLV,"רבעון 3, 2025",נתיבי איילון / CRG הנדסה,TL74,178742.764,661882.13
1029,1029.000000,תל אביב,תל אביב,0.000000, ,26040.000000,178970.616200,661780.149900,קיים,קבוץ גלויות מסילת ישרים,קיבוץ גלויות,מסילת ישרים,יוחננוף כהן שמואל, , ,לא,לא,לא,לא,לא,לא,לא, ,לא,כן,לא, ,TLV,"רבעון 3, 2025",נתיבי איילון / CRG הנדסה,TL17,178970.616,661780.15
1030,1030.000000,תל אביב,תל אביב,0.000000, ,26041.000000,179273.465300,661674.801800,קיים,קבוץ גלויות חכמי לובלין,קיבוץ גלויות,חכמי לובלין, , , ,לא,לא,לא,לא,לא,לא,לא, ,לא,כן,לא, ,TLV,"רבעון 3, 2025",נתיבי איילון / CRG הנדסה, ,179273.465,661674.802
1031,1031.000000,תל אביב,תל אביב,0.000000, ,26042.000000,179445.522400,661635.839600,קיים,קבוץ גלויות גורי ישראל,קיבוץ גלויות,גורי ישראל,ישראל מסלנט, , ,לא,לא,לא,לא,לא,לא,לא, ,לא,כן,לא, ,TLV,"רבעון 3, 2025",נתיבי איילון / CRG הנדסה, ,179445.522,661635.84
1032,1032.000000,תל אביב,תל אביב,0.000000, ,26043.000000,179721.457700,661603.363800,קיים,קבוץ גלויות חיל השריון,קיבוץ גלויות,חיל השריון,כביש 20,אילון, ,לא,לא,לא,לא,לא,לא,לא, ,לא,כן,לא, ,TLV,"רבעון 3, 2025",נתיבי איילון / CRG הנדסה, ,179721.458,661603.364
1033,1033.000000,תל אביב,תל אביב,0.000000, ,26044.000000,180501.477700,661641.968700,קיים,לח"י ששון,לח"י,ששון,חירותינו, , ,לא,לא,לא,לא,לא,לא,לא, ,לא,כן,לא, ,TLV,"רבעון 3, 2025",נתיבי איילון / CRG הנדסה, ,180501.478,661641.969
1034,1034.000000,תל אביב,תל אביב,0.000000, ,26045.000000,180681.246900,661673.583100,קיים,לח"י אצ"ל,לח"י,אצ"ל, , , ,לא,לא,לא,לא,לא,לא,לא, ,לא,כן,לא, ,TLV,"רבעון 3, 2025",נתיבי איילון / CRG הנדסה, ,180681.247,661673.583
1035,1035.000000,תל אביב,תל אביב,0.000000, ,26046.000000,181158.766800,661589.974300,קיים,דרך בר-לב חיים לח"י,לח"י,דרך חיים בר-לב,דרך דין מנשה, , ,לא,כן,לא,לא,לא,לא,לא, ,לא,לא,לא, ,TLV,"רבעון 3, 2025",נתיבי איילון / CRG הנדסה,TL77,181158.767,661589.974
1036,1036.000000,תל אביב,תל אביב,0.000000, ,26047.000000,181351.806700,661547.217300,קיים,דרך בר-לב חיים הרב אלנקווה,דרך חיים בר-לב,הרב אלנקווה, , , ,לא,כן,לא,לא,לא,לא,לא, ,לא,לא,לא, ,TLV,"רבעון 3, 2025",נתיבי איילון / CRG הנדסה,TL79,181351.807,661547.217
1037,1037.000000,תל אביב,תל אביב,0.000000, ,26048.000000,181689.414900,661467.206900,קיים,דרך בר-לב חיים בירנית,דרך חיים בר-לב,בירנית,איסר יהודה אונטרמן, , ,לא,כן,לא,לא,לא,לא,לא, ,לא,לא,לא, ,TLV,"רבעון 3, 2025",נתיבי איילון / CRG הנדסה,TL80,181689.415,661467.207
1038,1038.000000,תל אביב,תל אביב,0.000000, ,26049.000000,181846.392500,661434.224000,קיים,דרך בר-לב חיים לובטקין צביה,דרך חיים בר-לב,צביה לובטקין, , , ,לא,כן,לא,לא,לא,לא,לא, ,לא,לא,לא, ,TLV,"רבעון 3, 2025",נתיבי איילון / CRG הנדסה,TL82,181846.393,661434.224
1039,1039.000000,תל אביב,תל אביב,0.000000, ,26050.000000,181964.761300,661406.040600,קיים,דרך בר-לב חיים מור,דרך חיים בר-לב,מור, , , ,לא,כן,לא,לא,לא,לא,לא, ,לא,לא,לא, ,TLV,"רבעון 3, 2025",נתיבי איילון / CRG הנדסה,TL83,181964.761,661406.041
1040,1040.000000,תל אביב,תל אביב,0.000000, ,26051.000000,182149.789700,661378.941500,קיים,דרך בר-לב חיים שדרות ששת הימ,דרך חיים בר-לב,שדרות ששת הימים, , , ,לא,כן,לא,לא,לא,לא,לא, ,לא,לא,לא, ,TLV,"רבעון 3, 2025",נתיבי איילון / CRG הנדסה,TL84,182149.79,661378.942
1041,1041.000000,תל אביב,תל אביב,0.000000, ,26052.000000,182290.232100,661364.080300,קיים,דרך בר-לב חיים גולינקין מרד,דרך חיים בר-לב,מרד חיים גולינקין,הרב עובדיה בידאני, , ,לא,כן,לא,לא,לא,לא,לא, ,לא,לא,לא, ,TLV,"רבעון 3, 2025",נתיבי איילון / CRG הנדסה,TL85,182290.232,661364.08
1042,1042.000000,תל אביב,תל אביב,0.000000, ,26053.000000,179723.438300,661921.342100,קיים,חיל השריון גולומב,חיל השריון,גולומב, , , ,כן,לא,לא,לא,לא,לא,לא, ,לא,לא,לא, ,TLV,"רבעון 3, 2025",נתיבי איילון / CRG הנדסה,TL86,179723.438,661921.342
1043,1043.000000,תל אביב,תל אביב,0.000000, ,26054.000000,179675.695600,662425.564900,קיים,דרך ההגנה - חיל השריון,חיל השריון,דרך ההגנה,החרש, , ,כן,לא,לא,לא,לא,לא,לא, ,לא,לא,לא, ,TLV,"רבעון 3, 2025",נתיבי איילון / CRG הנדסה, ,179675.696,662425.565
1044,1044.000000,תל אביב,תל אביב,0.000000, ,26055.000000,179582.329200,662452.581100,קיים,ההגנה - לבנדה,לבנדה,ההגנה, , , ,לא,לא,לא,לא,לא,לא,לא, ,לא,כן,לא, ,TLV,"רבעון 3, 2025",נתיבי איילון / CRG הנדסה, ,179582.329,662452.581
1045,1045.000000,תל אביב,נת"ע,0.000000, ,26056.000000,179606.694500,662545.580800,קיים,דרך ההגנה - לוינסקי,לוינסקי,דרך ההגנה,לבנדה, , ,כן,לא,לא,לא,לא,כן,לא, ,לא,לא,לא, ,TLV,"רבעון 3, 2025",נתיבי איילון / CRG הנדסה, ,179606.695,662545.581
1046,1046.000000,תל אביב,נת"ע,0.000000, ,26057.000000,179471.767400,662616.175000,קיים,לוינסקי יסוד המעלה,לוינסקי,יסוד המעלה,דוד צמח, , ,כן,לא,לא,לא,לא,כן,לא, ,לא,לא,לא, ,TLV,"רבעון 3, 2025",נתיבי איילון / CRG הנדסה, ,179471.767,662616.175
1047,1047.000000,תל אביב,נת"ע,0.000000, ,26058.000000,179265.749600,662723.298700,קיים,לוינסקי לישנסקי יוסף,לוינסקי,יוסף לישנסקי,מטלון, , ,כן,לא,לא,לא,לא,כן,לא, ,לא,לא,לא, ,TLV,"רבעון 3, 2025",נתיבי איילון / CRG הנדסה, ,179265.75,662723.299
1048,1048.000000,תל אביב,נת"ע,0.000000, ,26059.000000,179097.707300,662808.673700,קיים,לוינסקי שדרות הר ציון,לוינסקי,שדרות הר ציון, , , ,כן,לא,לא,לא,כן,כן,לא, ,כן,לא,לא, ,TLV,"רבעון 3, 2025",נתיבי איילון / CRG הנדסה, ,179097.707,662808.674
1049,1049.000000,תל אביב,תל אביב,0.000000, ,26060.000000,182240.157000,662466.788900,קיים,דרך הטייסים מעפילי אגוז,דרך הטייסים,מעפלי אגוז,עודד, , ,לא,לא,לא,לא,לא,לא,לא, ,כן,לא,לא, ,TLV,"רבעון 3, 2025",נתיבי איילון / CRG הנדסה, ,182240.157,662466.789
1050,1050.000000,תל אביב,נת"ע,0.000000, ,26061.000000,181869.104000,662658.435200,קיים,דרך הטייסים דרך ההגנה,דרך הטייסים,דרך ההגנה, , , ,לא,לא,לא,לא,לא,כן,לא, ,כן,לא,לא, ,TLV,"רבעון 3, 2025",נתיבי איילון / CRG הנדסה, ,181869.104,662658.435
1051,1051.000000,תל אביב,נת"ע,0.000000, ,26062.000000,182256.614100,662904.919700,קיים,דרך השלום אנילביץ מרדכי,דרך השלום,מרדכי אנילביץ, , , ,לא,לא,לא,לא,לא,כן,לא, ,כן,לא,לא, ,TLV,"רבעון 3, 2025",נתיבי איילון / CRG הנדסה, ,182256.614,662904.92
1052,1052.000000,תל אביב,תל אביב,0.000000, ,26063.000000,181212.823500,661927.338500,קיים,דרך דיין משה קרייתי,דרך משה דיין,קרייתי,מח"ל, , ,לא,לא,לא,לא,לא,לא,לא, ,לא,כן,לא, ,TLV,"רבעון 3, 2025",נתיבי איילון / CRG הנדסה,TL64,181212.823,661927.339
1053,1053.000000,תל אביב,נת"ע,0.000000, ,26064.000000,181263.927800,662299.373000,קיים,דרך דיין משה דרך ההגנה,דרך משה דיין,דרך ההגנה, , , ,לא,לא,לא,לא,לא,כן,לא, ,לא,לא,לא, ,TLV,"רבעון 3, 2025",נתיבי איילון / CRG הנדסה, ,181263.928,662299.373
1054,1054.000000,תל אביב,נת"ע,0.000000, ,26065.000000,180906.434100,662327.840200,קיים,דרך ההגנה גבעתי,דרך ההגנה,גבעתי, , , ,לא,לא,לא,לא,לא,כן,לא, ,לא,לא,לא, ,TLV,"רבעון 3, 2025",נתיבי איילון / CRG הנדסה,TL91,180906.434,662327.84
1055,1055.000000,תל אביב,נת"ע,0.000000, ,26066.000000,180462.024700,662370.853500,קיים,דרך ההגנה אלון יגאל,דרך ההגנה,יגאל אלון, , , ,לא,לא,לא,לא,לא,כן,לא, ,לא,לא,לא, ,TLV,"רבעון 3, 2025",נתיבי איילון / CRG הנדסה, ,180462.025,662370.854
1056,1056.000000,תל אביב,נת"ע,0.000000, ,26067.000000,180394.349200,662375.425900,קיים,דרך ההגנה אצ"ל,דרך ההגנה,אצ"ל, , , ,לא,לא,לא,לא,לא,כן,לא, ,לא,לא,לא, ,TLV,"רבעון 3, 2025",נתיבי איילון / CRG הנדסה, ,180394.349,662375.426
1057,1057.000000,תל אביב,נת"ע,0.000000, ,26068.000000,180176.320300,662397.193400,קיים,דרך ההגנה דעואל,דרך ההגנה,דעואל,שדרות המעפילים, , ,לא,לא,לא,לא,לא,כן,לא, ,לא,לא,לא, ,TLV,"רבעון 3, 2025",נתיבי איילון / CRG הנדסה, ,180176.32,662397.193
1058,1058.000000,תל אביב,נת"ע,0.000000, ,26069.000000,179973.194600,662394.755500,קיים,דרך ההגנה קהילת ניו יורק,דרך ההגנה,קהילת ניו יורק, , , ,לא,לא,לא,לא,לא,כן,לא, ,לא,לא,לא, ,TLV,"רבעון 3, 2025",נתיבי איילון / CRG הנדסה, ,179973.195,662394.756
1059,1059.000000,תל אביב,תל אביב,0.000000, ,26070.000000,179537.239100,662348.651400,קיים,דרך שלמה ישראל מסלנט,דרך שלמה,ישראל מסלנט,לבנדה, , ,לא,לא,לא,לא,לא,לא,לא, ,לא,כן,לא, ,TLV,"רבעון 3, 2025",נתיבי איילון / CRG הנדסה, ,179537.239,662348.651
1060,1060.000000,תל אביב,תל אביב,0.000000, ,26071.000000,179151.053800,662421.802600,קיים,דרך שלמה מסילת ישרים,דרך שלמה,מסילת ישרים, , , ,לא,לא,לא,לא,לא,לא,לא, ,לא,כן,לא, ,TLV,"רבעון 3, 2025",נתיבי איילון / CRG הנדסה, ,179151.054,662421.803
1061,1061.000000,תל אביב,נת"ע,0.000000, ,26072.000000,178932.157600,662476.646500,קיים,שדרות הר ציון דרך שלמה,דרך שלמה,שדרות הר ציון, , , ,לא,לא,לא,לא,כן,לא,לא, ,כן,לא,לא, ,TLV,"רבעון 3, 2025",נתיבי איילון / CRG הנדסה, ,178932.158,662476.647
1062,1062.000000,תל אביב,תל אביב,0.000000, ,26073.000000,178626.151300,662470.342200,קיים,דרך שלמה שוקן,דרך שלמה,העלייה,שוקן, , ,כן,כן,לא,לא,לא,לא,לא, ,לא,לא,לא, ,TLV,"רבעון 3, 2025",נתיבי איילון / CRG הנדסה, ,178626.151,662470.342
1063,1063.000000,תל אביב,תל אביב,0.000000, ,26074.000000,178499.241500,662463.652400,קיים,דרך שלמה הרצל,דרך שלמה,הרצל, , , ,כן,לא,לא,לא,לא,לא,לא, ,לא,לא,לא, ,TLV,"רבעון 3, 2025",נתיבי איילון / CRG הנדסה,TL09,178499.242,662463.652
1064,1064.000000,תל אביב,תל אביב,0.000000, ,26075.000000,177960.542700,662469.083000,קיים,דרך שלמה שלבים,דרך שלמה,שלבים,אליפלט, , ,כן,לא,לא,לא,לא,לא,לא, ,לא,לא,לא, ,TLV,"רבעון 3, 2025",נתיבי איילון / CRG הנדסה, ,177960.543,662469.083
1065,1065.000000,תל אביב,תל אביב,0.000000, ,26076.000000,177989.918100,662245.433600,קיים,קבוץ גלויות שלבים,קיבוץ גלויות,שלבים, , , ,לא,לא,לא,לא,לא,לא,לא, ,לא,כן,לא, ,TLV,"רבעון 3, 2025",נתיבי איילון / CRG הנדסה, ,177989.918,662245.434
1066,1066.000000,תל אביב,תל אביב,0.000000, ,26077.000000,177728.153200,662442.083300,קיים,קבוץ גלויות דרך שלמה,דרך שלמה,קיבוץ גלויות,יעקב וסרמן, , ,לא,לא,לא,לא,לא,לא,לא, ,לא,כן,לא, ,TLV,"רבעון 3, 2025",נתיבי איילון / CRG הנדסה, ,177728.153,662442.083
1067,1067.000000,תל אביב,תל אביב,0.000000, ,26078.000000,177859.543300,662821.082300,קיים,אילת אליפלט,אילת,אליפלט, , , ,כן,לא,לא,לא,לא,לא,לא, ,לא,לא,לא, ,TLV,"רבעון 3, 2025",נתיבי איילון / CRG הנדסה, ,177859.543,662821.082
1068,1068.000000,תל אביב,תל אביב,0.000000, ,26079.000000,177486.822600,662957.436700,קיים,קויפמן יחזקאל גולדמן נחום,יחזקאל קויפמן,נחום גולדמן, , , ,לא,לא,לא,לא,לא,לא,לא, ,לא,כן,לא, ,TLV,"רבעון 3, 2025",נתיבי איילון / CRG הנדסה, ,177486.823,662957.437
1069,1069.000000,תל אביב,תל אביב,0.000000, ,26080.000000,177546.809100,663128.581400,קיים,קויפמן יחזקאל המרד,יחזקאל קויפמן,המרד, , , ,לא,לא,לא,לא,לא,לא,לא, ,לא,כן,לא, ,TLV,"רבעון 3, 2025",נתיבי איילון / CRG הנדסה, ,177546.809,663128.581
1070,1070.000000,תל אביב,תל אביב,0.000000, ,26081.000000,177628.512600,663363.319600,קיים,קויפמן יחזקאל שנקר אריה,יחזקאל קויפמן,אריה שנקר, , , ,לא,לא,לא,לא,לא,לא,לא, ,לא,כן,לא, ,TLV,"רבעון 3, 2025",נתיבי איילון / CRG הנדסה, ,177628.513,663363.32
1071,1071.000000,תל אביב,תל אביב,0.000000, ,26082.000000,177754.899200,663729.532700,קיים,קויפמן יחזקאל לוי יוסף,יחזקאל קויפמן,יוסף לוי, , , ,לא,לא,לא,לא,לא,לא,לא, ,לא,כן,לא, ,TLV,"רבעון 3, 2025",נתיבי איילון / CRG הנדסה, ,177754.899,663729.533
1072,1072.000000,תל אביב,נת"ע,0.000000, ,26083.000000,178997.823500,662614.886400,קיים,שדרות הר ציון הקונגרס,שדרות הר ציון,הקונגרס, , , ,כן,לא,לא,לא,כן,לא,לא, ,כן,לא,לא, ,TLV,"רבעון 3, 2025",נתיבי איילון / CRG הנדסה, ,178997.823,662614.886
1073,1073.000000,תל אביב,נת"ע,0.000000, ,26084.000000,179061.431700,662741.958500,קיים,שדרות הר ציון מטלון,שדרות הר ציון,מטלון, , , ,כן,לא,לא,לא,כן,לא,לא, ,כן,לא,לא, ,TLV,"רבעון 3, 2025",נתיבי איילון / CRG הנדסה, ,179061.432,662741.959
1074,1074.000000,תל אביב,נת"ע,0.000000, ,26085.000000,179161.823200,662935.728300,קיים,שדרות הר ציון הגדוד העברי,שדרות הר ציון,הגדוד העברי, , , ,כן,לא,לא,לא,כן,לא,לא, ,כן,לא,לא, ,TLV,"רבעון 3, 2025",נתיבי איילון / CRG הנדסה, ,179161.823,662935.728
1075,1075.000000,תל אביב,תל אביב,0.000000, ,26086.000000,179076.455700,663131.520100,קיים,דרך הגין השומרון,דרך מנחם בגין,השומרון, , , ,כן,לא,לא,לא,לא,לא,לא, ,לא,לא,לא, ,TLV,"רבעון 3, 2025",נתיבי איילון / CRG הנדסה, ,179076.456,663131.52
1076,1076.000000,תל אביב,תל אביב,0.000000, ,26087.000000,178995.331200,663093.580400,קיים,צלנוב שביל עכו,דרך מנחם בגין,צ'לנוב, , , ,כן,לא,לא,לא,לא,לא,לא, ,לא,לא,לא, ,TLV,"רבעון 3, 2025",נתיבי איילון / CRG הנדסה, ,178995.331,663093.58
1077,1077.000000,תל אביב,תל אביב,0.000000, ,26088.000000,178975.865800,663109.159300,קיים,דרך בגין ברזילי,דרך מנחם בגין,ברזילי, , , ,כן,לא,לא,לא,לא,לא,לא, ,לא,לא,לא, ,TLV,"רבעון 3, 2025",נתיבי איילון / CRG הנדסה, ,178975.866,663109.159
1078,1078.000000,תל אביב,תל אביב,0.000000, ,26089.000000,178957.041100,662967.840800,קיים,צלנוב פרץ י ל,צ'לנוב,י.ל. פרץ, , , ,לא,לא,לא,לא,לא,לא,לא, ,לא,כן,לא, ,TLV,"רבעון 3, 2025",נתיבי איילון / CRG הנדסה, ,178957.041,662967.841
1079,1079.000000,תל אביב,נת"ע,0.000000, ,26090.000000,178933.241100,662892.460900,קיים,לוינסקי צלנוב,צ'לנוב,לוינסקי, , , ,לא,לא,לא,לא,לא,כן,לא, ,לא,לא,לא, ,TLV,"רבעון 3, 2025",נתיבי איילון / CRG הנדסה, ,178933.241,662892.461
1080,1080.000000,תל אביב,תל אביב,0.000000, ,26091.000000,178885.656200,662753.735800,קיים,וולפסון,צ'לנוב,וולפסון, , , ,לא,לא,לא,לא,לא,לא,לא, ,לא,כן,לא, ,TLV,"רבעון 3, 2025",נתיבי איילון / CRG הנדסה, ,178885.656,662753.736
1081,1081.000000,תל אביב,נת"ע,0.000000, ,26092.000000,178794.441600,663113.270600,קיים,דרך בגין העלייה,דרך מנחם בגין,דרך יפו,העלייה,החשמל, ,כן,כן,לא,לא,לא,כן,לא, ,לא,לא,לא, ,TLV,"רבעון 3, 2025",נתיבי איילון / CRG הנדסה, ,178794.442,663113.271
1082,1082.000000,תל אביב,נת"ע,0.000000, ,26093.000000,178766.541500,662979.340900,קיים,העלייה לוינסקי,העלייה,לוינסקי, , , ,כן,כן,לא,לא,לא,כן,לא, ,לא,לא,לא, ,TLV,"רבעון 3, 2025",נתיבי איילון / CRG הנדסה,TL01,178766.542,662979.341
1083,1083.000000,תל אביב,תל אביב,0.000000, ,26094.000000,178750.941500,662912.841100,קיים,העלייה מטלון,העלייה,מטלון, , , ,כן,כן,לא,לא,לא,לא,לא, ,לא,לא,לא, ,TLV,"רבעון 3, 2025",נתיבי איילון / CRG הנדסה,TL03,178750.942,662912.841
1084,1084.000000,תל אביב,תל אביב,0.000000, ,26095.000000,178732.441400,662828.151300,קיים,העלייה וולפסון,העלייה,וולפסון, , , ,כן,כן,לא,לא,לא,לא,לא, ,לא,לא,לא, ,TLV,"רבעון 3, 2025",נתיבי איילון / CRG הנדסה,TL04,178732.441,662828.151
1085,1085.000000,תל אביב,תל אביב,0.000000, ,26096.000000,178702.441400,662699.341600,קיים,העלייה הרב פרנקל,העלייה,הרב פרנקל, , , ,כן,כן,לא,לא,לא,לא,לא, ,לא,לא,לא, ,TLV,"רבעון 3, 2025",נתיבי איילון / CRG הנדסה,TL05,178702.441,662699.342
1086,1086.000000,תל אביב,תל אביב,0.000000, ,26097.000000,178676.541300,662604.841900,קיים,העלייה פלורנטין,העלייה,פלורנטין, , , ,כן,כן,לא,לא,לא,לא,לא, ,לא,לא,לא, ,TLV,"רבעון 3, 2025",נתיבי איילון / CRG הנדסה,TL07,178676.541,662604.842
1087,1087.000000,תל אביב,תל אביב,0.000000, ,26098.000000,178502.697300,662636.073600,קיים,הרצל פלורנטין,הרצל,פלורנטין, , , ,לא,לא,לא,לא,לא,לא,לא, ,לא,כן,לא, ,TLV,"רבעון 3, 2025",נתיבי איילון / CRG הנדסה,TL08,178502.697,662636.074
1088,1088.000000,תל אביב,תל אביב,0.000000, ,26099.000000,178501.941800,662740.961800,קיים,הרצל הרב פרנקל,הרצל,הרב פרנקל, , , ,לא,לא,לא,לא,לא,לא,לא, ,לא,כן,לא, ,TLV,"רבעון 3, 2025",נתיבי איילון / CRG הנדסה, ,178501.942,662740.962
1089,1089.000000,תל אביב,תל אביב,0.000000, ,26100.000000,178503.441900,662837.461600,קיים,הרצל וולפסון,הרצל,וולפסון, , , ,לא,לא,לא,לא,לא,לא,לא, ,לא,כן,לא, ,TLV,"רבעון 3, 2025",נתיבי איילון / CRG הנדסה, ,178503.442,662837.462
1090,1090.000000,תל אביב,תל אביב,0.000000, ,26101.000000,178614.541700,662838.651400,קיים,נחלת בנימין וולפסון,נחלת בנימין,וולפסון, , , ,לא,לא,לא,לא,לא,לא,לא, ,לא,כן,לא, ,TLV,"רבעון 3, 2025",נתיבי איילון / CRG הנדסה, ,178614.542,662838.651
1091,1091.000000,תל אביב,תל אביב,0.000000, ,26102.000000,178677.831900,663117.650800,קיים,דרך יפו נחלת בנימין,דרך יפו,נחלת בנימין, , , ,כן,לא,לא,לא,לא,לא,לא, ,לא,לא,לא, ,TLV,"רבעון 3, 2025",נתיבי איילון / CRG הנדסה, ,178677.832,663117.651
1092,1092.000000,תל אביב,תל אביב,0.000000, ,26103.000000,178470.242300,663106.581000,קיים,דרך יפו הרצל,דרך יפו,הרצל, , , ,כן,לא,לא,לא,לא,לא,לא, ,לא,לא,לא, ,TLV,"רבעון 3, 2025",נתיבי איילון / CRG הנדסה, ,178470.242,663106.581
1093,1093.000000,תל אביב,תל אביב,0.000000, ,26104.000000,180487.812600,662661.846800,קיים,שדרות החי"ל אלון יגאל,יגאל אלון,שדרות החי"ל, , , ,לא,לא,לא,לא,לא,לא,לא, ,לא,כן,לא, ,TLV,"רבעון 3, 2025",נתיבי איילון / CRG הנדסה, ,180487.813,662661.847
1094,1094.000000,תל אביב,תל אביב,0.000000, ,26105.000000,181633.931100,662956.353600,קיים,לה גארדיה דרך הטייסים,דרך הטייסים,לה גארדיה, , , ,לא,לא,לא,לא,לא,לא,לא, ,כן,לא,לא, ,TLV,"רבעון 3, 2025",נתיבי איילון / CRG הנדסה, ,181633.931,662956.354
1095,1095.000000,תל אביב,תל אביב,0.000000, ,26106.000000,181739.911000,663181.711700,קיים,דרך הטייסים דרך השלום,דרך השלום,דרך הטייסים,רחבת מרטין ארנסט, , ,לא,כן,לא,לא,לא,לא,לא, ,כן,לא,לא, ,TLV,"רבעון 3, 2025",נתיבי איילון / CRG הנדסה, ,181739.911,663181.712
1096,1096.000000,תל אביב,תל אביב,0.000000, ,26107.000000,181599.470500,663400.284200,קיים,דרך השלום הורודצקי,דרך השלום,הורודצקי, , , ,לא,כן,לא,לא,לא,לא,לא, ,כן,לא,לא, ,TLV,"רבעון 3, 2025",נתיבי איילון / CRG הנדסה,TL67,181599.47,663400.284
1097,1097.000000,תל אביב,תל אביב,0.000000, ,26108.000000,181276.557000,663153.405600,קיים,דרך דיין משה שטינשנידר,דרך משה דיין,שטינשנידר, , , ,לא,כן,לא,לא,לא,לא,לא, ,לא,לא,לא, ,TLV,"רבעון 3, 2025",נתיבי איילון / CRG הנדסה,TL68,181276.557,663153.406
1098,1098.000000,תל אביב,תל אביב,0.000000, ,26109.000000,181290.501800,662945.550000,קיים,דרך דיין משה לה גארדיה,דרך משה דיין,לה גארדיה, , , ,לא,כן,לא,לא,לא,לא,לא, ,לא,לא,לא, ,TLV,"רבעון 3, 2025",נתיבי איילון / CRG הנדסה, ,181290.502,662945.55
1099,1099.000000,תל אביב,תל אביב,0.000000, ,26110.000000,181199.736200,662942.578200,קיים,לה גארדיה הגבור האלמוני,לה גארדיה,הגיבור האלמוני, , , ,לא,לא,לא,לא,לא,לא,לא, ,לא,כן,לא, ,TLV,"רבעון 3, 2025",נתיבי איילון / CRG הנדסה,TL36,181199.736,662942.578
1100,1100.000000,תל אביב,תל אביב,0.000000, ,26111.000000,180994.436700,662939.338500,קיים,לה גארדיה רח 1116,לה גארדיה,1116, , , ,לא,לא,לא,לא,לא,לא,לא, ,לא,כן,לא, ,TLV,"רבעון 3, 2025",נתיבי איילון / CRG הנדסה, ,180994.437,662939.339
1101,1101.000000,תל אביב,תל אביב,0.000000, ,26112.000000,180747.737200,662944.578700,קיים,לה גארדיה לוחמי גליפולי,לה גארדיה,לוחמי גליפולי, , , ,לא,לא,לא,לא,לא,לא,לא, ,לא,כן,לא, ,TLV,"רבעון 3, 2025",נתיבי איילון / CRG הנדסה, ,180747.737,662944.579
1102,1102.000000,תל אביב,תל אביב,0.000000, ,26113.000000,180496.947400,662952.555100,קיים,לה גארדיה אלון יגאל,לה גארדיה,יגאל אלון, , , ,לא,לא,לא,לא,לא,לא,לא, ,לא,כן,לא, ,TLV,"רבעון 3, 2025",נתיבי איילון / CRG הנדסה, ,180496.947,662952.555
1103,1103.000000,תל אביב,תל אביב,0.000000, ,26114.000000,180259.457000,662961.241700,קיים,לה גארדיה שדרות המעפילים,לה גארדיה,שדרות המעפילים, , , ,לא,לא,לא,לא,לא,לא,לא, ,לא,כן,לא, ,TLV,"רבעון 3, 2025",נתיבי איילון / CRG הנדסה, ,180259.457,662961.242
1104,1104.000000,תל אביב,תל אביב,0.000000, ,26115.000000,179767.755400,662954.733500,קיים,המסגר החרש,המסגר,החרש,לה גארדיה, , ,כן,לא,לא,לא,לא,לא,לא, ,לא,לא,לא, ,TLV,"רבעון 3, 2025",נתיבי איילון / CRG הנדסה, ,179767.755,662954.734
1105,1105.000000,תל אביב,תל אביב,0.000000, ,26116.000000,179713.939200,662946.954800,קיים,הרכבת לבנדה,הרכבת,לבנדה, , , ,כן,לא,לא,לא,לא,לא,לא, ,לא,לא,לא, ,TLV,"רבעון 3, 2025",נתיבי איילון / CRG הנדסה, ,179713.939,662946.955
1106,1106.000000,תל אביב,תל אביב,0.000000, ,26117.000000,180014.045000,662965.246000,קיים,לה גארדיה,לה גארדיה,אילון צפון,דרך 20, , ,לא,לא,לא,לא,לא,לא,לא, ,לא,כן,לא, ,TLV,"רבעון 3, 2025",נתיבי איילון / CRG הנדסה, ,180014.045,662965.246
1107,1107.000000,תל אביב,תל אביב,0.000000, ,26118.000000,180957.946500,663474.501700,קיים,יצחק שדה בת ציון,יצחק שדה,בת ציון, , , ,לא,כן,לא,לא,לא,לא,לא, ,כן,לא,לא, ,TLV,"רבעון 3, 2025",נתיבי איילון / CRG הנדסה, ,180957.947,663474.502
1108,1108.000000,תל אביב,תל אביב,0.000000, ,26119.000000,181175.169300,663509.161700,קיים,יצחק שדה דרך דיין משה,יצחק שדה,דרך משה דיין, , , ,לא,כן,לא,לא,לא,לא,לא, ,כן,לא,לא, ,TLV,"רבעון 3, 2025",נתיבי איילון / CRG הנדסה,TL19,181175.169,663509.162
1109,1109.000000,תל אביב,תל אביב,0.000000, ,26120.000000,181146.867900,663823.321700,קיים,דרך דיין משה ינון,דרך משה דיין,ינון, , , ,לא,לא,לא,לא,לא,לא,לא, ,לא,כן,לא, ,TLV,"רבעון 3, 2025",נתיבי איילון / CRG הנדסה,TL18,181146.868,663823.322
1110,1110.000000,תל אביב,תל אביב,0.000000, ,26121.000000,181440.535800,664161.284600,קיים,דרך השלום גלוסקא זכריה,דרך השלום,זכריה גלוסקא, , , ,לא,כן,לא,לא,לא,לא,לא, ,לא,לא,לא, ,TLV,"רבעון 3, 2025",נתיבי איילון / CRG הנדסה, ,181440.536,664161.285
1111,1111.000000,תל אביב,תל אביב,0.000000, ,26122.000000,181244.446900,664235.667700,קיים,דרך השלום עלית הנוער,דרך השלום,עלית הנוער,דרך משה דיין, , ,לא,כן,לא,לא,לא,לא,לא, ,לא,לא,לא, ,TLV,"רבעון 3, 2025",נתיבי איילון / CRG הנדסה,TL60,181244.447,664235.668
1112,1112.000000,תל אביב,תל אביב,0.000000, ,26123.000000,180980.383700,664333.043000,קיים,דרך השלום תוצרת הארץ,דרך השלום,תוצרת הארץ, , , ,לא,כן,לא,לא,לא,לא,לא, ,לא,לא,לא, ,TLV,"רבעון 3, 2025",נתיבי איילון / CRG הנדסה,TL35,180980.384,664333.043
1113,1113.000000,תל אביב,תל אביב,0.000000, ,26124.000000,180754.637300,664415.254200,קיים,דרך השלום אלון יגאל,דרך השלום,יגאל אלון,גבעת התחמושת, , ,לא,כן,לא,לא,לא,לא,לא, ,לא,לא,לא, ,TLV,"רבעון 3, 2025",נתיבי איילון / CRG הנדסה,TL62,180754.637,664415.254
1114,1114.000000,תל אביב,תל אביב,0.000000, ,26125.000000,180354.455200,664522.080200,קיים,דרך בגין קפלן,דרך מנחם בגין,קפלן,גבעת התחמושת, , ,כן,לא,לא,לא,לא,לא,לא, ,כן,לא,לא, ,TLV,"רבעון 3, 2025",נתיבי איילון / CRG הנדסה,TL65,180354.455,664522.08
1115,1115.000000,תל אביב,תל אביב,0.000000, ,26126.000000,180574.720800,664489.007000,קיים,גבעת התחמושת,דרך 20,אילון, , , ,לא,לא,לא,לא,לא,לא,לא, ,לא,כן,לא, ,TLV,"רבעון 3, 2025",נתיבי איילון / CRG הנדסה, ,180574.721,664489.007
1116,1116.000000,תל אביב,תל אביב,0.000000, ,26127.000000,180500.530000,663040.320900,קיים,אלון יגאל וינגייט,יגאל אלון,וינגייט, , , ,לא,לא,לא,לא,לא,לא,לא, ,לא,כן,לא, ,TLV,"רבעון 3, 2025",נתיבי איילון / CRG הנדסה, ,180500.53,663040.321
1117,1117.000000,תל אביב,תל אביב,0.000000, ,26128.000000,180504.128400,663145.942600,קיים,אלון יגאל שדרות יד לבנים,יגאל אלון,שדרות יד לבנים, , , ,לא,לא,לא,לא,לא,לא,לא, ,לא,כן,לא, ,TLV,"רבעון 3, 2025",נתיבי איילון / CRG הנדסה, ,180504.128,663145.943
1118,1118.000000,תל אביב,תל אביב,0.000000, ,26129.000000,180506.880200,663253.257600,קיים,אלון יגאל השלושה,יגאל אלון,השלושה, , , ,לא,לא,לא,לא,לא,לא,לא, ,לא,כן,לא, ,TLV,"רבעון 3, 2025",נתיבי איילון / CRG הנדסה, ,180506.88,663253.258
1119,1119.000000,תל אביב,תל אביב,0.000000, ,26130.000000,180528.258800,663513.819200,קיים,אלון יגאל יצחק שדה,יגאל אלון,יצחק שדה, , , ,לא,כן,לא,לא,לא,לא,לא, ,כן,לא,לא, ,TLV,"רבעון 3, 2025",נתיבי איילון / CRG הנדסה, ,180528.259,663513.819
1120,1120.000000,תל אביב,תל אביב,0.000000, ,26131.000000,180544.801600,663602.477700,קיים,אלון יגאל עמינדב,יגאל אלון,עמינדב, , , ,לא,לא,לא,לא,לא,לא,לא, ,כן,לא,לא, ,TLV,"רבעון 3, 2025",נתיבי איילון / CRG הנדסה,TL21,180544.802,663602.478
1121,1121.000000,תל אביב,תל אביב,0.000000, ,26132.000000,180588.074200,663816.730100,קיים,אלון יגאל קרמניצקי,יגאל אלון,קרמניצקי, , , ,לא,לא,לא,לא,לא,לא,לא, ,כן,לא,לא, ,TLV,"רבעון 3, 2025",נתיבי איילון / CRG הנדסה, ,180588.074,663816.73
1122,1122.000000,תל אביב,תל אביב,0.000000, ,26133.000000,180618.983700,663933.508400,קיים,אלון יגאל רח 1334,יגאל אלון,רח 1334, , , ,לא,לא,לא,לא,לא,לא,לא, ,כן,לא,לא, ,TLV,"רבעון 3, 2025",נתיבי איילון / CRG הנדסה, ,180618.984,663933.508
1123,1123.000000,תל אביב,תל אביב,0.000000, ,26134.000000,180654.576900,664078.212600,קיים,אלון יגאל רח 1333,יגאל אלון,רח 1333, , , ,לא,לא,לא,לא,לא,לא,לא, ,כן,לא,לא, ,TLV,"רבעון 3, 2025",נתיבי איילון / CRG הנדסה, ,180654.577,664078.213
1124,1124.000000,תל אביב,תל אביב,0.000000, ,26135.000000,180686.348400,664193.884600,קיים,אלון יגאל תובל,יגאל אלון,תובל, , , ,לא,לא,לא,לא,לא,לא,לא, ,לא,כן,לא, ,TLV,"רבעון 3, 2025",נתיבי איילון / CRG הנדסה, ,180686.348,664193.885
1125,1125.000000,תל אביב,תל אביב,0.000000, ,26136.000000,180205.279100,663583.224100,קיים,יצחק שדה טברסקי,יצחק שדה,טברסקי, , , ,לא,כן,לא,לא,לא,לא,לא, ,כן,לא,לא, ,TLV,"רבעון 3, 2025",נתיבי איילון / CRG הנדסה, ,180205.279,663583.224
1126,1126.000000,תל אביב,תל אביב,0.000000, ,26137.000000,180040.539500,663620.268100,קיים,יצחק שדה שונצינו,יצחק שדה,שונצינו, , , ,לא,לא,לא,לא,לא,לא,לא, ,כן,לא,לא, ,TLV,"רבעון 3, 2025",נתיבי איילון / CRG הנדסה,TL22,180040.539,663620.268
1127,1127.000000,תל אביב,תל אביב,0.000000, ,26138.000000,179968.590600,663636.724900,קיים,יצחק שדה המסגר,יצחק שדה,המסגר, , , ,כן,לא,לא,לא,לא,לא,לא, ,כן,לא,לא, ,TLV,"רבעון 3, 2025",נתיבי איילון / CRG הנדסה, ,179968.591,663636.725
1128,1128.000000,תל אביב,תל אביב,0.000000, ,26139.000000,179755.583700,663731.734600,קיים,יצחק שדה דרך בגין,יצחק שדה,דרך מנחם בגין, , , ,לא,לא,לא,לא,לא,לא,לא, ,כן,לא,לא, ,TLV,"רבעון 3, 2025",נתיבי איילון / CRG הנדסה, ,179755.584,663731.735
1129,1129.000000,תל אביב,תל אביב,0.000000, ,26140.000000,179813.950100,663788.588100,קיים,דרך בגין המלאכה,דרך מנחם בגין,המלאכה, , , ,לא,לא,לא,לא,לא,לא,לא, ,כן,לא,לא, ,TLV,"רבעון 3, 2025",נתיבי איילון / CRG הנדסה, ,179813.95,663788.588
1130,1130.000000,תל אביב,תל אביב,0.000000, ,26141.000000,179885.588200,663858.563400,קיים,דרך בגין התעשיה,דרך מנחם בגין,התעשיה, , , ,לא,לא,לא,לא,לא,לא,לא, ,כן,לא,לא, ,TLV,"רבעון 3, 2025",נתיבי איילון / CRG הנדסה, ,179885.588,663858.563
1131,1131.000000,תל אביב,תל אביב,0.000000, ,26142.000000,180088.310700,664070.592600,קיים,דרך בגין המסגר,דרך מנחם בגין,המסגר,החשמונאים, , ,כן,לא,לא,לא,לא,לא,לא, ,כן,לא,לא, ,TLV,"רבעון 3, 2025",נתיבי איילון / CRG הנדסה, ,180088.311,664070.593
1132,1132.000000,תל אביב,תל אביב,0.000000, ,26143.000000,179792.064400,663050.977100,קיים,המסגר מיקוניס שמואל,המסגר,שמואל מיקוניס, , , ,כן,לא,לא,לא,לא,לא,לא, ,לא,לא,לא, ,TLV,"רבעון 3, 2025",נתיבי איילון / CRG הנדסה, ,179792.064,663050.977
1133,1133.000000,תל אביב,תל אביב,0.000000, ,26144.000000,179822.537300,663228.259200,קיים,המסגר יד חרוצים,המסגר,יד חרוצים, , , ,כן,לא,לא,לא,לא,לא,לא, ,לא,לא,לא, ,TLV,"רבעון 3, 2025",נתיבי איילון / CRG הנדסה, ,179822.537,663228.259
1134,1134.000000,תל אביב,תל אביב,0.000000, ,26145.000000,179839.425100,663302.595700,קיים,המסגר ריב"ל,המסגר,ריב"ל, , , ,כן,לא,לא,לא,לא,לא,לא, ,לא,לא,לא, ,TLV,"רבעון 3, 2025",נתיבי איילון / CRG הנדסה, ,179839.425,663302.596
1135,1135.000000,תל אביב,תל אביב,0.000000, ,26146.000000,179871.695600,663400.410500,קיים,המסגר הרכב,המסגר,הרכב, , , ,כן,לא,לא,לא,לא,לא,לא, ,לא,לא,לא, ,TLV,"רבעון 3, 2025",נתיבי איילון / CRG הנדסה, ,179871.696,663400.411
1136,1136.000000,תל אביב,תל אביב,0.000000, ,26147.000000,180006.430700,663763.923000,קיים,המסגר המלאכה,המסגר,המלאכה, , , ,כן,לא,לא,לא,לא,לא,לא, ,לא,לא,לא, ,TLV,"רבעון 3, 2025",נתיבי איילון / CRG הנדסה, ,180006.431,663763.923
1137,1137.000000,תל אביב,תל אביב,0.000000, ,26148.000000,180039.874100,663879.492900,קיים,המסגר בן אביגדור,המסגר,בן אביגדור, , , ,כן,לא,לא,לא,לא,לא,לא, ,לא,לא,לא, ,TLV,"רבעון 3, 2025",נתיבי איילון / CRG הנדסה, ,180039.874,663879.493
1138,1138.000000,תל אביב,תל אביב,0.000000, ,26149.000000,180195.868500,664195.237300,קיים,דרך בגין שדרות יהודית,דרך מנחם בגין,שדרות יהודית, , , ,כן,לא,לא,לא,לא,לא,לא, ,כן,לא,לא, ,TLV,"רבעון 3, 2025",נתיבי איילון / CRG הנדסה, ,180195.868,664195.237
1139,1139.000000,תל אביב,תל אביב,0.000000, ,26150.000000,180244.503200,664254.618900,קיים,דרך בגין קארו יוסף,דרך מנחם בגין,יוסף קארו, , , ,כן,לא,לא,לא,לא,לא,לא, ,כן,לא,לא, ,TLV,"רבעון 3, 2025",נתיבי איילון / CRG הנדסה, ,180244.503,664254.619
1140,1140.000000,תל אביב,תל אביב,0.000000, ,26151.000000,180308.039800,664340.576200,קיים,דרך בגין איסרליש,דרך מנחם בגין,איסרליש, , , ,כן,לא,לא,לא,לא,לא,לא, ,כן,לא,לא, ,TLV,"רבעון 3, 2025",נתיבי איילון / CRG הנדסה, ,180308.04,664340.576
1141,1141.000000,תל אביב,תל אביב,0.000000, ,26152.000000,179744.814100,662872.700900,קיים,החרש,החרש, , , , ,לא,לא,לא,לא,לא,לא,לא, ,לא,כן,לא, ,TLV,"רבעון 3, 2025",נתיבי איילון / CRG הנדסה, ,179744.814,662872.701
1142,1142.000000,תל אביב,תל אביב,0.000000, ,26153.000000,179413.313700,663278.259000,קיים,הרכבת סלומון,הרכבת,סלומון,אלישברג, , ,לא,לא,לא,לא,לא,לא,לא, ,כן,לא,לא, ,TLV,"רבעון 3, 2025",נתיבי איילון / CRG הנדסה, ,179413.314,663278.259
1143,1143.000000,תל אביב,נת"ע,0.000000, ,26154.000000,179296.103500,663393.088200,קיים,דרך בגין הרכבת,דרך מנחם בגין,הרכבת, , , ,לא,לא,לא,לא,לא,לא,לא, ,כן,לא,לא, ,TLV,"רבעון 3, 2025",נתיבי איילון / CRG הנדסה, ,179296.104,663393.088
1144,1144.000000,תל אביב,נת"ע,0.000000, ,26155.000000,179209.055200,663337.523800,קיים,דרך בגין מקוה ישראל,דרך מנחם בגין,מקוה ישראל, , , ,כן,לא,לא,לא,כן,לא,לא, ,לא,לא,לא, ,TLV,"רבעון 3, 2025",נתיבי איילון / CRG הנדסה, ,179209.055,663337.524
1145,1145.000000,תל אביב,תל אביב,0.000000, ,26156.000000,178450.652500,663214.340800,קיים,הרצל יהודה לוי,הרצל,יהודה הלוי, , , ,לא,לא,לא,לא,לא,לא,לא, ,לא,כן,לא, ,TLV,"רבעון 3, 2025",נתיבי איילון / CRG הנדסה, ,178450.652,663214.341
1146,1146.000000,תל אביב,תל אביב,0.000000, ,26157.000000,178437.042600,663286.270700,קיים,הרצל לילנבלום,הרצל,לילנבלום, , , ,לא,לא,לא,לא,לא,לא,לא, ,לא,כן,לא, ,TLV,"רבעון 3, 2025",נתיבי איילון / CRG הנדסה, ,178437.043,663286.271
1147,1147.000000,תל אביב,תל אביב,0.000000, ,26158.000000,178423.832700,663358.580500,קיים,שדרות רוטשילד הרצל,הרצל,שדרות רוטשילד, , , ,לא,לא,לא,לא,לא,לא,לא, ,לא,כן,לא, ,TLV,"רבעון 3, 2025",נתיבי איילון / CRG הנדסה, ,178423.833,663358.581
1148,1148.000000,תל אביב,תל אביב,0.000000, ,26159.000000,178407.442900,663449.340300,קיים,הרצל אחד העם,הרצל,אחד העם, , , ,כן,לא,לא,לא,לא,לא,לא, ,לא,לא,לא, ,TLV,"רבעון 3, 2025",נתיבי איילון / CRG הנדסה, ,178407.443,663449.34
1149,1149.000000,תל אביב,תל אביב,0.000000, ,26160.000000,178652.942100,663212.080600,קיים,נחלת בנימין רח 3817,נחלת בנימין,רח 3817, , , ,לא,לא,לא,לא,לא,לא,לא, ,לא,כן,לא, ,TLV,"רבעון 3, 2025",נתיבי איילון / CRG הנדסה, ,178652.942,663212.081
1150,1150.000000,תל אביב,תל אביב,0.000000, ,26161.000000,178644.088300,663239.271900,קיים,נחלת בנימין יהודה הלוי,יהודה הלוי,נחלת בנימין, , , ,לא,לא,לא,לא,לא,לא,לא, ,לא,כן,לא, ,TLV,"רבעון 3, 2025",נתיבי איילון / CRG הנדסה, ,178644.088,663239.272
1151,1151.000000,תל אביב,נת"ע,0.000000, ,26162.000000,178753.068600,663261.586600,קיים,יהודה הלוי אלנבי,יהודה הלוי,אלנבי, , , ,כן,לא,לא,לא,לא,כן,לא, ,לא,לא,לא, ,TLV,"רבעון 3, 2025",נתיבי איילון / CRG הנדסה, ,178753.069,663261.587
1152,1152.000000,תל אביב,תל אביב,0.000000, ,26163.000000,178902.441600,663313.270100,קיים,מקווה ישראל ברזילי,מקווה ישראל,ברזילי, , , ,לא,לא,לא,לא,לא,לא,לא, ,לא,כן,לא, ,TLV,"רבעון 3, 2025",נתיבי איילון / CRG הנדסה, ,178902.442,663313.27
1153,1153.000000,תל אביב,תל אביב,0.000000, ,26164.000000,179037.098200,663352.198200,קיים,מקוה ישראל לבונטין,מקווה ישראל,לבונטין, , , ,לא,לא,לא,לא,לא,לא,לא, ,לא,כן,לא, ,TLV,"רבעון 3, 2025",נתיבי איילון / CRG הנדסה, ,179037.098,663352.198
1154,1154.000000,תל אביב,תל אביב,0.000000, ,26165.000000,178590.562600,663391.730900,קיים,שדרות רוטשילד נחלת בנימין,שדרות רוטשילד,נחלת בנימין, , , ,לא,לא,לא,לא,לא,לא,לא, ,לא,כן,לא, ,TLV,"רבעון 3, 2025",נתיבי איילון / CRG הנדסה, ,178590.563,663391.731
1155,1155.000000,תל אביב,תל אביב,0.000000, ,26166.000000,178562.439000,663469.282300,קיים,נחלת בנימין אחד העם,נחלת בנימין,אחד העם, , , ,כן,לא,לא,לא,לא,לא,לא, ,לא,לא,לא, ,TLV,"רבעון 3, 2025",נתיבי איילון / CRG הנדסה, ,178562.439,663469.282
1156,1156.000000,תל אביב,תל אביב,0.000000, ,26167.000000,178519.442800,663595.269900,קיים,נחלת בנימין מונטיפיורי,נחלת בנימין,מונטיפיורי, , , ,לא,לא,לא,לא,לא,לא,לא, ,לא,כן,לא, ,TLV,"רבעון 3, 2025",נתיבי איילון / CRG הנדסה, ,178519.443,663595.27
1157,1157.000000,תל אביב,נת"ע,0.000000, ,26168.000000,178736.152000,663335.080200,קיים,אלנבי לילינבלום,אלנבי,לילינבלום, , , ,כן,לא,לא,לא,לא,כן,לא, ,לא,לא,לא, ,TLV,"רבעון 3, 2025",נתיבי איילון / CRG הנדסה, ,178736.152,663335.08
1158,1158.000000,תל אביב,נת"ע,0.000000, ,26169.000000,178709.404100,663433.167000,קיים,אלנבי שדרות רוטשילד,אלנבי,שדרות רוטשילד, , , ,כן,לא,לא,לא,לא,כן,לא, ,לא,לא,לא, ,TLV,"רבעון 3, 2025",נתיבי איילון / CRG הנדסה, ,178709.404,663433.167
1159,1159.000000,תל אביב,נת"ע,0.000000, ,26170.000000,178680.042300,663514.579900,קיים,אלנבי אחד העם,אלנבי,אחד העם, , , ,כן,לא,לא,לא,לא,כן,לא, ,לא,לא,לא, ,TLV,"רבעון 3, 2025",נתיבי איילון / CRG הנדסה, ,178680.042,663514.58
1160,1160.000000,תל אביב,נת"ע,0.000000, ,26171.000000,178632.332600,663638.269700,קיים,אלנבי מונטיפיורי,אלנבי,מונטיפיורי, , , ,כן,לא,לא,לא,לא,כן,לא, ,לא,לא,לא, ,TLV,"רבעון 3, 2025",נתיבי איילון / CRG הנדסה, ,178632.333,663638.27
1161,1161.000000,תל אביב,תל אביב,0.000000, ,26172.000000,178784.861900,663460.563400,קיים,יבנה שדרות רוטשילד,שדרות רוטשילד,יבנה, , , ,לא,לא,לא,לא,לא,לא,לא, ,לא,כן,לא, ,TLV,"רבעון 3, 2025",נתיבי איילון / CRG הנדסה, ,178784.862,663460.563
1162,1162.000000,תל אביב,תל אביב,0.000000, ,26173.000000,178755.442200,663544.839700,קיים,יבנה אחד העם,יבנה,אחד העם, , , ,לא,לא,לא,לא,לא,לא,לא, ,לא,כן,לא, ,TLV,"רבעון 3, 2025",נתיבי איילון / CRG הנדסה, ,178755.442,663544.84
1163,1163.000000,תל אביב,תל אביב,0.000000, ,26174.000000,178717.042400,663662.339500,קיים,יבנה מונטיפיורי,יבנה,מונטיפיורי, , , ,לא,לא,לא,לא,לא,לא,לא, ,לא,כן,לא, ,TLV,"רבעון 3, 2025",נתיבי איילון / CRG הנדסה, ,178717.042,663662.34
1164,1164.000000,תל אביב,תל אביב,0.000000, ,26175.000000,179039.902400,663424.500800,קיים,הרכבת לבונטיין,הרכבת,לבונטין, , , ,לא,לא,לא,לא,לא,לא,לא, ,לא,כן,לא, ,TLV,"רבעון 3, 2025",נתיבי איילון / CRG הנדסה, ,179039.902,663424.501
1165,1165.000000,תל אביב,תל אביב,0.000000, ,26176.000000,178988.741600,663441.269700,קיים,יהודה הלוי יפה בצלאל,יהודה הלוי,יפה בצלאל,הרכבת, , ,לא,לא,לא,לא,לא,לא,לא, ,לא,כן,לא, ,TLV,"רבעון 3, 2025",נתיבי איילון / CRG הנדסה, ,178988.742,663441.27
1166,1166.000000,תל אביב,תל אביב,0.000000, ,26177.000000,178953.950000,663521.820600,קיים,שדרות רוטשילד יפה בצלאל,שדרות רוטשילד,יפה בצלאל, , , ,לא,לא,לא,לא,לא,לא,לא, ,לא,כן,לא, ,TLV,"רבעון 3, 2025",נתיבי איילון / CRG הנדסה, ,178953.95,663521.821
1167,1167.000000,תל אביב,תל אביב,0.000000, ,26178.000000,179173.741400,663616.269100,קיים,יהודה הלוי נחמני,יהודה הלוי,נחמני, , , ,לא,לא,לא,לא,לא,לא,לא, ,לא,כן,לא, ,TLV,"רבעון 3, 2025",נתיבי איילון / CRG הנדסה, ,179173.741,663616.269
1168,1168.000000,תל אביב,תל אביב,0.000000, ,26179.000000,179068.318700,663642.396100,קיים,שדרות רוטשילד נחמני,שדרות רוטשילד,נחמני, , , ,לא,לא,לא,לא,לא,לא,לא, ,לא,כן,לא, ,TLV,"רבעון 3, 2025",נתיבי איילון / CRG הנדסה, ,179068.319,663642.396
1169,1169.000000,תל אביב,תל אביב,0.000000, ,26180.000000,178985.063200,663670.412700,קיים,אחד העם נחמני,נחמני,אחד העם, , , ,לא,לא,לא,לא,לא,לא,לא, ,לא,כן,לא, ,TLV,"רבעון 3, 2025",נתיבי איילון / CRG הנדסה, ,178985.063,663670.413
1170,1170.000000,תל אביב,תל אביב,0.000000, ,26181.000000,179230.041300,663677.338900,קיים,יהודה הלוי מזא"ה,יהודה הלוי,מזא"ה,גולדברג, , ,לא,לא,לא,לא,לא,לא,לא, ,לא,כן,לא, ,TLV,"רבעון 3, 2025",נתיבי איילון / CRG הנדסה, ,179230.041,663677.339
1171,1171.000000,תל אביב,תל אביב,0.000000, ,26182.000000,179115.741600,663702.269000,קיים,שדרות רוטשילד מזא"ה,שדרות רוטשילד,מזא"ה, , , ,לא,לא,לא,לא,לא,לא,לא, ,לא,כן,לא, ,TLV,"רבעון 3, 2025",נתיבי איילון / CRG הנדסה, ,179115.742,663702.269
1172,1172.000000,תל אביב,תל אביב,0.000000, ,26183.000000,179142.733700,663779.391200,קיים,שדרות רוטשילד בלפור,שדרות רוטשילד,בלפור, , , ,לא,לא,לא,לא,לא,לא,לא, ,לא,כן,לא, ,TLV,"רבעון 3, 2025",נתיבי איילון / CRG הנדסה, ,179142.734,663779.391
1173,1173.000000,תל אביב,תל אביב,0.000000, ,26184.000000,179366.529700,663903.322900,קיים,שיינקין לינקולן,שיינקין,לינקולן,יהודה הלוי, , ,לא,לא,לא,לא,לא,לא,לא, ,לא,כן,לא, ,TLV,"רבעון 3, 2025",נתיבי איילון / CRG הנדסה, ,179366.53,663903.323
1174,1174.000000,תל אביב,תל אביב,0.000000, ,26185.000000,179187.158600,663953.060900,קיים,שיינקין רוטשילד,שדרות רוטשילד,שיינקין, , , ,לא,לא,לא,לא,לא,לא,לא, ,לא,כן,לא, ,TLV,"רבעון 3, 2025",נתיבי איילון / CRG הנדסה, ,179187.159,663953.061
1175,1175.000000,תל אביב,תל אביב,0.000000, ,26186.000000,179947.678300,664080.792300,קיים,החשמונאים ארניה אסוולדו,החשמונאים,ארניה אסוולדו, , , ,כן,לא,לא,לא,לא,לא,לא, ,לא,לא,לא, ,TLV,"רבעון 3, 2025",נתיבי איילון / CRG הנדסה, ,179947.678,664080.792
1176,1176.000000,תל אביב,תל אביב,0.000000, ,26187.000000,179953.793500,664189.904500,קיים,מקלף מרדכי ארניה אסוולדו,מדרכי מקלף,ארניה אסוולדו,הארבעה, , ,לא,לא,לא,לא,לא,לא,לא, ,לא,כן,לא, ,TLV,"רבעון 3, 2025",נתיבי איילון / CRG הנדסה, ,179953.794,664189.905
1177,1177.000000,תל אביב,תל אביב,0.000000, ,26188.000000,179640.841300,664102.758100,קיים,החשמונאים קרליבך,החשמונאים,קרליבך, , , ,כן,לא,לא,לא,לא,לא,לא, ,לא,לא,לא, ,TLV,"רבעון 3, 2025",נתיבי איילון / CRG הנדסה, ,179640.841,664102.758
1178,1178.000000,תל אביב,תל אביב,0.000000, ,26189.000000,179481.429600,664138.740700,קיים,החשמונאים יהודה הלוי,יהודה הלוי,החשמונאים, , , ,לא,לא,לא,לא,לא,לא,לא, ,לא,כן,לא, ,TLV,"רבעון 3, 2025",נתיבי איילון / CRG הנדסה, ,179481.43,664138.741
1179,1179.000000,תל אביב,תל אביב,0.000000, ,26190.000000,179551.494800,664265.171300,קיים,יהודה הלוי קרליבך,יהודה הלוי,קרליבך,אבן גבירול,מרמורק,חיים לסקוב,כן,לא,לא,לא,לא,לא,לא, ,לא,לא,לא, ,TLV,"רבעון 3, 2025",נתיבי איילון / CRG הנדסה, ,179551.495,664265.171
1180,1180.000000,תל אביב,תל אביב,0.000000, ,26191.000000,179270.741900,664204.767700,קיים,שדרות רוטשילד החשמונאים,שדרות רוטשילד,החשמונאים, , , ,לא,לא,לא,לא,לא,לא,לא, ,לא,כן,לא, ,TLV,"רבעון 3, 2025",נתיבי איילון / CRG הנדסה, ,179270.742,664204.768
1181,1181.000000,תל אביב,תל אביב,0.000000, ,26192.000000,179297.071600,664383.863600,קיים,שדרות רוטשילד מרמורק,שדרות רוטשילד,מרמורק,שדרות בן ציון, , ,לא,לא,לא,לא,לא,לא,לא, ,לא,כן,לא, ,TLV,"רבעון 3, 2025",נתיבי איילון / CRG הנדסה, ,179297.072,664383.864
1182,1182.000000,תל אביב,תל אביב,0.000000, ,26193.000000,179232.446000,664415.995900,קיים,שדרות בן ציון אחד העם,שדרות בן ציון,אחד העם,שדרות תרס"ט, , ,לא,לא,לא,לא,לא,לא,לא, ,לא,כן,לא, ,TLV,"רבעון 3, 2025",נתיבי איילון / CRG הנדסה, ,179232.446,664415.996
1183,1183.000000,תל אביב,תל אביב,0.000000, ,26194.000000,179110.651900,663973.268400,קיים,שיינקין אחד העם,שיינקין,אחד העם, , , ,לא,לא,לא,לא,לא,לא,לא, ,לא,כן,לא, ,TLV,"רבעון 3, 2025",נתיבי איילון / CRG הנדסה, ,179110.652,663973.268
1184,1184.000000,תל אביב,תל אביב,0.000000, ,26195.000000,178392.443000,663570.460100,קיים,מונטיפיורי קלישר,מונטיפיורי,קלישר, , , ,לא,לא,לא,לא,לא,לא,לא, ,לא,כן,לא, ,TLV,"רבעון 3, 2025",נתיבי איילון / CRG הנדסה, ,178392.443,663570.46
1185,1185.000000,תל אביב,תל אביב,0.000000, ,26196.000000,178248.243400,663649.650100,קיים,מוהליבר יעב"ץ,מוהליבר,יעב"ץ, , , ,לא,לא,לא,לא,לא,לא,לא, ,לא,כן,לא, ,TLV,"רבעון 3, 2025",נתיבי איילון / CRG הנדסה, ,178248.243,663649.65
1186,1186.000000,תל אביב,תל אביב,0.000000, ,26197.000000,178447.243200,663780.079600,קיים,נחלת בינימין רבינוביץ שפ"ר,נחלת בנימין,רבינוביץ שפ"ר,גרוזנברג, , ,לא,לא,לא,לא,לא,לא,לא, ,לא,כן,לא, ,TLV,"רבעון 3, 2025",נתיבי איילון / CRG הנדסה, ,178447.243,663780.08
1187,1187.000000,תל אביב,תל אביב,0.000000, ,26198.000000,178309.254400,663605.103500,קיים,השחר גרוזנברג,גרוזנברג,השחר,יעב"ץ, , ,לא,לא,לא,לא,לא,לא,לא, ,לא,כן,לא, ,TLV,"רבעון 3, 2025",נתיבי איילון / CRG הנדסה, ,178309.254,663605.104
1188,1188.000000,תל אביב,תל אביב,0.000000, ,26199.000000,178357.399600,663672.375000,קיים,גרוזנברג קלישר,גרוזנברג,קלישר, , , ,לא,לא,לא,לא,לא,לא,לא, ,לא,כן,לא, ,TLV,"רבעון 3, 2025",נתיבי איילון / CRG הנדסה, ,178357.4,663672.375
1189,1189.000000,תל אביב,נת"ע,0.000000, ,26200.000000,178563.833000,663824.079400,קיים,אלנבי גזרוזנברג,אלנבי,גרוזנברג,מזא"ה, , ,כן,לא,לא,לא,לא,כן,לא, ,לא,לא,לא, ,TLV,"רבעון 3, 2025",נתיבי איילון / CRG הנדסה, ,178563.833,663824.079
1190,1190.000000,תל אביב,נת"ע,0.000000, ,26201.000000,178540.838700,663886.190400,קיים,אלנבי רמב"ם,אלנבי,רמב"ם, , , ,כן,לא,לא,לא,לא,כן,לא, ,לא,לא,לא, ,TLV,"רבעון 3, 2025",נתיבי איילון / CRG הנדסה, ,178540.839,663886.19
1191,1191.000000,תל אביב,נת"ע,0.000000, ,26202.000000,178510.743200,663981.269100,קיים,אלנבי בלפור,אלנבי,בלפור, , , ,כן,לא,לא,לא,לא,כן,לא, ,לא,לא,לא, ,TLV,"רבעון 3, 2025",נתיבי איילון / CRG הנדסה, ,178510.743,663981.269
1192,1192.000000,תל אביב,נת"ע,0.000000, ,26203.000000,178492.243400,664072.648900,קיים,אלנבי ברנר,אלנבי,ברנר, , , ,לא,לא,לא,לא,לא,כן,לא, ,לא,לא,לא, ,TLV,"רבעון 3, 2025",נתיבי איילון / CRG הנדסה, ,178492.243,664072.649
1193,1193.000000,תל אביב,נת"ע,0.000000, ,26204.000000,178473.743500,664141.078800,קיים,אלנבי המלך ג'ורג,אלנבי,המלך ג'ורג',שיינקין,הכרמל, ,כן,לא,לא,לא,לא,כן,לא, ,לא,לא,לא, ,TLV,"רבעון 3, 2025",נתיבי איילון / CRG הנדסה, ,178473.743,664141.079
1194,1194.000000,תל אביב,תל אביב,0.000000, ,26205.000000,178550.497800,664196.519800,קיים,המלך ג'ורג מרכז בעלי מלאכה,המלך ג'ורג',מרכז בעלי המלאכה, , , ,כן,לא,לא,לא,לא,לא,לא, ,לא,לא,לא, ,TLV,"רבעון 3, 2025",נתיבי איילון / CRG הנדסה, ,178550.498,664196.52
1195,1195.000000,תל אביב,נת"ע,0.000000, ,26206.000000,178430.743700,664239.078600,קיים,אלנבי טשרניחובסקי,אלנבי,טשרניחובסקי, , , ,כן,לא,לא,לא,לא,כן,לא, ,לא,לא,לא, ,TLV,"רבעון 3, 2025",נתיבי איילון / CRG הנדסה, ,178430.744,664239.079
1196,1196.000000,תל אביב,נת"ע,0.000000, ,26207.000000,178377.044000,664350.338400,קיים,אלנבי הס משה,אלנבי,משה הס, , , ,כן,לא,לא,לא,לא,כן,לא, ,לא,לא,לא, ,TLV,"רבעון 3, 2025",נתיבי איילון / CRG הנדסה, ,178377.044,664350.338
1197,1197.000000,תל אביב,נת"ע,0.000000, ,26208.000000,178313.154200,664453.268300,קיים,אלנבי פינסקר,אלנבי,פינסקר, , , ,כן,לא,לא,לא,לא,כן,לא, ,לא,לא,לא, ,TLV,"רבעון 3, 2025",נתיבי איילון / CRG הנדסה, ,178313.154,664453.268
1198,1198.000000,תל אביב,תל אביב,0.000000, ,26209.000000,178276.334300,664467.268300,קיים,אלנבי בן יהודה,אלנבי,בן יהודה, , , ,כן,לא,לא,לא,לא,לא,לא, ,לא,לא,לא, ,TLV,"רבעון 3, 2025",נתיבי איילון / CRG הנדסה, ,178276.334,664467.268
1199,1199.000000,תל אביב,תל אביב,0.000000, ,26210.000000,178227.334400,664483.458300,קיים,אלנבי הכובשים,אלנבי,הכובשים, , , ,כן,לא,לא,לא,לא,לא,לא, ,לא,לא,לא, ,TLV,"רבעון 3, 2025",נתיבי איילון / CRG הנדסה, ,178227.334,664483.458
1200,1200.000000,תל אביב,תל אביב,0.000000, ,26211.000000,178065.244900,664537.578400,קיים,אלנבי הירקון,אלנבי,הירקון, , , ,לא,לא,לא,לא,לא,לא,לא, ,לא,כן,לא, ,TLV,"רבעון 3, 2025",נתיבי איילון / CRG הנדסה, ,178065.245,664537.578
1201,1201.000000,תל אביב,תל אביב,0.000000, ,26212.000000,177958.660700,664571.819100,קיים,אלנבי רציף הרברט סמואל,אלנבי,רציף הרברט סמואל, , , ,לא,לא,לא,לא,לא,לא,לא, ,לא,כן,לא, ,TLV,"רבעון 3, 2025",נתיבי איילון / CRG הנדסה, ,177958.661,664571.819
1202,1202.000000,תל אביב,תל אביב,0.000000, ,26213.000000,177838.044600,663867.340100,קיים,הירקון חנניה,הירקון,חנניה, , , ,כן,לא,לא,לא,לא,לא,לא, ,לא,לא,לא, ,TLV,"רבעון 3, 2025",נתיבי איילון / CRG הנדסה, ,177838.045,663867.34
1203,1203.000000,תל אביב,תל אביב,0.000000, ,26214.000000,177855.444600,663914.270000,קיים,הירקון כרמלית,הירקון,כרמלית, , , ,לא,לא,לא,לא,לא,לא,לא, ,לא,כן,לא, ,TLV,"רבעון 3, 2025",נתיבי איילון / CRG הנדסה, ,177855.445,663914.27
1204,1204.000000,תל אביב,תל אביב,0.000000, ,26215.000000,177882.334600,663996.959800,קיים,הירקון דניאל,הירקון,דניאל, , , ,לא,לא,לא,לא,לא,לא,לא, ,לא,כן,לא, ,TLV,"רבעון 3, 2025",נתיבי איילון / CRG הנדסה, ,177882.335,663996.96
1205,1205.000000,תל אביב,תל אביב,0.000000, ,26216.000000,177794.406000,664038.078000,קיים,רציף הרברט סמואל דניאל,רציף הרברט סמואל,דניאל, , , ,כן,לא,לא,לא,לא,לא,לא, ,לא,לא,לא, ,TLV,"רבעון 3, 2025",נתיבי איילון / CRG הנדסה, ,177794.406,664038.078
1206,1206.000000,תל אביב,תל אביב,0.000000, ,26217.000000,177908.444700,664078.149600,קיים,הירקון נחמיה,הירקון,נחמיה, , , ,לא,לא,לא,לא,לא,לא,לא, ,לא,כן,לא, ,TLV,"רבעון 3, 2025",נתיבי איילון / CRG הנדסה, ,177908.445,664078.15
1207,1207.000000,תל אביב,תל אביב,0.000000, ,26218.000000,177866.614400,664243.755500,קיים,רציף הרברט סמואל זרובבל,רציף הרברט סמואל,זרובבל, , , ,כן,לא,לא,לא,לא,לא,לא, ,לא,לא,לא, ,TLV,"רבעון 3, 2025",נתיבי איילון / CRG הנדסה, ,177866.614,664243.756
1208,1208.000000,תל אביב,תל אביב,0.000000, ,26219.000000,177992.834800,664331.268900,קיים,הירקון הרב קוק,הירקון,הרב קוק, , , ,לא,לא,לא,לא,לא,לא,לא, ,לא,כן,לא, ,TLV,"רבעון 3, 2025",נתיבי איילון / CRG הנדסה, ,177992.835,664331.269
1209,1209.000000,תל אביב,תל אביב,0.000000, ,26220.000000,178018.654800,664401.078800,קיים,הירקון גאולה,הירקון,גאולה, , , ,לא,לא,לא,לא,לא,לא,לא, ,לא,כן,לא, ,TLV,"רבעון 3, 2025",נתיבי איילון / CRG הנדסה, ,178018.655,664401.079
1210,1210.000000,תל אביב,תל אביב,0.000000, ,26221.000000,178041.444800,664466.648600,קיים,הירקון יונה הנביא,הירקון,יונה הנביא, , , ,לא,לא,לא,לא,לא,לא,לא, ,לא,כן,לא, ,TLV,"רבעון 3, 2025",נתיבי איילון / CRG הנדסה, ,178041.445,664466.649
1211,1211.000000,תל אביב,תל אביב,0.000000, ,26222.000000,178151.944400,664277.078900,קיים,הכובשים הרב קוק,הכובשים,הרב קוק, , , ,לא,לא,לא,לא,לא,לא,לא, ,לא,כן,לא, ,TLV,"רבעון 3, 2025",נתיבי איילון / CRG הנדסה, ,178151.944,664277.079
1212,1212.000000,תל אביב,תל אביב,0.000000, ,26223.000000,178179.944400,664348.078700,קיים,הכובשים גאולה,הכובשים,גאולה, , , ,לא,לא,לא,לא,לא,לא,לא, ,לא,כן,לא, ,TLV,"רבעון 3, 2025",נתיבי איילון / CRG הנדסה, ,178179.944,664348.079
1213,1213.000000,תל אביב,נת"ע,0.000000, ,26224.000000,178254.444500,664610.458000,קיים,בן יהודה אידלסון אברהם,בן יהודה,אברהם אידלסון, , , ,כן,לא,לא,לא,לא,כן,לא, ,לא,לא,לא, ,TLV,"רבעון 3, 2025",נתיבי איילון / CRG הנדסה, ,178254.445,664610.458
1214,1214.000000,תל אביב,תל אביב,0.000000, ,26225.000000,178091.077100,664616.367500,קיים,הירקון הירדן,הירקון,הירדן, , , ,לא,לא,לא,לא,לא,לא,לא, ,לא,כן,לא, ,TLV,"רבעון 3, 2025",נתיבי איילון / CRG הנדסה, ,178091.077,664616.368
1215,1215.000000,תל אביב,נת"ע,0.000000, ,26226.000000,178246.654700,664758.767700,קיים,בן יהודה טרומפלדור,בן יהודה,טרומפלדור, , , ,כן,לא,לא,לא,לא,כן,לא, ,לא,לא,לא, ,TLV,"רבעון 3, 2025",נתיבי איילון / CRG הנדסה, ,178246.655,664758.768
1216,1216.000000,תל אביב,תל אביב,0.000000, ,26227.000000,178112.745000,664765.767900,קיים,טרומפלדור הירקון,הירקון,טרומפלדור, , , ,לא,לא,לא,לא,לא,לא,לא, ,לא,כן,לא, ,TLV,"רבעון 3, 2025",נתיבי איילון / CRG הנדסה, ,178112.745,664765.768
1217,1217.000000,תל אביב,תל אביב,0.000000, ,26228.000000,178038.066600,664770.873700,קיים,טרומפלדור רציף הרברט סמואל,רציף הרברט סמואל,טרומפלדור, , , ,לא,לא,לא,לא,לא,לא,לא, ,לא,כן,לא, ,TLV,"רבעון 3, 2025",נתיבי איילון / CRG הנדסה, ,178038.067,664770.874
1218,1218.000000,תל אביב,נת"ע,0.000000, ,26229.000000,178252.785000,664840.821400,קיים,בן יהודה שלום עליכם,בן יהודה,שלום עליכם, , , ,כן,לא,לא,לא,לא,כן,לא, ,לא,לא,לא, ,TLV,"רבעון 3, 2025",נתיבי איילון / CRG הנדסה, ,178252.785,664840.821
1219,1219.000000,תל אביב,נת"ע,0.000000, ,26230.000000,178284.654900,665001.837200,קיים,בן יהודה בוגרשוב,בן יהודה,בוגרשוב, , , ,כן,לא,לא,לא,לא,כן,לא, ,לא,לא,לא, ,TLV,"רבעון 3, 2025",נתיבי איילון / CRG הנדסה, ,178284.655,665001.837
1220,1220.000000,תל אביב,תל אביב,0.000000, ,26231.000000,178389.444600,664936.077200,קיים,בוגרשוב שלום עליכם,בוגרשוב,שלום עליכם, , , ,לא,לא,לא,לא,לא,לא,לא, ,לא,כן,לא, ,TLV,"רבעון 3, 2025",נתיבי איילון / CRG הנדסה, ,178389.445,664936.077
1221,1221.000000,תל אביב,תל אביב,0.000000, ,26232.000000,178438.488800,664906.716600,קיים,בוגרשוב חובבי ציון,בוגרשוב,חובבי ציון, , , ,לא,לא,לא,לא,לא,לא,לא, ,לא,כן,לא, ,TLV,"רבעון 3, 2025",נתיבי איילון / CRG הנדסה, ,178438.489,664906.717
1222,1222.000000,תל אביב,תל אביב,0.000000, ,26233.000000,178598.501900,664806.491400,קיים,בוגרשוב פינסקר,בוגרשוב,פינסקר, , , ,לא,לא,לא,לא,לא,לא,לא, ,לא,כן,לא, ,TLV,"רבעון 3, 2025",נתיבי איילון / CRG הנדסה, ,178598.502,664806.491
1223,1223.000000,תל אביב,תל אביב,0.000000, ,26234.000000,178756.228800,664710.707200,קיים,בוגרשוב טשרניחובסקי,בוגרשוב,טשרניחובסקי, , , ,לא,לא,לא,לא,לא,לא,לא, ,לא,כן,לא, ,TLV,"רבעון 3, 2025",נתיבי איילון / CRG הנדסה, ,178756.229,664710.707
1224,1224.000000,תל אביב,תל אביב,0.000000, ,26235.000000,178127.982000,665055.009500,קיים,רציף הרברט סמואל,רציף הרברט סמואל,גן לונדון, , , ,לא,לא,לא,לא,לא,לא,לא, ,לא,כן,לא, ,TLV,"רבעון 3, 2025",נתיבי איילון / CRG הנדסה, ,178127.982,665055.01
1225,1225.000000,תל אביב,תל אביב,0.000000, ,26236.000000,178939.443000,664596.957300,קיים,שדרות בן ציון בוגרשוב,בוגרשוב,שדרות בן ציון,המלך ג'ורג', , ,כן,לא,לא,לא,לא,לא,לא, ,לא,לא,לא, ,TLV,"רבעון 3, 2025",נתיבי איילון / CRG הנדסה, ,178939.443,664596.957
1226,1226.000000,תל אביב,תל אביב,0.000000, ,26237.000000,178718.043200,664336.078100,קיים,המלך ג'ורג רש"י,המלך ג'ורג',רש"י, , , ,כן,לא,לא,לא,לא,לא,לא, ,לא,לא,לא, ,TLV,"רבעון 3, 2025",נתיבי איילון / CRG הנדסה, ,178718.043,664336.078
1227,1227.000000,תל אביב,תל אביב,0.000000, ,26238.000000,179840.182300,664090.535400,קיים,החשמונאים,החשמונאים, , , , ,כן,לא,לא,לא,לא,לא,לא, ,לא,לא,לא, ,TLV,"רבעון 3, 2025",נתיבי איילון / CRG הנדסה, ,179840.182,664090.535
1228,1228.000000,תל אביב,תל אביב,0.000000, ,26239.000000,180136.353300,664520.805100,קיים,קפלן רב אלוף דוד אלעזר,קפלן,רב אלוף דוד אלעזר, , , ,לא,לא,לא,לא,לא,לא,לא, ,לא,כן,לא, ,TLV,"רבעון 3, 2025",נתיבי איילון / CRG הנדסה, ,180136.353,664520.805
1229,1229.000000,תל אביב,תל אביב,0.000000, ,26240.000000,179951.740200,664525.107000,קיים,קפלן ארניה אסוולדו,קפלן,ארניה אסוולדו, , , ,לא,לא,לא,לא,לא,לא,לא, ,לא,כן,לא, ,TLV,"רבעון 3, 2025",נתיבי איילון / CRG הנדסה, ,179951.74,664525.107
1230,1230.000000,תל אביב,תל אביב,0.000000, ,26241.000000,179822.553500,664533.054600,קיים,קפלן דה וינצ'י לאונרדו,קפלן,לאונרדו דה וינצ'י, , , ,לא,לא,לא,לא,לא,לא,לא, ,לא,כן,לא, ,TLV,"רבעון 3, 2025",נתיבי איילון / CRG הנדסה, ,179822.554,664533.055
1231,1231.000000,תל אביב,תל אביב,0.000000, ,26242.000000,179718.238400,664533.031700,קיים,קפלן לסקוב חיים,קפלן,חיים לסקוב, , , ,לא,לא,לא,לא,לא,לא,לא, ,לא,כן,לא, ,TLV,"רבעון 3, 2025",נתיבי איילון / CRG הנדסה, ,179718.238,664533.032
1232,1232.000000,תל אביב,תל אביב,0.000000, ,26243.000000,179543.320400,664539.004400,קיים,קפלן אבן גבירול,אבן גבירול,קפלן,דיזנגוף, , ,כן,לא,לא,לא,לא,לא,לא, ,לא,לא,לא, ,TLV,"רבעון 3, 2025",נתיבי איילון / CRG הנדסה, ,179543.32,664539.004
1233,1233.000000,תל אביב,תל אביב,0.000000, ,26244.000000,179359.822000,664592.483100,קיים,דיזנגוף שדרות ח"ן,דיזנגוף,שדרות ח"ן, , , ,לא,לא,לא,לא,לא,לא,לא, ,לא,כן,לא, ,TLV,"רבעון 3, 2025",נתיבי איילון / CRG הנדסה, ,179359.822,664592.483
1234,1234.000000,תל אביב,תל אביב,0.000000, ,26245.000000,179282.442300,664610.266800,קיים,דיזנגוף שמריהו לוין,זיזנגוף,שמריהו לוין, , , ,לא,לא,לא,לא,לא,לא,לא, ,לא,כן,לא, ,TLV,"רבעון 3, 2025",נתיבי איילון / CRG הנדסה, ,179282.442,664610.267
1235,1235.000000,תל אביב,תל אביב,0.000000, ,26246.000000,179790.419400,664777.305500,קיים,שדרות שאול המלך דה וינצי לא,שדרות שאול המלך,לאונרדו דה וינצ'י, , , ,לא,כן,לא,לא,לא,לא,לא, ,לא,לא,לא, ,TLV,"רבעון 3, 2025",נתיבי איילון / CRG הנדסה, ,179790.419,664777.306
1236,1236.000000,תל אביב,תל אביב,0.000000, ,26247.000000,179701.181800,664770.675100,קיים,שדרות שאול המלך דובנוב,שדרות שאול המלך,דובנוב, , , ,לא,כן,לא,לא,לא,לא,לא, ,לא,לא,לא, ,TLV,"רבעון 3, 2025",נתיבי איילון / CRG הנדסה,TL31,179701.182,664770.675
1237,1237.000000,תל אביב,תל אביב,0.000000, ,26248.000000,179532.964100,664764.819700,קיים,שדרות שאול המלך אבן גבירול,אבן גבירול,שדרות שאול המלך,הנביאים, , ,כן,כן,לא,לא,לא,לא,לא, ,לא,לא,לא, ,TLV,"רבעון 3, 2025",נתיבי איילון / CRG הנדסה,TL32,179532.964,664764.82
1238,1238.000000,תל אביב,תל אביב,0.000000, ,26249.000000,179377.483500,664788.893700,קיים,שדרות ח"ן הנביאים,שדרות ח"ן,הנביאים, , , ,לא,לא,לא,לא,לא,לא,לא, ,לא,כן,לא, ,TLV,"רבעון 3, 2025",נתיבי איילון / CRG הנדסה,TL33,179377.484,664788.894
1239,1239.000000,תל אביב,תל אביב,0.000000, ,26250.000000,179077.793300,664850.613600,קיים,הנביאים שלמה המלך,המלך ג'ורג',הנביאים,שלמה המלך, , ,כן,לא,לא,לא,לא,לא,לא, ,לא,לא,לא, ,TLV,"רבעון 3, 2025",נתיבי איילון / CRG הנדסה, ,179077.793,664850.614
1240,1240.000000,תל אביב,תל אביב,0.000000, ,26251.000000,178987.333000,664689.457000,קיים,דיזנגוף המלך ג'ורג,המלך ג'ורג',דיזנגוף, , , ,כן,לא,לא,לא,לא,לא,לא, ,לא,לא,לא, ,TLV,"רבעון 3, 2025",נתיבי איילון / CRG הנדסה, ,178987.333,664689.457
1241,1241.000000,תל אביב,תל אביב,0.000000, ,26252.000000,178883.653400,664818.646900,קיים,בר גיורא דיזנגוף,דיזנגוף,בר גיורא, , , ,לא,לא,לא,לא,לא,לא,לא, ,לא,כן,לא, ,TLV,"רבעון 3, 2025",נתיבי איילון / CRG הנדסה, ,178883.653,664818.647
1242,1242.000000,תל אביב,תל אביב,0.000000, ,26253.000000,178854.153600,664919.266700,קיים,דיזנגוף בר כוכבא,דיזנגוף,בר כוכבא, , , ,לא,לא,לא,לא,לא,לא,לא, ,לא,כן,לא, ,TLV,"רבעון 3, 2025",נתיבי איילון / CRG הנדסה, ,178854.154,664919.267
1243,1243.000000,תל אביב,תל אביב,0.000000, ,26254.000000,178827.653800,665038.336500,קיים,כיכר דיזינגוף,דיזנגוף,כיכר דיזנגוף, , , ,כן,לא,לא,לא,לא,לא,לא, ,לא,לא,לא, ,TLV,"רבעון 3, 2025",נתיבי איילון / CRG הנדסה, ,178827.654,665038.337
1244,1244.000000,תל אביב,תל אביב,0.000000, ,26255.000000,180031.647700,664186.495700,קיים,מקלף מרדכי,מרדכי מקלף, , , , ,לא,לא,לא,לא,לא,לא,לא, ,לא,כן,לא, ,TLV,"רבעון 3, 2025",נתיבי איילון / CRG הנדסה, ,180031.648,664186.496
1245,1245.000000,תל אביב,תל אביב,0.000000, ,26256.000000,179162.443000,664969.456200,קיים,המלך ג'ורג זמנהוף,המלך ג'ורג',זמנהוף, , , ,כן,לא,לא,לא,לא,לא,לא, ,לא,לא,לא, ,TLV,"רבעון 3, 2025",נתיבי איילון / CRG הנדסה, ,179162.443,664969.456
1246,1246.000000,תל אביב,תל אביב,0.000000, ,26257.000000,179378.354900,665004.785700,קיים,שדרות ח"ן נצח ישראל,שדרות ח"ן,נצח ישראל, , , ,לא,לא,לא,לא,לא,לא,לא, ,לא,כן,לא, ,TLV,"רבעון 3, 2025",נתיבי איילון / CRG הנדסה, ,179378.355,665004.786
1247,1247.000000,תל אביב,תל אביב,0.000000, ,26258.000000,178179.825800,665257.959200,קיים,רציף הרברט סמואל פרישמן,רציף הרברט סמואל,פרישמן, , , ,לא,לא,לא,לא,לא,לא,לא, ,לא,כן,לא, ,TLV,"רבעון 3, 2025",נתיבי איילון / CRG הנדסה, ,178179.826,665257.959
1248,1248.000000,תל אביב,תל אביב,0.000000, ,26259.000000,178266.155200,665258.836600,קיים,פרישמן הירקון,הירקון,פרישמן, , , ,לא,לא,לא,לא,לא,לא,לא, ,לא,כן,לא, ,TLV,"רבעון 3, 2025",נתיבי איילון / CRG הנדסה, ,178266.155,665258.837
1249,1249.000000,תל אביב,נת"ע,0.000000, ,26260.000000,178408.044900,665251.836500,קיים,בן יהודה פרישמן,בן יהודה,פרישמן, , , ,כן,לא,לא,לא,לא,כן,לא, ,לא,לא,לא, ,TLV,"רבעון 3, 2025",נתיבי איילון / CRG הנדסה, ,178408.045,665251.837
1250,1250.000000,תל אביב,נת"ע,0.000000, ,26261.000000,178456.654900,665334.266200,קיים,בן יהודה מאפו,בן יהודה,מאפו, , , ,כן,לא,לא,לא,לא,כן,לא, ,לא,לא,לא, ,TLV,"רבעון 3, 2025",נתיבי איילון / CRG הנדסה, ,178456.655,665334.266
1251,1251.000000,תל אביב,נת"ע,0.000000, ,26262.000000,178360.444900,665170.646700,קיים,בן יהודה מנדלי מוכר ספרים,בן יהודה,מנדלי מוכר הספרים, , , ,כן,לא,לא,לא,לא,כן,לא, ,לא,לא,לא, ,TLV,"רבעון 3, 2025",נתיבי איילון / CRG הנדסה, ,178360.445,665170.647
1252,1252.000000,תל אביב,תל אביב,0.000000, ,26263.000000,178648.497100,665241.762900,קיים,פרישמן הוז דב,פרישמן,דב הוז, , , ,לא,לא,לא,לא,לא,לא,לא, ,לא,כן,לא, ,TLV,"רבעון 3, 2025",נתיבי איילון / CRG הנדסה, ,178648.497,665241.763
1253,1253.000000,תל אביב,תל אביב,0.000000, ,26264.000000,178797.834100,665234.076100,קיים,פרישמן דיזנגוף,דיזנגוף,פרישמן, , , ,כן,לא,לא,לא,לא,לא,לא, ,לא,לא,לא, ,TLV,"רבעון 3, 2025",נתיבי איילון / CRG הנדסה, ,178797.834,665234.076
1254,1254.000000,תל אביב,תל אביב,0.000000, ,26265.000000,178914.943800,665228.645900,קיים,פרישמן ריינס,פרישמן,ריינס, , , ,לא,לא,לא,לא,לא,לא,לא, ,לא,כן,לא, ,TLV,"רבעון 3, 2025",נתיבי איילון / CRG הנדסה, ,178914.944,665228.646
1255,1255.000000,תל אביב,תל אביב,0.000000, ,26266.000000,179098.153400,665219.645800,קיים,פרישמן שלמה המלך,פרישמן,שלמה המלך, , , ,לא,לא,לא,לא,לא,לא,לא, ,לא,כן,לא, ,TLV,"רבעון 3, 2025",נתיבי איילון / CRG הנדסה, ,179098.153,665219.646
1256,1256.000000,תל אביב,תל אביב,0.000000, ,26267.000000,179298.110600,665210.250000,קיים,פרישמן שדרות מסריק,פרישמן,שדרות מסריק, , , ,לא,לא,לא,לא,לא,לא,לא, ,לא,כן,לא, ,TLV,"רבעון 3, 2025",נתיבי איילון / CRG הנדסה, ,179298.111,665210.25
1257,1257.000000,תל אביב,תל אביב,0.000000, ,26268.000000,179375.358800,665206.360700,קיים,שדרות ח"ן פרישמן,שדרות ח"ן,פרישמן,מלכי ישראל, , ,לא,לא,לא,לא,לא,לא,לא, ,לא,כן,לא, ,TLV,"רבעון 3, 2025",נתיבי איילון / CRG הנדסה, ,179375.359,665206.361
1258,1258.000000,תל אביב,תל אביב,0.000000, ,26269.000000,179497.807900,665205.778400,קיים,מלכי ישראל אבן גבירול,אבן גבירול,מלכי ישראל, , , ,כן,לא,לא,לא,לא,לא,לא, ,לא,לא,לא, ,TLV,"רבעון 3, 2025",נתיבי איילון / CRG הנדסה, ,179497.808,665205.778
1259,1259.000000,תל אביב,תל אביב,0.000000, ,26270.000000,179496.985300,665297.356900,קיים,אבן גבירול שדרות דוד המלך,אבן גבירול,שדרות דוד המלך, , , ,כן,לא,לא,לא,לא,לא,לא, ,לא,לא,לא, ,TLV,"רבעון 3, 2025",נתיבי איילון / CRG הנדסה, ,179496.985,665297.357
1260,1260.000000,תל אביב,תל אביב,0.000000, ,26271.000000,179143.704300,665385.166200,קיים,שלמה המלך גורדון " ל,שלמה המלך,י"ל גורדון, , , ,לא,לא,לא,לא,לא,לא,לא, ,לא,כן,לא, ,TLV,"רבעון 3, 2025",נתיבי איילון / CRG הנדסה, ,179143.704,665385.166
1261,1261.000000,תל אביב,תל אביב,0.000000, ,26272.000000,178965.043900,665425.455500,קיים,גורדון י ד ריינס,ריינס,י"ל גורדון, , , ,לא,לא,לא,לא,לא,לא,לא, ,לא,כן,לא, ,TLV,"רבעון 3, 2025",נתיבי איילון / CRG הנדסה, ,178965.044,665425.456
1262,1262.000000,תל אביב,תל אביב,0.000000, ,26273.000000,178793.744300,665462.645600,קיים,גורדון י ל דיזנגוף,דיזנגוף,י"ל גורדון, , , ,כן,לא,לא,לא,לא,לא,לא, ,לא,לא,לא, ,TLV,"רבעון 3, 2025",נתיבי איילון / CRG הנדסה, ,178793.744,665462.646
1263,1263.000000,תל אביב,נת"ע,0.000000, ,26274.000000,178537.537400,665517.664500,קיים,גורדון י ל בן יהודה,בן יהודה,י"ל גורדון, , , ,כן,לא,לא,לא,לא,כן,לא, ,לא,לא,לא, ,TLV,"רבעון 3, 2025",נתיבי איילון / CRG הנדסה, ,178537.537,665517.665
1264,1264.000000,תל אביב,תל אביב,0.000000, ,26275.000000,178321.741200,665572.297100,קיים,הירקון גורדון י ל,הירקון,י"ל גורדון, , , ,לא,לא,לא,לא,לא,לא,לא, ,לא,כן,לא, ,TLV,"רבעון 3, 2025",נתיבי איילון / CRG הנדסה, ,178321.741,665572.297
1265,1265.000000,תל אביב,נת"ע,0.000000, ,26276.000000,178664.786100,665805.058100,קיים,שדרות בן גוריון בן יהודה,בן יהודה,שדרות בן גוריון, , , ,כן,לא,לא,לא,לא,כן,לא, ,לא,לא,לא, ,TLV,"רבעון 3, 2025",נתיבי איילון / CRG הנדסה, ,178664.786,665805.058
1266,1266.000000,תל אביב,תל אביב,0.000000, ,26277.000000,178840.871500,665749.828000,קיים,שדרות בן גוריון דיזנגוף,דיזנגוף,שדרות בן גוריון, , , ,כן,לא,לא,לא,לא,לא,לא, ,לא,לא,לא, ,TLV,"רבעון 3, 2025",נתיבי איילון / CRG הנדסה, ,178840.872,665749.828
1267,1267.000000,תל אביב,תל אביב,0.000000, ,26278.000000,179026.354000,665651.656700,קיים,שדרות בן גוריון ריינס,ריינס,שדרות בן גוריון,אד"ם הכהן, , ,לא,לא,לא,לא,לא,לא,לא, ,לא,כן,לא, ,TLV,"רבעון 3, 2025",נתיבי איילון / CRG הנדסה, ,179026.354,665651.657
1268,1268.000000,תל אביב,תל אביב,0.000000, ,26279.000000,179189.685000,665545.355800,קיים,שדרות בן גוריון שלמה המלך,שלמה המלך,שדרות בן גוריון, , , ,לא,לא,לא,לא,לא,לא,לא, ,לא,כן,לא, ,TLV,"רבעון 3, 2025",נתיבי איילון / CRG הנדסה, ,179189.685,665545.356
1269,1269.000000,תל אביב,תל אביב,0.000000, ,26280.000000,179373.459500,665429.685500,קיים,שדרות בן גוריון מלכי ישראל,מלכי ישראל,שדרות בן גוריון, , , ,לא,לא,לא,לא,לא,לא,לא, ,לא,כן,לא, ,TLV,"רבעון 3, 2025",נתיבי איילון / CRG הנדסה, ,179373.459,665429.686
1270,1270.000000,תל אביב,תל אביב,0.000000, ,26281.000000,179500.263700,665429.776200,קיים,שדרות בן גוריון אבן גבירול,אבן גבירול,שדרות בן גוריון, , , ,כן,לא,לא,לא,לא,לא,לא, ,לא,לא,לא, ,TLV,"רבעון 3, 2025",נתיבי איילון / CRG הנדסה, ,179500.264,665429.776
1271,1271.000000,תל אביב,תל אביב,0.000000, ,26282.000000,179504.381900,665615.172300,קיים,אבן גבירול הדסה,אבן גבירול,הדסה, , , ,כן,לא,לא,לא,לא,לא,לא, ,לא,לא,לא, ,TLV,"רבעון 3, 2025",נתיבי איילון / CRG הנדסה, ,179504.382,665615.172
1272,1272.000000,תל אביב,נת"ע,0.000000, ,26283.000000,179546.796500,665845.588700,קיים,אבן גבירול ארלוזורוב,אבן גבירול,ארלוזרוב, , , ,כן,לא,לא,לא,לא,כן,לא, ,לא,לא,לא, ,TLV,"רבעון 3, 2025",נתיבי איילון / CRG הנדסה, ,179546.797,665845.589
1273,1273.000000,תל אביב,תל אביב,0.000000, ,26284.000000,179573.617500,666002.904900,קיים,אבן גבירול בחור אליהו,אבן גבירול,אליהן בחור, , , ,כן,לא,לא,לא,לא,לא,לא, ,לא,לא,לא, ,TLV,"רבעון 3, 2025",נתיבי איילון / CRG הנדסה, ,179573.618,666002.905
1274,1274.000000,תל אביב,תל אביב,0.000000, ,26285.000000,179602.330300,666164.989900,קיים,אבן גבירול זבוטינסקי,אבן גבירול,ז'בוטינסקי, , , ,כן,לא,לא,לא,לא,לא,לא, ,לא,לא,לא, ,TLV,"רבעון 3, 2025",נתיבי איילון / CRG הנדסה, ,179602.33,666164.99
1275,1275.000000,תל אביב,נת"ע,0.000000, ,26286.000000,179313.838900,665911.561900,קיים,ארלוזורוב שלמה המלך,ארלוזרוב,שלמה המלך,יהושע בן נון, , ,כן,לא,לא,לא,לא,כן,לא, ,לא,לא,לא, ,TLV,"רבעון 3, 2025",נתיבי איילון / CRG הנדסה, ,179313.839,665911.562
1276,1276.000000,תל אביב,נת"ע,0.000000, ,26287.000000,179177.654100,665950.954100,קיים,ארלוזורוב אד"ם הכהן,ארלוזרוב,אד"ם הכהן, , , ,כן,לא,לא,לא,לא,כן,לא, ,לא,לא,לא, ,TLV,"רבעון 3, 2025",נתיבי איילון / CRG הנדסה, ,179177.654,665950.954
1277,1277.000000,תל אביב,נת"ע,0.000000, ,26288.000000,179105.944200,665970.574100,קיים,ארלוזורוב סוקולוב,ארלוזרוב,סוקולוב,מאנגר איציק, , ,כן,לא,לא,לא,לא,כן,לא, ,לא,לא,לא, ,TLV,"רבעון 3, 2025",נתיבי איילון / CRG הנדסה, ,179105.944,665970.574
1278,1278.000000,תל אביב,נת"ע,0.000000, ,26289.000000,178901.654800,666029.644200,קיים,ארלוזורוב דיזנגוף,ארלוזרוב,דיזנגוף, , , ,כן,לא,לא,לא,לא,כן,לא, ,לא,לא,לא, ,TLV,"רבעון 3, 2025",נתיבי איילון / CRG הנדסה, ,178901.655,666029.644
1279,1279.000000,תל אביב,נת"ע,0.000000, ,26290.000000,178735.545200,666076.954300,קיים,ארלוזורוב בן יהודה,ארלוזרוב,בן יהודה, , , ,כן,לא,לא,לא,לא,כן,לא, ,לא,לא,לא, ,TLV,"רבעון 3, 2025",נתיבי איילון / CRG הנדסה, ,178735.545,666076.954
1280,1280.000000,תל אביב,תל אביב,0.000000, ,26291.000000,178533.571800,666126.826200,קיים,ארלוזורוב פרי אליעזר,ארלוזרוב,אליעזר פרי,הירקון, , ,לא,לא,לא,לא,לא,לא,לא, ,לא,כן,לא, ,TLV,"רבעון 3, 2025",נתיבי איילון / CRG הנדסה, ,178533.572,666126.826
1281,1281.000000,תל אביב,תל אביב,0.000000, ,26292.000000,178653.634800,666355.404600,קיים,זבוטינסקי הירקון,הירקון,ז'בוטינסקי, , , ,לא,לא,לא,לא,לא,לא,לא, ,לא,כן,לא, ,TLV,"רבעון 3, 2025",נתיבי איילון / CRG הנדסה, ,178653.635,666355.405
1282,1282.000000,תל אביב,תל אביב,0.000000, ,26293.000000,178800.045300,666325.573700,קיים,זבוטינסקי בן יהודה,בן יהודה,ז'בוטינסקי, , , ,כן,לא,לא,לא,לא,לא,לא, ,לא,לא,לא, ,TLV,"רבעון 3, 2025",נתיבי איילון / CRG הנדסה, ,178800.045,666325.574
1283,1283.000000,תל אביב,תל אביב,0.000000, ,26294.000000,178957.834900,666292.763600,קיים,זבוטינסקי דיזנגוף,דיזנגוף,ז'בוטינסקי, , , ,כן,לא,לא,לא,לא,לא,לא, ,לא,לא,לא, ,TLV,"רבעון 3, 2025",נתיבי איילון / CRG הנדסה, ,178957.835,666292.764
1284,1284.000000,תל אביב,תל אביב,0.000000, ,26295.000000,179160.244500,666253.073500,קיים,זבוטינסקי סוקולוב,ז'בוטינסקי,סוקולוב, , , ,לא,לא,לא,לא,לא,לא,לא, ,לא,כן,לא, ,TLV,"רבעון 3, 2025",נתיבי איילון / CRG הנדסה, ,179160.245,666253.073
1285,1285.000000,תל אביב,תל אביב,0.000000, ,26296.000000,179414.243800,666201.073300,קיים,זבוטינסקי יהושע בן נון,ז'בוטינסקי,יהושע בן נון, , , ,לא,לא,לא,לא,לא,לא,לא, ,לא,כן,לא, ,TLV,"רבעון 3, 2025",נתיבי איילון / CRG הנדסה, ,179414.244,666201.073
1286,1286.000000,תל אביב,נת"ע,0.000000, ,26297.000000,179654.538200,666476.690600,קיים,אבן גבירול פנקס,אבן גבירול,פנקס, , , ,כן,לא,לא,לא,כן,לא,לא, ,לא,לא,לא, ,TLV,"רבעון 3, 2025",נתיבי איילון / CRG הנדסה, ,179654.538,666476.691
1287,1287.000000,תל אביב,נת"ע,0.000000, ,26298.000000,179665.333300,666554.372200,קיים,אבן גבירול שדרות נורדאו,אבן גבירול,שדרות נורדאו, , , ,כן,לא,לא,לא,כן,לא,לא, ,לא,לא,לא, ,TLV,"רבעון 3, 2025",נתיבי איילון / CRG הנדסה, ,179665.333,666554.372
1288,1288.000000,תל אביב,תל אביב,0.000000, ,26299.000000,179505.450500,666583.509300,קיים,שדרות נורדאו יהושע בן נון,שדרות נורדאו,יהושע בן נון, , , ,לא,לא,לא,לא,לא,לא,לא, ,לא,כן,לא, ,TLV,"רבעון 3, 2025",נתיבי איילון / CRG הנדסה, ,179505.451,666583.509
1289,1289.000000,תל אביב,תל אביב,0.000000, ,26300.000000,179217.460400,666616.375500,קיים,שדרות נורדאו סוקולוב,שדרות נורדאו,סוקולוב, , , ,לא,לא,לא,לא,לא,לא,לא, ,לא,כן,לא, ,TLV,"רבעון 3, 2025",נתיבי איילון / CRG הנדסה, ,179217.46,666616.376
1290,1290.000000,תל אביב,תל אביב,0.000000, ,26301.000000,179032.897700,666637.255900,קיים,שדרות נורדאו דיזנגוף,דיזנגוף,שדרות נורדאו, , , ,כן,לא,לא,לא,לא,לא,לא, ,לא,לא,לא, ,TLV,"רבעון 3, 2025",נתיבי איילון / CRG הנדסה, ,179032.898,666637.256
1291,1291.000000,תל אביב,תל אביב,0.000000, ,26302.000000,178885.002900,666654.731500,קיים,שדרות נורדאו בן יהודה,בן יהודה,שדרות נורדאו, , , ,כן,לא,לא,לא,לא,לא,לא, ,לא,לא,לא, ,TLV,"רבעון 3, 2025",נתיבי איילון / CRG הנדסה, ,178885.003,666654.731
1292,1292.000000,תל אביב,תל אביב,0.000000, ,26303.000000,178752.917900,666672.456800,קיים,שדרות נורדאו הירקון,הירקון,שדרות נורדאו, , , ,לא,לא,לא,לא,לא,לא,לא, ,לא,כן,לא, ,TLV,"רבעון 3, 2025",נתיבי איילון / CRG הנדסה, ,178752.918,666672.457
1293,1293.000000,תל אביב,תל אביב,0.000000, ,26304.000000,178769.863900,666723.846500,קיים,הירקון חבקוק,הירקון,חבקוק, , , ,לא,לא,לא,לא,לא,לא,לא, ,לא,כן,לא, ,TLV,"רבעון 3, 2025",נתיבי איילון / CRG הנדסה, ,178769.864,666723.847
1294,1294.000000,תל אביב,תל אביב,0.000000, ,26305.000000,178795.049800,666798.682200,קיים,הירקון נחשון,הירקון,נחשון, , , ,לא,לא,לא,לא,לא,לא,לא, ,לא,כן,לא, ,TLV,"רבעון 3, 2025",נתיבי איילון / CRG הנדסה, ,178795.05,666798.682
1295,1295.000000,תל אביב,תל אביב,0.000000, ,26306.000000,178847.745900,666966.452300,קיים,הירקון ירמיהו,הירקון,ירמיהו, , , ,לא,לא,לא,לא,לא,לא,לא, ,לא,כן,לא, ,TLV,"רבעון 3, 2025",נתיבי איילון / CRG הנדסה, ,178847.746,666966.452
1296,1296.000000,תל אביב,תל אביב,0.000000, ,26307.000000,178948.545600,666896.452300,קיים,בן יהודה ירמיהו,בן יהודה,ירמיהו, , , ,כן,לא,לא,לא,לא,לא,לא, ,לא,לא,לא, ,TLV,"רבעון 3, 2025",נתיבי איילון / CRG הנדסה, ,178948.546,666896.452
1297,1297.000000,תל אביב,תל אביב,0.000000, ,26308.000000,179050.745400,666904.572200,קיים,ירמיהו דיזנגוף,דיזנגוף,ירמיהו, , , ,כן,לא,לא,לא,לא,לא,לא, ,לא,לא,לא, ,TLV,"רבעון 3, 2025",נתיבי איילון / CRG הנדסה, ,179050.745,666904.572
1298,1298.000000,תל אביב,תל אביב,0.000000, ,26309.000000,178871.365800,667063.736700,קיים,הירקון כ"ג יורדי הסירה,הירקון,כ"ג יורדי הסירה, , , ,לא,לא,לא,לא,לא,לא,לא, ,לא,כן,לא, ,TLV,"רבעון 3, 2025",נתיבי איילון / CRG הנדסה, ,178871.366,667063.737
1299,1299.000000,תל אביב,תל אביב,0.000000, ,26310.000000,179015.655700,667039.141900,קיים,דיזנגוף בן יהודה,דיזנגוף,בן יהודה,כ"ג יורדי הסירה, , ,כן,לא,לא,לא,לא,לא,לא, ,לא,לא,לא, ,TLV,"רבעון 3, 2025",נתיבי איילון / CRG הנדסה, ,179015.656,667039.142
1300,1300.000000,תל אביב,תל אביב,0.000000, ,26311.000000,178999.796600,667180.348400,קיים,דיזנגוף התערוכה,דיזנגוף,התערוכה, , , ,כן,לא,לא,לא,לא,לא,לא, ,לא,לא,לא, ,TLV,"רבעון 3, 2025",נתיבי איילון / CRG הנדסה, ,178999.797,667180.348
1301,1301.000000,תל אביב,תל אביב,0.000000, ,26312.000000,179289.004500,667295.600300,קיים,שדרות רוקח,שדרות רוקח,חניון רידינג מערב, , , ,לא,לא,לא,לא,לא,לא,לא, ,לא,כן,לא, ,TLV,"רבעון 3, 2025",נתיבי איילון / CRG הנדסה, ,179289.004,667295.6
1302,1302.000000,תל אביב,תל אביב,0.000000, ,26313.000000,179379.603400,667309.809700,קיים,שדרות רוקח,שדרות רוקח,מסוף רידינג, , , ,לא,לא,לא,לא,לא,לא,לא, ,לא,כן,לא, ,TLV,"רבעון 3, 2025",נתיבי איילון / CRG הנדסה, ,179379.603,667309.81
1303,1303.000000,תל אביב,נת"ע,0.000000, ,26314.000000,179698.618700,667329.678000,קיים,שדרות רוקח אבן גבירול,אבן גבירול,שדרות רוקח, , , ,לא,לא,לא,לא,כן,לא,לא, ,לא,לא,לא, ,TLV,"רבעון 3, 2025",נתיבי איילון / CRG הנדסה, ,179698.619,667329.678
1304,1304.000000,תל אביב,תל אביב,0.000000, ,26315.000000,181170.434900,664631.843000,קיים,נחלת יצחק חפץ חיים,נחלת יצחק,חפץ חיים, , , ,לא,לא,לא,לא,לא,לא,לא, ,לא,כן,לא, ,TLV,"רבעון 3, 2025",נתיבי איילון / CRG הנדסה, ,181170.435,664631.843
1305,1305.000000,תל אביב,תל אביב,0.000000, ,26316.000000,181096.991300,664656.459100,קיים,נחלת יצחק שביל החלב,נחלת יצחק,שביל החלב, , , ,לא,לא,לא,לא,לא,לא,לא, ,לא,כן,לא, ,TLV,"רבעון 3, 2025",נתיבי איילון / CRG הנדסה, ,181096.991,664656.459
1306,1306.000000,תל אביב,תל אביב,0.000000, ,26317.000000,180864.184500,664737.289600,קיים,נחלת יצחק מוזס יהודה ונח,יגאל אלון,נחלת יצחק,יהודה ונח מוזס, , ,לא,לא,לא,לא,לא,לא,לא, ,לא,כן,לא, ,TLV,"רבעון 3, 2025",נתיבי איילון / CRG הנדסה, ,180864.185,664737.29
1307,1307.000000,תל אביב,תל אביב,0.000000, ,26318.000000,180455.998700,664761.124600,קיים,דרך בגין,דרך בגין,שער בגין,קריה,עזריאלי, ,כן,לא,לא,לא,לא,לא,לא, ,כן,לא,לא, ,TLV,"רבעון 3, 2025",נתיבי איילון / CRG הנדסה, ,180455.999,664761.125
1308,1308.000000,תל אביב,תל אביב,0.000000, ,26319.000000,180619.048600,665096.814500,קיים,דרך בגין דרך נמיר מרדכי,דרך בגין,דרך מרדכי נמיר,שדרות שאול המלך, , ,כן,כן,לא,לא,לא,לא,לא, ,כן,לא,לא, ,TLV,"רבעון 3, 2025",נתיבי איילון / CRG הנדסה, ,180619.049,665096.815
1309,1309.000000,תל אביב,תל אביב,0.000000, ,26320.000000,180925.779700,664907.394500,קיים,עמק ברכה אלון יגאל,יגאל אלון,עמק ברכה, , , ,לא,לא,לא,לא,לא,לא,לא, ,לא,כן,לא, ,TLV,"רבעון 3, 2025",נתיבי איילון / CRG הנדסה,TL27,180925.78,664907.395
1310,1310.000000,תל אביב,תל אביב,0.000000, ,26321.000000,180210.941900,664921.484400,קיים,שדרות שאול המלך ויצמן,ויצמן,שדרות שאול המלך, , , ,לא,כן,לא,לא,לא,לא,לא, ,לא,לא,לא, ,TLV,"רבעון 3, 2025",נתיבי איילון / CRG הנדסה, ,180210.942,664921.484
1311,1311.000000,תל אביב,תל אביב,0.000000, ,26322.000000,180172.341900,665083.615500,קיים,ויצמן ברקוביץ,ויצמן,ברקוביץ,דפנה, , ,לא,לא,לא,לא,לא,לא,לא, ,לא,כן,לא, ,TLV,"רבעון 3, 2025",נתיבי איילון / CRG הנדסה,TL29,180172.342,665083.616
1312,1312.000000,תל אביב,תל אביב,0.000000, ,26323.000000,180189.588500,665231.104800,קיים,שדרות דוד המלך ויצמן,ויצמן,שדרות דוד המלך, , , ,לא,לא,לא,לא,לא,לא,לא, ,לא,כן,לא, ,TLV,"רבעון 3, 2025",נתיבי איילון / CRG הנדסה, ,180189.589,665231.105
1313,1313.000000,תל אביב,נת"ע,0.000000, ,26324.000000,180243.109400,665663.891800,קיים,ארלוזורוב ויצמן,ארלוזרוב,ויצמן, , , ,לא,לא,לא,לא,לא,כן,לא, ,לא,לא,לא, ,TLV,"רבעון 3, 2025",נתיבי איילון / CRG הנדסה, ,180243.109,665663.892
1314,1314.000000,תל אביב,נת"ע,0.000000, ,26325.000000,180523.720900,665594.154600,קיים,ארלוזורוב סולד הנרייטה,ארלוזרוב,הנרייטה סולד, , , ,לא,לא,לא,לא,לא,כן,לא, ,לא,לא,לא, ,TLV,"רבעון 3, 2025",נתיבי איילון / CRG הנדסה, ,180523.721,665594.155
1315,1315.000000,תל אביב,נת"ע,0.000000, ,26326.000000,180757.873700,665547.359900,קיים,דרך נמיר מרדכי ארלוזורוב,ארלוזרוב,דרך מדרכי נמיר,על פרשת דרכים, , ,כן,לא,לא,לא,לא,כן,לא, ,כן,לא,לא, ,TLV,"רבעון 3, 2025",נתיבי איילון / CRG הנדסה, ,180757.874,665547.36
1316,1316.000000,תל אביב,נת"ע,0.000000, ,26327.000000,180888.128000,665470.577800,קיים,על פרשת דרכים רח 1285,על פרשת דרכים,רח 1285, , , ,לא,לא,לא,לא,לא,כן,לא, ,לא,לא,לא, ,TLV,"רבעון 3, 2025",נתיבי איילון / CRG הנדסה, ,180888.128,665470.578
1317,1317.000000,תל אביב,תל אביב,0.000000, ,26328.000000,180841.323000,665263.409100,קיים,דרך בגין,דרך בגין,רח 1285, , , ,לא,לא,לא,לא,לא,לא,לא, ,כן,לא,לא, ,TLV,"רבעון 3, 2025",נתיבי איילון / CRG הנדסה, ,180841.323,665263.409
1318,1318.000000,תל אביב,תל אביב,0.000000, ,26329.000000,180985.944300,665358.658900,קיים,דרך בגין על פרשת דרכים,דרך בגין,על פרשת דרכים, , , ,לא,לא,לא,לא,לא,לא,לא, ,כן,לא,לא, ,TLV,"רבעון 3, 2025",נתיבי איילון / CRG הנדסה, ,180985.944,665358.659
1319,1319.000000,תל אביב,תל אביב,0.000000, ,26330.000000,181221.277600,665488.806700,קיים,דרך בגין זבוטינסקי,דרך בגין,ז'בוטינסקי, , , ,לא,לא,לא,לא,לא,לא,לא, ,כן,לא,לא, ,TLV,"רבעון 3, 2025",נתיבי איילון / CRG הנדסה, ,181221.278,665488.807
1320,1320.000000,תל אביב,תל אביב,0.000000, ,26331.000000,181051.539500,665840.871600,קיים,רב אלוף יעקב דורי ספיר פנחס,רב אלוף יעקב דורי,פנחס ספיר, , , ,לא,לא,לא,לא,לא,לא,לא, ,כן,לא,לא, ,TLV,"רבעון 3, 2025",נתיבי איילון / CRG הנדסה, ,181051.539,665840.872
1321,1321.000000,תל אביב,תל אביב,0.000000, ,26332.000000,180816.642500,665891.883400,קיים,רב אלוף יעקב דורי זבוטינסקי,רב אלוף יעקב דורי,דרך מדרכי נמיר,ז'בוטינסקי, , ,כן,לא,לא,לא,לא,לא,לא, ,כן,לא,לא, ,TLV,"רבעון 3, 2025",נתיבי איילון / CRG הנדסה, ,180816.643,665891.883
1322,1322.000000,תל אביב,תל אביב,0.000000, ,26333.000000,180572.749600,665947.075800,קיים,זבוטינסקי שדרות הציונות,ז'בוטינסקי,שדרות הציונות,הלסינקי, , ,לא,לא,לא,לא,לא,לא,לא, ,לא,כן,לא, ,TLV,"רבעון 3, 2025",נתיבי איילון / CRG הנדסה, ,180572.75,665947.076
1323,1323.000000,תל אביב,תל אביב,0.000000, ,26334.000000,179963.552500,666082.653500,קיים,זבוטינסקי רמז דוד,ז'בוטינסקי,דוד רמז, , , ,לא,לא,לא,לא,לא,לא,לא, ,לא,כן,לא, ,TLV,"רבעון 3, 2025",נתיבי איילון / CRG הנדסה, ,179963.553,666082.654
1324,1324.000000,תל אביב,תל אביב,0.000000, ,26335.000000,180002.674900,666470.915700,קיים,פנקס דה האז,פנקס,דה האז, , , ,לא,לא,לא,לא,לא,לא,לא, ,לא,כן,לא, ,TLV,"רבעון 3, 2025",נתיבי איילון / CRG הנדסה, ,180002.675,666470.916
1325,1325.000000,תל אביב,תל אביב,0.000000, ,26336.000000,180051.152800,666471.216000,קיים,פנקס ליפסקי לואי,פנקס,לואי ליפסקי,ברנדיס, , ,לא,לא,לא,לא,לא,לא,לא, ,לא,כן,לא, ,TLV,"רבעון 3, 2025",נתיבי איילון / CRG הנדסה, ,180051.153,666471.216
1326,1326.000000,תל אביב,תל אביב,0.000000, ,26337.000000,180381.800500,666481.243300,קיים,פנקס ויצמן,ויצמן,פנקס, , , ,לא,לא,לא,לא,לא,לא,לא, ,לא,כן,לא, ,TLV,"רבעון 3, 2025",נתיבי איילון / CRG הנדסה, ,180381.8,666481.243
1327,1327.000000,תל אביב,תל אביב,0.000000, ,26338.000000,180823.753800,666498.576200,קיים,פנקס הרב גורן שלמה,דרך מדרכי נמיר,פנקס,הרב שלמה גורן, , ,כן,לא,לא,לא,לא,לא,לא, ,כן,לא,לא, ,TLV,"רבעון 3, 2025",נתיבי איילון / CRG הנדסה, ,180823.754,666498.576
1328,1328.000000,תל אביב,תל אביב,0.000000, ,26339.000000,181126.013700,666436.293000,קיים,הרב גורן שלמה ספיר פנחס,הרב שלמה גורן,פנחס ספיר, , , ,לא,לא,לא,לא,לא,לא,לא, ,כן,לא,לא, ,TLV,"רבעון 3, 2025",נתיבי איילון / CRG הנדסה, ,181126.014,666436.293
1329,1329.000000,תל אביב,תל אביב,0.000000, ,26340.000000,181119.372400,666267.369800,קיים,ספיר פנחס דוש,פנחס ספיר,דוש, , , ,לא,לא,לא,לא,לא,לא,לא, ,כן,לא,לא, ,TLV,"רבעון 3, 2025",נתיבי איילון / CRG הנדסה, ,181119.372,666267.37
1330,1330.000000,תל אביב,נת"ע,0.000000, ,26341.000000,179916.336500,665753.186700,קיים,ארלוזורוב רמז דוד,ארלוזרוב,דוד רמז,דוד בלוך, , ,לא,לא,לא,לא,לא,כן,לא, ,לא,לא,לא, ,TLV,"רבעון 3, 2025",נתיבי איילון / CRG הנדסה, ,179916.337,665753.187
1331,1331.000000,תל אביב,נת"ע,0.000000, ,26342.000000,179709.682100,666815.064300,קיים,אבן גבירול יוחנן הורקנוס,אבן גבירול,יוחנן הורקנוס,יהודה מכבי,דה האז, ,כן,לא,לא,לא,כן,לא,לא, ,לא,לא,לא, ,TLV,"רבעון 3, 2025",נתיבי איילון / CRG הנדסה, ,179709.682,666815.064
1332,1332.000000,תל אביב,תל אביב,0.000000, ,26343.000000,180062.543100,666785.451300,קיים,יהודה המכבי ברנדיס,יהודה מכבי,ברנדיס, , , ,לא,לא,לא,לא,לא,לא,לא, ,לא,כן,לא, ,TLV,"רבעון 3, 2025",נתיבי איילון / CRG הנדסה, ,180062.543,666785.451
1333,1333.000000,תל אביב,תל אביב,0.000000, ,26344.000000,180191.042800,666786.571100,קיים,יהודה המכבי בובליק,יהודה מכבי,בובליק, , , ,לא,לא,לא,לא,לא,לא,לא, ,לא,כן,לא, ,TLV,"רבעון 3, 2025",נתיבי איילון / CRG הנדסה, ,180191.043,666786.571
1334,1334.000000,תל אביב,תל אביב,0.000000, ,26345.000000,180374.724300,666790.301700,קיים,יהודה המכבי ויצמן,ויצמן,יהודה מכבי, , , ,כן,לא,לא,לא,לא,לא,לא, ,לא,לא,לא, ,TLV,"רבעון 3, 2025",נתיבי איילון / CRG הנדסה, ,180374.724,666790.302
1335,1335.000000,תל אביב,תל אביב,0.000000, ,26346.000000,180750.316200,666867.610100,קיים,יהודה המכבי דרך נמיר מרדכי,דרך מדרכי נמיר,יהודה מכבי, , , ,כן,לא,לא,לא,לא,לא,לא, ,כן,לא,לא, ,TLV,"רבעון 3, 2025",נתיבי איילון / CRG הנדסה, ,180750.316,666867.61
1336,1336.000000,תל אביב,תל אביב,0.000000, ,26347.000000,180652.442600,667457.069200,קיים,דרך נמיר מרדכי שדרות רוקח,דרך מדרכי נמיר,שדרות רוקח, , , ,כן,כן,לא,לא,לא,לא,לא, ,כן,לא,לא, ,TLV,"רבעון 3, 2025",נתיבי איילון / CRG הנדסה, ,180652.443,667457.069
1337,1337.000000,תל אביב,תל אביב,0.000000, ,26348.000000,180591.057200,667792.905700,קיים,לבנון חיים עגנון ש"י,דרך מדרכי נמיר,חיים לבנון,ש"י עגנון, , ,כן,לא,לא,לא,לא,לא,לא, ,כן,לא,לא, ,TLV,"רבעון 3, 2025",נתיבי איילון / CRG הנדסה, ,180591.057,667792.906
1338,1338.000000,תל אביב,תל אביב,0.000000, ,26349.000000,180236.568500,667790.948100,קיים,עגנון ש"י אשכול לוי,ש"י עגנון,שדרות לוי אשכול, , , ,לא,לא,לא,לא,לא,לא,לא, ,לא,כן,לא, ,TLV,"רבעון 3, 2025",נתיבי איילון / CRG הנדסה, ,180236.569,667790.948
1339,1339.000000,תל אביב,נת"ע,0.000000, ,26350.000000,179564.609500,667687.638000,קיים,אבן גבירול - ש"י עגנון,אבן גבירול,שי עגנון,רחבעם זאבי, , ,לא,לא,לא,לא,כן,לא,לא, ,לא,לא,לא, ,TLV,"רבעון 3, 2025",נתיבי איילון / CRG הנדסה, ,179564.61,667687.638
1340,1340.000000,תל אביב,תל אביב,0.000000, ,26351.000000,179837.447900,667734.204300,קיים,עגנון ש"י גלילי ישראל,ש"י עגנון,ישראל גלילי, , , ,לא,לא,לא,לא,לא,לא,לא, ,לא,כן,לא, ,TLV,"רבעון 3, 2025",נתיבי איילון / CRG הנדסה, ,179837.448,667734.204
1341,1341.000000,תל אביב,תל אביב,0.000000, ,26352.000000,180200.027000,668003.416100,קיים,אשכול לוי אפטר יעקב,שדרות לוי אשכול,יעקב אפטר, , , ,לא,לא,לא,לא,לא,לא,לא, ,לא,כן,לא, ,TLV,"רבעון 3, 2025",נתיבי איילון / CRG הנדסה, ,180200.027,668003.416
1342,1342.000000,תל אביב,תל אביב,0.000000, ,26353.000000,181485.885500,667666.392000,קיים,שדרות רוקח - משל ירוחם,שדרות רוקח,משל ירוחם, , , ,לא,כן,לא,לא,לא,לא,לא, ,לא,לא,לא, ,TLV,"רבעון 3, 2025",נתיבי איילון / CRG הנדסה, ,181485.885,667666.392
1343,1343.000000,תל אביב,נת"ע,0.000000, ,26354.000000,181881.315700,667774.929300,קיים,שדרות רוקח רמבה אייזק,שדרות רוקח,אייזק רמבה, , , ,לא,כן,לא,לא,כן,לא,לא, ,לא,לא,לא, ,TLV,"רבעון 3, 2025",נתיבי איילון / CRG הנדסה,TL54,181881.316,667774.929
1344,1344.000000,תל אביב,תל אביב,0.000000, ,26355.000000,181607.224500,667935.794200,קיים,משל ירוחם - רכבת,משל ירוחם,כביש 20,רכבת, , ,לא,לא,לא,לא,לא,לא,לא, ,לא,כן,לא, ,TLV,"רבעון 3, 2025",נתיבי איילון / CRG הנדסה,TL52,181607.225,667935.794
1345,1345.000000,תל אביב,נת"ע,0.000000, ,26356.000000,181331.964700,668175.269600,קיים,חיים לבנון רוזנפלד שלום,חיים לבנון,שלום רוזנפלד,ג'ורג' וויז, , ,לא,לא,לא,לא,כן,לא,לא, ,לא,לא,לא, ,TLV,"רבעון 3, 2025",נתיבי איילון / CRG הנדסה, ,181331.965,668175.27
1346,1346.000000,תל אביב,תל אביב,0.000000, ,26357.000000,182509.698200,668135.096500,קיים,שדרות רוקח - לונה פארק,שדרות רוקח,לונה פארק, , , ,לא,כן,לא,לא,לא,לא,לא, ,לא,לא,לא, ,TLV,"רבעון 3, 2025",נתיבי איילון / CRG הנדסה, ,182509.698,668135.097
1347,1347.000000,תל אביב,תל אביב,0.000000, ,26358.000000,182685.811100,668336.452200,קיים,שדרות רוקח בני אפרים,שדרות רוקח,בני אפרים,שיטרית,רפידים, ,לא,כן,לא,לא,לא,לא,לא, ,כן,לא,לא, ,TLV,"רבעון 3, 2025",נתיבי איילון / CRG הנדסה,TL51,182685.811,668336.452
1348,1348.000000,תל אביב,נת"ע,0.000000, ,26359.000000,183117.429900,668126.082700,קיים,שיטרית - מרכז הספורט,שיטרית, , , , ,לא,לא,לא,לא,כן,לא,לא, ,לא,לא,לא, ,TLV,"רבעון 3, 2025",נתיבי איילון / CRG הנדסה,TL50,183117.43,668126.083
1349,1349.000000,תל אביב,נת"ע,0.000000, ,26360.000000,183414.166100,668158.107100,קיים,שיטרית - הדר יוסף,שיטרית, , , , ,לא,לא,לא,לא,כן,לא,לא, ,לא,לא,לא, ,TLV,"רבעון 3, 2025",נתיבי איילון / CRG הנדסה, ,183414.166,668158.107
1350,1350.000000,תל אביב,נת"ע,0.000000, ,26361.000000,183860.458700,668255.523500,קיים,שיטרית - רוזן פנחס,פנחס רוזן,שיטרית,ראול ולנברג,מבצע קדש, ,לא,לא,לא,לא,כן,לא,לא, ,לא,לא,לא, ,TLV,"רבעון 3, 2025",נתיבי איילון / CRG הנדסה, ,183860.459,668255.524
1351,1351.000000,תל אביב,נת"ע,0.000000, ,26362.000000,184130.040500,668226.803500,קיים,משמר הירדן ולנברג ראול,ראול ולנברג,משמר הירדן, , , ,לא,לא,לא,לא,כן,לא,לא, ,לא,לא,לא, ,TLV,"רבעון 3, 2025",נתיבי איילון / CRG הנדסה, ,184130.041,668226.804
1352,1352.000000,תל אביב,נת"ע,0.000000, ,26363.000000,184404.465300,668223.870900,קיים,הברזל ולנברג ראול,ראול ולנברג,הברזל, , , ,לא,לא,לא,לא,כן,לא,לא, ,לא,לא,לא, ,TLV,"רבעון 3, 2025",נתיבי איילון / CRG הנדסה, ,184404.465,668223.871
1353,1353.000000,תל אביב,תל אביב,0.000000, ,26364.000000,182838.423500,668675.537200,קיים,בני אפרים הדר יוסף,בני אפרים,הדר יוסף, , , ,לא,כן,לא,לא,לא,לא,לא, ,כן,לא,לא, ,TLV,"רבעון 3, 2025",נתיבי איילון / CRG הנדסה, ,182838.424,668675.537
1354,1354.000000,תל אביב,תל אביב,0.000000, ,26365.000000,182865.591000,668980.593000,קיים,בני אפרים מבצע קדש,בני אפרים,מבצע קדש, , , ,לא,כן,לא,לא,לא,לא,לא, ,כן,לא,לא, ,TLV,"רבעון 3, 2025",נתיבי איילון / CRG הנדסה,TL49,182865.591,668980.593
1355,1355.000000,תל אביב,נת"ע,0.000000, ,26366.000000,181432.691000,668665.031000,קיים,לבנון חיים וייז ג'ורג,חיים לבנון,ג'ורג' וייז, , , ,לא,לא,לא,לא,כן,לא,לא, ,לא,לא,לא, ,TLV,"רבעון 3, 2025",נתיבי איילון / CRG הנדסה,TL48,181432.691,668665.031
1356,1356.000000,תל אביב,נת"ע,0.000000, ,26367.000000,181416.310400,668954.843200,קיים,לבנון חיים אינשטיין,חיים לבנון,אינשטיין, , , ,לא,לא,לא,לא,כן,לא,לא, ,לא,לא,לא, ,TLV,"רבעון 3, 2025",נתיבי איילון / CRG הנדסה, ,181416.31,668954.843
1357,1357.000000,תל אביב,תל אביב,0.000000, ,26368.000000,181087.540400,668756.646800,קיים,ברודצקי ברזיל,ברודצקי,ברזיל, , , ,לא,לא,לא,לא,לא,לא,לא, ,לא,כן,לא, ,TLV,"רבעון 3, 2025",נתיבי איילון / CRG הנדסה, ,181087.54,668756.647
1358,1358.000000,תל אביב,נת"ע,0.000000, ,26369.000000,181063.532600,668919.570300,קיים,אינשטיין ברודצקי,אינשטיין,ברודצקי, , , ,לא,לא,לא,לא,כן,לא,לא, ,לא,לא,לא, ,TLV,"רבעון 3, 2025",נתיבי איילון / CRG הנדסה, ,181063.533,668919.57
1359,1359.000000,תל אביב,נת"ע,0.000000, ,26370.000000,180887.608600,668902.446200,קיים,אינשטיין טאגור רבינדרנארט,אינשטיין,טאגור רבינדרנארט, , , ,לא,לא,לא,לא,כן,לא,לא, ,לא,לא,לא, ,TLV,"רבעון 3, 2025",נתיבי איילון / CRG הנדסה, ,180887.609,668902.446
1360,1360.000000,תל אביב,נת"ע,0.000000, ,26371.000000,180724.023900,668885.433400,קיים,אינשטיין - קניון רמת אביב,אינשטיין, , , , ,לא,לא,לא,לא,כן,לא,לא, ,לא,לא,לא, ,TLV,"רבעון 3, 2025",נתיבי איילון / CRG הנדסה, ,180724.024,668885.433
1361,1361.000000,תל אביב,נת"ע,0.000000, ,26372.000000,180573.527600,668875.183600,קיים,אינשטיין דרך נמיר מרדכי,דרך מרדכי נמיר,אינשטיין, , , ,כן,לא,לא,לא,כן,לא,לא, ,כן,לא,לא, ,TLV,"רבעון 3, 2025",נתיבי איילון / CRG הנדסה, ,180573.528,668875.184
1362,1362.000000,תל אביב,תל אביב,0.000000, ,26373.000000,180253.249200,668619.166600,קיים,אשכול לוי האוזנר דב,שדרות לוי אשכול,דב האוזנר,פרופ' יובל נאמן, , ,לא,לא,לא,לא,לא,לא,לא, ,לא,כן,לא, ,TLV,"רבעון 3, 2025",נתיבי איילון / CRG הנדסה, ,180253.249,668619.167
1363,1363.000000,תל אביב,נת"ע,0.000000, ,26374.000000,180290.555700,668845.385300,קיים,אינשטיין אשכול לוי,אינשטיין,שדרות לוי אשכול, , , ,לא,לא,לא,לא,כן,לא,לא, ,לא,לא,לא, ,TLV,"רבעון 3, 2025",נתיבי איילון / CRG הנדסה, ,180290.556,668845.385
1364,1364.000000,תל אביב,תל אביב,0.000000, ,26375.000000,180334.423900,669115.448100,קיים,אשכול לוי זריצקי יוסף,שדרות לוי אשכול,יוסף זריצקי,גלבוע אמיר, , ,לא,לא,לא,לא,לא,לא,לא, ,לא,כן,לא, ,TLV,"רבעון 3, 2025",נתיבי איילון / CRG הנדסה, ,180334.424,669115.448
1365,1365.000000,תל אביב,תל אביב,0.000000, ,26376.000000,180443.875300,669767.766200,קיים,אשכול לוי רודנסקי שמואל,שדרות לוי אשכול,שמואל רודנסקי, , , ,לא,לא,לא,לא,לא,לא,לא, ,לא,כן,לא, ,TLV,"רבעון 3, 2025",נתיבי איילון / CRG הנדסה, ,180443.875,669767.766
1366,1366.000000,תל אביב,תל אביב,0.000000, ,26377.000000,180910.807000,669071.014000,קיים,טאגור רבינדרנארט אנדרסן,טאגור רבינדרנארט,אנדרסן, , , ,לא,לא,לא,לא,לא,לא,לא, ,לא,כן,לא, ,TLV,"רבעון 3, 2025",נתיבי איילון / CRG הנדסה, ,180910.807,669071.014
1367,1367.000000,תל אביב,תל אביב,0.000000, ,26378.000000,181432.286300,669489.992500,קיים,לבנון חיים טאגור רבינדרנאר,חיים לבנון,טאגור רבינדרנארט,קלצ'קין, , ,לא,לא,לא,לא,לא,לא,לא, ,לא,כן,לא, ,TLV,"רבעון 3, 2025",נתיבי איילון / CRG הנדסה, ,181432.286,669489.993
1368,1368.000000,תל אביב,נת"ע,0.000000, ,26379.000000,180194.984700,670123.047600,קיים,פרופס אהרון צבי ארצי יצחק,אהרון צבי פרופס,יצחק ארצי,רח 2040, , ,לא,לא,לא,לא,כן,לא,לא, ,לא,לא,לא, ,TLV,"רבעון 3, 2025",נתיבי איילון / CRG הנדסה, ,180194.985,670123.048
1369,1369.000000,תל אביב,תל אביב,0.000000, ,26380.000000,180490.582000,670045.248100,קיים,פרופס אהרון צבי קדושי השואה,שדרות לוי אשכול,קדושי השואה,אהרון צבי פרופס, , ,לא,לא,לא,לא,לא,לא,לא, ,לא,כן,לא, ,TLV,"רבעון 3, 2025",נתיבי איילון / CRG הנדסה, ,180490.582,670045.248
1370,1370.000000,תל אביב,תל אביב,0.000000, ,26381.000000,180758.869500,669991.511000,קיים,קרן קיימת לישראל דרך נמיר מרדכי,דרך מרדכי נמיר,קרן קיימת לישראל,אהרון צבי פרופס, , ,כן,לא,לא,לא,לא,לא,לא, ,כן,לא,לא, ,TLV,"רבעון 3, 2025",נתיבי איילון / CRG הנדסה, ,180758.87,669991.511
1371,1371.000000,תל אביב,תל אביב,0.000000, ,26382.000000,181048.508700,669935.392500,קיים,קרן קיימת לישראל בן יוסף שלמה,קרן קיימת לישראל,שלמה בן יוסף, , , ,לא,לא,לא,לא,לא,לא,לא, ,לא,כן,לא, ,TLV,"רבעון 3, 2025",נתיבי איילון / CRG הנדסה,TL23,181048.509,669935.393
1372,1372.000000,תל אביב,תל אביב,0.000000, ,26383.000000,181491.262300,669846.730200,קיים,קרן קיימת לישראל לבנון חיים,קרן קיימת לישראל,חיים לבנון,רקנאטי, , ,לא,כן,לא,לא,לא,לא,לא, ,לא,לא,לא, ,TLV,"רבעון 3, 2025",נתיבי איילון / CRG הנדסה,TL24,181491.262,669846.73
1373,1373.000000,תל אביב,תל אביב,0.000000, ,26384.000000,181750.319900,669790.713800,קיים,קרן קיימת לישראל אפקים,קרן קיימת לישראל,אפקים, , , ,לא,כן,לא,לא,לא,לא,לא, ,לא,לא,לא, ,TLV,"רבעון 3, 2025",נתיבי איילון / CRG הנדסה,TL25,181750.32,669790.714
1374,1374.000000,תל אביב,תל אביב,0.000000, ,26385.000000,182260.270000,669595.658000,קיים,קרן קיימת לישראל,קרן קיימת לישראל,כביש 20,אילון, , ,לא,לא,לא,לא,לא,לא,לא, ,לא,כן,לא, ,TLV,"רבעון 3, 2025",נתיבי איילון / CRG הנדסה,TL26,182260.27,669595.658
1375,1375.000000,תל אביב,תל אביב,0.000000, ,26386.000000,182584.358100,669561.473400,קיים,קרן קיימת לישראל רוזאניס,קרן קיימת לישראל,רוזאניס, , , ,לא,לא,לא,לא,לא,לא,לא, ,לא,כן,לא, ,TLV,"רבעון 3, 2025",נתיבי איילון / CRG הנדסה, ,182584.358,669561.473
1376,1376.000000,תל אביב,תל אביב,0.000000, ,26387.000000,182731.565800,669552.731400,קיים,קרן קיימת לישראל אופיר,קרן קיימת לישראל,אופיר, , , ,לא,לא,לא,לא,לא,לא,לא, ,לא,כן,לא, ,TLV,"רבעון 3, 2025",נתיבי איילון / CRG הנדסה, ,182731.566,669552.731
1377,1377.000000,תל אביב,תל אביב,0.000000, ,26388.000000,183009.808000,669502.047500,קיים,קרן קיימת לישראל בני אפרים,קרן קיימת לישראל,בני אפרים,שלונסקי, , ,לא,כן,לא,לא,לא,לא,לא, ,כן,לא,לא, ,TLV,"רבעון 3, 2025",נתיבי איילון / CRG הנדסה, ,183009.808,669502.048
1378,1378.000000,תל אביב,תל אביב,0.000000, ,26389.000000,183173.665000,669417.849400,קיים,שלונסקי קהילת קייב,שלונסקי,קהילת קייב, , , ,לא,לא,לא,לא,לא,לא,לא, ,לא,כן,לא, ,TLV,"רבעון 3, 2025",נתיבי איילון / CRG הנדסה,TL47,183173.665,669417.849
1379,1379.000000,תל אביב,תל אביב,0.000000, ,26390.000000,183328.357300,669338.876400,קיים,שלונסקי גליקסברג,שלונסקי,גליקסברג, , , ,לא,לא,לא,לא,לא,לא,לא, ,לא,כן,לא, ,TLV,"רבעון 3, 2025",נתיבי איילון / CRG הנדסה, ,183328.357,669338.876
1380,1380.000000,תל אביב,תל אביב,0.000000, ,26391.000000,183524.257400,669242.911900,קיים,שלונסקי קהילת ונציה,שלונסקי,קהילת ונציה, , , ,לא,לא,לא,לא,לא,לא,לא, ,לא,כן,לא, ,TLV,"רבעון 3, 2025",נתיבי איילון / CRG הנדסה, ,183524.257,669242.912
1381,1381.000000,תל אביב,תל אביב,0.000000, ,26392.000000,183685.288800,669227.488600,קיים,שלונסקי רוזן פנחס,פנחס רוזן,שלונסקי,יצחק טבנקין, , ,לא,לא,לא,לא,לא,לא,לא, ,לא,כן,לא, ,TLV,"רבעון 3, 2025",נתיבי איילון / CRG הנדסה, ,183685.289,669227.489
1382,1382.000000,תל אביב,תל אביב,0.000000, ,26393.000000,183674.756900,669052.557600,קיים,רוזן פנחס וולמן יהודה,פנחס רוזן,יהודה וולמן, , , ,לא,לא,לא,לא,לא,לא,לא, ,לא,כן,לא, ,TLV,"רבעון 3, 2025",נתיבי איילון / CRG הנדסה, ,183674.757,669052.558
1383,1383.000000,תל אביב,תל אביב,0.000000, ,26394.000000,183672.445400,668996.426300,קיים,רוזן פנחס פתחיה מרגנשבורג,פנחס רוזן,פתחיה מרגנשבורג, , , ,לא,לא,לא,לא,לא,לא,לא, ,לא,כן,לא, ,TLV,"רבעון 3, 2025",נתיבי איילון / CRG הנדסה, ,183672.445,668996.426
1384,1384.000000,תל אביב,תל אביב,0.000000, ,26395.000000,183667.888200,668819.589700,קיים,רוזן פנחס מבצע קדש,פנחס רוזן,מבצע קדש, , , ,לא,לא,לא,לא,לא,לא,לא, ,לא,כן,לא, ,TLV,"רבעון 3, 2025",נתיבי איילון / CRG הנדסה, ,183667.888,668819.59
1385,1385.000000,תל אביב,תל אביב,0.000000, ,26396.000000,183728.368900,668609.183200,קיים,רוזן פנחס קהילת יאסי,פנחס רוזן,קהילת יאסי, , , ,לא,לא,לא,לא,לא,לא,לא, ,לא,כן,לא, ,TLV,"רבעון 3, 2025",נתיבי איילון / CRG הנדסה, ,183728.369,668609.183
1386,1386.000000,תל אביב,תל אביב,0.000000, ,26397.000000,183788.330100,668489.092100,קיים,רוזן פנחס אשכנזי,פנחס רוזן,אשכנזי, , , ,לא,לא,לא,לא,לא,לא,לא, ,לא,כן,לא, ,TLV,"רבעון 3, 2025",נתיבי איילון / CRG הנדסה, ,183788.33,668489.092
1387,1387.000000,תל אביב,נת"ע,0.000000, ,26398.000000,184693.309500,668455.586500,קיים,ולנברג ראול - רח 921,ראול ולנברג,רח 921, , , ,לא,לא,לא,לא,כן,לא,לא, ,לא,לא,לא, ,TLV,"רבעון 3, 2025",נתיבי איילון / CRG הנדסה, ,184693.31,668455.587
1388,1388.000000,תל אביב,נת"ע,0.000000, ,26399.000000,184849.314000,668619.080200,קיים,ולנברג ראול הנחושת,ראול ולנברג,הנחושת, , , ,לא,לא,לא,לא,כן,לא,לא, ,לא,לא,לא, ,TLV,"רבעון 3, 2025",נתיבי איילון / CRG הנדסה, ,184849.314,668619.08
1389,1389.000000,תל אביב,נת"ע,0.000000, ,26400.000000,184982.057300,668820.834100,קיים,ולנברג ראול הארד,ראול ולנברג,הארד, , , ,לא,לא,לא,לא,כן,לא,לא, ,לא,לא,לא, ,TLV,"רבעון 3, 2025",נתיבי איילון / CRG הנדסה, ,184982.057,668820.834
1390,1390.000000,תל אביב,נת"ע,0.000000, ,26401.000000,185100.499500,669062.511100,קיים,ולנברג ראול דבורה הנביאה,ראול ולנברג,דבורה הנביאה, , , ,לא,לא,לא,לא,כן,לא,לא, ,לא,לא,לא, ,TLV,"רבעון 3, 2025",נתיבי איילון / CRG הנדסה, ,185100.499,669062.511
1391,1391.000000,תל אביב,תל אביב,0.000000, ,26402.000000,184844.198000,669421.339400,קיים,דבורה הנביאה בית אל,דבורה הנביאה,בית אל, , , ,לא,לא,לא,לא,לא,לא,לא, ,לא,כן,לא, ,TLV,"רבעון 3, 2025",נתיבי איילון / CRG הנדסה, ,184844.198,669421.339
1392,1392.000000,תל אביב,תל אביב,0.000000, ,26403.000000,184534.272000,669550.064900,קיים,דבורה הנביאה משמר הירדן,דבורה הנביאה,משמר הירדן, , , ,לא,לא,לא,לא,לא,לא,לא, ,לא,כן,לא, ,TLV,"רבעון 3, 2025",נתיבי איילון / CRG הנדסה, ,184534.272,669550.065
1393,1393.000000,תל אביב,תל אביב,0.000000, ,26404.000000,184044.331900,669546.155300,קיים,דבורה הנביאה שוהם מתתיהו,דבורה הנביאה,מתתיהו שוהם, , , ,לא,לא,לא,לא,לא,לא,לא, ,לא,כן,לא, ,TLV,"רבעון 3, 2025",נתיבי איילון / CRG הנדסה, ,184044.332,669546.155
1394,1394.000000,תל אביב,תל אביב,0.000000, ,26405.000000,183823.537000,669553.174500,קיים,דבורה הנביאה דיסנצ'יק אריה,דבורה הנביאה,אריה דיסנצ'יק,יוסף פומרוק, , ,לא,לא,לא,לא,לא,לא,לא, ,לא,כן,לא, ,TLV,"רבעון 3, 2025",נתיבי איילון / CRG הנדסה, ,183823.537,669553.174
1395,1395.000000,תל אביב,תל אביב,0.000000, ,26406.000000,183676.649400,669547.136800,קיים,דבורה הנביאה סנה משה,משה סנה,דבורה הנביאה,פנחס רוזן, , ,לא,לא,לא,לא,לא,לא,לא, ,לא,כן,לא, ,TLV,"רבעון 3, 2025",נתיבי איילון / CRG הנדסה, ,183676.649,669547.137
1396,1396.000000,תל אביב,נת"ע,0.000000, ,26407.000000,180482.337100,671055.131700,קיים,פרסיץ שושנה - רח 2040,שושנה פרסיץ,רח 2040, , , ,לא,לא,לא,לא,כן,לא,לא, ,לא,לא,לא, ,TLV,"רבעון 3, 2025",נתיבי איילון / CRG הנדסה, ,180482.337,671055.132
1397,1397.000000,תל אביב,תל אביב,0.000000, ,26408.000000,183121.441800,669694.089900,קיים,בני אפרים - רומנו,בני אפרים,רומנו, , , ,לא,כן,לא,לא,לא,לא,לא, ,כן,לא,לא, ,TLV,"רבעון 3, 2025",נתיבי איילון / CRG הנדסה, ,183121.442,669694.09
1398,1398.000000,תל אביב,תל אביב,0.000000, ,26409.000000,183183.592100,669767.138300,קיים,בני אפרים רובינא חנה,בני אפרים,חנה רובינא,לאה גולדברג, , ,לא,כן,לא,לא,לא,לא,לא, ,כן,לא,לא, ,TLV,"רבעון 3, 2025",נתיבי איילון / CRG הנדסה,TL46,183183.592,669767.138
1399,1399.000000,תל אביב,תל אביב,0.000000, ,26410.000000,183504.038000,669961.004600,קיים,בני אפרים רוממה,בני אפרים,רוממה, , , ,לא,כן,לא,לא,לא,לא,לא, ,כן,לא,לא, ,TLV,"רבעון 3, 2025",נתיבי איילון / CRG הנדסה,TL45,183504.038,669961.005
1400,1400.000000,תל אביב,תל אביב,0.000000, ,26411.000000,183599.671600,669997.823300,קיים,בני אפרים סנה משה 1,בני אפרים,משה סנה, , , ,לא,כן,לא,לא,לא,לא,לא, ,לא,לא,לא, ,TLV,"רבעון 3, 2025",נתיבי איילון / CRG הנדסה,TL43,183599.672,669997.823
1401,1401.000000,תל אביב,תל אביב,0.000000, ,26412.000000,183633.520300,669903.676000,קיים,סנה משה צה"ל,משה סנה,צה"ל, , , ,לא,לא,לא,לא,לא,לא,לא, ,לא,כן,לא, ,TLV,"רבעון 3, 2025",נתיבי איילון / CRG הנדסה,TL42,183633.52,669903.676
1402,1402.000000,תל אביב,תל אביב,0.000000, ,26413.000000,183565.148100,670122.843700,קיים,בני אפרים סנה משה 2,בני אפרים,משה סנה,קרית שאול, , ,לא,כן,לא,לא,לא,לא,לא, ,כן,לא,לא, ,TLV,"רבעון 3, 2025",נתיבי איילון / CRG הנדסה, ,183565.148,670122.844
1403,1403.000000,תל אביב,תל אביב,0.000000, ,26414.000000,183794.645000,670391.589400,קיים,סנה משה מקס ברוד,משה סנה,מקס ברוד, , , ,לא,כן,לא,לא,לא,לא,לא, ,כן,לא,לא, ,TLV,"רבעון 3, 2025",נתיבי איילון / CRG הנדסה,TL41,183794.645,670391.589
1404,1404.000000,תל אביב,תל אביב,0.000000, ,26415.000000,180112.407800,661598.747400,קיים,קבוץ גלויות לח"י,לח"י,קבוץ גלויות,כביש 1, , ,לא,לא,לא,לא,לא,לא,לא, ,לא,כן,לא, ,TLV,"רבעון 3, 2025",נתיבי איילון / CRG הנדסה,TL40,180112.408,661598.747
1405,1405.000000,תל אביב,נת"ע,0.000000, ,26416.000000,178784.941600,663057.650800,בתכנון,העלייה - י.ל פרץ,העלייה,י.ל. פרץ, , , ,לא,כן,לא,לא,לא,כן,לא, ,לא,לא,לא, ,TLV,"רבעון 3, 2025",נתיבי איילון / CRG הנדסה, ,178784.942,663057.651
1406,1406.000000,תל אביב,תל אביב,0.000000, ,26417.000000,178716.651400,662762.341500,בתכנון,העלייה - קונגרס,העלייה,הקונגרס, , , ,לא,כן,לא,לא,לא,לא,לא, ,לא,לא,לא, ,TLV,"רבעון 3, 2025",נתיבי איילון / CRG הנדסה,TL02,178716.651,662762.342
1407,1407.000000,תל אביב,תל אביב,0.000000, ,26418.000000,178502.005600,661160.855900,בתכנון,בן צבי - לבון צ.מערבי,דרך בן צבי,לבון,תל גיבורים, , ,לא,כן,לא,לא,לא,לא,לא, ,לא,לא,לא, ,TLV,"רבעון 3, 2025",נתיבי איילון / CRG הנדסה,TL11,178502.006,661160.856
1408,1408.000000,תל אביב,תל אביב,0.000000, ,26419.000000,180461.064600,665018.821200,בתכנון,שאול המלך - הנרייטה סולד,שדרות שאול המלך,הנרייטה סולד, , , ,לא,כן,לא,לא,לא,לא,לא, ,לא,לא,לא, ,TLV,"רבעון 3, 2025",נתיבי איילון / CRG הנדסה,TL13,180461.065,665018.821
1409,1409.000000,תל אביב,תל אביב,0.000000, ,26420.000000,180051.189400,664854.536900,בתכנון,שאול המלך - בסיס הקריה,שדרות שאול המלך,קריה,מוזיאון תל אביב, , ,לא,כן,לא,לא,לא,לא,לא, ,לא,לא,לא, ,TLV,"רבעון 3, 2025",נתיבי איילון / CRG הנדסה,TL28,180051.189,664854.537
1410,1410.000000,תל אביב,תל אביב,0.000000, ,26421.000000,184150.648900,670821.818000,קיים,משה סנה - דרך הטניס,משה סנה,דרך הטניס, , , ,לא,כן,לא,לא,לא,לא,לא, ,לא,לא,לא, ,TLV,"רבעון 3, 2025",נתיבי איילון / CRG הנדסה,TL30,184150.649,670821.818
1411,1411.000000,תל אביב,תל אביב,0.000000, ,26422.000000,183976.953400,670601.949500,קיים,משה סנה - אלי תבין,משה סנה,אלי תבין, , , ,לא,כן,לא,לא,לא,לא,לא, ,כן,לא,לא, ,TLV,"רבעון 3, 2025",נתיבי איילון / CRG הנדסה,TL38,183976.953,670601.95
1412,1412.000000,תל אביב,תל אביב,0.000000, ,26423.000000,183384.612200,669905.537300,בתכנון,בני אפרים - מנורה,בני אפרים,מנורה, , , ,לא,כן,לא,לא,לא,לא,לא, ,כן,לא,לא, ,TLV,"רבעון 3, 2025",נתיבי איילון / CRG הנדסה,TL39,183384.612,669905.537
1413,1413.000000,תל אביב,תל אביב,0.000000, ,26424.000000,181743.661800,667729.237400,קיים,שדרות רוקח - מזרחי,שדרות רוקח,כביש 20,אילון, , ,לא,כן,לא,לא,לא,לא,לא, ,לא,לא,לא, ,TLV,"רבעון 3, 2025",נתיבי איילון / CRG הנדסה,TL44,181743.662,667729.237
1414,1414.000000,תל אביב,תל אביב,0.000000, ,26425.000000,178355.151400,660285.867500,קיים,תל גיבורים - הלוחמים,תל גיבורים,הלוחמים, , , ,לא,כן,לא,לא,לא,לא,לא, ,לא,לא,לא, ,TLV,"רבעון 3, 2025",נתיבי איילון / CRG הנדסה,TL53,178355.151,660285.868
1415,1415.000000,תל אביב,תל אביב,0.000000, ,26426.000000,181502.454300,663918.227000,בתכנון,דרך השלום - ההגנה (גבעתיים),דרך השלום,ההגנה, , , ,לא,כן,לא,לא,לא,לא,לא, ,לא,לא,לא, ,TLV,"רבעון 3, 2025",נתיבי איילון / CRG הנדסה,TL55,181502.454,663918.227
1416,1416.000000,תל אביב,נת"ע,0.000000, ,26427.000000,182007.149600,662975.831500,בתכנון,דרך השלום - חניון וולפסון מע,דרך השלום,חניון וולפסון, , , ,לא,כן,לא,לא,לא,כן,לא, ,כן,לא,לא, ,TLV,"רבעון 3, 2025",נתיבי איילון / CRG הנדסה,TL63,182007.15,662975.832
1417,1417.000000,תל אביב,תל אביב,0.000000, ,26428.000000,181526.167600,663703.758700,קיים,דרך השלום - רבין - הגבורה,דרך השלום,דרך יצחק רבין,דרך הגבורה, , ,לא,כן,לא,לא,לא,לא,לא, ,לא,לא,לא, ,TLV,"רבעון 3, 2025",נתיבי איילון / CRG הנדסה,TL66,181526.168,663703.759
1418,1418.000000,תל אביב,תל אביב,0.000000, ,26429.000000,178621.302400,662470.184900,קיים,שוקן - העלייה - סלמה,שוקן,העלייה,דרך שלמה, , ,לא,כן,לא,לא,לא,לא,לא, ,לא,לא,לא, ,TLV,"רבעון 3, 2025",נתיבי איילון / CRG הנדסה,TL69,178621.302,662470.185
1419,1419.000000,תל אביב,תל אביב,0.000000, ,26430.000000,178631.198100,662302.729000,בתכנון,שוקן - בר יוחאי,שוקן,בר יוחאי, , , ,לא,כן,לא,לא,לא,לא,לא, ,לא,לא,לא, ,TLV,"רבעון 3, 2025",נתיבי איילון / CRG הנדסה,TL70,178631.198,662302.729
1420,1420.000000,תל אביב,תל אביב,0.000000, ,26431.000000,178637.211000,662208.184800,בתכנון,שוקן - העמל,שוקן,העמל, , , ,לא,כן,לא,לא,לא,לא,לא, ,לא,לא,לא, ,TLV,"רבעון 3, 2025",נתיבי איילון / CRG הנדסה,TL71,178637.211,662208.185
1421,1421.000000,תל אביב,תל אביב,0.000000, ,26432.000000,178608.632100,662093.119600,בתכנון,שוקן - פטיש,שוקן,הפטיש, , , ,לא,כן,לא,לא,לא,לא,לא, ,לא,לא,לא, ,TLV,"רבעון 3, 2025",נתיבי איילון / CRG הנדסה,TL72,178608.632,662093.12
1422,1422.000000,תל אביב,תל אביב,0.000000, ,26433.000000,181557.771800,661498.007700,בתכנון,דרך חיים בר לב - משה בריל,דרך חיים בר לב,משה בריל בר כוכבא, , , ,לא,כן,לא,לא,לא,לא,לא, ,לא,לא,לא, ,TLV,"רבעון 3, 2025",נתיבי איילון / CRG הנדסה,TL73,181557.772,661498.008
1423,1423.000000,תל אביב,תל אביב,0.000000, ,26435.000000,181691.799600,661481.825600,קיים,דרך בר לב - אונטרמן,דרך חיים בר לב,איסר יהודה אונטרמן, , , ,לא,כן,לא,לא,לא,לא,לא, ,לא,לא,לא, ,TLV,"רבעון 3, 2025",נתיבי איילון / CRG הנדסה,TL87,181691.8,661481.826
1424,1424.000000,חיפה,חיפה,0.000000, ,30003.000000,202907.100000,743840.300000,קיים,הצ'ק פוסט,בר יהודה,שדרות ההסתדרות, , , ,לא,לא,לא,לא,לא,לא,לא, ,לא,לא,כן,45,HF,"רבעון 3, 2025",נתיבי איילון / CRG הנדסה, ,202907.1,743840.3
1425,1425.000000,נשר,נתיבי איילון,0.000000, ,20002.000000,203510.100000,742975.900000,קיים,בר יהודה - השיש,בר יהודה,השיש, , , ,לא,לא,לא,לא,לא,לא,לא, ,לא,לא,כן,281,NSH,"רבעון 3, 2025",נתיבי איילון / CRG הנדסה, ,203510.1,742975.9
1426,1426.000000,נשר,נתיבי איילון,0.000000, ,20003.000000,203809.500000,742697.900000,קיים,בר יהודה - הפלדה,בר יהודה,הפלדה, , , ,לא,לא,לא,לא,לא,לא,לא, ,לא,לא,כן,282,NSH,"רבעון 3, 2025",נתיבי איילון / CRG הנדסה, ,203809.5,742697.9
1427,1427.000000,נשר,נתיבי איילון,0.000000, ,20004.000000,204052.400000,742470.200000,קיים,בר יהודה - המסגר - הביטחון,בר יהודה,המסגר,הביטחון, , ,לא,לא,לא,לא,לא,לא,לא, ,לא,לא,כן,283,NSH,"רבעון 3, 2025",נתיבי איילון / CRG הנדסה, ,204052.4,742470.2
1428,1428.000000,נשר,נתיבי איילון,0.000000, ,20005.000000,204571.300000,742015.200000,קיים,בר יהודה - פרץ,בר יהודה,פרץ, , , ,לא,לא,לא,לא,לא,לא,לא, ,לא,לא,כן,284,NSH,"רבעון 3, 2025",נתיבי איילון / CRG הנדסה, ,204571.3,742015.2
1429,1429.000000,נשר,נתיבי איילון,0.000000, ,20007.000000,205202.300000,741280.400000,קיים,בר יהודה - הקישון - הכלניות,בר יהודה,הקישון,הכלניות, , ,לא,לא,לא,לא,לא,לא,לא, ,לא,לא,כן,289,NSH,"רבעון 3, 2025",נתיבי איילון / CRG הנדסה, ,205202.3,741280.4
1430,1430.000000,נשר,נתיבי איילון,0.000000, ,20008.000000,205356.000000,741082.000000,קיים,בר יהודה - האצטדיון,בר יהודה, , , , ,לא,לא,לא,לא,לא,לא,לא, ,לא,לא,כן,290,NSH,"רבעון 3, 2025",נתיבי איילון / CRG הנדסה, ,205356,741082
1431,1431.000000,נשר,נתיבי איילון,0.000000, ,20009.000000,205682.200000,740580.000000,קיים,בר יהודה - מרכז ספורט,בר יהודה, , , , ,לא,לא,לא,לא,לא,לא,לא, ,לא,לא,כן,291,NSH,"רבעון 3, 2025",נתיבי איילון / CRG הנדסה, ,205682.2,740580
1432,1432.000000,חיפה,חיפה,0.000000, ,30001.000000,203073.800000,743542.800000,קיים,בר יהודה - מרכז ביג צ'ק פוסט,בר יהודה, , , , ,לא,לא,לא,לא,לא,לא,לא, ,לא,לא,כן,258,HF,"רבעון 3, 2025",נתיבי איילון / CRG הנדסה, ,203073.8,743542.8
1433,1433.000000,נשר,נתיבי איילון,0.000000, ,20011.000000,204742.100000,741863.800000,קיים,בר יהודה - המלאכה,בר יהודה,המלאכה, , , ,לא,לא,לא,לא,לא,לא,לא, ,לא,לא,כן,277,NSH,"רבעון 3, 2025",נתיבי איילון / CRG הנדסה, ,204742.1,741863.8
1434,1434.000000,נשר,נתיבי איילון,0.000000, ,20012.000000,204317.200000,742232.200000,קיים,בר יהודה - ישורון,בר יהודה,ישורון, , , ,לא,לא,לא,לא,לא,לא,לא, ,לא,לא,כן,278,NSH,"רבעון 3, 2025",נתיבי איילון / CRG הנדסה, ,204317.2,742232.2
1435,1435.000000,נשר,נתיבי איילון,0.000000, ,20013.000000,205078.200000,741522.100000,קיים,בר יהודה - משה,בר יהודה,משה, , , ,לא,לא,לא,לא,לא,לא,לא, ,לא,לא,כן,280,NSH,"רבעון 3, 2025",נתיבי איילון / CRG הנדסה, ,205078.2,741522.1
1436,1436.000000,חיפה,חיפה,0.000000, ,30002.000000,203179.400000,743379.000000,קיים,בר יהודה - ביג מזרחי,בר יהודה, , , , ,לא,לא,לא,לא,לא,לא,לא, ,לא,כן,לא,309,HF,"רבעון 3, 2025",נתיבי איילון / CRG הנדסה, ,203179.4,743379
1437,1437.000000,נשר,נשר,0.000000, ,20015.000000,204515.900000,741953.600000,קיים,השלום - פרץ,השלום,פרץ, , , ,לא,לא,לא,לא,לא,לא,לא, ,לא,כן,לא,285,NSH,"רבעון 3, 2025",נתיבי איילון / CRG הנדסה, ,204515.9,741953.6
1438,1438.000000,נשר,נשר,0.000000, ,20016.000000,204981.700000,741468.800000,קיים,השלום - משה,השלום,משה, , , ,לא,לא,לא,לא,לא,לא,לא, ,לא,כן,לא,287,NSH,"רבעון 3, 2025",נתיבי איילון / CRG הנדסה, ,204981.7,741468.8
1439,1439.000000,נתניה,נתיבי איילון,0.000000,א,21001.000000,186735.400000,686581.000000,קיים,דרך 553 - גיבורי ישראל,גיבורי ישראל,דרך 553, , , ,לא,לא,לא,לא,לא,לא,לא,NA-1,לא,כן,לא,2117,NT,"רבעון 3, 2025",נתיבי איילון / CRG הנדסה, ,186735.4,686581
1440,1440.000000,נתניה,נתיבי איילון,0.000000,א,21002.000000,186367.200000,686808.700000,קיים,דרך 553 - פולג מערבי,דרך 553, , , , ,לא,לא,לא,לא,לא,לא,לא,NA-1,לא,כן,לא,4116,NT,"רבעון 3, 2025",נתיבי איילון / CRG הנדסה, ,186367.2,686808.7
1441,1441.000000,נתניה,נתיבי איילון,0.000000,א,21003.000000,186618.700000,686637.100000,קיים,דרך 553 - פולג מזרחי,דרך 553, , , , ,לא,לא,לא,לא,לא,לא,לא,NA-1,לא,כן,לא,4117,NT,"רבעון 3, 2025",נתיבי איילון / CRG הנדסה, ,186618.7,686637.1
1442,1442.000000,נשר,נשר,0.000000, ,20001.000000,204857.500000,741390.700000,קיים,משה - דבורה - המגינים,משה,דבורה,המגינים, , ,לא,לא,לא,לא,לא,לא,לא, ,לא,כן,לא,288,NSH,"רבעון 3, 2025",נתיבי איילון / CRG הנדסה, ,204857.5,741390.7
1443,1443.000000,נשר,נשר,0.000000, ,20010.000000,204206.000000,740874.500000,קיים,משה - הלוטם,משה,הלוטם, , , ,לא,לא,לא,לא,לא,לא,לא, ,לא,כן,לא,301,NSH,"רבעון 3, 2025",נתיבי איילון / CRG הנדסה, ,204206,740874.5
1444,1444.000000,נשר,נשר,0.000000, ,20017.000000,203416.100000,741221.400000,קיים,משה - בית עלמין,משה, , , , ,לא,לא,לא,לא,לא,לא,לא, ,לא,כן,לא, ,NSH,"רבעון 3, 2025",נתיבי איילון / CRG הנדסה, ,203416.1,741221.4
1445,1445.000000,נשר,נשר,0.000000, ,20006.000000,203319.200000,741215.000000,קיים,משה - דרך אורי - בית העלמין,משה,אורי,בית העלמין, , ,לא,לא,לא,לא,לא,לא,לא, ,לא,כן,לא,302,NSH,"רבעון 3, 2025",נתיבי איילון / CRG הנדסה, ,203319.2,741215
1446,1446.000000,נשר,נשר,0.000000, ,20014.000000,203094.100000,742188.100000,קיים,צה"ל - גולדברג - המרגנית,צה"ל,גולדברג,המרגנית, , ,לא,לא,לא,לא,לא,לא,לא, ,לא,כן,לא,300,NSH,"רבעון 3, 2025",נתיבי איילון / CRG הנדסה, ,203094.1,742188.1
1447,1447.000000,נשר,נשר,0.000000, ,20018.000000,201887.100000,741606.600000,קיים,כביש 705 - התאנה,כביש 705,התאנה, , , ,לא,לא,לא,לא,לא,לא,לא, ,לא,כן,לא,303,NSH,"רבעון 3, 2025",נתיבי איילון / CRG הנדסה, ,201887.1,741606.6
1448,1448.000000,קרית מוצקין,קרית מוצקין,0.000000, ,22001.000000,208980.000000,750624.000000,קיים,קדיש לוז - צהל,קדיש לוז,צה"ל,אלמוגי יוסף, , ,לא,לא,לא,לא,לא,לא,לא, ,לא,כן,לא,299,KM,"רבעון 3, 2025",נתיבי איילון / CRG הנדסה, ,208980,750624
1449,1449.000000,חיפה,נתיבי איילון,0.000000, ,30004.000000,207284.000000,746713.000000,קיים,ההסתדרות - בן צבי,ההסתדרות,יצחק בן צבי, , , ,לא,לא,לא,לא,לא,לא,לא, ,לא,לא,כן,116,HF,"רבעון 3, 2025",נתיבי איילון / CRG הנדסה, ,207284,746713
1450,1450.000000,חיפה,נתיבי איילון,0.000000, ,30005.000000,207558.000000,746976.000000,קיים,ההסתדרות - ק.חיים - אחי אילת,ההסתדרות,אחי אילת,העמקים, , ,לא,לא,לא,לא,לא,לא,לא, ,לא,לא,כן,51,HF,"רבעון 3, 2025",נתיבי איילון / CRG הנדסה, ,207558,746976
1451,1451.000000,קרית מוצקין,נתיבי איילון,0.000000, ,22006.000000,207771.000000,747724.000000,קיים,ההסתדרות - שדרות גושן - ירושלים,ההסתדרות,כביש 4 עכו-חיפה,שדרות גושן,שדרות ירושלים, ,לא,לא,לא,לא,לא,לא,לא, ,לא,לא,כן,210,KM,"רבעון 3, 2025",נתיבי איילון / CRG הנדסה, ,207771,747724
1452,1452.000000,קרית מוצקין,נתיבי איילון,0.000000, ,22007.000000,207855.000000,748301.000000,קיים,ההתסדרות - אוסישקין - אפרים,כביש 4,אוסישקין,אפרים, , ,לא,לא,לא,לא,לא,לא,לא, ,לא,לא,כן,211,KM,"רבעון 3, 2025",נתיבי איילון / CRG הנדסה, ,207855,748301
1453,1453.000000,קרית מוצקין,נתיבי איילון,0.000000, ,22008.000000,208199.000000,748966.000000,קיים,צומת העשור דרום - ויצמן - בן גוריון,כביש 4,שדרות ויצמן,שדרות בן גוריון, , ,לא,לא,לא,לא,לא,לא,לא, ,לא,לא,כן,212,KM,"רבעון 3, 2025",נתיבי איילון / CRG הנדסה, ,208199,748966
1454,1454.000000,קרית מוצקין,נתיבי איילון,0.000000, ,22009.000000,208249.000000,749043.000000,קיים,צומת העשור צפון - שדרות בן גוריון - צבר,כביש 4,שדרות בן גוריון, , , ,לא,לא,לא,לא,לא,לא,לא, ,לא,לא,כן,227,KM,"רבעון 3, 2025",נתיבי איילון / CRG הנדסה, ,208249,749043
1455,1455.000000,קרית מוצקין,נתיבי איילון,0.000000, ,22010.000000,208632.000000,749743.000000,קיים,קריון - רבין,כביש 4,שדרות רבין, , , ,לא,לא,לא,לא,לא,לא,לא, ,לא,לא,כן,213,KM,"רבעון 3, 2025",נתיבי איילון / CRG הנדסה, ,208632,749743
1456,1456.000000,קרית מוצקין,נתיבי איילון,0.000000, ,22011.000000,208807.000000,750072.000000,קיים,קריון - המייסדים,כביש 4,שדרות המייסדים, , , ,לא,לא,לא,לא,לא,לא,לא, ,לא,לא,כן,214,KM,"רבעון 3, 2025",נתיבי איילון / CRG הנדסה, ,208807,750072
1457,1457.000000,קרית מוצקין,נתיבי איילון,0.000000, ,22012.000000,208910.000000,750260.000000,קיים,בית המשפט-כביש 79,כביש 4,כביש 79, , , ,לא,לא,לא,לא,לא,לא,לא, ,לא,לא,כן,215,KM,"רבעון 3, 2025",נתיבי איילון / CRG הנדסה, ,208910,750260
1458,1458.000000,קרית מוצקין,נתיבי איילון,0.000000, ,22013.000000,209062.000000,750595.000000,קיים,צומת עין אפק - צה"ל - התל,כביש 4,צה"ל,התל, , ,לא,לא,לא,לא,לא,לא,לא, ,לא,לא,כן,216,KM,"רבעון 3, 2025",נתיבי איילון / CRG הנדסה, ,209062,750595
1459,1459.000000,קרית מוצקין,נתיבי איילון,0.000000, ,22014.000000,209130.000000,751159.000000,קיים,צור שלום,כביש 4, , , , ,לא,לא,לא,לא,לא,לא,לא, ,לא,לא,כן,217,KM,"רבעון 3, 2025",נתיבי איילון / CRG הנדסה, ,209130,751159
1460,1460.000000,קרית מוצקין,נתיבי איילון,0.000000, ,22015.000000,209157.000000,751474.000000,קיים,כביש 4 - ירושלים,כביש 4,ירושלים, , , ,לא,לא,לא,לא,לא,לא,לא, ,לא,לא,כן,218,KM,"רבעון 3, 2025",נתיבי איילון / CRG הנדסה, ,209157,751474
1461,1461.000000,קרית מוצקין,נתיבי איילון,0.000000, ,22016.000000,208922.000000,751469.000000,קיים,ירושלים - בגין,שדרות ירושלים,מנחם בגין, , , ,לא,לא,לא,לא,לא,לא,לא, ,לא,כן,לא,272,KM,"רבעון 3, 2025",נתיבי איילון / CRG הנדסה, ,208922,751469
1462,1462.000000,קרית מוצקין,קרית מוצקין,0.000000, ,22003.000000,208755.000000,751534.000000,קיים,ירושלים - יציאה ממסוף כורדני,שדרות ירושלים, , , , ,לא,לא,לא,לא,לא,לא,לא, ,לא,כן,לא,271,KM,"רבעון 3, 2025",נתיבי איילון / CRG הנדסה, ,208755,751534
1463,1463.000000,קרית ים,קרית ים,0.000000, ,24001.000000,208455.000000,751756.000000,קיים,יציאה מרפאל - ירושלים,שדרות ירושלים, , , , ,לא,לא,לא,לא,לא,לא,לא, ,לא,לא,כן,228,KY,"רבעון 3, 2025",נתיבי איילון / CRG הנדסה, ,208455,751756
1464,1464.000000,קרית ים,קרית ים,0.000000, ,24002.000000,208109.000000,751777.000000,קיים,ירושלים - אילנות,שדרות ירושלים,אילנות, , , ,לא,לא,לא,לא,לא,לא,לא, ,לא,לא,כן,229,KY,"רבעון 3, 2025",נתיבי איילון / CRG הנדסה, ,208109,751777
1465,1465.000000,קרית ים,קרית ים,0.000000, ,24003.000000,207769.000000,751507.000000,קיים,ירושלים - ארזים,שדרות ירושלים,ארזים, , , ,לא,לא,לא,לא,לא,לא,לא, ,לא,לא,כן,230,KY,"רבעון 3, 2025",נתיבי איילון / CRG הנדסה, ,207769,751507
1466,1466.000000,קרית ים,קרית ים,0.000000, ,24004.000000,207751.000000,751228.000000,קיים,ירושלים - גולדה מאיר - גלעד,שדרות ירושלים,גולדה מאיר,גלעד, , ,לא,לא,לא,לא,לא,לא,לא, ,לא,לא,כן,157,KY,"רבעון 3, 2025",נתיבי איילון / CRG הנדסה, ,207751,751228
1467,1467.000000,קרית ים,קרית ים,0.000000, ,24005.000000,207728.000000,750966.000000,קיים,ירושלים - הגליל,שדרות ירושלים,הגליל, , , ,לא,לא,לא,לא,לא,לא,לא, ,לא,לא,כן,231,KY,"רבעון 3, 2025",נתיבי איילון / CRG הנדסה, ,207728,750966
1468,1468.000000,קרית ים,קרית ים,0.000000, ,24006.000000,207583.000000,750679.000000,קיים,ירושלים - הפלמ"ח - גאולה כהן,שדרות ירושלים,שדרות הפלמ"ח,גאולה כהן, , ,לא,לא,לא,לא,לא,לא,לא, ,לא,לא,כן,232,KY,"רבעון 3, 2025",נתיבי איילון / CRG הנדסה, ,207583,750679
1469,1469.000000,קרית ים,קרית ים,0.000000, ,24007.000000,207464.000000,750534.000000,קיים,ירושלים -  - יגאל אלון פרסה,שדרות ירושלים, , , , ,לא,לא,לא,לא,לא,לא,לא, ,לא,לא,כן,233,KY,"רבעון 3, 2025",נתיבי איילון / CRG הנדסה, ,207464,750534
1470,1470.000000,קרית ים,קרית ים,0.000000, ,24008.000000,207206.000000,750231.000000,קיים,ירושלים - אביר יעקב,שדרות ירושלים,אביר יעקב, , , ,לא,לא,לא,לא,לא,לא,לא, ,לא,לא,כן,234,KY,"רבעון 3, 2025",נתיבי איילון / CRG הנדסה, ,207206,750231
1471,1471.000000,קרית ים,קרית ים,0.000000, ,24009.000000,207050.000000,750060.000000,קיים,שדרות ירושלים 57,שדרות ירושלים, , , , ,לא,לא,לא,לא,לא,לא,לא, ,לא,לא,כן,235,KY,"רבעון 3, 2025",נתיבי איילון / CRG הנדסה, ,207050,750060
1472,1472.000000,קרית ים,קרית ים,0.000000, ,24010.000000,206955.000000,749943.000000,קיים,ירושלים - צה"ל,שדרות ירושלים,צה"ל, , , ,לא,לא,לא,לא,לא,לא,לא, ,לא,לא,כן,236,KY,"רבעון 3, 2025",נתיבי איילון / CRG הנדסה, ,206955,749943
1473,1473.000000,קרית ים,קרית ים,0.000000, ,24011.000000,206877.000000,749818.000000,קיים,ירושלים - נמיר - האירוס,שדרות ירושלים,מרדכי נמיר,האירוס, , ,לא,לא,לא,לא,לא,לא,לא, ,לא,לא,כן,237,KY,"רבעון 3, 2025",נתיבי איילון / CRG הנדסה, ,206877,749818
1474,1474.000000,קרית אתא,נתיבי איילון,0.000000, ,23053.000000,208886.000000,746663.000000,קיים,מחלף אתא צפון - מזרחי,כביש 22,כביש 781, , , ,לא,לא,לא,לא,לא,לא,לא, ,לא,לא,כן,294,KA,"רבעון 3, 2025",נתיבי איילון / CRG הנדסה, ,208886,746663
1475,1475.000000,קרית אתא,נתיבי איילון,0.000000, ,23054.000000,208755.000000,746686.000000,קיים,מחלף אתא צפון - מערבי,כביש 22,כביש 781, , , ,לא,לא,לא,לא,לא,לא,לא, ,לא,לא,כן,293,KA,"רבעון 3, 2025",נתיבי איילון / CRG הנדסה, ,208755,746686
1476,1476.000000,קרית ביאליק,נתיבי איילון,0.000000, ,25016.000000,207802.000000,746830.000000,קיים,העמקים - ההגנה,העמקים,ההגנה, , , ,לא,לא,לא,לא,לא,לא,לא, ,לא,לא,כן,140,KB,"רבעון 3, 2025",נתיבי איילון / CRG הנדסה, ,207802,746830
1477,1477.000000,קרית ביאליק,נתיבי איילון,0.000000, ,25017.000000,207722.000000,746887.000000,קיים,העמקים - וייצמן,העמקים,וייצמן, , , ,לא,לא,לא,לא,לא,לא,לא, ,לא,לא,כן, ,KB,"רבעון 3, 2025",נתיבי איילון / CRG הנדסה, ,207722,746887
1478,1478.000000,קרית ביאליק,נתיבי איילון,0.000000, ,25018.000000,207652.000000,746928.000000,קיים,העמקים - קק"ל - הגליל - וייצמן,העמקים,קק"ל,הגליל, , ,לא,לא,לא,לא,לא,לא,לא, ,לא,לא,כן,139,KB,"רבעון 3, 2025",נתיבי איילון / CRG הנדסה, ,207652,746928
1479,1479.000000,קרית אתא,קרית אתא,0.000000, ,23001.000000,211196.000000,746001.000000,קיים,יוספטל - ברנר - רציפי סירקין,שד' יוספטל,ברנר, , , ,לא,לא,לא,לא,לא,לא,לא, ,לא,לא,כן,268,KA,"רבעון 3, 2025",נתיבי איילון / CRG הנדסה, ,211196,746001
1480,1480.000000,קרית אתא,קרית אתא,0.000000, ,23002.000000,211242.000000,745922.000000,קיים,יוספטל - רציפי סירקין - מע"ח,שד' יוספטל,דוידיאשווילי, , , ,לא,לא,לא,לא,לא,לא,לא, ,לא,לא,כן, ,KA,"רבעון 3, 2025",נתיבי איילון / CRG הנדסה, ,211242,745922
1481,1481.000000,קרית אתא,קרית אתא,0.000000, ,23003.000000,211103.000000,746146.000000,קיים,יוספטל - משה הס,שד' יוספטל,משה הס, , , ,לא,לא,לא,לא,לא,לא,לא, ,לא,לא,כן,249,KA,"רבעון 3, 2025",נתיבי איילון / CRG הנדסה, ,211103,746146
1482,1482.000000,קרית אתא,קרית אתא,0.000000, ,23004.000000,211060.000000,746236.000000,קיים,יוספטל - משה הס צפון,שד' יוספטל, , , , ,לא,לא,לא,לא,לא,לא,לא, ,לא,לא,כן, ,KA,"רבעון 3, 2025",נתיבי איילון / CRG הנדסה, ,211060,746236
1483,1483.000000,קרית אתא,קרית אתא,0.000000, ,23005.000000,211012.000000,746514.000000,קיים,יוספטל - אינשטיין - סמטת יאיר דרום,שד' יוספטל,אינשטיין, , , ,לא,לא,לא,לא,לא,לא,לא, ,לא,לא,כן,248,KA,"רבעון 3, 2025",נתיבי איילון / CRG הנדסה, ,211012,746514
1484,1484.000000,קרית אתא,קרית אתא,0.000000, ,23006.000000,211032.000000,746413.000000,קיים,יוספטל - מעבר חציה דרומי לאיינשטיין,שד' יוספטל, , , , ,לא,לא,לא,לא,לא,לא,לא, ,לא,לא,כן,274,KA,"רבעון 3, 2025",נתיבי איילון / CRG הנדסה, ,211032,746413
1485,1485.000000,קרית אתא,קרית אתא,0.000000, ,23007.000000,210942.000000,746687.000000,קיים,יוספטל - סמטת יאיר צפון  - זמנהוף,שד' יוספטל,סמטת יאיר, , , ,לא,לא,לא,לא,לא,לא,לא, ,לא,לא,כן,247,KA,"רבעון 3, 2025",נתיבי איילון / CRG הנדסה, ,210942,746687
1486,1486.000000,קרית אתא,קרית אתא,0.000000, ,23008.000000,210974.000000,746596.000000,קיים,יוספטל - סמטת יאיר - דרום,שד' יוספטל,סמטת יאיר, , , ,לא,לא,לא,לא,לא,לא,לא, ,לא,לא,כן, ,KA,"רבעון 3, 2025",נתיבי איילון / CRG הנדסה, ,210974,746596
1487,1487.000000,קרית אתא,קרית אתא,0.000000, ,23009.000000,210935.000000,746774.000000,קיים,יוספטל - זמנהוף,שד' יוספטל,זמנהוף, , , ,לא,לא,לא,לא,לא,לא,לא, ,לא,לא,כן, ,KA,"רבעון 3, 2025",נתיבי איילון / CRG הנדסה, ,210935,746774
1488,1488.000000,קרית אתא,קרית אתא,0.000000, ,23010.000000,210934.000000,746873.000000,קיים,יוספטל - רופין,שד' יוספטל,רופין, , , ,לא,לא,לא,לא,לא,לא,לא, ,לא,לא,כן, ,KA,"רבעון 3, 2025",נתיבי איילון / CRG הנדסה, ,210934,746873
1489,1489.000000,קרית אתא,קרית אתא,0.000000, ,23011.000000,210908.000000,746976.000000,קיים,יוספטל - המלאכה - רופין,שד' יוספטל,המלאכה, , , ,לא,לא,לא,לא,לא,לא,לא, ,לא,לא,כן,246,KA,"רבעון 3, 2025",נתיבי איילון / CRG הנדסה, ,210908,746976
1490,1490.000000,קרית אתא,נתיבי איילון,0.000000, ,23055.000000,210867.000000,747078.000000,קיים,יוספטל - יצחק רבין,שד' יוספטל,יצחק רבין, , , ,לא,לא,לא,לא,לא,לא,לא, ,לא,לא,כן,245,KA,"רבעון 3, 2025",נתיבי איילון / CRG הנדסה, ,210867,747078
1491,1491.000000,קרית אתא,נתיבי איילון,0.000000, ,23056.000000,210123.000000,746411.000000,קיים,העצמאות - רבין - ביאליק - חנקין,העצמאות,יצחק רבין,ביאליק,חנקין, ,לא,לא,לא,לא,לא,לא,לא, ,לא,לא,כן,242,KA,"רבעון 3, 2025",נתיבי איילון / CRG הנדסה, ,210123,746411
1492,1492.000000,קרית אתא,נתיבי איילון,0.000000, ,23057.000000,209794.000000,746439.000000,קיים,ביאליק - פרישמן,ביאליק,פרישמן, , , ,לא,לא,לא,לא,לא,לא,לא, ,לא,לא,כן,257,KA,"רבעון 3, 2025",נתיבי איילון / CRG הנדסה, ,209794,746439
1493,1493.000000,קרית אתא,נתיבי איילון,0.000000, ,23058.000000,210012.000000,746415.000000,קיים,ביאליק - ברדיצ'בסקי,ביאליק,ברדיצ'בסקי, , , ,לא,לא,לא,לא,לא,לא,לא, ,לא,לא,כן,256,KA,"רבעון 3, 2025",נתיבי איילון / CRG הנדסה, ,210012,746415
1494,1494.000000,קרית אתא,נתיבי איילון,0.000000, ,23059.000000,209670.000000,746442.000000,קיים,קרית אתא - ביאליק - תעלה,ביאליק, , , , ,לא,לא,לא,לא,לא,לא,לא, ,לא,לא,כן,292,KA,"רבעון 3, 2025",נתיבי איילון / CRG הנדסה, ,209670,746442
1495,1495.000000,קרית אתא,נתיבי איילון,0.000000, ,23060.000000,210634.000000,746920.000000,קיים,יצחק רבין - השוק,יצחק רבין,השוק, , , ,לא,לא,לא,לא,לא,לא,לא, ,לא,לא,כן,244,KA,"רבעון 3, 2025",נתיבי איילון / CRG הנדסה, ,210634,746920
1496,1496.000000,קרית אתא,נתיבי איילון,0.000000, ,23061.000000,210463.000000,746816.000000,קיים,יצחק רבין - עוקף ביאליק,יצחק רבין, , , , ,לא,לא,לא,לא,לא,לא,לא, ,לא,לא,כן,243,KA,"רבעון 3, 2025",נתיבי איילון / CRG הנדסה, ,210463,746816
1497,1497.000000,נשר,נשר,0.000000, ,20019.000000,203139.000000,742515.000000,קיים,צה"ל - דרך הטכניון - לח"י,צה"ל,דרך הטכניון,לוחמי חירות ישראל, , ,לא,לא,לא,לא,לא,לא,לא, ,לא,לא,כן,329,NSH,"רבעון 3, 2025",נתיבי איילון / CRG הנדסה, ,203139,742515
1498,1498.000000,קרית ים,קרית ים,0.000000, ,24012.000000,207640.000000,750795.000000,קיים,שדרות ירושלים - הנגב,שדרות ירושלים,הנגב, , , ,לא,לא,לא,לא,לא,לא,לא, ,לא,לא,כן, ,KY,"רבעון 3, 2025",נתיבי איילון / CRG הנדסה, ,207640,750795
1499,1499.000000,בני ברק,בני ברק,0.000000,א,1052.000000,185433.769000,667532.517000,בתכנון,דרך אם המושבות - רמפת כביש 4 לדרום,דרך אם המושבות,כביש 4, , , ,לא,לא,לא,לא,לא,לא,לא, ,כן,לא,לא, ,BB,"רבעון 3, 2025",נתיבי איילון / CRG הנדסה, ,185433.769,667532.517
1500,1500.000000,בני ברק,בני ברק,0.000000,א,1053.000000,185569.401000,667515.563000,בתכנון,דרך אם המושבות - כניסה למסוף אוטובוסים,דרך אם המושבות, , , , ,לא,לא,לא,לא,לא,לא,לא, ,כן,לא,לא, ,BB,"רבעון 3, 2025",נתיבי איילון / CRG הנדסה, ,185569.401,667515.563
1501,1501.000000,הוד השרון,נתיבי איילון,0.000000, ,5016.000000,190500.000000,671420.000000,בתכנון,רמתיים - כביש 2, , , , , ,לא,כן,לא,לא,לא,לא,לא, ,לא,לא,לא, ,HH,"רבעון 3, 2025",נתיבי איילון / CRG הנדסה, ,190500,671420
1502,1502.000000,פתח תקווה,פתח תקווה,0.000000, ,9115.000000,187288.553500,668002.111000,בתכנון,יצחק שמיר - איצטדיון המושבה (כניסה מערבית),יצחק שמיר, , , , ,לא,לא,לא,לא,לא,לא,לא, ,לא,כן,לא, ,PT,"רבעון 3, 2025",נתיבי איילון / CRG הנדסה, ,187288.554,668002.111
1503,1503.000000,פתח תקווה,פתח תקווה,0.000000, ,9116.000000,186884.762800,667630.474100,בתכנון,דרך אם המושבות - החרוצים,דרך אם המושבות,החרוצים, , , ,לא,לא,לא,לא,לא,לא,לא, ,לא,כן,לא, ,PT,"רבעון 3, 2025",נתיבי איילון / CRG הנדסה, ,186884.763,667630.474
1504,1504.000000,קרית אונו,נתיבי איילון,0.000000, ,10026.000000,187552.115800,660226.508500,בתכנון,חטיבת אלכסנדרוני - כביש 2,חטיבת אלכסנדרוני, , , , ,לא,כן,לא,לא,לא,לא,לא, ,לא,לא,לא, ,KO,"רבעון 3, 2025",נתיבי איילון / CRG הנדסה, ,187552.116,660226.509
1505,1505.000000,קרית אונו,נתיבי איילון,0.000000, ,10027.000000,187559.791000,660775.598300,בתכנון,חטיבת אלכסנדרוני - כביש 5,חטיבת אלכסנדרוני, , , , ,לא,כן,לא,לא,לא,לא,לא, ,לא,לא,לא, ,KO,"רבעון 3, 2025",נתיבי איילון / CRG הנדסה, ,187559.791,660775.598
1506,1506.000000,רמת גן,רמת גן,0.000000,א,13101.000000,183963.000000,663954.000000,קיים,הירדן 11 - הרבי מרוז'ין (מעבר חצייה מרומזור),הירדן,הרב מרוז'ין, , , ,לא,לא,לא,לא,לא,לא,לא, ,לא,כן,לא, ,RG,"רבעון 3, 2025",נתיבי איילון / CRG הנדסה, ,183963,663954
1507,1507.000000,נתניה,נתניה,0.000000, ,21004.000000,186930.000000,686861.000000,קיים,גיבורי ישראל - מפי,גיבורי ישראל,מפי, , , ,לא,לא,לא,לא,לא,לא,לא,NA-2,לא,כן,לא, ,NT,"רבעון 3, 2025",נתיבי איילון / CRG הנדסה, ,186930,686861
1508,1508.000000,נתניה,נתניה,0.000000, ,21005.000000,186948.000000,686922.000000,קיים,גיבורי ישראל - היצירה,גיבורי ישראל,היצירה, , , ,לא,לא,לא,לא,לא,לא,לא,NA-2,לא,כן,לא, ,NT,"רבעון 3, 2025",נתיבי איילון / CRG הנדסה, ,186948,686922
1509,1509.000000,נתניה,נתניה,0.000000, ,21006.000000,187022.000000,687192.000000,קיים,גיבורי ישראל - האומנות,גיבורי ישראל,האומנות, , , ,לא,לא,לא,לא,לא,לא,לא,NA-2,לא,כן,לא, ,NT,"רבעון 3, 2025",נתיבי איילון / CRG הנדסה, ,187022,687192
1510,1510.000000,נתניה,נתניה,0.000000, ,21007.000000,187095.000000,687462.000000,קיים,גיבורי ישראל - הבונים,גיבורי ישראל,הבונים, , , ,לא,לא,לא,לא,לא,לא,לא,NA-2,לא,כן,לא, ,NT,"רבעון 3, 2025",נתיבי איילון / CRG הנדסה, ,187095,687462
1511,1511.000000,נתניה,נתניה,0.000000, ,21008.000000,187177.000000,687762.000000,קיים,גיבורי ישראל - התרופה,גיבורי ישראל,התרופה, , , ,לא,לא,לא,לא,לא,לא,לא,NA-2,לא,כן,לא, ,NT,"רבעון 3, 2025",נתיבי איילון / CRG הנדסה, ,187177,687762
1512,1512.000000,נתניה,נתניה,0.000000, ,21009.000000,187238.000000,687982.000000,קיים,גיבורי ישראל - גד מנלה - המלאכה,גיבורי ישראל - גד מנלה,גד מנלה, , , ,לא,לא,לא,לא,לא,לא,לא,NA-2,לא,כן,לא, ,NT,"רבעון 3, 2025",נתיבי איילון / CRG הנדסה, ,187238,687982
1513,1513.000000,הוד השרון,נתיבי איילון,0.000000, ,5017.000000,190231.000000,673000.000000,קיים,רמתיים - הגיבור,דרך רמתים,הגיבור, , , ,לא,כן,לא,לא,לא,לא,לא, ,לא,לא,לא, ,HH,"רבעון 3, 2025",נתיבי איילון / CRG הנדסה, ,190231,673000
1514,1514.000000,קרית מוצקין,קרית מוצקין,0.000000, ,22002.000000,208052.000000,749321.000000,קיים,דוד בן גוריון - ורד,שדרות דוד בן גוריון,ורד, , , ,לא,לא,לא,לא,לא,לא,לא, ,לא,כן,לא,402,KM,"רבעון 3, 2025",נתיבי איילון / CRG הנדסה, ,208052,749321
1515,1515.000000,קרית מוצקין,קרית מוצקין,0.000000, ,22004.000000,207810.000000,749458.000000,קיים,דוד בן גוריון - מעבר חציה,שדרות דוד בן גוריון, , , , ,לא,לא,לא,לא,לא,לא,לא, ,לא,כן,לא,403,KM,"רבעון 3, 2025",נתיבי איילון / CRG הנדסה, ,207810,749458
1516,1516.000000,קרית מוצקין,קרית מוצקין,0.000000, ,22005.000000,208003.000000,749361.000000,קיים,דוד בן גוריון - דקר,שדרות דוד בן גוריון,דקר, , , ,לא,לא,לא,לא,לא,לא,לא, ,לא,כן,לא,401,KM,"רבעון 3, 2025",נתיבי איילון / CRG הנדסה, ,208003,749361
1517,1517.000000,נשר,נשר,0.000000, ,20020.000000,204698.000000,741250.000000,קיים,משה - קרן היסוד,משה,קרן היסוד, , , ,לא,לא,לא,לא,לא,לא,לא, ,לא,כן,לא,400,NSH,"רבעון 3, 2025",נתיבי איילון / CRG הנדסה, ,204698,741250
1518,1518.000000,לוד,לוד,0.000000, ,17033.000000,189830.000000,650292.000000,קיים,שדרות ירושלים - קניון לוד,שדרות ירושלים, , , , ,לא,לא,לא,לא,לא,לא,כן, ,לא,לא,לא, ,LOD,"רבעון 3, 2025",נתיבי איילון / CRG הנדסה, ,189830,650292
1519,1519.000000,באר יעקב,נת"י,0.000000, ,29009.000000,185803.000000,650967.000000,קיים,רון ארד - ניסים טולדנו - כניסה לצריפין,רון ארד,ניסים טולדנו, , , ,לא,לא,לא,לא,לא,לא,לא, ,לא,כן,לא, ,BRY,"רבעון 3, 2025",נתיבי איילון / CRG הנדסה, ,185803,650967
1520,1520.000000,רמלה,רמלה,0.000000, ,18034.000000,185512.000000,648582.000000,בתכנון,נעמי שמר - שטיין/וייצמן - הזית,הזית,נעמי שמר,ויצמן,שטיין, ,לא,לא,לא,לא,לא,לא,לא, ,לא,כן,לא, ,RAMLA,"רבעון 3, 2025",נתיבי איילון / CRG הנדסה, ,185512,648582
1521,1521.000000,רמלה,רמלה,0.000000, ,18035.000000,185781.000000,648416.000000,בתכנון,הזית - משה לוי,הזית,משה לוי, , , ,לא,לא,לא,לא,לא,לא,לא, ,לא,כן,לא, ,RAMLA,"רבעון 3, 2025",נתיבי איילון / CRG הנדסה, ,185781,648416
1522,1522.000000,רמלה,רמלה,0.000000, ,18036.000000,186089.000000,648284.000000,בתכנון,הזית - מרדכי גור,הזית,מרדכי גור, , , ,לא,לא,לא,לא,לא,לא,לא, ,לא,כן,לא, ,RAMLA,"רבעון 3, 2025",נתיבי איילון / CRG הנדסה, ,186089,648284
1523,1523.000000,רמלה,רמלה,0.000000, ,18037.000000,186607.000000,648233.000000,בתכנון,יהודה שטיין - לוי אשכול,יהודה שטיין,לוי אשכול, , , ,לא,לא,לא,לא,לא,לא,לא, ,לא,כן,לא, ,RAMLA,"רבעון 3, 2025",נתיבי איילון / CRG הנדסה, ,186607,648233
1524,1524.000000,רמלה,רמלה,0.000000, ,18038.000000,186774.000000,648223.000000,בתכנון,יהודה שטיין - גיבורי ישראל,יהודה שטיין,גיבורי ישראל, , , ,לא,לא,לא,לא,לא,לא,לא, ,לא,כן,לא, ,RAMLA,"רבעון 3, 2025",נתיבי איילון / CRG הנדסה, ,186774,648223
1525,1525.000000,רמלה,רמלה,0.000000, ,18039.000000,187312.000000,648413.000000,בתכנון,שדרות ויצמן - דני מס,שדרות ויצמן,דני מס, , , ,לא,לא,לא,לא,לא,לא,לא, ,לא,כן,לא, ,RAMLA,"רבעון 3, 2025",נתיבי איילון / CRG הנדסה, ,187312,648413
1526,1526.000000,רמלה,רמלה,0.000000, ,18040.000000,187622.000000,648758.000000,בתכנון,שדרות ויצמן - כניסה לחניון העירייה,שדרות ויצמן, , , , ,לא,לא,לא,לא,לא,לא,לא, ,לא,כן,לא, ,RAMLA,"רבעון 3, 2025",נתיבי איילון / CRG הנדסה, ,187622,648758
1527,1527.000000,באר יעקב,באר יעקב,0.000000, ,29002.000000,185195.000000,650684.000000,קיים,רון ארד - נעמי שמר - יצחק שמיר,רון ארד,נעמי שמר,יצחק שמיר, , ,לא,לא,לא,לא,לא,לא,כן, ,לא,לא,לא, ,BRY,"רבעון 3, 2025",נתיבי איילון / CRG הנדסה, ,185195,650684
1528,1528.000000,באר יעקב,באר יעקב,0.000000, ,29003.000000,185185.000000,650566.000000,בתכנון,נעמי שמר - היוצר,נעמי שמר,היוצר, , , ,לא,לא,לא,לא,לא,לא,כן, ,לא,לא,לא, ,BRY,"רבעון 3, 2025",נתיבי איילון / CRG הנדסה, ,185185,650566
1529,1529.000000,באר יעקב,באר יעקב,0.000000, ,29004.000000,185169.000000,650355.000000,בתכנון,נעמי שמר - אליהו,נעמי שמר,אליהו, , , ,לא,לא,לא,לא,לא,לא,כן, ,לא,לא,לא, ,BRY,"רבעון 3, 2025",נתיבי איילון / CRG הנדסה, ,185169,650355
1530,1530.000000,באר יעקב,באר יעקב,0.000000, ,29005.000000,185147.000000,650128.000000,בתכנון,נעמי שמר - הורד,נעמי שמר,הורד, , , ,לא,לא,לא,לא,לא,לא,כן, ,לא,לא,לא, ,BRY,"רבעון 3, 2025",נתיבי איילון / CRG הנדסה, ,185147,650128
1531,1531.000000,באר יעקב,באר יעקב,0.000000, ,29006.000000,185139.000000,650007.000000,בתכנון,נעמי שמר - אהוד מנור,נעמי שמר,אהוד מנור, , , ,לא,לא,לא,לא,לא,לא,כן, ,לא,לא,לא, ,BRY,"רבעון 3, 2025",נתיבי איילון / CRG הנדסה, ,185139,650007
1532,1532.000000,באר יעקב,באר יעקב,0.000000, ,29007.000000,185163.000000,649694.000000,בתכנון,נעמי שמר - חתני פרס ישראל,נעמי שמר,חתני פרס ישראל, , , ,לא,לא,לא,לא,לא,לא,כן, ,לא,לא,לא, ,BRY,"רבעון 3, 2025",נתיבי איילון / CRG הנדסה, ,185163,649694
1533,1533.000000,באר יעקב,באר יעקב,0.000000, ,29008.000000,185230.000000,649262.000000,בתכנון,נעמי שמר - ז'בוטינסקי,נעמי שמר,ז'בוטינסקי, , , ,לא,לא,לא,לא,לא,לא,כן, ,לא,לא,לא, ,BRY,"רבעון 3, 2025",נתיבי איילון / CRG הנדסה, ,185230,649262
1534,1534.000000,חולון,חולון,0.000000,א,7109.000000,182077.000000,658004.000000,קיים,המרכבה - סדנא צבאית, , , , , ,לא,לא,לא,לא,לא,לא,לא, ,כן,לא,לא, ,HLN,"רבעון 3, 2025",נתיבי איילון / CRG הנדסה, ,182077,658004
1535,1535.000000,רמלה,רמלה,0.000000, ,18041.000000,185920.000000,649046.000000,קיים,כביש 200 - משה לוי,כביש 200,משה לוי, , , ,לא,לא,לא,לא,לא,לא,לא, ,לא,כן,לא, ,RAMLA,"רבעון 3, 2025",נתיבי איילון / CRG הנדסה, ,185920,649046
1536,1536.000000,רמלה,רמלה,0.000000, ,18042.000000,186077.000000,649211.000000,קיים,כביש 200 - חטיבת קריתי-ז'בוטינסקי,כביש 200,ז'בוטינסקי,חטיבת קריתי, , ,לא,לא,לא,לא,לא,לא,לא, ,לא,כן,לא, ,RAMLA,"רבעון 3, 2025",נתיבי איילון / CRG הנדסה, ,186077,649211
1537,1537.000000,רמלה,רמלה,0.000000, ,18043.000000,186221.000000,649437.000000,קיים,כביש 200 - משה דיין,כביש 200,משה דיין, , , ,לא,לא,לא,לא,לא,לא,לא, ,לא,כן,לא, ,RAMLA,"רבעון 3, 2025",נתיבי איילון / CRG הנדסה, ,186221,649437
1538,1538.000000,עכו,נת"י,0.000000, ,28006.000000,208004.000000,758595.000000,בתכנון,רמז - גדוד 22,רמז,גדוד 22, , , ,לא,לא,לא,לא,לא,לא,לא, ,לא,לא,כן,519,ACO,"רבעון 3, 2025",נתיבי איילון / CRG הנדסה, ,208004,758595
1539,1539.000000,עכו,נת"י,0.000000, ,28010.000000,207948.000000,759584.000000,בתכנון,דרך 8510 - הארבעה,דרך 8510,הארבעה, , , ,לא,לא,לא,לא,לא,לא,לא, ,לא,לא,כן,523,ACO,"רבעון 3, 2025",נתיבי איילון / CRG הנדסה, ,207948,759584
1540,1540.000000,עכו,נת"י,0.000000, ,28009.000000,208067.000000,759209.000000,קיים,דרך 8510 - הרצל,דרך 8510,הרצל, , , ,לא,לא,לא,לא,לא,לא,לא, ,לא,לא,כן,522,ACO,"רבעון 3, 2025",נתיבי איילון / CRG הנדסה, ,208067,759209
1541,1541.000000,עכו,נת"י,0.000000, ,28003.000000,208067.000000,757908.000000,בתכנון,רמז - יהונתן החשמונאי מרכז,רמז,יהנותן החשמונאי, , , ,לא,לא,לא,לא,לא,לא,לא, ,לא,לא,כן,516,ACO,"רבעון 3, 2025",נתיבי איילון / CRG הנדסה, ,208067,757908
1542,1542.000000,עכו,נת"י,0.000000, ,28002.000000,208069.000000,757827.000000,בתכנון,רמז - יהונתן החשמונאי דרומי,רמז,יהונתן החשמונאי, , , ,לא,לא,לא,לא,לא,לא,לא, ,לא,לא,כן,515,ACO,"רבעון 3, 2025",נתיבי איילון / CRG הנדסה, ,208069,757827
1543,1543.000000,עכו,נת"י,0.000000, ,28004.000000,208056.000000,757974.000000,בתכנון,רמז - יהונתן החשמונאי צפון,רמז,יהונתן החשמונאי, , , ,לא,לא,לא,לא,לא,לא,לא, ,לא,לא,כן,517,ACO,"רבעון 3, 2025",נתיבי איילון / CRG הנדסה, ,208056,757974
1544,1544.000000,עכו,נת"י,0.000000, ,28008.000000,208088.000000,758851.000000,בתכנון,רמז - בן עמי צפון,רמז,בן עמי, , , ,לא,לא,לא,לא,לא,לא,לא, ,לא,לא,כן,521,ACO,"רבעון 3, 2025",נתיבי איילון / CRG הנדסה, ,208088,758851
1545,1545.000000,עכו,נת"י,0.000000, ,28007.000000,208046.000000,758757.000000,בתכנון,רמז - בן עמי דרום,רמז,בן עמי, , , ,לא,לא,לא,לא,לא,לא,לא, ,לא,לא,כן,520,ACO,"רבעון 3, 2025",נתיבי איילון / CRG הנדסה, ,208046,758757
1546,1546.000000,עכו,נת"י,0.000000, ,28011.000000,207881.000000,759759.000000,קיים,דרך 8510 - חטיבת גולני,דרך 8510,חטיבת גולני, , , ,לא,לא,לא,לא,לא,לא,לא, ,לא,לא,כן,524,ACO,"רבעון 3, 2025",נתיבי איילון / CRG הנדסה, ,207881,759759
1547,1547.000000,עכו,נת"י,0.000000, ,28001.000000,208581.000000,757000.000000,בתכנון,רמז - משמר הים,רמז,משמר הים, , , ,לא,לא,לא,לא,לא,לא,לא, ,לא,לא,כן,514,ACO,"רבעון 3, 2025",נתיבי איילון / CRG הנדסה, ,208581,757000
1548,1548.000000,עכו,נת"י,0.000000, ,28005.000000,208037.000000,758433.000000,בתכנון,רמז - דרך החיים,רמז,דרך החיים, , , ,לא,לא,לא,לא,לא,לא,לא, ,לא,לא,כן,518,ACO,"רבעון 3, 2025",נתיבי איילון / CRG הנדסה, ,208037,758433
1549,1549.000000,בת ים,בת ים,0.000000,א,3059.000000,175832.000000,657077.000000,קיים,הקוממיות - יוחנן הסנדלר,הקוממיות,יוחנן הסנלדר, , , ,לא,כן,לא,לא,לא,לא,לא, ,לא,לא,לא, ,BY,"רבעון 3, 2025",נתיבי איילון / CRG הנדסה, ,175832,657077
1550,1550.000000,בת ים,בת ים,0.000000,א,3060.000000,176005.000000,656986.000000,קיים,הקוממיות - נפחא,הקוממיות,נפחא, , , ,לא,כן,לא,לא,לא,לא,לא, ,לא,לא,לא, ,BY,"רבעון 3, 2025",נתיבי איילון / CRG הנדסה, ,176005,656986
1551,1551.000000,באר יעקב,נת"י,0.000000, ,29010.000000,183627.000000,650112.000000,קיים,רון ארד - יעקב סיטון,רון ארד,יעקב סיטון, , , ,לא,לא,לא,לא,לא,לא,לא, ,לא,כן,לא, ,BRY,"רבעון 3, 2025",נתיבי איילון / CRG הנדסה, ,183627,650112
1552,1552.000000,גבעת שמואל,גבעת שמואל,0.000000, ,16005.000000,185601.000000,664735.000000,קיים,זבוטינסקי - הרב הרצוג,זבוטינסקי,הרב הרצוג, , , ,לא,לא,לא,לא,לא,לא,לא, ,לא,כן,לא, ,GS,"רבעון 3, 2025",נתיבי איילון / CRG הנדסה, ,185601,664735
1553,1553.000000,גבעת שמואל,נת"ע,0.000000, ,16006.000000,186032.000000,664154.000000,קיים,זבוטינסקי - מקס ואנה ווב - גולדה מאיר,זבוטינסקי,מקס ואנה ווב,גולדה מאיר, , ,לא,לא,לא,לא,לא,כן,לא, ,לא,לא,לא, ,GS,"רבעון 3, 2025",נתיבי איילון / CRG הנדסה, ,186032,664154
1554,1554.000000,קרית אתא,קרית אתא,0.000000,א,23012.000000,209560.000000,746448.650000,בתכנון,פיצול מסלול מטרונית ביאליק/התעלה,ביאליק,התעלה, , , ,לא,לא,לא,לא,לא,לא,לא, ,לא,לא,כן, ,KA,"רבעון 3, 2025",נתיבי איילון / CRG הנדסה, ,209560,746448.65
1555,1555.000000,קרית אתא,קרית אתא,0.000000,א,23013.000000,209648.330000,746400.200000,בתכנון,מעבר חציה על מטרונית ליד מעגל ביאליק/התעלה,ביאליק,התעלה, , , ,לא,לא,לא,לא,לא,לא,לא, ,לא,לא,כן, ,KA,"רבעון 3, 2025",נתיבי איילון / CRG הנדסה, ,209648.33,746400.2
1556,1556.000000,קרית אתא,קרית אתא,0.000000,א,23014.000000,209642.600000,746304.230000,בתכנון,צומת התעלה / אחד העם-צומת 1- מערבי,אחד העם,התעלה, , , ,לא,לא,לא,לא,לא,לא,לא, ,לא,לא,כן, ,KA,"רבעון 3, 2025",נתיבי איילון / CRG הנדסה, ,209642.6,746304.23
1557,1557.000000,קרית אתא,קרית אתא,0.000000,א,23015.000000,209666.380000,746293.540000,בתכנון,צומת התעלה / אחד העם-צומת 2- מזרחי,אחד העם,התעלה, , , ,לא,לא,לא,לא,לא,לא,לא, ,לא,לא,כן, ,KA,"רבעון 3, 2025",נתיבי איילון / CRG הנדסה, ,209666.38,746293.54
1558,1558.000000,קרית אתא,קרית אתא,0.000000,א,23016.000000,209565.820000,746013.830000,בתכנון,מעגל תנועה התעלה / מנדלי מוכר ספרים- צומת 1,מנדלי מוכר הספרים,התעלה, , , ,לא,לא,לא,לא,לא,לא,לא, ,לא,לא,כן, ,KA,"רבעון 3, 2025",נתיבי איילון / CRG הנדסה, ,209565.82,746013.83
1559,1559.000000,קרית אתא,קרית אתא,0.000000,א,23017.000000,209567.490000,745950.370000,בתכנון,מעגל תנועה התעלה / מנדלי מוכר ספרים- צומת 2,מנדלי מוכר הספרים,התעלה, , , ,לא,לא,לא,לא,לא,לא,לא, ,לא,לא,כן, ,KA,"רבעון 3, 2025",נתיבי איילון / CRG הנדסה, ,209567.49,745950.37
1560,1560.000000,קרית אתא,קרית אתא,0.000000,א,23018.000000,209620.730000,745557.500000,קיים,זבולון - התעלה,זבולון,התעלה, , , ,לא,לא,לא,לא,לא,לא,לא, ,לא,לא,כן, ,KA,"רבעון 3, 2025",נתיבי איילון / CRG הנדסה, ,209620.73,745557.5
1561,1561.000000,קרית אתא,קרית אתא,0.000000,א,23019.000000,209598.770000,745210.190000,בתכנון,מעגל תנועה התעלה / שלום סלח- צומת 1,שלום סלח,התעלה, , , ,לא,לא,לא,לא,לא,לא,לא, ,לא,לא,כן, ,KA,"רבעון 3, 2025",נתיבי איילון / CRG הנדסה, ,209598.77,745210.19
1562,1562.000000,קרית אתא,קרית אתא,0.000000,א,23020.000000,209575.860000,745151.840000,בתכנון,מעגל תנועה התעלה / שלום סלח- צומת 2,שלום סלח,התעלה, , , ,לא,לא,לא,לא,לא,לא,לא, ,לא,לא,כן, ,KA,"רבעון 3, 2025",נתיבי איילון / CRG הנדסה, ,209575.86,745151.84
1563,1563.000000,קרית אתא,קרית אתא,0.000000,א,23021.000000,209476.810000,744651.930000,בתכנון,צומת רח' התעלה / כינרת,כינרת,התעלה, , , ,לא,לא,לא,לא,לא,לא,לא, ,לא,לא,כן, ,KA,"רבעון 3, 2025",נתיבי איילון / CRG הנדסה, ,209476.81,744651.93
1564,1564.000000,קרית אתא,קרית אתא,0.000000,א,23022.000000,209489.930000,744459.980000,בתכנון,מעגל תנועה התעלה / צבר- צפוני צומת 1,צבר,התעלה, , , ,לא,לא,לא,לא,לא,לא,לא, ,לא,לא,כן, ,KA,"רבעון 3, 2025",נתיבי איילון / CRG הנדסה, ,209489.93,744459.98
1565,1565.000000,קרית אתא,קרית אתא,0.000000,א,23023.000000,209532.980000,744425.620000,בתכנון,מעגל תנועה התעלה / צבר- דרומי צומת 2,צבר,התעלה, , , ,לא,לא,לא,לא,לא,לא,לא, ,לא,לא,כן, ,KA,"רבעון 3, 2025",נתיבי איילון / CRG הנדסה, ,209532.98,744425.62
1566,1566.000000,קרית אתא,קרית אתא,0.000000,א,23024.000000,209865.480000,744419.860000,בתכנון,צומת רח' צבר / העצמאות,העצמאות,צבר, , , ,לא,לא,לא,לא,לא,לא,לא, ,לא,לא,כן, ,KA,"רבעון 3, 2025",נתיבי איילון / CRG הנדסה, ,209865.48,744419.86
1567,1567.000000,קרית אתא,קרית אתא,0.000000,א,23025.000000,210371.660000,744411.430000,בתכנון,מעגל תנועה צבר / עוקף מזרחי- מערבי צומת 1,עוקף מזרחי,צבר, , , ,לא,לא,לא,לא,לא,לא,לא, ,לא,לא,כן, ,KA,"רבעון 3, 2025",נתיבי איילון / CRG הנדסה, ,210371.66,744411.43
1568,1568.000000,קרית אתא,קרית אתא,0.000000,א,23026.000000,210415.600000,744446.720000,בתכנון,מעגל תנועה צבר / עוקף מזרחי- צפוני צומת 2,עוקף מזרחי,צבר, , , ,לא,לא,לא,לא,לא,לא,לא, ,לא,לא,כן, ,KA,"רבעון 3, 2025",נתיבי איילון / CRG הנדסה, ,210415.6,744446.72
1569,1569.000000,קרית אתא,קרית אתא,0.000000,א,23027.000000,210573.080000,744737.820000,בתכנון,צומת עוקף מזרחי / השופטים,השופטים,עוקף מזרחי, , , ,לא,לא,לא,לא,לא,לא,לא, ,לא,לא,כן, ,KA,"רבעון 3, 2025",נתיבי איילון / CRG הנדסה, ,210573.08,744737.82
1570,1570.000000,קרית אתא,קרית אתא,0.000000,א,23028.000000,210863.780000,745037.680000,בתכנון,מעגל תנועה עוקף מזרחי / שד' הציונות- מערבי צומת 1,שד' הציונות,עוקף מזרחי, , , ,לא,לא,לא,לא,לא,לא,לא, ,לא,לא,כן, ,KA,"רבעון 3, 2025",נתיבי איילון / CRG הנדסה, ,210863.78,745037.68
1571,1571.000000,קרית אתא,קרית אתא,0.000000,א,23029.000000,210912.750000,745074.830000,בתכנון,מעגל תנועה עוקף מזרחי / שד' הציונות- מזרחי צומת 2,שד' הציונות,עוקף מזרחי, , , ,לא,לא,לא,לא,לא,לא,לא, ,לא,לא,כן, ,KA,"רבעון 3, 2025",נתיבי איילון / CRG הנדסה, ,210912.75,745074.83
1572,1572.000000,קרית אתא,קרית אתא,0.000000,א,23030.000000,211444.320000,745259.660000,בתכנון,מעגל תנועה עוקף מזרחי / שד' יוספטל-מערבי צומת 1,שד' יוספטל,עוקף מזרחי, , , ,לא,לא,לא,לא,לא,לא,לא, ,לא,לא,כן, ,KA,"רבעון 3, 2025",נתיבי איילון / CRG הנדסה, ,211444.32,745259.66
1573,1573.000000,קרית אתא,קרית אתא,0.000000,א,23031.000000,211500.990000,745268.440000,בתכנון,מעגל תנועה עוקף מזרחי / שד' יוספטל-מזרחי צומת 2,שד' יוספטל,עוקף מזרחי, , , ,לא,לא,לא,לא,לא,לא,לא, ,לא,לא,כן, ,KA,"רבעון 3, 2025",נתיבי איילון / CRG הנדסה, ,211500.99,745268.44
1574,1574.000000,קרית אתא,קרית אתא,0.000000,א,23032.000000,211937.520000,745313.560000,בתכנון,מעגל תנועה עוקף מזרחי / כביש מס' 12- מערבי צומת 1,כביש מס' 12,עוקף מזרחי, , , ,לא,לא,לא,לא,לא,לא,לא, ,לא,לא,כן, ,KA,"רבעון 3, 2025",נתיבי איילון / CRG הנדסה, ,211937.52,745313.56
1575,1575.000000,קרית אתא,קרית אתא,0.000000,א,23033.000000,211997.720000,745352.630000,בתכנון,מעגל תנועה עוקף מזרחי / כביש מס' 12- צפוני צומת 2,כביש מס' 12,עוקף מזרחי, , , ,לא,לא,לא,לא,לא,לא,לא, ,לא,לא,כן, ,KA,"רבעון 3, 2025",נתיבי איילון / CRG הנדסה, ,211997.72,745352.63
1576,1576.000000,קרית אתא,קרית אתא,0.000000,א,23034.000000,212061.270000,745463.930000,בתכנון,עוקף מזרחי- כניסה לשכונת אבוקדו,שכונת אובקדו,עוקף מזרחי, , , ,לא,לא,לא,לא,לא,לא,לא, ,לא,לא,כן, ,KA,"רבעון 3, 2025",נתיבי איילון / CRG הנדסה, ,212061.27,745463.93
1577,1577.000000,קרית אתא,קרית אתא,0.000000,א,23035.000000,212175.020000,745651.860000,בתכנון,מעגל תנועה עוקף מזרחי / טרומפלדור- דרומי- צומת 1,טרומפלדור,עוקף מזרחי, , , ,לא,לא,לא,לא,לא,לא,לא, ,לא,לא,כן, ,KA,"רבעון 3, 2025",נתיבי איילון / CRG הנדסה, ,212175.02,745651.86
1578,1578.000000,קרית אתא,קרית אתא,0.000000,א,23036.000000,212209.450000,745702.060000,בתכנון,מעגל תנועה עוקף מזרחי / טרומפלדור-צפוני-צומת 2,טרומפלדור,עוקף מזרחי, , , ,לא,לא,לא,לא,לא,לא,לא, ,לא,לא,כן, ,KA,"רבעון 3, 2025",נתיבי איילון / CRG הנדסה, ,212209.45,745702.06
1579,1579.000000,קרית אתא,קרית אתא,0.000000,א,23037.000000,212659.660000,746007.700000,בתכנון,מעגל תנועה עוקף מזרחי / דרך מנחם בגין- מערבי צומת 1,דרך מנחם בגין,עוקף מזרחי, , , ,לא,לא,לא,לא,לא,לא,לא, ,לא,לא,כן, ,KA,"רבעון 3, 2025",נתיבי איילון / CRG הנדסה, ,212659.66,746007.7
1580,1580.000000,קרית אתא,קרית אתא,0.000000,א,23038.000000,212717.940000,746022.850000,בתכנון,מעגל תנועה עוקף מזרחי / דרך מנחם בגין- מזרחי צומת 2,דרך מנחם בגין,עוקף מזרחי, , , ,לא,לא,לא,לא,לא,לא,לא, ,לא,לא,כן, ,KA,"רבעון 3, 2025",נתיבי איילון / CRG הנדסה, ,212717.94,746022.85
1581,1581.000000,קרית אתא,קרית אתא,0.000000,א,23039.000000,212951.230000,746064.550000,בתכנון,צומת עוקף מזרחי / אלברטו ג'קומוטי -מערבי- צומת 1,אלברטו ג'קומוטי,עוקף מזרחי, , , ,לא,לא,לא,לא,לא,לא,לא, ,לא,לא,כן, ,KA,"רבעון 3, 2025",נתיבי איילון / CRG הנדסה, ,212951.23,746064.55
1582,1582.000000,קרית אתא,קרית אתא,0.000000,א,23040.000000,213013.420000,746072.330000,בתכנון,צומת עוקף מזרחי / אלברטו ג'קומוטי - מזרחי צומת 2,אלברטו ג'קומוטי,עוקף מזרחי, , , ,לא,לא,לא,לא,לא,לא,לא, ,לא,לא,כן, ,KA,"רבעון 3, 2025",נתיבי איילון / CRG הנדסה, ,213013.42,746072.33
1583,1583.000000,קרית אתא,קרית אתא,0.000000,א,23041.000000,211454.140000,745392.410000,בתכנון,צומת שד' יוספטל / כניסה לשכונת אבוקדו דרומי,שד' יוספטל,שכונת אבוקדו, , , ,לא,לא,לא,לא,לא,לא,לא, ,לא,לא,כן, ,KA,"רבעון 3, 2025",נתיבי איילון / CRG הנדסה, ,211454.14,745392.41
1584,1584.000000,קרית אתא,קרית אתא,0.000000,א,23042.000000,211436.770000,745505.210000,בתכנון,צומת שד' יוספטל / כניסה לשכונת אבוקדו צפוני,שד' יוספטל,שכונת אבוקדו, , , ,לא,לא,לא,לא,לא,לא,לא, ,לא,לא,כן, ,KA,"רבעון 3, 2025",נתיבי איילון / CRG הנדסה, ,211436.77,745505.21
1585,1585.000000,קרית אתא,קרית אתא,0.000000,א,23043.000000,211405.770000,745606.300000,בתכנון,מעגל תנועה שד' יוספטל / טרומפלדור- דרומי צומת 1,שד' יוספטל,טרומפלדור, , , ,לא,לא,לא,לא,לא,לא,לא, ,לא,לא,כן, ,KA,"רבעון 3, 2025",נתיבי איילון / CRG הנדסה, ,211405.77,745606.3
1586,1586.000000,קרית אתא,קרית אתא,0.000000,א,23044.000000,211384.100000,745663.610000,בתכנון,מעגל תנועה שד' יוספטל / טרומפלדור-צפוני צומת 2,שד' יוספטל,טרומפלדור, , , ,לא,לא,לא,לא,לא,לא,לא, ,לא,לא,כן, ,KA,"רבעון 3, 2025",נתיבי איילון / CRG הנדסה, ,211384.1,745663.61
1587,1587.000000,קרית אתא,קרית אתא,0.000000,א,23045.000000,211319.260000,745800.050000,בתכנון,מעגל תנועה שד' יוספטל / סירקין- דרומי- צומת 1,שד' יוספטל,סירקין, , , ,לא,לא,לא,לא,לא,לא,לא, ,לא,לא,כן, ,KA,"רבעון 3, 2025",נתיבי איילון / CRG הנדסה, ,211319.26,745800.05
1588,1588.000000,קרית אתא,קרית אתא,0.000000,א,23046.000000,211291.580000,745843.940000,בתכנון,מעגל תנועה שד' יוספטל / סירקין- דרומי- צומת 1,שד' יוספטל,סירקין, , , ,לא,לא,לא,לא,לא,לא,לא, ,לא,לא,כן, ,KA,"רבעון 3, 2025",נתיבי איילון / CRG הנדסה, ,211291.58,745843.94
1589,1589.000000,קרית אתא,קרית אתא,0.000000,א,23047.000000,209992.870000,745152.990000,קיים,שלום סלח / העצמאות,העצמאות,שלום סלח, , , ,לא,לא,לא,לא,לא,לא,לא, ,לא,לא,כן, ,KA,"רבעון 3, 2025",נתיבי איילון / CRG הנדסה, ,209992.87,745152.99
1590,1590.000000,קרית אתא,קרית אתא,0.000000,א,23048.000000,209844.535000,744657.320000,קיים,העצמאות / כינרת,כינרת,העצמאות, , , ,לא,לא,לא,לא,לא,לא,לא, ,לא,לא,כן, ,KA,"רבעון 3, 2025",נתיבי איילון / CRG הנדסה, ,209844.535,744657.32
1591,1591.000000,קרית אתא,קרית אתא,0.000000,א,23049.000000,209404.669000,744654.196000,בתכנון,כינרת / לילנבלום,לילנבלום,לילנבלום, , , ,לא,לא,לא,לא,לא,לא,לא, ,לא,לא,כן, ,KA,"רבעון 3, 2025",נתיבי איילון / CRG הנדסה, ,209404.669,744654.196
1592,1592.000000,קרית אתא,קרית אתא,0.000000,א,23050.000000,210827.130000,745131.310000,בתכנון,הציונות / התאנים,התאנים,התאנים, , , ,לא,לא,לא,לא,לא,לא,לא, ,לא,לא,כן, ,KA,"רבעון 3, 2025",נתיבי איילון / CRG הנדסה, ,210827.13,745131.31
1593,1593.000000,קרית אתא,קרית אתא,0.000000,א,23051.000000,210797.830000,745194.180000,בתכנון,הציונות / הנביאים,הנביאים,הנביאים, , , ,לא,לא,לא,לא,לא,לא,לא, ,לא,לא,כן, ,KA,"רבעון 3, 2025",נתיבי איילון / CRG הנדסה, ,210797.83,745194.18
1594,1594.000000,קרית אתא,קרית אתא,0.000000,א,23052.000000,211169.486000,745694.275000,בתכנון,טרמפלדור / שכונת אבוקדו (הגליל),טרומפלדור,הגליל, , , ,לא,לא,לא,לא,לא,לא,לא, ,לא,לא,כן, ,KA,"רבעון 3, 2025",נתיבי איילון / CRG הנדסה, ,211169.486,745694.275
1595,1595.000000,גבעתיים,גבעתיים,0.000000,א,4029.000000,181961.000000,663747.000000,קיים,יצחק רבין - רביבים,דרך יצחק רבין,רביבים, , , ,לא,לא,לא,לא,לא,לא,לא, ,לא,כן,לא, ,GM,"רבעון 3, 2025",נתיבי איילון / CRG הנדסה, ,181961,663747
1596,1596.000000,חולון,חולון,0.000000, ,7110.000000,177508.000000,658991.000000,קיים,דוב הוז - מערב,דוב הוז,קק"ל, , , ,לא,לא,לא,לא,לא,לא,לא, ,כן,לא,לא, ,HLN,"רבעון 3, 2025",נתיבי איילון / CRG הנדסה, ,177508,658991
1597,1597.000000,חולון,חולון,0.000000,א,7111.000000,177579.000000,658993.000000,קיים,דב הוז - קק"ל - מזרח ומערב,דוב הוז,קק"ל, , , ,לא,לא,לא,לא,לא,לא,לא, ,כן,לא,לא, ,HLN,"רבעון 3, 2025",נתיבי איילון / CRG הנדסה, ,177579,658993
1598,1598.000000,חולון,נת"ע,0.000000, ,7112.000000,181319.000000,656826.000000,בתכנון,שדרות ירושלים - מסוף אגד,שדרות ירושלים, , , , ,לא,לא,לא,לא,כן,לא,לא, ,לא,לא,לא, ,HLN,"רבעון 3, 2025",נתיבי איילון / CRG הנדסה, ,181319,656826
1599,1599.000000,בת ים,בת ים,0.000000,א,3061.000000,175962.000000,657513.000000,בתכנון,הנביאים - יצחק שדה - הגנרל קינג,הנביאים,יצחק שדה,גנרל פייר קינג, , ,לא,לא,לא,לא,לא,לא,לא, ,לא,כן,לא, ,BY,"רבעון 3, 2025",נתיבי איילון / CRG הנדסה, ,175962,657513
1600,1600.000000,בת ים,בת ים,0.000000,א,3062.000000,175770.000000,657307.000000,בתכנון,הנביאים - מעבר חציה,הנביאים, , , , ,לא,לא,לא,לא,לא,לא,לא, ,לא,כן,לא, ,BY,"רבעון 3, 2025",נתיבי איילון / CRG הנדסה, ,175770,657307
1601,1601.000000,חולון,חולון,0.000000, ,7113.000000,178945.000000,656919.000000,בתכנון,שדות מנחם בגין - אהוד מנור,שדרות מנחם בגין,אהוד מנור, , , ,לא,לא,לא,לא,לא,לא,לא, ,לא,כן,לא, ,HLN,"רבעון 3, 2025",נתיבי איילון / CRG הנדסה, ,178945,656919
1602,1602.000000,גבעתיים,גבעתיים,0.000000,א,4030.000000,182071.000000,663977.000000,קיים,ויצמן - ריינס - הצנחנים,ויצמן,ריינס,הצנחנים, , ,לא,לא,לא,לא,לא,לא,לא, ,לא,כן,לא, ,GM,"רבעון 3, 2025",נתיבי איילון / CRG הנדסה, ,182071,663977
1603,1603.000000,גבעתיים,גבעתיים,0.000000,א,4031.000000,182084.000000,664541.000000,בתכנון,ויצמן - הל"ה,ויצמן,הל"ה,הל"ה, , ,לא,לא,לא,לא,לא,לא,לא, ,לא,כן,לא, ,GM,"רבעון 3, 2025",נתיבי איילון / CRG הנדסה, ,182084,664541
1604,1604.000000,גבעתיים,גבעתיים,0.000000,א,4032.000000,182088.000000,664557.000000,בתכנון,ויצמן - ז'בוטינסקי - הל"ה,ויצמן,ז'בוטינסקי,הל"ה, , ,לא,לא,לא,לא,לא,לא,לא, ,לא,כן,לא, ,GM,"רבעון 3, 2025",נתיבי איילון / CRG הנדסה, ,182088,664557
1605,1605.000000,חוף השרון,נתיבי איילון,0.000000,א,15001.000000,184718.000000,679952.000000,בתכנון,חניון מתחם שפיים - כניסה צפון מזרחית,כביש 20,חניון קומת קרקע, , , ,לא,לא,לא,לא,לא,לא,לא, ,לא,כן,לא, ,SF,"רבעון 3, 2025",נתיבי איילון / CRG הנדסה, ,184718,679952
1606,1606.000000,חוף השרון,נתיבי איילון,0.000000,א,15002.000000,184793.000000,680092.000000,בתכנון,חניון מתחם שפיים - קומה 3,כביש 20,חניון שפיים קומה 3, , , ,לא,לא,לא,לא,לא,לא,לא, ,לא,כן,לא, ,SF,"רבעון 3, 2025",נתיבי איילון / CRG הנדסה, ,184793,680092
1607,1607.000000,חוף השרון,נתיבי איילון,0.000000,א,15003.000000,184718.000000,679774.000000,קיים,כביש 543 - מחלף מערבי,כביש 543,מחלף מערבי, , , ,לא,לא,לא,לא,לא,לא,לא, ,לא,כן,לא, ,SF,"רבעון 3, 2025",נתיבי איילון / CRG הנדסה, ,184718,679774
1608,1608.000000,חוף השרון,נתיבי איילון,0.000000,א,15004.000000,184350.000000,679929.000000,קיים,כביש 543- כניסה לרישפון,כביש 543,כניסה לרישפון, , , ,לא,לא,לא,לא,לא,לא,לא, ,לא,כן,לא, ,SF,"רבעון 3, 2025",נתיבי איילון / CRG הנדסה, ,184350,679929
1609,1609.000000,חוף השרון,נתיבי איילון,0.000000,א,15005.000000,185046.000000,679631.000000,קיים,כביש 543 מחלף מזרחי,כביש 543,מחלף מזרחי, , , ,לא,לא,לא,לא,לא,לא,לא, ,לא,כן,לא, ,SF,"רבעון 3, 2025",נתיבי איילון / CRG הנדסה, ,185046,679631
1610,1610.000000,נס ציונה,נס ציונה,0.000000, ,19020.000000,181053.000000,648425.000000,בתכנון,ויצמן - רוטשליד - ביאליק,ויצמן,רוטשילד,ביאליק, , ,לא,לא,כן,לא,לא,לא,לא, ,לא,לא,לא, ,NS,"רבעון 3, 2025",נתיבי איילון / CRG הנדסה, ,181053,648425
1611,1611.000000,נס ציונה,נס ציונה,0.000000, ,19021.000000,181027.000000,648308.000000,בתכנון,ויצמן - נורדאו,ויצמן,נורדאו, , , ,לא,לא,כן,לא,לא,לא,לא, ,לא,לא,לא, ,NS,"רבעון 3, 2025",נתיבי איילון / CRG הנדסה, ,181027,648308
1612,1612.000000,נס ציונה,נס ציונה,0.000000, ,19022.000000,181013.000000,648245.000000,בתכנון,ויצמן - השקמה,ויצמן,השקמה, , , ,לא,לא,כן,לא,לא,לא,לא, ,לא,לא,לא, ,NS,"רבעון 3, 2025",נתיבי איילון / CRG הנדסה, ,181013,648245
1613,1613.000000,אור יהודה,אור יהודה,0.000000, ,2029.000000,186409.000000,658767.000000,בתכנון,אריאל שרון - מסוף,אריאל שרון, , , , ,לא,לא,לא,לא,לא,לא,לא, ,לא,כן,לא, ,OY,"רבעון 3, 2025",נתיבי איילון / CRG הנדסה,OY29,186409,658767
1614,1614.000000,אור יהודה,אור יהודה,0.000000, ,2030.000000,186747.000000,658794.000000,בתכנון,אריאל שרון - אבי ואביב,אריאל שרון,אבי ואביב, , , ,לא,לא,לא,לא,לא,לא,לא, ,לא,כן,לא, ,OY,"רבעון 3, 2025",נתיבי איילון / CRG הנדסה,OY30,186747,658794
1615,1615.000000,נתניה,נתניה,0.000000, ,21010.000000,185145.000000,686751.000000,בתכנון,שוש עטרי - הלילך,שוש עטרי,הלילך, , , ,לא,כן,לא,לא,לא,לא,לא, ,לא,לא,לא, ,NT,"רבעון 3, 2025",נתיבי איילון / CRG הנדסה, ,185145,686751
1616,1616.000000,נתניה,נתניה,0.000000, ,21011.000000,185186.000000,686846.000000,בתכנון,אהוד מנור - שוש עטרי,אהוד מנור,שוש עטרי, , , ,לא,כן,לא,לא,לא,לא,לא, ,לא,לא,לא, ,NT,"רבעון 3, 2025",נתיבי איילון / CRG הנדסה, ,185186,686846
1617,1617.000000,נתניה,נתניה,0.000000, ,21012.000000,185438.000000,686866.000000,בתכנון,זלמן שז"ר - דודו דותן - אהוד מנור,זלמן שז"ר,דודו דותן,אהוד מנור, , ,לא,כן,לא,לא,לא,לא,לא, ,לא,לא,לא, ,NT,"רבעון 3, 2025",נתיבי איילון / CRG הנדסה, ,185438,686866
1618,1618.000000,נתניה,נתניה,0.000000, ,21013.000000,185546.000000,686924.000000,בתכנון,זלמן שז"ר - מרדכי גור,זלמן שז"ר,מרדכי גור, , , ,לא,כן,לא,לא,לא,לא,לא, ,לא,לא,לא, ,NT,"רבעון 3, 2025",נתיבי איילון / CRG הנדסה, ,185546,686924
1619,1619.000000,נתניה,נתניה,0.000000, ,21014.000000,185781.000000,687061.000000,קיים,זלמן שז"ר - בני ברמן - אמנון ותמר,זלמן שז"ר,בני ברמן,אמנון ותמר, , ,לא,כן,לא,לא,לא,לא,לא, ,לא,לא,לא, ,NT,"רבעון 3, 2025",נתיבי איילון / CRG הנדסה, ,185781,687061
1620,1620.000000,נתניה,נתניה,0.000000, ,21015.000000,186048.000000,687215.000000,קיים,זלמן שז"ר - בן גוריון - פנחס לבון,זלמן שז"ר,בן גוריון,פנחס לבון, , ,לא,כן,לא,לא,לא,לא,לא, ,לא,לא,לא, ,NT,"רבעון 3, 2025",נתיבי איילון / CRG הנדסה, ,186048,687215
1621,1621.000000,נתניה,נתניה,0.000000, ,21016.000000,186222.000000,687334.000000,קיים,פנחס לנון - גולדה מאיר,פנחס לנון,גולדה מאיר, , , ,לא,כן,לא,לא,לא,לא,לא, ,לא,לא,לא, ,NT,"רבעון 3, 2025",נתיבי איילון / CRG הנדסה, ,186222,687334
1622,1622.000000,נתניה,נתניה,0.000000, ,21017.000000,186313.000000,687474.000000,קיים,פנחס לנון - רוטנברג - ש"י עגנון,פנחס לנון,רוטנברג,ש"י עגנון, , ,לא,כן,לא,לא,לא,לא,לא, ,לא,לא,לא, ,NT,"רבעון 3, 2025",נתיבי איילון / CRG הנדסה, ,186313,687474
1623,1623.000000,נתניה,נתניה,0.000000, ,21018.000000,186425.000000,687722.000000,קיים,פנחס לנון - בר יהודה - וייסלברגר,פנחס לנון,בר יהודה,וייסלברגר טיודור, , ,לא,כן,לא,לא,לא,לא,לא, ,לא,לא,לא, ,NT,"רבעון 3, 2025",נתיבי איילון / CRG הנדסה, ,186425,687722
1624,1624.000000,נתניה,נתניה,0.000000, ,21019.000000,186518.000000,688086.000000,קיים,פנחס לנון - הרב רפאל - קצנלסון,פנחס לנון,הרב רפאל,יצחק קצנלסון, , ,לא,כן,לא,לא,לא,לא,לא, ,לא,לא,לא, ,NT,"רבעון 3, 2025",נתיבי איילון / CRG הנדסה, ,186518,688086
1625,1625.000000,נתניה,נתניה,0.000000, ,21020.000000,186559.000000,688280.000000,קיים,פנחס לנון - שלום עליכם,פנחס לנון,שלום עליכם, , , ,לא,כן,לא,לא,לא,לא,לא, ,לא,לא,לא, ,NT,"רבעון 3, 2025",נתיבי איילון / CRG הנדסה, ,186559,688280
1626,1626.000000,נתניה,נתניה,0.000000, ,21021.000000,186575.000000,688386.000000,בתכנון,פנחס לבון - בן צבי - אייזק ניוטון,בן צבי,אייזק ניוטון,פנחס לבון, , ,לא,כן,לא,לא,לא,לא,לא, ,לא,לא,לא, ,NT,"רבעון 3, 2025",נתיבי איילון / CRG הנדסה, ,186575,688386
1627,1627.000000,נתניה,נתניה,0.000000, ,21022.000000,186448.000000,688584.000000,קיים,בן צבי - אגם כנרת - האחים רייט,בן צבי,אגם כנרת,האחיים רייט, , ,לא,כן,לא,לא,לא,לא,לא, ,לא,לא,לא, ,NT,"רבעון 3, 2025",נתיבי איילון / CRG הנדסה, ,186448,688584
1628,1628.000000,נתניה,נתניה,0.000000, ,21023.000000,186320.000000,688871.000000,בתכנון,בן צבי - זיגמוינד פרויד - אגם החולה,בן צבי,זיגמוינד פרויד,אגם החולה, , ,לא,כן,לא,לא,לא,לא,לא, ,לא,לא,לא, ,NT,"רבעון 3, 2025",נתיבי איילון / CRG הנדסה, ,186320,688871
1629,1629.000000,נתניה,נתניה,0.000000, ,21024.000000,186325.000000,689023.000000,קיים,בן צבי - גרינבוים - בעל התניא,בן צבי,גרינבוים,בעל התניא, , ,לא,כן,לא,לא,לא,לא,לא, ,לא,לא,לא, ,NT,"רבעון 3, 2025",נתיבי איילון / CRG הנדסה, ,186325,689023
1630,1630.000000,נתניה,נתניה,0.000000, ,21025.000000,186387.000000,689345.000000,קיים,בן צבי - הנביאים,בן צבי,הנביאים, , , ,לא,כן,לא,לא,לא,לא,לא, ,לא,לא,לא, ,NT,"רבעון 3, 2025",נתיבי איילון / CRG הנדסה, ,186387,689345
1631,1631.000000,נתניה,נתניה,0.000000, ,21026.000000,186407.000000,689463.000000,קיים,בן צבי - שמחה ארליך,בן צבי,שמחה ארליך, , , ,לא,כן,לא,לא,לא,לא,לא, ,לא,לא,לא, ,NT,"רבעון 3, 2025",נתיבי איילון / CRG הנדסה, ,186407,689463
1632,1632.000000,נתניה,נתניה,0.000000, ,21027.000000,186456.000000,689699.000000,קיים,בן צבי - פלוגת מכבי - נחום,בן צבי,פלוגת מכבי,נחום, , ,לא,כן,לא,לא,לא,לא,לא, ,לא,לא,לא, ,NT,"רבעון 3, 2025",נתיבי איילון / CRG הנדסה, ,186456,689699
1633,1633.000000,נתניה,נתניה,0.000000, ,21028.000000,186536.000000,690133.000000,בתכנון,בן צבי - אירנה סנדלר,בן צבי,אירנה סנדלר, , , ,לא,כן,לא,לא,לא,לא,לא, ,לא,לא,לא, ,NT,"רבעון 3, 2025",נתיבי איילון / CRG הנדסה, ,186536,690133
1634,1634.000000,נתניה,נתניה,0.000000, ,21029.000000,186523.000000,690408.000000,בתכנון,בן צבי - ראול ולנברג,בן צבי,ראול ולנברג, , , ,לא,כן,לא,לא,לא,לא,לא, ,לא,לא,לא, ,NT,"רבעון 3, 2025",נתיבי איילון / CRG הנדסה, ,186523,690408
1635,1635.000000,נתניה,נתניה,0.000000, ,21030.000000,186520.000000,690598.000000,קיים,בן צבי - רפאל איתן,בן צבי,רפאל איתן, , , ,לא,כן,לא,לא,לא,לא,לא, ,לא,לא,לא, ,NT,"רבעון 3, 2025",נתיבי איילון / CRG הנדסה, ,186520,690598
1636,1636.000000,נתניה,נתניה,0.000000, ,21031.000000,186537.000000,690802.000000,קיים,בן צבי - הגר"א,בן צבי,הגר"א, , , ,לא,כן,לא,לא,לא,לא,לא, ,לא,לא,לא, ,NT,"רבעון 3, 2025",נתיבי איילון / CRG הנדסה, ,186537,690802
1637,1637.000000,רמת השרון,רמת השרון,0.000000, ,34014.000000,181998.000000,673369.000000,בתכנון,מחלף רב מכר- מזרח,כביש 2,דרך אלטנוילנד, , , ,לא,לא,לא,לא,לא,לא,לא, ,לא,כן,לא, ,RH,"רבעון 3, 2025",נתיבי איילון / CRG הנדסה, ,181998,673369
1638,1638.000000,רמת השרון,רמת השרון,0.000000, ,34015.000000,181891.000000,673418.000000,בתכנון,מחלף רב מכר- מערב,כביש 2,דרך אלטנוילנד, , , ,לא,לא,לא,לא,לא,לא,לא, ,לא,כן,לא, ,RH,"רבעון 3, 2025",נתיבי איילון / CRG הנדסה, ,181891,673418
1639,1639.000000,ראשון לציון,נתיבי איילון,0.000000,א,11139.000000,177414.000000,652780.000000,קיים,ציר הכיכרות 3,ציר הכיכרות,כביש 20, , , ,לא,לא,לא,לא,לא,לא,לא, ,לא,כן,לא, ,RL,"רבעון 3, 2025",נתיבי איילון / CRG הנדסה, ,177414,652780
1640,1640.000000,רמלה,רמלה,0.000000, ,18044.000000,185332.000000,648246.000000,בתכנון,כביש 200 - ג'ואריש,כביש 200,ג'ואריש, , , ,לא,לא,לא,לא,לא,לא,לא, ,לא,כן,לא, ,RAMLA,"רבעון 3, 2025",נתיבי איילון / CRG הנדסה, ,185332,648246
1641,1641.000000,בני ברק,בני ברק,0.000000, ,1054.000000,184798.900000,667818.860000,בתכנון,אצ"ל-לח"י,לח"י,אצ"ל, , , ,לא,לא,לא,לא,לא,לא,לא, ,כן,לא,לא, ,BB,"רבעון 3, 2025",נתיבי איילון / CRG הנדסה, ,184798.9,667818.86
1642,1642.000000,בני ברק,בני ברק,0.000000, ,1055.000000,184984.910000,667798.760000,בתכנון,לח"י- חניון אוטובוסים,לח"י, , , , ,לא,לא,לא,לא,לא,לא,לא, ,כן,לא,לא, ,BB,"רבעון 3, 2025",נתיבי איילון / CRG הנדסה, ,184984.91,667798.76
1643,1643.000000,בני ברק,בני ברק,0.000000, ,1056.000000,185254.360000,667799.460000,בתכנון,לח"י - ציר 4,לח"י,ציר 4, , , ,לא,לא,לא,לא,לא,לא,לא, ,כן,לא,לא, ,BB,"רבעון 3, 2025",נתיבי איילון / CRG הנדסה, ,185254.36,667799.46
1644,1644.000000,בני ברק,בני ברק,0.000000, ,1057.000000,185238.520000,667922.200000,בתכנון,אצ"ל -ציר 4,אצ"ל,ציר 4, , , ,לא,לא,לא,לא,לא,לא,לא, ,כן,לא,לא, ,BB,"רבעון 3, 2025",נתיבי איילון / CRG הנדסה, ,185238.52,667922.2
1645,1645.000000,בני ברק,בני ברק,0.000000, ,1058.000000,184123.240000,667892.710000,בתכנון,לח"י – רמפה מרחוב מבצע קדש,לח"י,מבצע קדש, , , ,לא,לא,לא,לא,לא,לא,לא, ,כן,לא,לא, ,BB,"רבעון 3, 2025",נתיבי איילון / CRG הנדסה, ,184123.24,667892.71
1646,1646.000000,רמת גן,רמת גן,0.000000, ,13104.000000,185290.250000,660972.790000,בתכנון,בי"ח שיבא כניסה דרומית - מאיר שמגר,מאיר שמגר, , , , ,לא,לא,לא,לא,לא,לא,לא, ,כן,לא,לא, ,RG,"רבעון 3, 2025",נתיבי איילון / CRG הנדסה, ,185290.25,660972.79
1647,1647.000000,לוד,לוד,0.000000, ,17034.000000,190114.000000,650640.000000,בתכנון,הנרייטה סאלד/נחושתן,הנרייטה סולד,אורי נחושתן, , , ,לא,לא,לא,לא,לא,לא,לא, ,כן,לא,לא, ,LOD,"רבעון 3, 2025",נתיבי איילון / CRG הנדסה, ,190114,650640
1648,1648.000000,ראשון לציון,ראשון לציון,0.000000, ,11140.000000,181921.000000,653309.000000,קיים,צבי פרנק - פינסקר,צבי פרנק,יהודה לייב פינסקר, , , ,לא,לא,לא,לא,לא,לא,לא, ,לא,כן,לא, ,RL,"רבעון 3, 2025",נתיבי איילון / CRG הנדסה, ,181921,653309
1649,1649.000000,ראשון לציון,ראשון לציון,0.000000, ,11141.000000,182252.000000,654741.000000,בתכנון,דרך המכבים - התעשיין,דרך המכבים,התעשיין, , , ,לא,לא,לא,לא,לא,לא,לא, ,לא,כן,לא, ,RL,"רבעון 3, 2025",נתיבי איילון / CRG הנדסה, ,182252,654741
1650,1650.000000,בני ברק,בני ברק,0.000000, ,1059.000000,184964.000000,667560.000000,בתכנון,דרך אם המושבות - גשר הלגינג,דרך אם המושבות, , , , ,לא,לא,לא,לא,לא,לא,לא, ,לא,כן,לא, ,BB,"רבעון 3, 2025",נתיבי איילון / CRG הנדסה, ,184964,667560
1651,1651.000000,נתניה,נתניה,0.000000, ,21032.000000,186867.000000,692764.000000,קיים,הרצל - ויצמן,הרצל,ויצמן, , , ,כן,לא,לא,כן,לא,לא,לא, ,לא,לא,לא, ,NT,"רבעון 3, 2025",נתיבי איילון / CRG הנדסה, ,186867,692764
1652,1652.000000,נתניה,נתניה,0.000000, ,21033.000000,186942.000000,692733.000000,קיים,הרצל - שוהם,הרצל,שוהם, , , ,כן,לא,לא,לא,לא,לא,לא, ,לא,לא,לא, ,NT,"רבעון 3, 2025",נתיבי איילון / CRG הנדסה, ,186942,692733
1653,1653.000000,נתניה,נתניה,0.000000, ,21034.000000,187165.000000,692643.000000,קיים,הרצל - פתח תקווה - רזיאל,הרצל,פתח תקווה,רזיאל, , ,כן,לא,לא,לא,לא,לא,לא, ,לא,לא,לא, ,NT,"רבעון 3, 2025",נתיבי איילון / CRG הנדסה, ,187165,692643
1654,1654.000000,נתניה,נתניה,0.000000, ,21035.000000,187285.000000,692579.000000,קיים,הרצל - מינץ,הרצל,מינץ, , , ,כן,לא,לא,לא,לא,לא,לא, ,לא,לא,לא, ,NT,"רבעון 3, 2025",נתיבי איילון / CRG הנדסה, ,187285,692579
1655,1655.000000,נתניה,נתניה,0.000000, ,21036.000000,187431.000000,692499.000000,בתכנון,הרצל - עולי הגרדום,הרצל,עולי הגרדום, , , ,כן,לא,לא,לא,לא,לא,לא, ,לא,לא,לא, ,NT,"רבעון 3, 2025",נתיבי איילון / CRG הנדסה, ,187431,692499
1656,1656.000000,נתניה,נתניה,0.000000, ,21037.000000,187591.000000,692434.000000,קיים,מחלף נתניה - צומת מערבי - גבע,כביש 57,גבע, , , ,כן,לא,לא,לא,לא,לא,לא, ,לא,לא,לא, ,NT,"רבעון 3, 2025",נתיבי איילון / CRG הנדסה, ,187591,692434
1657,1657.000000,נתניה,נתניה,0.000000, ,21038.000000,187881.000000,692391.000000,קיים,מחלף נתניה - צומת מזרחי - הרכבת,כביש 57,הרכבת, , , ,כן,לא,לא,לא,לא,לא,לא, ,לא,לא,לא, ,NT,"רבעון 3, 2025",נתיבי איילון / CRG הנדסה, ,187881,692391
1658,1658.000000,נתניה,נתניה,0.000000, ,21039.000000,188190.000000,692343.000000,בתכנון,דרך 57 - מעבר נת"צ,כביש 57, , , , ,כן,לא,לא,לא,לא,לא,לא, ,לא,לא,לא, ,NT,"רבעון 3, 2025",נתיבי איילון / CRG הנדסה, ,188190,692343
1659,1659.000000,נתניה,נתניה,0.000000, ,21040.000000,186580.000000,691000.000000,קיים,יצחק בן צבי - אברהמס - האר"י - בן עובדיה,שדרות בן צבי,היהלומן אברהמס,עובדיה בן שלום,האר"י, ,לא,לא,לא,כן,לא,לא,לא, ,לא,לא,לא, ,NT,"רבעון 3, 2025",נתיבי איילון / CRG הנדסה, ,186580,691000
1660,1660.000000,נתניה,נתניה,0.000000, ,21041.000000,186352.000000,691037.000000,קיים,אברהמס - שדרות בנימין,שדרות בנימין,היהלומן אברהמס, , , ,לא,לא,לא,כן,לא,לא,לא, ,לא,לא,לא, ,NT,"רבעון 3, 2025",נתיבי איילון / CRG הנדסה, ,186352,691037
1661,1661.000000,נתניה,נתניה,0.000000, ,21042.000000,186403.000000,691170.000000,בתכנון,שדרות בנימין - מקלף - יצחק כהן,שדרות בנימין,מדרכי מקלף,יצחק כהן, , ,לא,לא,לא,כן,לא,לא,לא, ,לא,לא,לא, ,NT,"רבעון 3, 2025",נתיבי איילון / CRG הנדסה, ,186403,691170
1662,1662.000000,נתניה,נתניה,0.000000, ,21043.000000,186519.000000,691426.000000,בתכנון,שדרות בנימין - הרב טביב,שדרות בנימין,הרב טביב, , , ,לא,לא,לא,כן,לא,לא,לא, ,לא,לא,לא, ,NT,"רבעון 3, 2025",נתיבי איילון / CRG הנדסה, ,186519,691426
1663,1663.000000,נתניה,נתניה,0.000000, ,21044.000000,186562.000000,691634.000000,קיים,שדרות בנימין - בן אב"י,שדרות בנימין,שדרות בן אב"י, , , ,לא,לא,לא,כן,לא,לא,לא, ,לא,לא,לא, ,NT,"רבעון 3, 2025",נתיבי איילון / CRG הנדסה, ,186562,691634
1664,1664.000000,נתניה,נתניה,0.000000, ,21045.000000,186637.000000,691982.000000,קיים,שדרות בנימין - טשרניחובסקי - שמעון גבאי,שדרות בנימין,טשרניחובסקי,הרב שמעון גבאי, , ,לא,לא,לא,כן,לא,לא,לא, ,לא,לא,לא, ,NT,"רבעון 3, 2025",נתיבי איילון / CRG הנדסה, ,186637,691982
1665,1665.000000,נתניה,נתניה,0.000000, ,21046.000000,186691.000000,692252.000000,קיים,שדרות בנימין - ירושלים,שדרות בנימין,שדרות ירושלים, , , ,לא,לא,לא,כן,לא,לא,לא, ,לא,לא,לא, ,NT,"רבעון 3, 2025",נתיבי איילון / CRG הנדסה, ,186691,692252
1666,1666.000000,נתניה,נתניה,0.000000, ,21047.000000,186767.000000,692480.000000,קיים,שדרות בנימין - לילנבלום - רמז,שדרות בנימין,לילנבלום,דוד רמז, , ,לא,לא,לא,כן,לא,לא,לא, ,לא,לא,לא, ,NT,"רבעון 3, 2025",נתיבי איילון / CRG הנדסה, ,186767,692480
1667,1667.000000,נתניה,נתניה,0.000000, ,21048.000000,186815.000000,692616.000000,קיים,שדרות בנימין - צבי אלון - שער הגיא,שדרות בנימין,צבי אלון,שער הגיא, , ,לא,לא,לא,כן,לא,לא,לא, ,לא,לא,לא, ,NT,"רבעון 3, 2025",נתיבי איילון / CRG הנדסה, ,186815,692616
1668,1668.000000,נתניה,נתניה,0.000000, ,21049.000000,186908.000000,692897.000000,קיים,ויצמן - היהלום,ויצמן,היהלום, , , ,לא,לא,לא,כן,לא,לא,לא, ,לא,לא,לא, ,NT,"רבעון 3, 2025",נתיבי איילון / CRG הנדסה, ,186908,692897
1669,1669.000000,נתניה,נתניה,0.000000, ,21050.000000,186934.000000,693149.000000,קיים,ויצמן - ששת הימים,ויצמן,ששת הימין, , , ,לא,לא,לא,כן,לא,לא,לא, ,לא,לא,לא, ,NT,"רבעון 3, 2025",נתיבי איילון / CRG הנדסה, ,186934,693149
1670,1670.000000,נתניה,נתניה,0.000000, ,21051.000000,186969.000000,693528.000000,קיים,ויצמן - ברנר - משה שפירא,ויצמן,ברנר,משה שפירא, , ,לא,לא,לא,כן,לא,לא,לא, ,לא,לא,לא, ,NT,"רבעון 3, 2025",נתיבי איילון / CRG הנדסה, ,186969,693528
1671,1671.000000,נתניה,נתניה,0.000000, ,21052.000000,187005.000000,693868.000000,קיים,ויצמן - יהודה הנשיא - שרת,ויצמן,יהודה הנשיא,שרת, , ,לא,לא,לא,כן,לא,לא,לא, ,לא,לא,לא, ,NT,"רבעון 3, 2025",נתיבי איילון / CRG הנדסה, ,187005,693868
1672,1672.000000,נתניה,נתניה,0.000000, ,21053.000000,187058.000000,694298.000000,קיים,ויצמן - סוקולוב - הרב הרצוג,ויצמן,סוקולוב,הרב הרצוג, , ,לא,לא,לא,כן,לא,לא,לא, ,לא,לא,לא, ,NT,"רבעון 3, 2025",נתיבי איילון / CRG הנדסה, ,187058,694298
1673,1673.000000,נתניה,נתניה,0.000000, ,21054.000000,186696.000000,694251.000000,בתכנון,הרצוג - יהושע טהון,הרצוג,יהושע טהון, , , ,לא,לא,לא,כן,לא,לא,לא, ,לא,לא,לא, ,NT,"רבעון 3, 2025",נתיבי איילון / CRG הנדסה, ,186696,694251
1674,1674.000000,נתניה,נתניה,0.000000, ,21055.000000,186483.000000,694287.000000,בתכנון,הרצוג - שלמה המלך,הרצוג,שלמה המלך, , , ,לא,לא,לא,כן,לא,לא,לא, ,לא,לא,לא, ,NT,"רבעון 3, 2025",נתיבי איילון / CRG הנדסה, ,186483,694287
1675,1675.000000,נתניה,נתניה,0.000000, ,21056.000000,186403.000000,694349.000000,בתכנון,הרצוג - שדרות ניצה - המלכים,הרצוג,שדרות ניצה,המלכים, , ,לא,לא,לא,כן,לא,לא,לא, ,לא,לא,לא, ,NT,"רבעון 3, 2025",נתיבי איילון / CRG הנדסה, ,186403,694349
1676,1676.000000,נתניה,נתניה,0.000000, ,21057.000000,186537.000000,694777.000000,בתכנון,המלכים - הרב מיימון,המלכים,הרב מיימון, , , ,לא,לא,לא,כן,לא,לא,לא, ,לא,לא,לא, ,NT,"רבעון 3, 2025",נתיבי איילון / CRG הנדסה, ,186537,694777
1677,1677.000000,נתניה,נתניה,0.000000, ,21058.000000,186575.000000,694921.000000,בתכנון,המלכים - אח"י דקר,המלכים,אח"י דקר, , , ,לא,לא,לא,כן,לא,לא,לא, ,לא,לא,לא, ,NT,"רבעון 3, 2025",נתיבי איילון / CRG הנדסה, ,186575,694921
1678,1678.000000,נתניה,נתניה,0.000000, ,21059.000000,186600.000000,695012.000000,בתכנון,המלכים - הגדוד העברי,המלכים,הגדוד העברי, , , ,לא,לא,לא,כן,לא,לא,לא, ,לא,לא,לא, ,NT,"רבעון 3, 2025",נתיבי איילון / CRG הנדסה, ,186600,695012
1679,1679.000000,ראשון לציון,ראשון לציון,0.000000, ,11142.000000,176855.765000,653185.161000,בתכנון,דרך ההצלחה - טומי לפיד - הכניסה לאצטדיון - J1,דרך ההצלחה,יוסף טומי לפיד, , , ,לא,לא,לא,לא,לא,לא,לא, ,לא,כן,לא, ,RL,"רבעון 3, 2025",נתיבי איילון / CRG הנדסה, ,176855.765,653185.161
1680,1680.000000,ראשון לציון,ראשון לציון,0.000000, ,11143.000000,177060.904000,653032.610000,בתכנון,דרך ההצלחה - כביש 20,דרך ההצלחה,כביש 20, , , ,לא,לא,לא,לא,לא,לא,לא, ,לא,כן,לא, ,RL,"רבעון 3, 2025",נתיבי איילון / CRG הנדסה, ,177060.904,653032.61
1681,1681.000000,כרמיאל,כרמיאל,0.000000, ,14001.000000,226565.000000,757304.000000,קיים,כיכר כרמים - שדרות נשיאי ישראל - השלום מערב,נשיאי ישראל,השלום, , , ,לא,לא,לא,לא,לא,לא,לא, ,לא,כן,לא,601,CA,"רבעון 3, 2025",נתיבי איילון / CRG הנדסה, ,226565,757304
1682,1682.000000,כרמיאל,כרמיאל,0.000000, ,14002.000000,227794.000000,757060.000000,קיים,כיכר האירוסים - נשיאי ישראל - קק"ל - מורד הגיא,נשיאי ישראל,קק"ל,מורד הגיא, , ,לא,לא,לא,לא,לא,לא,לא, ,לא,כן,לא,602,CA,"רבעון 3, 2025",נתיבי איילון / CRG הנדסה, ,227794,757060
1683,1683.000000,כרמיאל,כרמיאל,0.000000, ,14003.000000,228543.000000,758644.000000,קיים,נשיאי ישראל - חרושת - דרור,נשיאי ישראל,חרושת,דרור, , ,לא,לא,לא,לא,לא,לא,לא, ,לא,כן,לא,603,CA,"רבעון 3, 2025",נתיבי איילון / CRG הנדסה, ,228543,758644
1684,1684.000000,כרמיאל,כרמיאל,0.000000, ,14004.000000,228442.000000,758620.000000,קיים,דרור - תחנה מרכזית,דרור, , , , ,לא,לא,לא,לא,לא,לא,לא, ,לא,כן,לא,604,CA,"רבעון 3, 2025",נתיבי איילון / CRG הנדסה, ,228442,758620
1685,1685.000000,כרמיאל,כרמיאל,0.000000, ,14005.000000,228783.000000,758581.000000,קיים,חרושת - העמק - הכבאי,חרושת,העמק,הכבאי, , ,לא,לא,לא,לא,לא,לא,לא, ,לא,כן,לא,605,CA,"רבעון 3, 2025",נתיבי איילון / CRG הנדסה, ,228783,758581
1686,1686.000000,כרמיאל,כרמיאל,0.000000, ,14006.000000,228977.000000,758506.000000,קיים,חרושת - יורצים מערב,חרושת,יוצרים מערב, , , ,לא,לא,לא,לא,לא,לא,לא, ,לא,כן,לא,606,CA,"רבעון 3, 2025",נתיבי איילון / CRG הנדסה, ,228977,758506
1687,1687.000000,כרמיאל,כרמיאל,0.000000, ,14007.000000,229298.000000,758514.000000,קיים,חרושת - המלאכה - חרמש,חרושת,המלאכה,חרמש, , ,לא,לא,לא,לא,לא,לא,לא, ,לא,כן,לא,607,CA,"רבעון 3, 2025",נתיבי איילון / CRG הנדסה, ,229298,758514
1688,1688.000000,כרמיאל,כרמיאל,0.000000, ,14008.000000,229819.000000,758680.000000,קיים,חרושת - חשמל - יוצרים מזרח,חרושת,חשמל,יוצרים מזרח, , ,לא,לא,לא,לא,לא,לא,לא, ,לא,כן,לא,608,CA,"רבעון 3, 2025",נתיבי איילון / CRG הנדסה, ,229819,758680
1689,1689.000000,כרמיאל,כרמיאל,0.000000, ,14009.000000,230019.000000,758749.000000,קיים,חרושת - יזם,חרושת,יזם, , , ,לא,לא,לא,לא,לא,לא,לא, ,לא,כן,לא,609,CA,"רבעון 3, 2025",נתיבי איילון / CRG הנדסה, ,230019,758749
1690,1690.000000,כרמיאל,כרמיאל,0.000000, ,14010.000000,230719.000000,759137.000000,קיים,מעלה כמון - ביג,מעלה כמון,ביג, , , ,לא,לא,לא,לא,לא,לא,לא, ,לא,כן,לא, ,CA,"רבעון 3, 2025",נתיבי איילון / CRG הנדסה, ,230719,759137
1691,1691.000000,כרמיאל,כרמיאל,0.000000, ,14011.000000,230701.000000,759195.000000,קיים,מעלה כמון - ביג - חוצות,מעלה כמון,ביג,חוצות, , ,לא,לא,לא,לא,לא,לא,לא, ,לא,כן,לא,610,CA,"רבעון 3, 2025",נתיבי איילון / CRG הנדסה, ,230701,759195
1692,1692.000000,רמת גן,רמת גן,0.000000, ,13105.000000,185440.000000,660934.000000,בתכנון,מאיר שמגר - מרים נאור,מאיר שמגר,מרים נאור, , , ,לא,לא,לא,לא,לא,לא,לא, ,לא,כן,לא, ,RG,"רבעון 3, 2025",נתיבי איילון / CRG הנדסה, ,185440,660934
1693,1693.000000,לוד,נתיבי איילון,0.000000, ,17035.000000,187716.000000,650604.000000,בתכנון,צומת מס' 3,כביש 200,שכונת הרכבת, , , ,לא,לא,לא,לא,לא,לא,לא, ,לא,כן,לא, ,LOD,"רבעון 3, 2025",נתיבי איילון / CRG הנדסה, ,187716,650604
1694,1694.000000,לוד,נתיבי איילון,0.000000, ,17036.000000,188042.000000,651610.000000,בתכנון,צומת מס' 4,כביש 201,פרדס שניר, , , ,לא,לא,לא,לא,לא,לא,לא, ,לא,כן,לא, ,LOD,"רבעון 3, 2025",נתיבי איילון / CRG הנדסה, ,188042,651610
1695,1695.000000,לוד,נתיבי איילון,0.000000, ,17037.000000,188168.000000,651811.000000,בתכנון,צומת מס' 5,כביש 202, , , , ,לא,לא,לא,לא,לא,לא,לא, ,לא,כן,לא, ,LOD,"רבעון 3, 2025",נתיבי איילון / CRG הנדסה, ,188168,651811
1696,1696.000000,לוד,נתיבי איילון,0.000000, ,17038.000000,188206.000000,652004.000000,בתכנון,צומת מס' 6,כביש 203, , , , ,לא,לא,לא,לא,לא,לא,לא, ,לא,כן,לא, ,LOD,"רבעון 3, 2025",נתיבי איילון / CRG הנדסה, ,188206,652004
1697,1697.000000,לוד,נתיבי איילון,0.000000, ,17039.000000,188236.000000,652207.000000,בתכנון,צומת מס' 7,כביש 204, , , , ,לא,לא,לא,לא,לא,לא,לא, ,לא,כן,לא, ,LOD,"רבעון 3, 2025",נתיבי איילון / CRG הנדסה, ,188236,652207
1698,1698.000000,לוד,נתיבי איילון,0.000000, ,17040.000000,188268.000000,652418.000000,בתכנון,צומת מס' 8,כביש 205, , , , ,לא,לא,לא,לא,לא,לא,לא, ,לא,כן,לא, ,LOD,"רבעון 3, 2025",נתיבי איילון / CRG הנדסה, ,188268,652418
1699,1699.000000,לוד,נתיבי איילון,0.000000, ,17041.000000,188333.000000,652625.000000,בתכנון,צומת מס' 9,כביש 206, , , , ,לא,לא,לא,לא,לא,לא,לא, ,לא,כן,לא, ,LOD,"רבעון 3, 2025",נתיבי איילון / CRG הנדסה, ,188333,652625
1700,1700.000000,לוד,נתיבי איילון,0.000000, ,17042.000000,189041.000000,653120.000000,בתכנון,צומת מס' 10,כביש 207, , , , ,לא,לא,לא,לא,לא,לא,לא, ,לא,כן,לא, ,LOD,"רבעון 3, 2025",נתיבי איילון / CRG הנדסה, ,189041,653120
1701,1701.000000,לוד,נתיבי איילון,0.000000, ,17043.000000,189196.000000,653115.000000,בתכנון,צומת מס' 10A,כביש 208, , , , ,לא,לא,לא,לא,לא,לא,לא, ,לא,כן,לא, ,LOD,"רבעון 3, 2025",נתיבי איילון / CRG הנדסה, ,189196,653115
1702,1702.000000,לוד,נתיבי איילון,0.000000, ,17044.000000,189612.000000,653120.000000,בתכנון,צומת מס' 11,כביש 209, , , , ,לא,לא,לא,לא,לא,לא,לא, ,לא,כן,לא, ,LOD,"רבעון 3, 2025",נתיבי איילון / CRG הנדסה, ,189612,653120
1703,1703.000000,לוד,נתיבי איילון,0.000000, ,17045.000000,190269.000000,653129.000000,בתכנון,צומת מס' 12,כביש 210, , , , ,לא,לא,לא,לא,לא,לא,לא, ,לא,כן,לא, ,LOD,"רבעון 3, 2025",נתיבי איילון / CRG הנדסה, ,190269,653129
1704,1704.000000,חולון,נתיבי ישראל,0.000000, ,7114.000000,181735.000000,656077.000000,בתכנון,ציר 300 / כניסה למסוף,ציר 300, , , , ,לא,לא,לא,לא,לא,לא,לא, ,לא,כן,לא, ,HLN,"רבעון 3, 2025",נתיבי איילון / CRG הנדסה, ,181735,656077
1705,1705.000000,גבעתיים,גבעתיים,0.000000,א,4033.000000,181334.000000,665448.000000,בתכנון,המעין - סיטי גבעתיים,המעיין,סיטי גבעתיים, , , ,לא,לא,לא,לא,לא,לא,לא, ,לא,כן,לא, ,GM,"רבעון 3, 2025",נתיבי איילון / CRG הנדסה, ,181334,665448
