OBJECTID,רשות תמרור מקומית,Shape.STLength(),שם כביש,מספר כביש,אורך (מטר),מעודכן לתאריך,מקור
1,דרך ארץ,4776.190782, ,1,4776.190782,"רבעון 3, 2025",משרד התחבורה
2,משרד הביטחון,236.512079, ,1,236.512079,"רבעון 3, 2025",משרד התחבורה
3,נתיבי היובל,2268.816286, ,1,2268.816286,"רבעון 3, 2025",משרד התחבורה
4,נתיבי ישראל,679.436463, ,20,679.436463,"רבעון 3, 2025",משרד התחבורה
5,רכבת ישראל,212.436495, ,227,212.436495,"רבעון 3, 2025",משרד התחבורה
6,כרמלטון,5763.286794, ,23,5763.286794,"רבעון 3, 2025",משרד התחבורה
7,כרמלטון,5787.658614, ,23,5787.658614,"רבעון 3, 2025",משרד התחבורה
8,דרך ארץ,955.124218, ,3,955.124218,"רבעון 3, 2025",משרד התחבורה
9,משרד הביטחון,298.984952, ,316,298.984952,"רבעון 3, 2025",משרד התחבורה
10,משרד הביטחון,488.596049, ,35,488.596049,"רבעון 3, 2025",משרד התחבורה
11,משרד הביטחון,834.422578, ,367,834.422578,"רבעון 3, 2025",משרד התחבורה
12,משרד הביטחון,458.921214, ,375,458.921214,"רבעון 3, 2025",משרד התחבורה
13,משרד הביטחון,346.413527, ,398,346.413527,"רבעון 3, 2025",משרד התחבורה
14,נתיבי היובל,1250.277763, ,4,1250.277763,"רבעון 3, 2025",משרד התחבורה
15,נתיבי היובל,329.156562, ,40,329.156562,"רבעון 3, 2025",משרד התחבורה
16,נתיבי היובל,175.644944, ,0,175.644944,"רבעון 3, 2025",משרד התחבורה
17,נתיבי היובל,425.599431, ,40,425.599431,"רבעון 3, 2025",משרד התחבורה
18,נתיבי היובל,162.046189, ,0,162.046189,"רבעון 3, 2025",משרד התחבורה
19,נתיבי היובל,110.594469, ,0,110.594469,"רבעון 3, 2025",משרד התחבורה
20,נתיבי היובל,375.454987, ,0,375.454987,"רבעון 3, 2025",משרד התחבורה
21,רכבת ישראל,159.745077, ,40,159.745077,"רבעון 3, 2025",משרד התחבורה
22,דרך ארץ,509.434043, ,411,509.434043,"רבעון 3, 2025",משרד התחבורה
23,נתיבי היובל,1908.415411, ,42,1908.415411,"רבעון 3, 2025",משרד התחבורה
24,נתיבי היובל,293.041120, ,423,293.041120,"רבעון 3, 2025",משרד התחבורה
25,דרך ארץ,1617.955062, ,424,1617.955062,"רבעון 3, 2025",משרד התחבורה
26,נתיבי היובל,122.626349, ,4304,122.626349,"רבעון 3, 2025",משרד התחבורה
27,נתיבי היובל,8015.457586, ,431,8015.457586,"רבעון 3, 2025",משרד התחבורה
28,נתיבי היובל,1209.330613, ,431,1209.330613,"רבעון 3, 2025",משרד התחבורה
29,נתיבי היובל,1236.167793, ,0,1236.167793,"רבעון 3, 2025",משרד התחבורה
30,נתיבי היובל,1294.085130, ,0,1294.085130,"רבעון 3, 2025",משרד התחבורה
31,נתיבי היובל,83.874491, ,431,83.874491,"רבעון 3, 2025",משרד התחבורה
32,נתיבי היובל,362.746830, ,431,362.746830,"רבעון 3, 2025",משרד התחבורה
33,נתיבי היובל,27.581608, ,431,27.581608,"רבעון 3, 2025",משרד התחבורה
34,נתיבי היובל,10462.893460, ,431,10462.893460,"רבעון 3, 2025",משרד התחבורה
35,נתיבי היובל,557.350650, ,4311,557.350650,"רבעון 3, 2025",משרד התחבורה
36,נתיבי היובל,90.040265, ,4311,90.040265,"רבעון 3, 2025",משרד התחבורה
37,נתיבי היובל,0.524104, ,4311,0.524104,"רבעון 3, 2025",משרד התחבורה
38,נתיבי היובל,781.400129, ,4311,781.400129,"רבעון 3, 2025",משרד התחבורה
39,נתיבי היובל,752.051774, ,4313,752.051774,"רבעון 3, 2025",משרד התחבורה
40,נתיבי היובל,107.342329, ,4315,107.342329,"רבעון 3, 2025",משרד התחבורה
41,משרד הביטחון,418.429724, ,4363,418.429724,"רבעון 3, 2025",משרד התחבורה
42,דרך ארץ,1829.865608, ,44,1829.865608,"רבעון 3, 2025",משרד התחבורה
43,דרך ארץ,0.000000, ,44,0.000000,"רבעון 3, 2025",משרד התחבורה
44,נתיבי ישראל,128.346026, ,44,128.346026,"רבעון 3, 2025",משרד התחבורה
45,דרך ארץ,484.844312, ,443,484.844312,"רבעון 3, 2025",משרד התחבורה
46,משרד הביטחון,750.651346, ,443,750.651346,"רבעון 3, 2025",משרד התחבורה
47,משרד הביטחון,292.871585, ,443,292.871585,"רבעון 3, 2025",משרד התחבורה
48,דרך ארץ,1517.966644, ,444,1517.966644,"רבעון 3, 2025",משרד התחבורה
49,דרך ארץ,2944.247930, ,444,2944.247930,"רבעון 3, 2025",משרד התחבורה
50,דרך ארץ,3527.369464, ,444,3527.369464,"רבעון 3, 2025",משרד התחבורה
51,דרך ארץ,162.399339, ,4440,162.399339,"רבעון 3, 2025",משרד התחבורה
52,משרד הביטחון,355.194250, ,446,355.194250,"רבעון 3, 2025",משרד התחבורה
53,נתע,759.360576, ,461,759.360576,"רבעון 3, 2025",משרד התחבורה
54,נתע,982.999310, ,461,982.999310,"רבעון 3, 2025",משרד התחבורה
55,נתע,5154.881713, ,461,5154.881713,"רבעון 3, 2025",משרד התחבורה
56,רכבת ישראל,199.587459, ,4613,199.587459,"רבעון 3, 2025",משרד התחבורה
57,דרך ארץ,507.354732, ,465,507.354732,"רבעון 3, 2025",משרד התחבורה
58,משרד הביטחון,300.871330, ,465,300.871330,"רבעון 3, 2025",משרד התחבורה
59,דרך ארץ,1642.053457, ,471,1642.053457,"רבעון 3, 2025",משרד התחבורה
60,נתע,128.820176, ,0,128.820176,"רבעון 3, 2025",משרד התחבורה
61,נתע,6.465113, ,0,6.465113,"רבעון 3, 2025",משרד התחבורה
62,נתע,38.307202, ,0,38.307202,"רבעון 3, 2025",משרד התחבורה
63,נתע,106.192488, ,0,106.192488,"רבעון 3, 2025",משרד התחבורה
64,נתע,169.696244, ,0,169.696244,"רבעון 3, 2025",משרד התחבורה
65,נתע,26.623054, ,0,26.623054,"רבעון 3, 2025",משרד התחבורה
66,נתע,139.483029, ,0,139.483029,"רבעון 3, 2025",משרד התחבורה
67,נתע,223.676043, ,0,223.676043,"רבעון 3, 2025",משרד התחבורה
68,נתע,27.670628, ,0,27.670628,"רבעון 3, 2025",משרד התחבורה
69,נתע,206.884234, ,0,206.884234,"רבעון 3, 2025",משרד התחבורה
70,נתע,49.453275, ,0,49.453275,"רבעון 3, 2025",משרד התחבורה
71,נתע,225.426160, ,0,225.426160,"רבעון 3, 2025",משרד התחבורה
72,נתע,33.550858, ,0,33.550858,"רבעון 3, 2025",משרד התחבורה
73,נתע,130.870906, ,0,130.870906,"רבעון 3, 2025",משרד התחבורה
74,נתע,40.242281, ,0,40.242281,"רבעון 3, 2025",משרד התחבורה
75,נתע,62.680162, ,0,62.680162,"רבעון 3, 2025",משרד התחבורה
76,נתע,0.089201, ,0,0.089201,"רבעון 3, 2025",משרד התחבורה
77,נתע,371.614928, ,0,371.614928,"רבעון 3, 2025",משרד התחבורה
78,נתע,42.965424, ,0,42.965424,"רבעון 3, 2025",משרד התחבורה
79,נתע,108.918358, ,0,108.918358,"רבעון 3, 2025",משרד התחבורה
80,נתע,56.435998, ,0,56.435998,"רבעון 3, 2025",משרד התחבורה
81,נתע,22.724551, ,0,22.724551,"רבעון 3, 2025",משרד התחבורה
82,נתע,453.800878, ,0,453.800878,"רבעון 3, 2025",משרד התחבורה
83,נתע,36.444611, ,0,36.444611,"רבעון 3, 2025",משרד התחבורה
84,נתע,103.788246, ,0,103.788246,"רבעון 3, 2025",משרד התחבורה
85,נתע,43.550178, ,0,43.550178,"רבעון 3, 2025",משרד התחבורה
86,נתע,240.627977, ,0,240.627977,"רבעון 3, 2025",משרד התחבורה
87,נתע,100.780299, ,0,100.780299,"רבעון 3, 2025",משרד התחבורה
88,נתע,129.563017, ,0,129.563017,"רבעון 3, 2025",משרד התחבורה
89,נתע,34.369351, ,0,34.369351,"רבעון 3, 2025",משרד התחבורה
90,נתע,105.434132, ,0,105.434132,"רבעון 3, 2025",משרד התחבורה
91,נתע,48.947471, ,0,48.947471,"רבעון 3, 2025",משרד התחבורה
92,נתע,227.553644, ,0,227.553644,"רבעון 3, 2025",משרד התחבורה
93,נתע,49.879072, ,0,49.879072,"רבעון 3, 2025",משרד התחבורה
94,נתע,115.428099, ,0,115.428099,"רבעון 3, 2025",משרד התחבורה
95,נתע,30.972749, ,0,30.972749,"רבעון 3, 2025",משרד התחבורה
96,נתע,93.820008, ,0,93.820008,"רבעון 3, 2025",משרד התחבורה
97,נתע,26.241682, ,0,26.241681,"רבעון 3, 2025",משרד התחבורה
98,נתע,103.276318, ,0,103.276318,"רבעון 3, 2025",משרד התחבורה
99,נתע,81.775473, ,0,81.775473,"רבעון 3, 2025",משרד התחבורה
100,נתע,35.919594, ,0,35.919594,"רבעון 3, 2025",משרד התחבורה
101,נתיבי ישראל,105.346983, ,0,105.346983,"רבעון 3, 2025",משרד התחבורה
102,נתע,460.471139, ,0,460.471139,"רבעון 3, 2025",משרד התחבורה
103,נתע,28.269204, ,0,28.269204,"רבעון 3, 2025",משרד התחבורה
104,נתיבי ישראל,60.219129, ,0,60.219129,"רבעון 3, 2025",משרד התחבורה
105,נתיבי ישראל,106.772056, ,0,106.772056,"רבעון 3, 2025",משרד התחבורה
106,נתיבי ישראל,0.016729, ,0,0.016729,"רבעון 3, 2025",משרד התחבורה
107,נתיבי ישראל,83.573746, ,0,83.573746,"רבעון 3, 2025",משרד התחבורה
108,נתיבי ישראל,34.769226, ,0,34.769226,"רבעון 3, 2025",משרד התחבורה
109,נתיבי ישראל,74.739911, ,0,74.739911,"רבעון 3, 2025",משרד התחבורה
110,נתיבי ישראל,31.090193, ,0,31.090193,"רבעון 3, 2025",משרד התחבורה
111,נתע,279.987535, ,0,279.987535,"רבעון 3, 2025",משרד התחבורה
112,נתע,35.833571, ,0,35.833571,"רבעון 3, 2025",משרד התחבורה
113,נתע,168.389692, ,0,168.389692,"רבעון 3, 2025",משרד התחבורה
114,נתע,38.905625, ,0,38.905625,"רבעון 3, 2025",משרד התחבורה
115,נתע,85.507887, ,0,85.507887,"רבעון 3, 2025",משרד התחבורה
116,נתע,49.263475, ,0,49.263475,"רבעון 3, 2025",משרד התחבורה
117,נתע,327.492236, ,0,327.492236,"רבעון 3, 2025",משרד התחבורה
118,נתע,27.267162, ,0,27.267162,"רבעון 3, 2025",משרד התחבורה
119,נתע,86.303346, ,0,86.303346,"רבעון 3, 2025",משרד התחבורה
120,נתע,80.583941, ,0,80.583941,"רבעון 3, 2025",משרד התחבורה
121,נתיבי ישראל,80.854063, ,0,80.854063,"רבעון 3, 2025",משרד התחבורה
122,נתיבי ישראל,44.947986, ,0,44.947986,"רבעון 3, 2025",משרד התחבורה
123,נתע,59.194783, ,0,59.194783,"רבעון 3, 2025",משרד התחבורה
124,נתע,56.718428, ,0,56.718428,"רבעון 3, 2025",משרד התחבורה
125,דרך ארץ,778.507061, ,483,778.507061,"רבעון 3, 2025",משרד התחבורה
126,נתיבי ישראל,636.843401, ,483,636.843401,"רבעון 3, 2025",משרד התחבורה
127,דרך ארץ,1867.900323, ,5,1867.900323,"רבעון 3, 2025",משרד התחבורה
128,משרד הביטחון,538.623002, ,5,538.623001,"רבעון 3, 2025",משרד התחבורה
129,דרך ארץ,627.184641, ,5233,627.184641,"רבעון 3, 2025",משרד התחבורה
130,דרך ארץ,298.648369, ,5233,298.648369,"רבעון 3, 2025",משרד התחבורה
131,דרך ארץ,897.042065, ,531,897.042065,"רבעון 3, 2025",משרד התחבורה
132,משרד הביטחון,401.083353, ,55,401.083353,"רבעון 3, 2025",משרד התחבורה
133,דרך ארץ,2126.572334, ,551,2126.572334,"רבעון 3, 2025",משרד התחבורה
134,משרד הביטחון,88.952574, ,5505,88.952574,"רבעון 3, 2025",משרד התחבורה
135,דרך ארץ,338.522243, ,554,338.522243,"רבעון 3, 2025",משרד התחבורה
136,דרך ארץ,322.453242, ,557,322.453242,"רבעון 3, 2025",משרד התחבורה
137,משרד הביטחון,534.705551, ,557,534.705551,"רבעון 3, 2025",משרד התחבורה
138,נתיבי ישראל,873.787453, ,5614,873.787453,"רבעון 3, 2025",משרד התחבורה
139,דרך ארץ,1556.823898, ,57,1556.823898,"רבעון 3, 2025",משרד התחבורה
140,דרך ארץ,60.447277, ,5714,60.447277,"רבעון 3, 2025",משרד התחבורה
141,דרך ארץ,280.207831, ,5714,280.207831,"רבעון 3, 2025",משרד התחבורה
142,דרך ארץ,97.309604, ,5714,97.309604,"רבעון 3, 2025",משרד התחבורה
143,דרך ארץ,42.239015, ,5715,42.239015,"רבעון 3, 2025",משרד התחבורה
144,דרך ארץ,289.114288, ,574,289.114288,"רבעון 3, 2025",משרד התחבורה
145,דרך ארץ,858.718657, ,5803,858.718657,"רבעון 3, 2025",משרד התחבורה
146,דרך ארץ,654.855962, ,5815,654.855962,"רבעון 3, 2025",משרד התחבורה
147,דרך ארץ,406.401725, ,5923,406.401725,"רבעון 3, 2025",משרד התחבורה
148,משרד הביטחון,341.323249, ,596,341.323249,"רבעון 3, 2025",משרד התחבורה
149,דרך ארץ,5797.829617, ,6,5797.829617,"רבעון 3, 2025",משרד התחבורה
150,חוצה צפון,1552.014997, ,6,1552.014997,"רבעון 3, 2025",משרד התחבורה
151,חוצה צפון,795.999180, ,0,795.999180,"רבעון 3, 2025",משרד התחבורה
152,חוצה צפון,784.529844, ,0,784.529844,"רבעון 3, 2025",משרד התחבורה
153,חוצה צפון,374.154209, ,6,374.154209,"רבעון 3, 2025",משרד התחבורה
154,חוצה צפון,6101.878694, ,6,6101.878694,"רבעון 3, 2025",משרד התחבורה
155,דרך ארץ,951.353730, ,61,951.353730,"רבעון 3, 2025",משרד התחבורה
156,דרך ארץ,106.499387, ,6353,106.499387,"רבעון 3, 2025",משרד התחבורה
157,דרך ארץ,2301.523803, ,65,2301.523803,"רבעון 3, 2025",משרד התחבורה
158,דרך ארץ,119.020701, ,653,119.020701,"רבעון 3, 2025",משרד התחבורה
159,דרך ארץ,104.729105, ,6533,104.729105,"רבעון 3, 2025",משרד התחבורה
160,חוצה צפון,330.715157, ,66,330.715157,"רבעון 3, 2025",משרד התחבורה
161,דרך ארץ,943.570530, ,67,943.570530,"רבעון 3, 2025",משרד התחבורה
162,דרך ארץ,1030.521013, ,67,1030.521013,"רבעון 3, 2025",משרד התחבורה
163,דרך ארץ,1595.474679, ,7,1595.474679,"רבעון 3, 2025",משרד התחבורה
164,חוצה צפון,1897.344380, ,70,1897.344380,"רבעון 3, 2025",משרד התחבורה
165,חוצה צפון,1222.841373, ,70,1222.841373,"רבעון 3, 2025",משרד התחבורה
166,חוצה צפון,3208.956050, ,70,3208.956050,"רבעון 3, 2025",משרד התחבורה
167,רכבת ישראל,200.000013, ,7011,200.000013,"רבעון 3, 2025",משרד התחבורה
168,מסוף נהר הירדן,407.437983, ,71,407.437983,"רבעון 3, 2025",משרד התחבורה
169,חוצה צפון,278.017989, ,7213,278.017989,"רבעון 3, 2025",משרד התחבורה
170,חוצה צפון,2427.685614, ,75,2427.685614,"רבעון 3, 2025",משרד התחבורה
171,חוצה צפון,328.126476, ,7723,328.126476,"רבעון 3, 2025",משרד התחבורה
172,חוצה צפון,32.253476, ,7723,32.253476,"רבעון 3, 2025",משרד התחבורה
173,נתיבי היובל,142.011400,A15a,0,142.011400,"רבעון 3, 2025",משרד התחבורה
174,נתיבי היובל,52.091334,A15c,0,52.091334,"רבעון 3, 2025",משרד התחבורה
175,נתיבי היובל,71.955200,A80a,0,71.955200,"רבעון 3, 2025",משרד התחבורה
176,נתיבי היובל,321.386580,A80a,0,321.386580,"רבעון 3, 2025",משרד התחבורה
177,נתיבי היובל,121.682288,A80b,0,121.682288,"רבעון 3, 2025",משרד התחבורה
178,נתיבי היובל,408.796720,A80b,0,408.796720,"רבעון 3, 2025",משרד התחבורה
179,נתע,206.446408,AS06,0,206.446408,"רבעון 3, 2025",משרד התחבורה
180,נתע,1079.740727,AS08,0,1079.740727,"רבעון 3, 2025",משרד התחבורה
181,נתיבי היובל,1427.566334,B005,0,1427.566334,"רבעון 3, 2025",משרד התחבורה
182,נתיבי היובל,1857.826255,B008,0,1857.826255,"רבעון 3, 2025",משרד התחבורה
183,נתיבי היובל,723.064173,B018,0,723.064173,"רבעון 3, 2025",משרד התחבורה
184,נתיבי היובל,1184.869697,B019,0,1184.869697,"רבעון 3, 2025",משרד התחבורה
185,נתיבי היובל,592.573194,B021,0,592.573194,"רבעון 3, 2025",משרד התחבורה
186,נתיבי היובל,557.618285,B022,0,557.618285,"רבעון 3, 2025",משרד התחבורה
187,נתיבי היובל,243.068065,B023,0,243.068064,"רבעון 3, 2025",משרד התחבורה
188,נתיבי היובל,1370.155316,B025,0,1370.155316,"רבעון 3, 2025",משרד התחבורה
189,נתיבי היובל,950.120333,B028,0,950.120333,"רבעון 3, 2025",משרד התחבורה
190,נתיבי היובל,1519.977423,B032,0,1519.977423,"רבעון 3, 2025",משרד התחבורה
191,נתיבי היובל,1541.905767,B033,0,1541.905767,"רבעון 3, 2025",משרד התחבורה
192,נתיבי היובל,594.939915,B06a,0,594.939915,"רבעון 3, 2025",משרד התחבורה
193,נתיבי היובל,1051.436383,B06b,0,1051.436383,"רבעון 3, 2025",משרד התחבורה
194,נתיבי היובל,895.976797,B06c,0,895.976797,"רבעון 3, 2025",משרד התחבורה
195,נתיבי היובל,250.583183,B071,0,250.583183,"רבעון 3, 2025",משרד התחבורה
196,נתיבי היובל,447.326617,B072,0,447.326617,"רבעון 3, 2025",משרד התחבורה
197,נתיבי היובל,1128.852288,B14a,0,1128.852288,"רבעון 3, 2025",משרד התחבורה
198,נתיבי היובל,1231.576251,B14b,0,1231.576251,"רבעון 3, 2025",משרד התחבורה
199,נתיבי היובל,628.078965,B14c,0,628.078965,"רבעון 3, 2025",משרד התחבורה
200,נתיבי היובל,53.695004,B14c,0,53.695004,"רבעון 3, 2025",משרד התחבורה
201,נתיבי היובל,535.295324,B24a,0,535.295323,"רבעון 3, 2025",משרד התחבורה
202,נתיבי היובל,1048.174691,B24b,0,1048.174691,"רבעון 3, 2025",משרד התחבורה
203,נתיבי היובל,314.550831,B24c,0,314.550831,"רבעון 3, 2025",משרד התחבורה
204,נתיבי היובל,794.208326,B27a,0,794.208326,"רבעון 3, 2025",משרד התחבורה
205,נתיבי היובל,804.601356,B27b,0,804.601356,"רבעון 3, 2025",משרד התחבורה
206,נתיבי היובל,470.189853,B32a,0,470.189853,"רבעון 3, 2025",משרד התחבורה
207,נתיבי היובל,282.883998,B33a,0,282.883998,"רבעון 3, 2025",משרד התחבורה
208,נתע,187.753685,BI10,0,187.753685,"רבעון 3, 2025",משרד התחבורה
209,נתע,578.291951,BI15,0,578.291951,"רבעון 3, 2025",משרד התחבורה
210,דרך ארץ,511.853998,BN01,0,511.853998,"רבעון 3, 2025",משרד התחבורה
211,דרך ארץ,591.907674,BN07,0,591.907674,"רבעון 3, 2025",משרד התחבורה
212,דרך ארץ,1975.316895,BN08,0,1975.316895,"רבעון 3, 2025",משרד התחבורה
213,דרך ארץ,1083.633889,BN11,0,1083.633889,"רבעון 3, 2025",משרד התחבורה
214,דרך ארץ,367.951320,BN12,0,367.951320,"רבעון 3, 2025",משרד התחבורה
215,דרך ארץ,738.119185,BN13,0,738.119185,"רבעון 3, 2025",משרד התחבורה
216,דרך ארץ,656.918899,BN15,0,656.918899,"רבעון 3, 2025",משרד התחבורה
217,דרך ארץ,1660.324385,BN20,0,1660.324385,"רבעון 3, 2025",משרד התחבורה
218,דרך ארץ,694.890277,BN21,0,694.890277,"רבעון 3, 2025",משרד התחבורה
219,דרך ארץ,487.000016,BN33,0,487.000016,"רבעון 3, 2025",משרד התחבורה
220,דרך ארץ,1717.989536,BN40,0,1717.989536,"רבעון 3, 2025",משרד התחבורה
221,דרך ארץ,775.602353,BQ23,0,775.602353,"רבעון 3, 2025",משרד התחבורה
222,דרך ארץ,799.853201,BQ25,0,799.853201,"רבעון 3, 2025",משרד התחבורה
223,דרך ארץ,674.437802,BQ26,0,674.437802,"רבעון 3, 2025",משרד התחבורה
224,דרך ארץ,598.395157,BQ27,0,598.395157,"רבעון 3, 2025",משרד התחבורה
225,נתיבי היובל,143.389333,C50a,0,143.389333,"רבעון 3, 2025",משרד התחבורה
226,נתיבי היובל,124.168743,C50a,0,124.168743,"רבעון 3, 2025",משרד התחבורה
227,נתיבי היובל,871.820393,C50a,0,871.820393,"רבעון 3, 2025",משרד התחבורה
228,נתיבי היובל,187.600240,C50b,0,187.600240,"רבעון 3, 2025",משרד התחבורה
229,נתיבי היובל,106.486816,C50c,0,106.486816,"רבעון 3, 2025",משרד התחבורה
230,נתיבי היובל,288.443253,C51a,0,288.443253,"רבעון 3, 2025",משרד התחבורה
231,נתיבי היובל,557.053223,C51b,0,557.053223,"רבעון 3, 2025",משרד התחבורה
232,נתיבי היובל,174.145587,C51c,0,174.145587,"רבעון 3, 2025",משרד התחבורה
233,נתיבי היובל,49.061853,C51c,0,49.061853,"רבעון 3, 2025",משרד התחבורה
234,נתיבי היובל,303.511701,C51c,0,303.511701,"רבעון 3, 2025",משרד התחבורה
235,נתיבי היובל,367.791191,C52a,0,367.791191,"רבעון 3, 2025",משרד התחבורה
236,נתיבי היובל,68.074155,C52b,0,68.074155,"רבעון 3, 2025",משרד התחבורה
237,נתיבי היובל,76.824128,C52c,0,76.824128,"רבעון 3, 2025",משרד התחבורה
238,נתיבי היובל,429.491073,C530,0,429.491073,"רבעון 3, 2025",משרד התחבורה
239,נתיבי היובל,282.458343,C54a,0,282.458343,"רבעון 3, 2025",משרד התחבורה
240,נתיבי היובל,143.680313,C54a,0,143.680313,"רבעון 3, 2025",משרד התחבורה
241,נתיבי היובל,151.511420,C54a,0,151.511420,"רבעון 3, 2025",משרד התחבורה
242,נתיבי היובל,119.389084,C550,0,119.389084,"רבעון 3, 2025",משרד התחבורה
243,נתיבי היובל,1782.752358,CDE0,0,1782.752358,"רבעון 3, 2025",משרד התחבורה
244,נתיבי היובל,1876.613583,CDW0,0,1876.613583,"רבעון 3, 2025",משרד התחבורה
245,נתיבי היובל,876.345999,D001,0,876.345999,"רבעון 3, 2025",משרד התחבורה
246,נתיבי היובל,69.711984,D002,0,69.711984,"רבעון 3, 2025",משרד התחבורה
247,נתיבי היובל,0.052186,D002,0,0.052186,"רבעון 3, 2025",משרד התחבורה
248,נתיבי היובל,73.237396,D002,0,73.237396,"רבעון 3, 2025",משרד התחבורה
249,נתיבי היובל,0.037400,D002,0,0.037400,"רבעון 3, 2025",משרד התחבורה
250,נתיבי היובל,367.851556,D002,0,367.851556,"רבעון 3, 2025",משרד התחבורה
251,נתיבי היובל,100.327391,D005,0,100.327391,"רבעון 3, 2025",משרד התחבורה
252,נתיבי היובל,352.894725,D005,0,352.894725,"רבעון 3, 2025",משרד התחבורה
253,נתיבי היובל,258.959981,D005,0,258.959981,"רבעון 3, 2025",משרד התחבורה
254,נתיבי היובל,373.420402,D006,0,373.420402,"רבעון 3, 2025",משרד התחבורה
255,נתיבי היובל,205.024527,D007,0,205.024527,"רבעון 3, 2025",משרד התחבורה
256,נתיבי היובל,616.948390,D011,0,616.948390,"רבעון 3, 2025",משרד התחבורה
257,נתיבי היובל,361.748178,D012,0,361.748178,"רבעון 3, 2025",משרד התחבורה
258,נתיבי היובל,669.523785,D012,0,669.523785,"רבעון 3, 2025",משרד התחבורה
259,נתיבי היובל,966.735493,D013,0,966.735493,"רבעון 3, 2025",משרד התחבורה
260,נתיבי היובל,313.515260,D03a,0,313.515260,"רבעון 3, 2025",משרד התחבורה
261,נתיבי היובל,715.515442,D03b,0,715.515442,"רבעון 3, 2025",משרד התחבורה
262,נתיבי היובל,354.847308,D04a,0,354.847308,"רבעון 3, 2025",משרד התחבורה
263,נתיבי היובל,282.003560,D04b,0,282.003560,"רבעון 3, 2025",משרד התחבורה
264,דרך ארץ,2251.370465,DA1E,1,2251.370465,"רבעון 3, 2025",משרד התחבורה
265,דרך ארץ,1334.021245,DA1W,1,1334.021245,"רבעון 3, 2025",משרד התחבורה
266,דרך ארץ,585.552003,EL01,0,585.552003,"רבעון 3, 2025",משרד התחבורה
267,דרך ארץ,643.409300,EL02,0,643.409300,"רבעון 3, 2025",משרד התחבורה
268,דרך ארץ,601.756459,EL03,0,601.756459,"רבעון 3, 2025",משרד התחבורה
269,דרך ארץ,639.478291,EL04,0,639.478291,"רבעון 3, 2025",משרד התחבורה
270,דרך ארץ,941.884600,ET03,0,941.884600,"רבעון 3, 2025",משרד התחבורה
271,דרך ארץ,691.955135,ET04,0,691.955135,"רבעון 3, 2025",משרד התחבורה
272,דרך ארץ,299.633613,ET04,0,299.633613,"רבעון 3, 2025",משרד התחבורה
273,דרך ארץ,744.814678,ET04,0,744.814678,"רבעון 3, 2025",משרד התחבורה
274,דרך ארץ,625.889937,EY60,0,625.889937,"רבעון 3, 2025",משרד התחבורה
275,דרך ארץ,440.367880,EY70,0,440.367880,"רבעון 3, 2025",משרד התחבורה
276,דרך ארץ,398.089742,EY80,0,398.089742,"רבעון 3, 2025",משרד התחבורה
277,דרך ארץ,602.111791,EY90,0,602.111791,"רבעון 3, 2025",משרד התחבורה
278,דרך ארץ,369.873550,GA05,0,369.873550,"רבעון 3, 2025",משרד התחבורה
279,נתיבי ישראל,274.381048,GL01,0,274.381048,"רבעון 3, 2025",משרד התחבורה
280,נתיבי ישראל,314.943839,GL03,0,314.943839,"רבעון 3, 2025",משרד התחבורה
281,נתיבי ישראל,308.143600,GL04,0,308.143600,"רבעון 3, 2025",משרד התחבורה
282,נתיבי היובל,141.824163,GR04,0,141.824163,"רבעון 3, 2025",משרד התחבורה
283,נתיבי היובל,468.279884,GR05,0,468.279884,"רבעון 3, 2025",משרד התחבורה
284,נתע,85.068455,משה דיין,0,85.068455,"רבעון 3, 2025",משרד התחבורה
285,נתע,192.468321,אברהם בר,0,192.468321,"רבעון 3, 2025",משרד התחבורה
286,נתע,222.316616,אברהם בר,0,222.316616,"רבעון 3, 2025",משרד התחבורה
287,נתע,75.954685,GR1,0,75.954685,"רבעון 3, 2025",משרד התחבורה
288,נתע,345.406119,משה דיין,0,345.406119,"רבעון 3, 2025",משרד התחבורה
289,נתע,63.890023,GR1,0,63.890023,"רבעון 3, 2025",משרד התחבורה
290,נתע,207.211415,משה דיין,0,207.211415,"רבעון 3, 2025",משרד התחבורה
291,נתע,47.889011,GR1,0,47.889011,"רבעון 3, 2025",משרד התחבורה
292,נתע,25.136620,GR1,0,25.136620,"רבעון 3, 2025",משרד התחבורה
293,נתע,28.722811,GR1,0,28.722811,"רבעון 3, 2025",משרד התחבורה
294,נתע,360.384756,אברהם בר,0,360.384756,"רבעון 3, 2025",משרד התחבורה
295,נתע,63.854495,GR1,0,63.854495,"רבעון 3, 2025",משרד התחבורה
296,נתע,360.642260,משה דיין,0,360.642260,"רבעון 3, 2025",משרד התחבורה
297,נתע,129.762194,משה דיין,0,129.762194,"רבעון 3, 2025",משרד התחבורה
298,נתע,194.208241,GR1,0,194.208241,"רבעון 3, 2025",משרד התחבורה
299,נתע,70.381345,GR1,0,70.381345,"רבעון 3, 2025",משרד התחבורה
300,נתע,262.840955,משה דיין,0,262.840955,"רבעון 3, 2025",משרד התחבורה
301,נתע,14.044283,GR1,0,14.044283,"רבעון 3, 2025",משרד התחבורה
302,נתע,8.875157,GR1,0,8.875157,"רבעון 3, 2025",משרד התחבורה
303,נתע,8.448310,GR1,0,8.448310,"רבעון 3, 2025",משרד התחבורה
304,נתע,12.738319,GR1,0,12.738319,"רבעון 3, 2025",משרד התחבורה
305,נתע,60.781892,אברהם בר,0,60.781892,"רבעון 3, 2025",משרד התחבורה
306,נתע,17.062613,GR1,0,17.062613,"רבעון 3, 2025",משרד התחבורה
307,נתע,259.769993,אברהם בר,0,259.769993,"רבעון 3, 2025",משרד התחבורה
308,נתע,77.155953,GR1,0,77.155953,"רבעון 3, 2025",משרד התחבורה
309,נתע,168.935206,שייקה דן,0,168.935206,"רבעון 3, 2025",משרד התחבורה
310,נתע,395.402606,GR1,0,395.402606,"רבעון 3, 2025",משרד התחבורה
311,נתע,37.648338,GR1,0,37.648338,"רבעון 3, 2025",משרד התחבורה
312,נתע,44.908758,שייקה דן,0,44.908758,"רבעון 3, 2025",משרד התחבורה
313,נתע,33.130738,GR1,0,33.130738,"רבעון 3, 2025",משרד התחבורה
314,נתע,73.881416,GR1,0,73.881416,"רבעון 3, 2025",משרד התחבורה
315,נתע,620.993409,שמחה ארליך,0,620.993409,"רבעון 3, 2025",משרד התחבורה
316,נתע,52.707897,GR1,0,52.707897,"רבעון 3, 2025",משרד התחבורה
317,נתע,231.894744,שמחה ארליך,0,231.894744,"רבעון 3, 2025",משרד התחבורה
318,נתע,74.582278,שמחה ארליך,0,74.582278,"רבעון 3, 2025",משרד התחבורה
319,נתע,44.674787,GR1,0,44.674787,"רבעון 3, 2025",משרד התחבורה
320,נתע,53.339098,GR1,0,53.339098,"רבעון 3, 2025",משרד התחבורה
321,נתע,15.461135,GR1,0,15.461135,"רבעון 3, 2025",משרד התחבורה
322,נתע,427.331564,חיים בר לב,0,427.331564,"רבעון 3, 2025",משרד התחבורה
323,נתע,80.505270,GR1,0,80.505270,"רבעון 3, 2025",משרד התחבורה
324,נתע,70.794424,GR1,0,70.794424,"רבעון 3, 2025",משרד התחבורה
325,נתע,70.234718,GR1,0,70.234718,"רבעון 3, 2025",משרד התחבורה
326,נתע,214.160226,ראובן ברקת,0,214.160226,"רבעון 3, 2025",משרד התחבורה
327,נתע,36.163896,GR1,0,36.163896,"רבעון 3, 2025",משרד התחבורה
328,נתע,18.135031,ראובן ברקת,0,18.135031,"רבעון 3, 2025",משרד התחבורה
329,נתע,212.174271,ראובן ברקת,0,212.174271,"רבעון 3, 2025",משרד התחבורה
330,נתע,45.957870,GR1,0,45.957870,"רבעון 3, 2025",משרד התחבורה
331,נתע,87.335845,ראובן ברקת,0,87.335845,"רבעון 3, 2025",משרד התחבורה
332,נתע,73.406692,GR1,0,73.406692,"רבעון 3, 2025",משרד התחבורה
333,נתע,112.395900,ראובן ברקת,0,112.395900,"רבעון 3, 2025",משרד התחבורה
334,נתע,39.201599,GR1,0,39.201599,"רבעון 3, 2025",משרד התחבורה
335,נתע,107.949149,ראובן ברקת,0,107.949150,"רבעון 3, 2025",משרד התחבורה
336,נתע,67.723141,GR1,0,67.723141,"רבעון 3, 2025",משרד התחבורה
337,נתע,49.738135,GR1,0,49.738135,"רבעון 3, 2025",משרד התחבורה
338,נתע,110.731746,ראובן ברקת,0,110.731746,"רבעון 3, 2025",משרד התחבורה
339,נתע,83.333673,ראובן ברקת,0,83.333673,"רבעון 3, 2025",משרד התחבורה
340,נתע,45.841372,GR1,0,45.841372,"רבעון 3, 2025",משרד התחבורה
341,נתע,77.608838,GR1,0,77.608838,"רבעון 3, 2025",משרד התחבורה
342,נתע,108.732027,יעקב פיכמן,0,108.732027,"רבעון 3, 2025",משרד התחבורה
343,נתע,61.992101,GR1,0,61.992101,"רבעון 3, 2025",משרד התחבורה
344,נתע,46.269182,GR1,0,46.269182,"רבעון 3, 2025",משרד התחבורה
345,נתע,108.897936,יעקב פיכמן,0,108.897936,"רבעון 3, 2025",משרד התחבורה
346,נתע,23.189358,GR1,0,23.189358,"רבעון 3, 2025",משרד התחבורה
347,נתע,37.566667,יעקב פיכמן,0,37.566667,"רבעון 3, 2025",משרד התחבורה
348,נתע,72.669334,יעקב פיכמן,0,72.669334,"רבעון 3, 2025",משרד התחבורה
349,נתע,39.498588,GR1,0,39.498588,"רבעון 3, 2025",משרד התחבורה
350,נתע,43.872558,יעקב פיכמן,0,43.872558,"רבעון 3, 2025",משרד התחבורה
351,נתע,45.683803,GR1,0,45.683803,"רבעון 3, 2025",משרד התחבורה
352,נתע,49.885012,GR1,0,49.885012,"רבעון 3, 2025",משרד התחבורה
353,נתע,28.345091,יעקב פיכמן,0,28.345091,"רבעון 3, 2025",משרד התחבורה
354,נתע,92.553105,יעקב פיכמן,0,92.553105,"רבעון 3, 2025",משרד התחבורה
355,נתע,35.443078,GR1,0,35.443078,"רבעון 3, 2025",משרד התחבורה
356,נתע,65.730533,GR1,0,65.730533,"רבעון 3, 2025",משרד התחבורה
357,נתע,73.292221,אריה שנקר,0,73.292221,"רבעון 3, 2025",משרד התחבורה
358,נתע,61.814013,GR1,0,61.814013,"רבעון 3, 2025",משרד התחבורה
359,נתע,56.410222,GR1,0,56.410222,"רבעון 3, 2025",משרד התחבורה
360,נתע,150.536076,אריה שנקר,0,150.536076,"רבעון 3, 2025",משרד התחבורה
361,נתע,44.673389,GR1,0,44.673389,"רבעון 3, 2025",משרד התחבורה
362,נתע,41.849846,GR1,0,41.849846,"רבעון 3, 2025",משרד התחבורה
363,נתע,69.142910,אריה שנקר,0,69.142910,"רבעון 3, 2025",משרד התחבורה
364,נתע,60.068787,GR1,0,60.068787,"רבעון 3, 2025",משרד התחבורה
365,נתע,73.126816,אריה שנקר,0,73.126816,"רבעון 3, 2025",משרד התחבורה
366,נתע,78.264911,GR1,0,78.264911,"רבעון 3, 2025",משרד התחבורה
367,נתע,16.947711,GR1,0,16.947711,"רבעון 3, 2025",משרד התחבורה
368,נתע,186.100363,GR1,0,186.100363,"רבעון 3, 2025",משרד התחבורה
369,נתע,74.875357,אריה שנקר,0,74.875357,"רבעון 3, 2025",משרד התחבורה
370,נתע,33.375026,GR1,0,33.375026,"רבעון 3, 2025",משרד התחבורה
371,נתע,17.016297,GR1,0,17.016297,"רבעון 3, 2025",משרד התחבורה
372,נתע,53.569711,GR1,0,53.569711,"רבעון 3, 2025",משרד התחבורה
373,נתע,69.080286,אריה שנקר,0,69.080286,"רבעון 3, 2025",משרד התחבורה
374,נתע,34.678649,GR1,0,34.678649,"רבעון 3, 2025",משרד התחבורה
375,נתע,20.750154,GR1,0,20.750154,"רבעון 3, 2025",משרד התחבורה
376,נתע,196.542261,GR1,0,196.542261,"רבעון 3, 2025",משרד התחבורה
377,נתע,170.382327,אריה שנקר,0,170.382327,"רבעון 3, 2025",משרד התחבורה
378,נתע,280.962654,GR2,0,280.962654,"רבעון 3, 2025",משרד התחבורה
379,נתע,396.518700,שד ירושלים,0,396.518700,"רבעון 3, 2025",משרד התחבורה
380,נתע,90.502866,GR2,0,90.502866,"רבעון 3, 2025",משרד התחבורה
381,נתע,35.295333,GR2,0,35.295333,"רבעון 3, 2025",משרד התחבורה
382,נתע,91.156367,GR2,0,91.156367,"רבעון 3, 2025",משרד התחבורה
383,נתע,22.950592,GR2,0,22.950592,"רבעון 3, 2025",משרד התחבורה
384,נתע,223.469629,שד ירושלים,0,223.469629,"רבעון 3, 2025",משרד התחבורה
385,נתע,62.779191,GR2,0,62.779191,"רבעון 3, 2025",משרד התחבורה
386,נתע,171.405847,GR2,0,171.405847,"רבעון 3, 2025",משרד התחבורה
387,נתע,431.018830,שד ירושלים,0,431.018830,"רבעון 3, 2025",משרד התחבורה
388,נתע,163.302417,GR2,0,163.302417,"רבעון 3, 2025",משרד התחבורה
389,נתע,69.432099,GR2,0,69.432099,"רבעון 3, 2025",משרד התחבורה
390,נתע,221.763972,שד ירושלים,0,221.763972,"רבעון 3, 2025",משרד התחבורה
391,נתע,46.331530,GR2,0,46.331530,"רבעון 3, 2025",משרד התחבורה
392,נתע,319.264246,שד ירושלים,0,319.264246,"רבעון 3, 2025",משרד התחבורה
393,נתע,51.237556,GR2,0,51.237556,"רבעון 3, 2025",משרד התחבורה
394,נתע,30.478192,שד ירושלים,0,30.478192,"רבעון 3, 2025",משרד התחבורה
395,נתע,103.037434,שד ירושלים,0,103.037434,"רבעון 3, 2025",משרד התחבורה
396,נתע,38.599431,GR2,0,38.599431,"רבעון 3, 2025",משרד התחבורה
397,נתע,405.374704,שד ירושלים,0,405.374704,"רבעון 3, 2025",משרד התחבורה
398,נתע,56.640303,GR2,0,56.640303,"רבעון 3, 2025",משרד התחבורה
399,נתע,48.069725,שד ירושלים,0,48.069725,"רבעון 3, 2025",משרד התחבורה
400,נתע,40.309308,שד ירושלים,0,40.309308,"רבעון 3, 2025",משרד התחבורה
401,נתע,107.295817,GR2,0,107.295817,"רבעון 3, 2025",משרד התחבורה
402,נתע,28.565587,GR2,0,28.565587,"רבעון 3, 2025",משרד התחבורה
403,נתע,198.620972,שד ירושלים,0,198.620972,"רבעון 3, 2025",משרד התחבורה
404,נתע,128.413584,שד ירושלים,0,128.413584,"רבעון 3, 2025",משרד התחבורה
405,נתע,47.809112,GR2,0,47.809112,"רבעון 3, 2025",משרד התחבורה
406,נתע,33.953881,GR2,0,33.953881,"רבעון 3, 2025",משרד התחבורה
407,נתע,44.468938,שד ירושלים,0,44.468938,"רבעון 3, 2025",משרד התחבורה
408,נתע,40.850267,סוקולוב,0,40.850267,"רבעון 3, 2025",משרד התחבורה
409,נתע,81.772733,שד ירושלים,0,81.772733,"רבעון 3, 2025",משרד התחבורה
410,נתע,88.356138,שד ירושלים,0,88.356138,"רבעון 3, 2025",משרד התחבורה
411,נתיבי היובל,1832.323582,H100,0,1832.323582,"רבעון 3, 2025",משרד התחבורה
412,נתיבי היובל,2141.317727,H200,0,2141.317727,"רבעון 3, 2025",משרד התחבורה
413,נתיבי היובל,2042.179941,H300,0,2042.179941,"רבעון 3, 2025",משרד התחבורה
414,נתיבי היובל,1514.389589,H400,0,1514.389589,"רבעון 3, 2025",משרד התחבורה
415,נתיבי היובל,625.269707,H500,0,625.269707,"רבעון 3, 2025",משרד התחבורה
416,נתיבי היובל,723.957756,H700,0,723.957756,"רבעון 3, 2025",משרד התחבורה
417,נתיבי היובל,670.992596,H800,0,670.992596,"רבעון 3, 2025",משרד התחבורה
418,דרך ארץ,1318.895273,HR20,0,1318.895273,"רבעון 3, 2025",משרד התחבורה
419,דרך ארץ,658.568465,HR30,0,658.568465,"רבעון 3, 2025",משרד התחבורה
420,דרך ארץ,572.666558,HR40,0,572.666558,"רבעון 3, 2025",משרד התחבורה
421,דרך ארץ,1052.838660,HR50,0,1052.838660,"רבעון 3, 2025",משרד התחבורה
422,דרך ארץ,1462.006415,IR10,0,1462.006415,"רבעון 3, 2025",משרד התחבורה
423,דרך ארץ,1004.310158,IR20,0,1004.310158,"רבעון 3, 2025",משרד התחבורה
424,דרך ארץ,1442.519639,IR30,0,1442.519639,"רבעון 3, 2025",משרד התחבורה
425,דרך ארץ,335.042842,IR40,0,335.042842,"רבעון 3, 2025",משרד התחבורה
426,דרך ארץ,725.816491,IR50,0,725.816491,"רבעון 3, 2025",משרד התחבורה
427,דרך ארץ,2085.646867,IR60,0,2085.646867,"רבעון 3, 2025",משרד התחבורה
428,דרך ארץ,484.063321,IR70,0,484.063321,"רבעון 3, 2025",משרד התחבורה
429,נתיבי ישראל,37.369166,LR04,0,37.369166,"רבעון 3, 2025",משרד התחבורה
430,נתע,32.851210,MD01,0,32.851210,"רבעון 3, 2025",משרד התחבורה
431,נתע,100.771647,MD02,0,100.771647,"רבעון 3, 2025",משרד התחבורה
432,נתע,124.084702,MD03,0,124.084702,"רבעון 3, 2025",משרד התחבורה
433,נתע,59.859102,MD04,0,59.859102,"רבעון 3, 2025",משרד התחבורה
434,נתע,181.722466,משה דיין,0,181.722466,"רבעון 3, 2025",משרד התחבורה
435,נתיבי היובל,235.852250,MOT1,0,235.852250,"רבעון 3, 2025",משרד התחבורה
436,דרך ארץ,567.042000,NA10,0,567.042000,"רבעון 3, 2025",משרד התחבורה
437,דרך ארץ,114.987851,NA10,0,114.987851,"רבעון 3, 2025",משרד התחבורה
438,דרך ארץ,5.259833,NA10,0,5.259833,"רבעון 3, 2025",משרד התחבורה
439,דרך ארץ,826.742603,NA20,0,826.742603,"רבעון 3, 2025",משרד התחבורה
440,דרך ארץ,141.881725,NA30,0,141.881725,"רבעון 3, 2025",משרד התחבורה
441,דרך ארץ,113.109445,NA30,0,113.109445,"רבעון 3, 2025",משרד התחבורה
442,דרך ארץ,441.016614,NA30,0,441.016614,"רבעון 3, 2025",משרד התחבורה
443,דרך ארץ,790.758785,NA50,0,790.758785,"רבעון 3, 2025",משרד התחבורה
444,דרך ארץ,814.548364,NA51,0,814.548364,"רבעון 3, 2025",משרד התחבורה
445,דרך ארץ,742.795753,NA70,0,742.795753,"רבעון 3, 2025",משרד התחבורה
446,דרך ארץ,1528.950047,NS10,0,1528.950047,"רבעון 3, 2025",משרד התחבורה
447,דרך ארץ,427.383463,NS11,0,427.383463,"רבעון 3, 2025",משרד התחבורה
448,דרך ארץ,1606.426084,NS12,0,1606.426084,"רבעון 3, 2025",משרד התחבורה
449,דרך ארץ,1241.924267,NS13,0,1241.924267,"רבעון 3, 2025",משרד התחבורה
450,דרך ארץ,1040.048258,NS14,0,1040.048258,"רבעון 3, 2025",משרד התחבורה
451,דרך ארץ,751.991332,NS15,0,751.991332,"רבעון 3, 2025",משרד התחבורה
452,דרך ארץ,609.628580,NS16,0,609.628580,"רבעון 3, 2025",משרד התחבורה
453,דרך ארץ,567.404768,NS16,0,567.404768,"רבעון 3, 2025",משרד התחבורה
454,דרך ארץ,479.232534,NS16,0,479.232534,"רבעון 3, 2025",משרד התחבורה
455,דרך ארץ,1052.244077,NS4A,0,1052.244077,"רבעון 3, 2025",משרד התחבורה
456,דרך ארץ,550.400392,NS5A,0,550.400392,"רבעון 3, 2025",משרד התחבורה
457,דרך ארץ,1663.030153,NS6A,0,1663.030153,"רבעון 3, 2025",משרד התחבורה
458,דרך ארץ,310.180897,NS7A,0,310.180897,"רבעון 3, 2025",משרד התחבורה
459,דרך ארץ,1241.828224,NS8A,0,1241.828224,"רבעון 3, 2025",משרד התחבורה
460,דרך ארץ,2111.925060,NS9A,0,2111.925060,"רבעון 3, 2025",משרד התחבורה
461,דרך ארץ,1813.972127,QE01,0,1813.972127,"רבעון 3, 2025",משרד התחבורה
462,דרך ארץ,949.148325,QE04,0,949.148325,"רבעון 3, 2025",משרד התחבורה
463,דרך ארץ,687.854356,QE08,0,687.854356,"רבעון 3, 2025",משרד התחבורה
464,דרך ארץ,1365.437031,QE09,0,1365.437031,"רבעון 3, 2025",משרד התחבורה
465,דרך ארץ,1197.955565,QE10,0,1197.955565,"רבעון 3, 2025",משרד התחבורה
466,דרך ארץ,1523.348553,QE11,0,1523.348553,"רבעון 3, 2025",משרד התחבורה
467,דרך ארץ,385.861677,QE12,0,385.861677,"רבעון 3, 2025",משרד התחבורה
468,דרך ארץ,1804.711716,QE14,0,1804.711716,"רבעון 3, 2025",משרד התחבורה
469,דרך ארץ,1165.958726,QE20,0,1165.958726,"רבעון 3, 2025",משרד התחבורה
470,דרך ארץ,47.568400,SO05,0,47.568400,"רבעון 3, 2025",משרד התחבורה
471,דרך ארץ,425.570862,SO05,0,425.570862,"רבעון 3, 2025",משרד התחבורה
472,דרך ארץ,217.020044,SO05,0,217.020044,"רבעון 3, 2025",משרד התחבורה
473,דרך ארץ,499.696169,SO10,0,499.696169,"רבעון 3, 2025",משרד התחבורה
474,דרך ארץ,522.343450,SO13,0,522.343450,"רבעון 3, 2025",משרד התחבורה
475,דרך ארץ,584.244124,SO13,0,584.244124,"רבעון 3, 2025",משרד התחבורה
476,דרך ארץ,188.678025,SO13,0,188.678025,"רבעון 3, 2025",משרד התחבורה
477,דרך ארץ,1221.115131,SO14,0,1221.115131,"רבעון 3, 2025",משרד התחבורה
478,דרך ארץ,715.061413,SO19,0,715.061413,"רבעון 3, 2025",משרד התחבורה
479,דרך ארץ,147.114422,SO21,0,147.114422,"רבעון 3, 2025",משרד התחבורה
480,דרך ארץ,800.990796,SO22,0,800.990796,"רבעון 3, 2025",משרד התחבורה
481,דרך ארץ,708.106163,SO50,0,708.106163,"רבעון 3, 2025",משרד התחבורה
482,דרך ארץ,804.044247,SO55,0,804.044247,"רבעון 3, 2025",משרד התחבורה
483,דרך ארץ,1339.758440,SO79,0,1339.758440,"רבעון 3, 2025",משרד התחבורה
484,דרך ארץ,839.052778,SO90,0,839.052778,"רבעון 3, 2025",משרד התחבורה
485,חוצה צפון,972.989573,TC01,0,972.989573,"רבעון 3, 2025",משרד התחבורה
486,חוצה צפון,909.185871,TC02,0,909.185871,"רבעון 3, 2025",משרד התחבורה
487,חוצה צפון,1227.801740,TC03,77,1227.801740,"רבעון 3, 2025",משרד התחבורה
488,חוצה צפון,506.940794,TC04,0,506.940794,"רבעון 3, 2025",משרד התחבורה
489,חוצה צפון,502.810283,TC04,77,502.810283,"רבעון 3, 2025",משרד התחבורה
490,חוצה צפון,453.087857,TC04,77,453.087857,"רבעון 3, 2025",משרד התחבורה
491,חוצה צפון,836.388127,TC05,0,836.388127,"רבעון 3, 2025",משרד התחבורה
492,דרך ארץ,297.810200,TU08,0,297.810200,"רבעון 3, 2025",משרד התחבורה
493,דרך ארץ,785.441715,TU09,0,785.441715,"רבעון 3, 2025",משרד התחבורה
494,דרך ארץ,1321.078248,TU11,0,1321.078248,"רבעון 3, 2025",משרד התחבורה
495,דרך ארץ,1003.133960,TU12,0,1003.133960,"רבעון 3, 2025",משרד התחבורה
496,דרך ארץ,891.876821,TU15,0,891.876821,"רבעון 3, 2025",משרד התחבורה
497,חוצה צפון,1001.210247,YK01,722,1001.210247,"רבעון 3, 2025",משרד התחבורה
498,חוצה צפון,1196.332790,YK02,722,1196.332790,"רבעון 3, 2025",משרד התחבורה
499,חוצה צפון,1596.344209,TC06,66,1596.344209,"רבעון 3, 2025",משרד התחבורה
500,חוצה צפון,187.475565,TC06,0,187.475565,"רבעון 3, 2025",משרד התחבורה
501,חוצה צפון,815.723708, ,77,815.723708,"רבעון 3, 2025",משרד התחבורה
502,דרך ארץ,100665.509586, ,6,100665.509586,"רבעון 3, 2025",משרד התחבורה
503,חוצה צפון,9305.498560, ,6,9305.498560,"רבעון 3, 2025",משרד התחבורה
504,משרד הביטחון,402.207058, ,60,402.207058,"רבעון 3, 2025",משרד התחבורה
505,משרד הביטחון,570.332746, ,60,570.332746,"רבעון 3, 2025",משרד התחבורה
506,משרד הביטחון,601.037590, ,60,601.037590,"רבעון 3, 2025",משרד התחבורה
507,משרד הביטחון,63.917225, ,90,63.917225,"רבעון 3, 2025",משרד התחבורה
508,משרד הביטחון,584.051163, ,90,584.051163,"רבעון 3, 2025",משרד התחבורה
509,דרך ארץ,1042.769574,R70,0,1042.769574,"רבעון 3, 2025",משרד התחבורה
510,דרך ארץ,1106.910642,QE2,0,1106.910642,"רבעון 3, 2025",משרד התחבורה
511,דרך ארץ,1644.350055,BN1W,0,1644.350055,"רבעון 3, 2025",משרד התחבורה
512,נתע,146.489681, ,4622,146.489681,"רבעון 3, 2025",משרד התחבורה
513,שפיר נתיב מהיר,4093.339850, ,1,4093.339850,"רבעון 3, 2025",משרד התחבורה
514,שפיר נתיב מהיר,7180.735881, ,1,7180.735881,"רבעון 3, 2025",משרד התחבורה
515,שפיר נתיב מהיר,331.031100, ,0,331.031100,"רבעון 3, 2025",משרד התחבורה
516,נתע,285.456996,MH02,0,285.456996,"רבעון 3, 2025",משרד התחבורה
517,נתע,202.390156,MH03,0,202.390156,"רבעון 3, 2025",משרד התחבורה
518,נתע,24.178584,BI12,0,24.178584,"רבעון 3, 2025",משרד התחבורה
519,נתע,107.783824,BI07,0,107.783824,"רבעון 3, 2025",משרד התחבורה
520,נתע,1147.876909, ,0,1147.876909,"רבעון 3, 2025",משרד התחבורה
521,נתע,437.550004, ,0,437.550004,"רבעון 3, 2025",משרד התחבורה
522,נתע,121.424368, ,0,121.424368,"רבעון 3, 2025",משרד התחבורה
523,נתע,106.775266, ,0,106.775266,"רבעון 3, 2025",משרד התחבורה
524,נתע,259.517105, ,0,259.517105,"רבעון 3, 2025",משרד התחבורה
525,נתע,3205.789844, ,0,3205.789844,"רבעון 3, 2025",משרד התחבורה
526,נתע,466.796895, ,412,466.796896,"רבעון 3, 2025",משרד התחבורה
527,נתע,54.485300, ,0,54.485300,"רבעון 3, 2025",משרד התחבורה
528,נתע,35.834995, ,0,35.834995,"רבעון 3, 2025",משרד התחבורה
529,נתע,52.253848, ,0,52.253848,"רבעון 3, 2025",משרד התחבורה
530,נתע,63.545219, ,0,63.545219,"רבעון 3, 2025",משרד התחבורה
531,נתע,109.441589, ,0,109.441589,"רבעון 3, 2025",משרד התחבורה
532,נתע,7.733097, ,0,7.733097,"רבעון 3, 2025",משרד התחבורה
533,נתע,171.086623, ,0,171.086623,"רבעון 3, 2025",משרד התחבורה
534,נתע,141.664785, ,0,141.664785,"רבעון 3, 2025",משרד התחבורה
535,נתע,100.292683, ,0,100.292683,"רבעון 3, 2025",משרד התחבורה
536,נתע,119.102978, ,0,119.102978,"רבעון 3, 2025",משרד התחבורה
537,נתע,125.917738, ,0,125.917738,"רבעון 3, 2025",משרד התחבורה
538,נתע,39.807855, ,0,39.807855,"רבעון 3, 2025",משרד התחבורה
539,נתע,72.972803, ,0,72.972803,"רבעון 3, 2025",משרד התחבורה
540,נתע,130.024952,AS05,0,130.024952,"רבעון 3, 2025",משרד התחבורה
541,נתע,174.273177,AS04,0,174.273177,"רבעון 3, 2025",משרד התחבורה
542,נתע,124.982998,AS07,0,124.982998,"רבעון 3, 2025",משרד התחבורה
543,נתע,65.889959,AS02,0,65.889959,"רבעון 3, 2025",משרד התחבורה
544,נתע,153.093447,AS03,0,153.093447,"רבעון 3, 2025",משרד התחבורה
545,נתע,118.183234, ,0,118.183234,"רבעון 3, 2025",משרד התחבורה
546,נתע,40.361231, ,0,40.361231,"רבעון 3, 2025",משרד התחבורה
547,נתע,160.808079, ,0,160.808079,"רבעון 3, 2025",משרד התחבורה
548,נתע,171.276606, ,0,171.276606,"רבעון 3, 2025",משרד התחבורה
549,נתע,100.492770, ,0,100.492770,"רבעון 3, 2025",משרד התחבורה
550,נתע,2036.446949, ,0,2036.446949,"רבעון 3, 2025",משרד התחבורה
551,נתע,352.725071, ,0,352.725071,"רבעון 3, 2025",משרד התחבורה
552,נתע,78.943058, ,0,78.943058,"רבעון 3, 2025",משרד התחבורה
553,נתע,79.100418, ,0,79.100418,"רבעון 3, 2025",משרד התחבורה
554,נתע,274.250332, ,0,274.250332,"רבעון 3, 2025",משרד התחבורה
555,נתע,151.423651, ,0,151.423651,"רבעון 3, 2025",משרד התחבורה
556,נתע,79.117870, ,0,79.117870,"רבעון 3, 2025",משרד התחבורה
557,נתע,138.788154, ,0,138.788154,"רבעון 3, 2025",משרד התחבורה
558,נתע,84.409256, ,0,84.409256,"רבעון 3, 2025",משרד התחבורה
559,נתע,54.456046, ,0,54.456046,"רבעון 3, 2025",משרד התחבורה
560,נתע,1120.487638,סוקולוב,0,1120.487638,"רבעון 3, 2025",משרד התחבורה
561,נתע,2642.321468, ,0,2642.321468,"רבעון 3, 2025",משרד התחבורה
562,נתע,219.919219, ,0,219.919219,"רבעון 3, 2025",משרד התחבורה
563,נתע,59.411533, ,0,59.411533,"רבעון 3, 2025",משרד התחבורה
564,נתע,1148.376885, ,0,1148.376885,"רבעון 3, 2025",משרד התחבורה
565,נתע,56.723748, ,0,56.723748,"רבעון 3, 2025",משרד התחבורה
566,נתע,63.926224, ,0,63.926224,"רבעון 3, 2025",משרד התחבורה
567,נתע,51.826852, ,0,51.826852,"רבעון 3, 2025",משרד התחבורה
568,נתע,107.971485, ,0,107.971485,"רבעון 3, 2025",משרד התחבורה
569,נתע,37.780750, ,0,37.780750,"רבעון 3, 2025",משרד התחבורה
570,נתע,32.913098, ,0,32.913098,"רבעון 3, 2025",משרד התחבורה
571,נתע,36.449737, ,0,36.449737,"רבעון 3, 2025",משרד התחבורה
572,נתע,32.675625, ,0,32.675625,"רבעון 3, 2025",משרד התחבורה
573,נתע,355.880816, ,0,355.880816,"רבעון 3, 2025",משרד התחבורה
574,נתע,12.353578, ,0,12.353578,"רבעון 3, 2025",משרד התחבורה
575,נתע,11.980879, ,0,11.980879,"רבעון 3, 2025",משרד התחבורה
576,נתע,12.446464, ,0,12.446464,"רבעון 3, 2025",משרד התחבורה
577,נתע,88.827721, ,0,88.827721,"רבעון 3, 2025",משרד התחבורה
578,נתע,49.776252, ,0,49.776252,"רבעון 3, 2025",משרד התחבורה
579,נתע,375.698387, ,0,375.698387,"רבעון 3, 2025",משרד התחבורה
580,נתע,78.161247, ,0,78.161247,"רבעון 3, 2025",משרד התחבורה
581,נתע,96.304591, ,0,96.304591,"רבעון 3, 2025",משרד התחבורה
582,נתע,29.338233, ,0,29.338233,"רבעון 3, 2025",משרד התחבורה
583,נתע,65.827759, ,0,65.827759,"רבעון 3, 2025",משרד התחבורה
584,נתע,1852.553727,שד קוגל,0,1852.553727,"רבעון 3, 2025",משרד התחבורה
585,נתע,93.457317, ,0,93.457317,"רבעון 3, 2025",משרד התחבורה
586,נתע,128.751616, ,0,128.751616,"רבעון 3, 2025",משרד התחבורה
587,נתע,176.526645, ,0,176.526645,"רבעון 3, 2025",משרד התחבורה
588,נתע,15.402082, ,0,15.402082,"רבעון 3, 2025",משרד התחבורה
589,נתע,18.965800, ,0,18.965800,"רבעון 3, 2025",משרד התחבורה
590,נתע,296.653206,מקווה ישראל,0,296.653206,"רבעון 3, 2025",משרד התחבורה
591,נתע,42.838685, ,0,42.838685,"רבעון 3, 2025",משרד התחבורה
592,נתע,39.530766, ,0,39.530766,"רבעון 3, 2025",משרד התחבורה
593,דרך ארץ,153.702624, ,444,153.702624,"רבעון 3, 2025",משרד התחבורה
594,דרך ארץ,596.291203, ,444,596.291203,"רבעון 3, 2025",משרד התחבורה
595,נתיבי ישראל,473.558062, ,781,473.558062,"רבעון 3, 2025",משרד התחבורה
596,נתיבי ישראל,128.346850,GL02,0,128.346850,"רבעון 3, 2025",משרד התחבורה
597,נתיבי ישראל,73.401698,GL03,0,73.401698,"רבעון 3, 2025",משרד התחבורה
598,נתיבי ישראל,183.408573, ,6400,183.408573,"רבעון 3, 2025",משרד התחבורה
599,נתיבי ישראל,745.329035, ,7540,745.329035,"רבעון 3, 2025",משרד התחבורה
600,נתיבי ישראל,1247.774942, ,75,1247.774942,"רבעון 3, 2025",משרד התחבורה
601,דרך ארץ,1049.400483, ,444,1049.400483,"רבעון 3, 2025",משרד התחבורה
602,דרך ארץ,439.176676, ,453,439.176676,"רבעון 3, 2025",משרד התחבורה
603,נתיבי ישראל,631.791132,SO10,0,631.791132,"רבעון 3, 2025",משרד התחבורה
604,נתיבי ישראל,18.217487, ,471,18.217487,"רבעון 3, 2025",משרד התחבורה
605,נתיבי ישראל,442.585919, ,3973,442.585919,"רבעון 3, 2025",משרד התחבורה
606,נתיבי ישראל,3628.913784, ,9882,3628.913784,"רבעון 3, 2025",משרד התחבורה
607,נתיבי ישראל,6675.353616, ,9881,6675.353616,"רבעון 3, 2025",משרד התחבורה
608,נתיבי ישראל,994.915919,KN01,0,994.915919,"רבעון 3, 2025",משרד התחבורה
609,נתיבי ישראל,1792.003533, ,3611,1792.003533,"רבעון 3, 2025",משרד התחבורה
610,נתיבי ישראל,8307.917180, ,3855,8307.917180,"רבעון 3, 2025",משרד התחבורה
611,נתיבי ישראל,1722.309058, ,2930,1722.309058,"רבעון 3, 2025",משרד התחבורה
612,נתיבי ישראל,18241.344532, ,375,18241.344532,"רבעון 3, 2025",משרד התחבורה
613,נתיבי ישראל,3000.034594, ,8556,3000.034594,"רבעון 3, 2025",משרד התחבורה
614,נתיבי ישראל,206.150602,CN07,0,206.150602,"רבעון 3, 2025",משרד התחבורה
615,נתיבי ישראל,2727.845395, ,8079,2727.845395,"רבעון 3, 2025",משרד התחבורה
616,נתיבי ישראל,497.123588,HH05,0,497.123588,"רבעון 3, 2025",משרד התחבורה
617,נתיבי ישראל,1366.279961, ,7673,1366.279961,"רבעון 3, 2025",משרד התחבורה
618,נתיבי ישראל,462.632487,SI05,0,462.632487,"רבעון 3, 2025",משרד התחבורה
619,נתיבי ישראל,506.640019, ,4244,506.640019,"רבעון 3, 2025",משרד התחבורה
620,נתיבי ישראל,414.374355,DV04,0,414.374355,"רבעון 3, 2025",משרד התחבורה
621,נתיבי ישראל,821.519791,SG02,0,821.519791,"רבעון 3, 2025",משרד התחבורה
622,נתיבי ישראל,135.280182,GE03,0,135.280182,"רבעון 3, 2025",משרד התחבורה
623,נתיבי ישראל,158.338032,AL06,0,158.338032,"רבעון 3, 2025",משרד התחבורה
624,נתיבי ישראל,17964.844915, ,395,17964.844915,"רבעון 3, 2025",משרד התחבורה
625,נתיבי ישראל,142.982586,OM05,0,142.982586,"רבעון 3, 2025",משרד התחבורה
626,נתיבי ישראל,370.577622, ,9894,370.577622,"רבעון 3, 2025",משרד התחבורה
627,נתיבי ישראל,1121.448588, ,8083,1121.448588,"רבעון 3, 2025",משרד התחבורה
628,נתיבי ישראל,776.335873,HM03,0,776.335873,"רבעון 3, 2025",משרד התחבורה
629,נתיבי ישראל,943.007513, ,8591,943.007513,"רבעון 3, 2025",משרד התחבורה
630,נתיבי ישראל,16845.188001, ,206,16845.188001,"רבעון 3, 2025",משרד התחבורה
631,נתיבי ישראל,407.934637,BN20,0,407.934637,"רבעון 3, 2025",משרד התחבורה
632,נתיבי ישראל,1065.481866, ,396,1065.481866,"רבעון 3, 2025",משרד התחבורה
633,נתיבי ישראל,4175.401587, ,410,4175.401587,"רבעון 3, 2025",משרד התחבורה
634,נתיבי ישראל,780.291571,TN02,0,780.291571,"רבעון 3, 2025",משרד התחבורה
635,נתיבי ישראל,443.012578,ZL02,0,443.012578,"רבעון 3, 2025",משרד התחבורה
636,נתיבי ישראל,1276.971530, ,3931,1276.971530,"רבעון 3, 2025",משרד התחבורה
637,נתיבי ישראל,1262.425897, ,785,1262.425897,"רבעון 3, 2025",משרד התחבורה
638,נתיבי ישראל,194.160778, ,3531,194.160778,"רבעון 3, 2025",משרד התחבורה
639,נתיבי ישראל,6960.253362, ,8833,6960.253362,"רבעון 3, 2025",משרד התחבורה
640,נתיבי ישראל,293.197702, ,9091,293.197702,"רבעון 3, 2025",משרד התחבורה
641,נתיבי ישראל,64.392052,SM05,0,64.392052,"רבעון 3, 2025",משרד התחבורה
642,נתיבי ישראל,625.197957,KT04,0,625.197957,"רבעון 3, 2025",משרד התחבורה
643,נתיבי ישראל,686.911570,SP04,0,686.911570,"רבעון 3, 2025",משרד התחבורה
644,נתיבי ישראל,587.080973,HH08,0,587.080973,"רבעון 3, 2025",משרד התחבורה
645,נתיבי ישראל,175480.331924, ,10,175480.331924,"רבעון 3, 2025",משרד התחבורה
646,נתיבי ישראל,2274.535268, ,4711,2274.535268,"רבעון 3, 2025",משרד התחבורה
647,נתיבי ישראל,1519.040907, ,7172,1519.040907,"רבעון 3, 2025",משרד התחבורה
648,נתיבי ישראל,246.370442, ,13,246.370442,"רבעון 3, 2025",משרד התחבורה
649,נתיבי ישראל,647.441382,RI01,0,647.441382,"רבעון 3, 2025",משרד התחבורה
650,נתיבי ישראל,588.576145,KD02,0,588.576145,"רבעון 3, 2025",משרד התחבורה
651,נתיבי ישראל,1042.605053, ,3257,1042.605053,"רבעון 3, 2025",משרד התחבורה
652,נתיבי ישראל,4113.875331, ,453,4113.875331,"רבעון 3, 2025",משרד התחבורה
653,נתיבי ישראל,25384.510761, ,35,25384.510761,"רבעון 3, 2025",משרד התחבורה
654,נתיבי ישראל,359.827643,RS03,0,359.827643,"רבעון 3, 2025",משרד התחבורה
655,נתיבי ישראל,74.368593,SM08,0,74.368593,"רבעון 3, 2025",משרד התחבורה
656,נתיבי ישראל,459.037252,ZL04,0,459.037252,"רבעון 3, 2025",משרד התחבורה
657,נתיבי ישראל,2162.425975, ,8643,2162.425975,"רבעון 3, 2025",משרד התחבורה
658,נתיבי ישראל,1638.111685, ,8641,1638.111685,"רבעון 3, 2025",משרד התחבורה
659,נתיבי ישראל,461.450696,AS03,0,461.450696,"רבעון 3, 2025",משרד התחבורה
660,נתיבי ישראל,1994.351695, ,671,1994.351695,"רבעון 3, 2025",משרד התחבורה
661,נתיבי ישראל,997.007776,GE02,0,997.007776,"רבעון 3, 2025",משרד התחבורה
662,נתיבי ישראל,10330.716881, ,40,10330.716881,"רבעון 3, 2025",משרד התחבורה
663,נתיבי ישראל,10831.480589, ,60,10831.480589,"רבעון 3, 2025",משרד התחבורה
664,נתיבי ישראל,8942.629551, ,8944,8942.629551,"רבעון 3, 2025",משרד התחבורה
665,נתיבי ישראל,2657.401245, ,3613,2657.401245,"רבעון 3, 2025",משרד התחבורה
666,נתיבי ישראל,450.655384,SI04,0,450.655384,"רבעון 3, 2025",משרד התחבורה
667,נתיבי ישראל,3003.346256, ,3924,3003.346256,"רבעון 3, 2025",משרד התחבורה
668,נתיבי ישראל,491.468678,HD04,0,491.468678,"רבעון 3, 2025",משרד התחבורה
669,נתיבי ישראל,458.933414,HD02,0,458.933414,"רבעון 3, 2025",משרד התחבורה
670,נתיבי ישראל,668.601728,SA02,0,668.601728,"רבעון 3, 2025",משרד התחבורה
671,נתיבי ישראל,717.855837, ,3402,717.855837,"רבעון 3, 2025",משרד התחבורה
672,נתיבי ישראל,785.770477,BG04,0,785.770477,"רבעון 3, 2025",משרד התחבורה
673,נתיבי ישראל,338.098060, ,2202,338.098060,"רבעון 3, 2025",משרד התחבורה
674,נתיבי ישראל,1596.082485, ,2221,1596.082485,"רבעון 3, 2025",משרד התחבורה
675,נתיבי ישראל,10725.708545, ,3415,10725.708545,"רבעון 3, 2025",משרד התחבורה
676,נתיבי ישראל,137.255195,RM05,0,137.255195,"רבעון 3, 2025",משרד התחבורה
677,נתיבי ישראל,45.120849,SM07,0,45.120849,"רבעון 3, 2025",משרד התחבורה
678,נתיבי ישראל,613.804488,HG04,0,613.804488,"רבעון 3, 2025",משרד התחבורה
679,נתיבי ישראל,1126.644689, ,4911,1126.644689,"רבעון 3, 2025",משרד התחבורה
680,נתיבי ישראל,5169.708044, ,3711,5169.708044,"רבעון 3, 2025",משרד התחבורה
681,נתיבי ישראל,143.513196, ,2641,143.513196,"רבעון 3, 2025",משרד התחבורה
682,נתיבי ישראל,323.625771, ,8999,323.625771,"רבעון 3, 2025",משרד התחבורה
683,נתיבי ישראל,141.749234,DB01,0,141.749234,"רבעון 3, 2025",משרד התחבורה
684,נתיבי ישראל,2528.957848, ,3523,2528.957848,"רבעון 3, 2025",משרד התחבורה
685,נתיבי ישראל,546.540062,TN03,0,546.540062,"רבעון 3, 2025",משרד התחבורה
686,נתיבי ישראל,3651.526828, ,4313,3651.526828,"רבעון 3, 2025",משרד התחבורה
687,נתיבי ישראל,12713.127720, ,57,12713.127720,"רבעון 3, 2025",משרד התחבורה
688,נתיבי ישראל,510.775975,RZ03,0,510.775975,"רבעון 3, 2025",משרד התחבורה
689,נתיבי ישראל,442.451027,KR02,0,442.451027,"רבעון 3, 2025",משרד התחבורה
690,נתיבי ישראל,1548.046897, ,6734,1548.046897,"רבעון 3, 2025",משרד התחבורה
691,נתיבי ישראל,1302.965859, ,4316,1302.965859,"רבעון 3, 2025",משרד התחבורה
692,נתיבי ישראל,40.000009, ,3419,40.000009,"רבעון 3, 2025",משרד התחבורה
693,נתיבי ישראל,1505.306715, ,5232,1505.306715,"רבעון 3, 2025",משרד התחבורה
694,נתיבי ישראל,137.310862,MH01,0,137.310862,"רבעון 3, 2025",משרד התחבורה
695,שפיר נתיב מהיר,961.716272,KM02,0,961.716272,"רבעון 3, 2025",משרד התחבורה
696,נתיבי ישראל,1006.588847,GN06,0,1006.588847,"רבעון 3, 2025",משרד התחבורה
697,נתיבי ישראל,2632.529606, ,8545,2632.529606,"רבעון 3, 2025",משרד התחבורה
698,נתיבי ישראל,2150.649309, ,4060,2150.649309,"רבעון 3, 2025",משרד התחבורה
699,נתיבי ישראל,178.068059,TV01,0,178.068059,"רבעון 3, 2025",משרד התחבורה
700,נתיבי ישראל,324.967346,RH04,0,324.967346,"רבעון 3, 2025",משרד התחבורה
701,נתיבי ישראל,11113.653011, ,5,11113.653011,"רבעון 3, 2025",משרד התחבורה
702,נתיבי ישראל,869.961154, ,5714,869.961154,"רבעון 3, 2025",משרד התחבורה
703,נתיבי ישראל,377.277127, ,3952,377.277127,"רבעון 3, 2025",משרד התחבורה
704,נתיבי ישראל,1427.661520, ,60,1427.661520,"רבעון 3, 2025",משרד התחבורה
705,נתיבי ישראל,143.652048, ,8073,143.652048,"רבעון 3, 2025",משרד התחבורה
706,נתיבי ישראל,198.909256, ,5724,198.909256,"רבעון 3, 2025",משרד התחבורה
707,נתיבי ישראל,192.671198, ,3617,192.671198,"רבעון 3, 2025",משרד התחבורה
708,נתיבי ישראל,351.641645,PA01,0,351.641645,"רבעון 3, 2025",משרד התחבורה
709,נתיבי ישראל,2917.840507, ,9974,2917.840507,"רבעון 3, 2025",משרד התחבורה
710,נתיבי ישראל,721.046153,LR04,0,721.046153,"רבעון 3, 2025",משרד התחבורה
711,נתיבי ישראל,5278.273447, ,5533,5278.273447,"רבעון 3, 2025",משרד התחבורה
712,נתיבי ישראל,127.986911, ,9771,127.986911,"רבעון 3, 2025",משרד התחבורה
713,נתיבי ישראל,2137.383797, ,9892,2137.383797,"רבעון 3, 2025",משרד התחבורה
714,נתיבי ישראל,480.654331,GO09,0,480.654331,"רבעון 3, 2025",משרד התחבורה
715,נתיבי ישראל,1609.318226,GN01,0,1609.318226,"רבעון 3, 2025",משרד התחבורה
716,נתיבי ישראל,2592.825718, ,8179,2592.825718,"רבעון 3, 2025",משרד התחבורה
717,נתיבי ישראל,5850.721733, ,444,5850.721733,"רבעון 3, 2025",משרד התחבורה
718,נתיבי ישראל,278.657558,HZ09,0,278.657558,"רבעון 3, 2025",משרד התחבורה
719,נתיבי ישראל,2031.993072, ,8535,2031.993072,"רבעון 3, 2025",משרד התחבורה
720,נתיבי ישראל,222.153596,MS07,0,222.153596,"רבעון 3, 2025",משרד התחבורה
721,נתיבי ישראל,1190.749637, ,3951,1190.749637,"רבעון 3, 2025",משרד התחבורה
722,נתיבי ישראל,449.709687,BT02,0,449.709687,"רבעון 3, 2025",משרד התחבורה
723,נתיבי ישראל,7038.270829, ,3253,7038.270829,"רבעון 3, 2025",משרד התחבורה
724,נתיבי ישראל,1065.207097,GO06,0,1065.207097,"רבעון 3, 2025",משרד התחבורה
725,נתיבי ישראל,1097.185948,HS02,0,1097.185948,"רבעון 3, 2025",משרד התחבורה
726,נתיבי ישראל,6262.584948, ,7677,6262.584948,"רבעון 3, 2025",משרד התחבורה
727,נתיבי ישראל,673.041123, ,4247,673.041123,"רבעון 3, 2025",משרד התחבורה
728,נתיבי ישראל,363.484893,MU03,0,363.484893,"רבעון 3, 2025",משרד התחבורה
729,נתיבי ישראל,699.587800, ,3542,699.587800,"רבעון 3, 2025",משרד התחבורה
730,נתיבי ישראל,129.947375, ,2416,129.947375,"רבעון 3, 2025",משרד התחבורה
731,נתיבי ישראל,602.777033, ,4000,602.777033,"רבעון 3, 2025",משרד התחבורה
732,נתיבי ישראל,622.174823,RI03,0,622.174823,"רבעון 3, 2025",משרד התחבורה
733,נתיבי ישראל,827.792450,BR01,0,827.792450,"רבעון 3, 2025",משרד התחבורה
734,נתיבי ישראל,971.545123,GN09,0,971.545123,"רבעון 3, 2025",משרד התחבורה
735,נתיבי ישראל,962.819339, ,5703,962.819339,"רבעון 3, 2025",משרד התחבורה
736,נתיבי ישראל,72.341320,MZ03,0,72.341320,"רבעון 3, 2025",משרד התחבורה
737,נתיבי ישראל,8140.682830, ,444,8140.682830,"רבעון 3, 2025",משרד התחבורה
738,נתיבי ישראל,3407.496042, ,7899,3407.496042,"רבעון 3, 2025",משרד התחבורה
739,נתיבי ישראל,753.721715,KT02,0,753.721715,"רבעון 3, 2025",משרד התחבורה
740,נתיבי ישראל,495.845928, ,4106,495.845928,"רבעון 3, 2025",משרד התחבורה
741,נתיבי ישראל,428.851096,BI05,0,428.851096,"רבעון 3, 2025",משרד התחבורה
742,נתיבי ישראל,53.077269, ,2320,53.077269,"רבעון 3, 2025",משרד התחבורה
743,נתיבי ישראל,7499.650342, ,5613,7499.650342,"רבעון 3, 2025",משרד התחבורה
744,נתיבי ישראל,742.946609,SY02,0,742.946609,"רבעון 3, 2025",משרד התחבורה
745,נתיבי ישראל,697.588487, ,3527,697.588487,"רבעון 3, 2025",משרד התחבורה
746,נתיבי ישראל,415.584427,LM02,0,415.584427,"רבעון 3, 2025",משרד התחבורה
747,נתיבי ישראל,1547.000483, ,227,1547.000483,"רבעון 3, 2025",משרד התחבורה
748,נתיבי ישראל,942.599606, ,7101,942.599606,"רבעון 3, 2025",משרד התחבורה
749,נתיבי ישראל,2522.733927, ,4249,2522.733927,"רבעון 3, 2025",משרד התחבורה
750,נתיבי ישראל,564.179750, ,8996,564.179750,"רבעון 3, 2025",משרד התחבורה
751,נתיבי ישראל,716.013283, ,8675,716.013283,"רבעון 3, 2025",משרד התחבורה
752,נתיבי ישראל,2841.218880, ,8911,2841.218880,"רבעון 3, 2025",משרד התחבורה
753,נתיבי ישראל,707.313360, ,8830,707.313360,"רבעון 3, 2025",משרד התחבורה
754,נתיבי ישראל,5141.602704, ,42,5141.602704,"רבעון 3, 2025",משרד התחבורה
755,נתיבי ישראל,692.971622, ,4128,692.971622,"רבעון 3, 2025",משרד התחבורה
756,נתיבי ישראל,6873.674257, ,6678,6873.674257,"רבעון 3, 2025",משרד התחבורה
757,נתיבי ישראל,1197.719186, ,3875,1197.719186,"רבעון 3, 2025",משרד התחבורה
758,נתיבי ישראל,3266.223566, ,3543,3266.223566,"רבעון 3, 2025",משרד התחבורה
759,נתיבי ישראל,682.540293,SH03,0,682.540293,"רבעון 3, 2025",משרד התחבורה
760,נתיבי ישראל,342.394877,HA07,0,342.394877,"רבעון 3, 2025",משרד התחבורה
761,נתיבי ישראל,81.077690, ,3420,81.077690,"רבעון 3, 2025",משרד התחבורה
762,נתיבי ישראל,38.206113, ,4433,38.206113,"רבעון 3, 2025",משרד התחבורה
763,נתיבי ישראל,658.726604,HT01,0,658.726604,"רבעון 3, 2025",משרד התחבורה
764,נתיבי ישראל,291.876808, ,71,291.876808,"רבעון 3, 2025",משרד התחבורה
765,נתיבי ישראל,321.754915, ,8725,321.754915,"רבעון 3, 2025",משרד התחבורה
766,נתיבי ישראל,313.754191,YO03,0,313.754191,"רבעון 3, 2025",משרד התחבורה
767,נתיבי ישראל,710.270506,TS04,0,710.270506,"רבעון 3, 2025",משרד התחבורה
768,נתיבי ישראל,633.898247, ,3671,633.898247,"רבעון 3, 2025",משרד התחבורה
769,נתיבי ישראל,414.032987, ,785,414.032987,"רבעון 3, 2025",משרד התחבורה
770,נתיבי ישראל,985.223675,HH02,0,985.223675,"רבעון 3, 2025",משרד התחבורה
771,נתיבי ישראל,1309.062228, ,3102,1309.062228,"רבעון 3, 2025",משרד התחבורה
772,נתיבי ישראל,199.546964, ,6714,199.546964,"רבעון 3, 2025",משרד התחבורה
773,נתיבי ישראל,3461.079683, ,8691,3461.079683,"רבעון 3, 2025",משרד התחבורה
774,נתיבי ישראל,1391.094579, ,8558,1391.094579,"רבעון 3, 2025",משרד התחבורה
775,נתיבי ישראל,4600.138276, ,2273,4600.138276,"רבעון 3, 2025",משרד התחבורה
776,נתיבי ישראל,1302.283364,NE02,0,1302.283364,"רבעון 3, 2025",משרד התחבורה
777,נתיבי ישראל,422.288528,RM02,0,422.288528,"רבעון 3, 2025",משרד התחבורה
778,נתיבי ישראל,1757.062399, ,8833,1757.062399,"רבעון 3, 2025",משרד התחבורה
779,נתיבי ישראל,405.746121, ,3500,405.746121,"רבעון 3, 2025",משרד התחבורה
780,נתיבי ישראל,1459.417174,YV03,0,1459.417174,"רבעון 3, 2025",משרד התחבורה
781,נתיבי ישראל,1005.189281,BI02,0,1005.189281,"רבעון 3, 2025",משרד התחבורה
782,נתיבי ישראל,755.413046, ,8271,755.413046,"רבעון 3, 2025",משרד התחבורה
783,נתיבי ישראל,387.849819,GA02,0,387.849819,"רבעון 3, 2025",משרד התחבורה
784,נתיבי ישראל,2626.954146, ,4,2626.954146,"רבעון 3, 2025",משרד התחבורה
785,נתיבי ישראל,111.149780,BE05,4242,111.149780,"רבעון 3, 2025",משרד התחבורה
786,נתיבי ישראל,142.154962,RS07,0,142.154962,"רבעון 3, 2025",משרד התחבורה
787,נתיבי ישראל,865.835591, ,9974,865.835591,"רבעון 3, 2025",משרד התחבורה
788,נתיבי ישראל,154.133467, ,8546,154.133467,"רבעון 3, 2025",משרד התחבורה
789,נתיבי ישראל,1027.885075, ,6732,1027.885075,"רבעון 3, 2025",משרד התחבורה
790,נתיבי ישראל,1880.585531, ,3985,1880.585531,"רבעון 3, 2025",משרד התחבורה
791,נתיבי ישראל,538.907696,SP02,0,538.907696,"רבעון 3, 2025",משרד התחבורה
792,נתיבי ישראל,89394.939404, ,98,89394.939404,"רבעון 3, 2025",משרד התחבורה
793,נתיבי ישראל,313.287289, ,4315,313.287289,"רבעון 3, 2025",משרד התחבורה
794,נתיבי ישראל,63.205638, ,2217,63.205638,"רבעון 3, 2025",משרד התחבורה
795,נתיבי ישראל,23538.000890, ,234,23538.000890,"רבעון 3, 2025",משרד התחבורה
796,נתיבי ישראל,532.929807,LB04,0,532.929807,"רבעון 3, 2025",משרד התחבורה
797,נתיבי ישראל,994.381341, ,7707,994.381341,"רבעון 3, 2025",משרד התחבורה
798,נתיבי ישראל,68727.702982, ,12,68727.702982,"רבעון 3, 2025",משרד התחבורה
799,נתיבי ישראל,363.452600,MG01,0,363.452600,"רבעון 3, 2025",משרד התחבורה
800,נתיבי ישראל,91.502578,GS02,0,91.502578,"רבעון 3, 2025",משרד התחבורה
801,נתיבי ישראל,909.762058,GR02,0,909.762058,"רבעון 3, 2025",משרד התחבורה
802,נתיבי ישראל,789.081438,SY03,0,789.081438,"רבעון 3, 2025",משרד התחבורה
803,נתיבי ישראל,647.643970,RS04,0,647.643970,"רבעון 3, 2025",משרד התחבורה
804,נתיבי ישראל,327.582081,HH07,0,327.582081,"רבעון 3, 2025",משרד התחבורה
805,נתיבי ישראל,2652.625109, ,2212,2652.625109,"רבעון 3, 2025",משרד התחבורה
806,נתיבי ישראל,1349.162800, ,8963,1349.162800,"רבעון 3, 2025",משרד התחבורה
807,נתיבי ישראל,64.055223, ,8723,64.055223,"רבעון 3, 2025",משרד התחבורה
808,נתיבי ישראל,437.220795,NV02,0,437.220795,"רבעון 3, 2025",משרד התחבורה
809,נתיבי ישראל,38453.144767, ,65,38453.144767,"רבעון 3, 2025",משרד התחבורה
810,נתיבי ישראל,442.943468,RM01,0,442.943468,"רבעון 3, 2025",משרד התחבורה
811,נתיבי ישראל,483.252985,HZ04,0,483.252985,"רבעון 3, 2025",משרד התחבורה
812,נתיבי ישראל,1850.675231,DR02,0,1850.675231,"רבעון 3, 2025",משרד התחבורה
813,נתיבי ישראל,12983.319119, ,310,12983.319119,"רבעון 3, 2025",משרד התחבורה
814,נתיבי ישראל,98.760713, ,7171,98.760713,"רבעון 3, 2025",משרד התחבורה
815,נתיבי ישראל,44.676529, ,2342,44.676529,"רבעון 3, 2025",משרד התחבורה
816,נתיבי ישראל,904.923919, ,4402,904.923919,"רבעון 3, 2025",משרד התחבורה
817,נתיבי ישראל,506.174467, ,1307,506.174467,"רבעון 3, 2025",משרד התחבורה
818,נתיבי ישראל,144.155382,AY05,0,144.155382,"רבעון 3, 2025",משרד התחבורה
819,נתיבי ישראל,490.822522,RA01,0,490.822522,"רבעון 3, 2025",משרד התחבורה
820,נתיבי ישראל,19378.716110, ,767,19378.716110,"רבעון 3, 2025",משרד התחבורה
821,נתיבי ישראל,1172.756015, ,4003,1172.756015,"רבעון 3, 2025",משרד התחבורה
822,נתיבי ישראל,519.763366, ,3717,519.763366,"רבעון 3, 2025",משרד התחבורה
823,נתיבי ישראל,583.711195,RV01,0,583.711195,"רבעון 3, 2025",משרד התחבורה
824,נתיבי ישראל,425.792089,HG01,0,425.792089,"רבעון 3, 2025",משרד התחבורה
825,נתיבי ישראל,1670.106211,AH01,0,1670.106211,"רבעון 3, 2025",משרד התחבורה
826,נתיבי ישראל,780.406964, ,7175,780.406964,"רבעון 3, 2025",משרד התחבורה
827,נתיבי ישראל,727.840372,RZ01,0,727.840372,"רבעון 3, 2025",משרד התחבורה
828,נתיבי ישראל,1106.154992, ,8072,1106.154992,"רבעון 3, 2025",משרד התחבורה
829,נתיבי ישראל,675.477593,TN01,0,675.477593,"רבעון 3, 2025",משרד התחבורה
830,נתיבי ישראל,935.438183,HH04,0,935.438183,"רבעון 3, 2025",משרד התחבורה
831,נתיבי ישראל,807.722970, ,7672,807.722970,"רבעון 3, 2025",משרד התחבורה
832,נתיבי ישראל,610.144060, ,7591,610.144060,"רבעון 3, 2025",משרד התחבורה
833,נתיבי ישראל,321.525209,KR04,0,321.525209,"רבעון 3, 2025",משרד התחבורה
834,נתיבי ישראל,575.801839,SY05,0,575.801839,"רבעון 3, 2025",משרד התחבורה
835,נתיבי ישראל,1384.971051,HE02,0,1384.971051,"רבעון 3, 2025",משרד התחבורה
836,נתיבי ישראל,575.029491,CN04,0,575.029491,"רבעון 3, 2025",משרד התחבורה
837,נתיבי ישראל,13210.738152, ,35,13210.738152,"רבעון 3, 2025",משרד התחבורה
838,נתיבי ישראל,8390.768881, ,806,8390.768881,"רבעון 3, 2025",משרד התחבורה
839,נתיבי ישראל,733.150463,AD11,0,733.150463,"רבעון 3, 2025",משרד התחבורה
840,נתיבי ישראל,54.096385,SM06,0,54.096385,"רבעון 3, 2025",משרד התחבורה
841,נתיבי ישראל,22.909739, ,5814,22.909739,"רבעון 3, 2025",משרד התחבורה
842,נתיבי ישראל,12845.895526, ,716,12845.895526,"רבעון 3, 2025",משרד התחבורה
843,נתיבי ישראל,500.751835,KS03,0,500.751835,"רבעון 3, 2025",משרד התחבורה
844,נתיבי ישראל,645.798729,EP02,0,645.798729,"רבעון 3, 2025",משרד התחבורה
845,נתיבי ישראל,397.285095, ,3415,397.285095,"רבעון 3, 2025",משרד התחבורה
846,נתיבי ישראל,656.951921,GN03,0,656.951921,"רבעון 3, 2025",משרד התחבורה
847,נתיבי ישראל,457.883581, ,3528,457.883581,"רבעון 3, 2025",משרד התחבורה
848,נתיבי ישראל,1555.110316,BG02,0,1555.110316,"רבעון 3, 2025",משרד התחבורה
849,נתיבי ישראל,486.552608, ,8694,486.552608,"רבעון 3, 2025",משרד התחבורה
850,נתיבי ישראל,694.893197, ,8533,694.893197,"רבעון 3, 2025",משרד התחבורה
851,נתיבי ישראל,1543.023668, ,8513,1543.023668,"רבעון 3, 2025",משרד התחבורה
852,נתיבי ישראל,2112.116512, ,4402,2112.116512,"רבעון 3, 2025",משרד התחבורה
853,נתיבי ישראל,962.417965, ,5877,962.417965,"רבעון 3, 2025",משרד התחבורה
854,נתיבי ישראל,435.090509, ,4440,435.090509,"רבעון 3, 2025",משרד התחבורה
855,נתיבי ישראל,144.724179, ,3714,144.724179,"רבעון 3, 2025",משרד התחבורה
856,נתיבי ישראל,16136.862613, ,386,16136.862613,"רבעון 3, 2025",משרד התחבורה
857,נתיבי ישראל,976.182634,HO01,0,976.182634,"רבעון 3, 2025",משרד התחבורה
858,נתיבי ישראל,382.828202,KR01,0,382.828202,"רבעון 3, 2025",משרד התחבורה
859,נתיבי ישראל,65.489132, ,8592,65.489132,"רבעון 3, 2025",משרד התחבורה
860,נתיבי ישראל,634.695746,KM03,0,634.695746,"רבעון 3, 2025",משרד התחבורה
861,נתיבי ישראל,9766.113926, ,44,9766.113926,"רבעון 3, 2025",משרד התחבורה
862,נתיבי ישראל,820.088663, ,1302,820.088663,"רבעון 3, 2025",משרד התחבורה
863,נתיבי ישראל,250.999968,BN33,0,250.999968,"רבעון 3, 2025",משרד התחבורה
864,נתיבי ישראל,422.228339,HA05,0,422.228339,"רבעון 3, 2025",משרד התחבורה
865,נתיבי ישראל,107.816467,YR05,0,107.816467,"רבעון 3, 2025",משרד התחבורה
866,נתיבי ישראל,408.039216,SH05,3955,408.039216,"רבעון 3, 2025",משרד התחבורה
867,נתיבי ישראל,1520.846580,RA06,40,1520.846580,"רבעון 3, 2025",משרד התחבורה
868,נתיבי ישראל,4088.107859, ,5,4088.107859,"רבעון 3, 2025",משרד התחבורה
869,נתיבי ישראל,820.257973,EP04,0,820.257973,"רבעון 3, 2025",משרד התחבורה
870,נתיבי ישראל,466.610371, ,9784,466.610371,"רבעון 3, 2025",משרד התחבורה
871,נתיבי ישראל,11167.499320, ,13,11167.499320,"רבעון 3, 2025",משרד התחבורה
872,נתיבי ישראל,365.285571,HZ06,0,365.285571,"רבעון 3, 2025",משרד התחבורה
873,נתיבי ישראל,148.405530,NF05,0,148.405530,"רבעון 3, 2025",משרד התחבורה
874,נתיבי ישראל,519.567839,RH05,0,519.567839,"רבעון 3, 2025",משרד התחבורה
875,נתיבי ישראל,557.918229, ,8832,557.918229,"רבעון 3, 2025",משרד התחבורה
876,נתיבי ישראל,142.008330, ,3935,142.008330,"רבעון 3, 2025",משרד התחבורה
877,נתיבי ישראל,621.898306,ME01,0,621.898306,"רבעון 3, 2025",משרד התחבורה
878,נתיבי ישראל,846.535291,EE01,0,846.535291,"רבעון 3, 2025",משרד התחבורה
879,נתיבי ישראל,20071.748301, ,70,20071.748301,"רבעון 3, 2025",משרד התחבורה
880,נתיבי ישראל,238.682468, ,8074,238.682468,"רבעון 3, 2025",משרד התחבורה
881,נתיבי ישראל,1912.830290, ,8545,1912.830290,"רבעון 3, 2025",משרד התחבורה
882,נתיבי ישראל,5977.022893, ,8967,5977.022893,"רבעון 3, 2025",משרד התחבורה
883,נתיבי ישראל,4130.994154, ,60,4130.994154,"רבעון 3, 2025",משרד התחבורה
884,נתיבי ישראל,4132.424972, ,8675,4132.424972,"רבעון 3, 2025",משרד התחבורה
885,נתיבי ישראל,119.116833,BI12,0,119.116833,"רבעון 3, 2025",משרד התחבורה
886,נתיבי ישראל,532.524279, ,9782,532.524279,"רבעון 3, 2025",משרד התחבורה
887,נתיבי ישראל,437.423205, ,8919,437.423205,"רבעון 3, 2025",משרד התחבורה
888,נתיבי ישראל,1324.882885, ,3976,1324.882885,"רבעון 3, 2025",משרד התחבורה
889,נתיבי ישראל,1019.845507,DR05,0,1019.845507,"רבעון 3, 2025",משרד התחבורה
890,נתיבי ישראל,572.664128,LD05,0,572.664128,"רבעון 3, 2025",משרד התחבורה
891,נתיבי ישראל,933.472707, ,7264,933.472707,"רבעון 3, 2025",משרד התחבורה
892,נתיבי ישראל,59.056588, ,2219,59.056588,"רבעון 3, 2025",משרד התחבורה
893,נתיבי ישראל,7555.938218, ,989,7555.938218,"רבעון 3, 2025",משרד התחבורה
894,נתיבי ישראל,105.813010,MH04,0,105.813010,"רבעון 3, 2025",משרד התחבורה
895,נתיבי ישראל,12393.330076, ,22,12393.330076,"רבעון 3, 2025",משרד התחבורה
896,נתיבי ישראל,114.044531, ,5702,114.044531,"רבעון 3, 2025",משרד התחבורה
897,נתיבי ישראל,99.501212, ,8836,99.501212,"רבעון 3, 2025",משרד התחבורה
898,נתיבי ישראל,468.850812, ,2934,468.850812,"רבעון 3, 2025",משרד התחבורה
899,נתיבי ישראל,6865.974120, ,9098,6865.974120,"רבעון 3, 2025",משרד התחבורה
900,נתיבי ישראל,1774.282979, ,8975,1774.282979,"רבעון 3, 2025",משרד התחבורה
901,נתיבי ישראל,1164.595968,NV01,0,1164.595968,"רבעון 3, 2025",משרד התחבורה
902,נתיבי ישראל,479.990091, ,4103,479.990091,"רבעון 3, 2025",משרד התחבורה
903,נתיבי ישראל,568.770697, ,7078,568.770697,"רבעון 3, 2025",משרד התחבורה
904,נתיבי ישראל,275.655818, ,7105,275.655818,"רבעון 3, 2025",משרד התחבורה
905,נתיבי ישראל,2068.193602, ,8082,2068.193602,"רבעון 3, 2025",משרד התחבורה
906,נתיבי ישראל,65.692456, ,7679,65.692456,"רבעון 3, 2025",משרד התחבורה
907,נתיבי ישראל,707.959754,KT03,0,707.959754,"רבעון 3, 2025",משרד התחבורה
908,נתיבי ישראל,228.116017,EE05,0,228.116017,"רבעון 3, 2025",משרד התחבורה
909,נתיבי ישראל,28446.489325, ,4,28446.489325,"רבעון 3, 2025",משרד התחבורה
910,נתיבי ישראל,2763.200071, ,4249,2763.200071,"רבעון 3, 2025",משרד התחבורה
911,נתיבי ישראל,1643.031803,BG01,0,1643.031803,"רבעון 3, 2025",משרד התחבורה
912,נתיבי ישראל,7151.060682, ,90,7151.060682,"רבעון 3, 2025",משרד התחבורה
913,נתיבי ישראל,816.386266,KM01,0,816.386266,"רבעון 3, 2025",משרד התחבורה
914,נתיבי ישראל,63.601997,BZ02,0,63.601997,"רבעון 3, 2025",משרד התחבורה
915,נתיבי ישראל,298.931662, ,8961,298.931662,"רבעון 3, 2025",משרד התחבורה
916,נתיבי ישראל,2145.445580, ,42,2145.445580,"רבעון 3, 2025",משרד התחבורה
917,נתיבי ישראל,59.098080, ,5236,59.098080,"רבעון 3, 2025",משרד התחבורה
918,נתיבי ישראל,484.902296,LM03,0,484.902296,"רבעון 3, 2025",משרד התחבורה
919,נתיבי ישראל,4156.203185, ,9799,4156.203185,"רבעון 3, 2025",משרד התחבורה
920,נתיבי ישראל,1178.192412, ,5701,1178.192412,"רבעון 3, 2025",משרד התחבורה
921,נתיבי ישראל,2214.952774, ,5715,2214.952774,"רבעון 3, 2025",משרד התחבורה
922,נתיבי ישראל,453.434530, ,3548,453.434530,"רבעון 3, 2025",משרד התחבורה
923,נתיבי ישראל,840.853970,AH04,0,840.853970,"רבעון 3, 2025",משרד התחבורה
924,נתיבי ישראל,473.979224, ,4304,473.979224,"רבעון 3, 2025",משרד התחבורה
925,נתיבי ישראל,382.420679, ,2233,382.420679,"רבעון 3, 2025",משרד התחבורה
926,נתיבי ישראל,542.940571, ,2421,542.940571,"רבעון 3, 2025",משרד התחבורה
927,נתיבי ישראל,666.251681,AL02,0,666.251681,"רבעון 3, 2025",משרד התחבורה
928,נתיבי ישראל,384.597260,SY04,0,384.597260,"רבעון 3, 2025",משרד התחבורה
929,נתיבי ישראל,5808.538758, ,4304,5808.538758,"רבעון 3, 2025",משרד התחבורה
930,נתיבי ישראל,6561.669857, ,2499,6561.669857,"רבעון 3, 2025",משרד התחבורה
931,נתיבי ישראל,878.755354, ,2206,878.755354,"רבעון 3, 2025",משרד התחבורה
932,נתיבי ישראל,34594.172873, ,80,34594.172873,"רבעון 3, 2025",משרד התחבורה
933,נתיבי ישראל,293.949513, ,8917,293.949513,"רבעון 3, 2025",משרד התחבורה
934,נתיבי ישראל,452.215054, ,2502,452.215054,"רבעון 3, 2025",משרד התחבורה
935,נתיבי ישראל,669.788647,HM01,0,669.788647,"רבעון 3, 2025",משרד התחבורה
936,נתיבי ישראל,375.899070,GH05,0,375.899070,"רבעון 3, 2025",משרד התחבורה
937,נתיבי ישראל,350.958135,BL04,0,350.958135,"רבעון 3, 2025",משרד התחבורה
938,נתיבי ישראל,137.564573, ,9891,137.564573,"רבעון 3, 2025",משרד התחבורה
939,נתיבי ישראל,616.793243, ,4002,616.793243,"רבעון 3, 2025",משרד התחבורה
940,נתיבי ישראל,195.234102, ,7676,195.234102,"רבעון 3, 2025",משרד התחבורה
941,נתיבי ישראל,10815.947773, ,225,10815.947773,"רבעון 3, 2025",משרד התחבורה
942,נתיבי ישראל,531.603586,CN06,0,531.603586,"רבעון 3, 2025",משרד התחבורה
943,נתיבי ישראל,356.705737, ,3559,356.705737,"רבעון 3, 2025",משרד התחבורה
944,נתיבי ישראל,189.197064,BF03,0,189.197064,"רבעון 3, 2025",משרד התחבורה
945,נתיבי ישראל,968.855081,EE04,0,968.855081,"רבעון 3, 2025",משרד התחבורה
946,נתיבי ישראל,136.536225,TV02,0,136.536225,"רבעון 3, 2025",משרד התחבורה
947,נתיבי ישראל,340.212586, ,7890,340.212586,"רבעון 3, 2025",משרד התחבורה
948,נתיבי ישראל,1314.074455,RD07,0,1314.074455,"רבעון 3, 2025",משרד התחבורה
949,נתיבי ישראל,3820.088655, ,717,3820.088655,"רבעון 3, 2025",משרד התחבורה
950,נתיבי ישראל,1765.723976, ,4623,1765.723976,"רבעון 3, 2025",משרד התחבורה
951,נתיבי ישראל,2393.700662, ,2444,2393.700662,"רבעון 3, 2025",משרד התחבורה
952,נתיבי ישראל,7497.096590, ,7891,7497.096590,"רבעון 3, 2025",משרד התחבורה
953,נתיבי ישראל,23.053902,GH07,0,23.053902,"רבעון 3, 2025",משרד התחבורה
954,נתיבי ישראל,219.298577,EM05,0,219.298577,"רבעון 3, 2025",משרד התחבורה
955,נתיבי ישראל,520.189656,MG02,0,520.189656,"רבעון 3, 2025",משרד התחבורה
956,נתיבי ישראל,159.931513,LK05,0,159.931513,"רבעון 3, 2025",משרד התחבורה
957,נתיבי ישראל,94.776762,NG04,0,94.776762,"רבעון 3, 2025",משרד התחבורה
958,נתיבי ישראל,3834.084939, ,2932,3834.084939,"רבעון 3, 2025",משרד התחבורה
959,נתיבי ישראל,7598.694019, ,242,7598.694019,"רבעון 3, 2025",משרד התחבורה
960,נתיבי ישראל,1293.195997, ,8510,1293.195997,"רבעון 3, 2025",משרד התחבורה
961,נתיבי ישראל,3527.315291, ,3955,3527.315291,"רבעון 3, 2025",משרד התחבורה
962,נתיבי ישראל,133.561780, ,2215,133.561780,"רבעון 3, 2025",משרד התחבורה
963,נתיבי ישראל,100.533260, ,2936,100.533260,"רבעון 3, 2025",משרד התחבורה
964,נתיבי ישראל,558.227050,LB01,0,558.227050,"רבעון 3, 2025",משרד התחבורה
965,נתיבי ישראל,120.097371,SP07,0,120.097371,"רבעון 3, 2025",משרד התחבורה
966,נתיבי ישראל,763.955083, ,8995,763.955083,"רבעון 3, 2025",משרד התחבורה
967,נתיבי ישראל,3010.595822, ,9118,3010.595822,"רבעון 3, 2025",משרד התחבורה
968,נתיבי ישראל,533.210391,RM04,0,533.210391,"רבעון 3, 2025",משרד התחבורה
969,נתיבי ישראל,250.436973, ,3954,250.436973,"רבעון 3, 2025",משרד התחבורה
970,נתיבי ישראל,983.479514,GN02,0,983.479514,"רבעון 3, 2025",משרד התחבורה
971,נתיבי ישראל,2238.570334, ,2225,2238.570334,"רבעון 3, 2025",משרד התחבורה
972,נתיבי ישראל,671.922762, ,8652,671.922762,"רבעון 3, 2025",משרד התחבורה
973,נתיבי ישראל,11967.442907, ,3,11967.442907,"רבעון 3, 2025",משרד התחבורה
974,נתיבי ישראל,245.860557, ,8651,245.860557,"רבעון 3, 2025",משרד התחבורה
975,נתיבי ישראל,29.751576, ,9897,29.751576,"רבעון 3, 2025",משרד התחבורה
976,נתיבי ישראל,300.063502, ,7895,300.063502,"רבעון 3, 2025",משרד התחבורה
977,נתיבי ישראל,935.777673,YV01,0,935.777673,"רבעון 3, 2025",משרד התחבורה
978,נתיבי ישראל,341.004449, ,7161,341.004449,"רבעון 3, 2025",משרד התחבורה
979,נתיבי ישראל,5004.265333, ,411,5004.265333,"רבעון 3, 2025",משרד התחבורה
980,נתיבי ישראל,161.078154, ,5443,161.078154,"רבעון 3, 2025",משרד התחבורה
981,נתיבי ישראל,329.665503,TL01,0,329.665503,"רבעון 3, 2025",משרד התחבורה
982,נתיבי ישראל,4794.795818, ,3538,4794.795818,"רבעון 3, 2025",משרד התחבורה
983,נתיבי ישראל,684.708799,YR03,0,684.708799,"רבעון 3, 2025",משרד התחבורה
984,נתיבי ישראל,27396.335225, ,667,27396.335225,"רבעון 3, 2025",משרד התחבורה
985,נתיבי ישראל,482.687819,RH02,0,482.687819,"רבעון 3, 2025",משרד התחבורה
986,נתיבי ישראל,2658.154840, ,3403,2658.154840,"רבעון 3, 2025",משרד התחבורה
987,נתיבי ישראל,152.901234,KD01,0,152.901234,"רבעון 3, 2025",משרד התחבורה
988,נתיבי ישראל,11628.124806, ,669,11628.124806,"רבעון 3, 2025",משרד התחבורה
989,נתיבי ישראל,362.708290, ,2322,362.708290,"רבעון 3, 2025",משרד התחבורה
990,נתיבי ישראל,132.786083, ,9117,132.786083,"רבעון 3, 2025",משרד התחבורה
991,נתיבי ישראל,519.959330, ,4438,519.959330,"רבעון 3, 2025",משרד התחבורה
992,נתיבי ישראל,6712.612038, ,60,6712.612038,"רבעון 3, 2025",משרד התחבורה
993,נתיבי ישראל,716.922038,GO04,0,716.922038,"רבעון 3, 2025",משרד התחבורה
994,נתיבי ישראל,288.180280,NF03,0,288.180280,"רבעון 3, 2025",משרד התחבורה
995,נתיבי ישראל,1012.947520, ,2446,1012.947520,"רבעון 3, 2025",משרד התחבורה
996,נתיבי ישראל,712.853689,BR03,0,712.853689,"רבעון 3, 2025",משרד התחבורה
997,נתיבי ישראל,837.319054, ,8177,837.319054,"רבעון 3, 2025",משרד התחבורה
998,נתיבי ישראל,205.601917, ,8676,205.601917,"רבעון 3, 2025",משרד התחבורה
999,נתיבי ישראל,2635.855902, ,8966,2635.855902,"רבעון 3, 2025",משרד התחבורה
1000,נתיבי ישראל,307.450912, ,7,307.450912,"רבעון 3, 2025",משרד התחבורה
1001,נתיבי ישראל,72.585561, ,4610,72.585561,"רבעון 3, 2025",משרד התחבורה
1002,נתיבי ישראל,5167.503332, ,574,5167.503332,"רבעון 3, 2025",משרד התחבורה
1003,נתיבי ישראל,715.896733,AD09,0,715.896733,"רבעון 3, 2025",משרד התחבורה
1004,נתיבי ישראל,546.939395,HN01,0,546.939395,"רבעון 3, 2025",משרד התחבורה
1005,נתיבי ישראל,888.911217,AH03,0,888.911217,"רבעון 3, 2025",משרד התחבורה
1006,נתיבי ישראל,2679.174328, ,8994,2679.174328,"רבעון 3, 2025",משרד התחבורה
1007,נתיבי ישראל,1581.035061, ,2428,1581.035061,"רבעון 3, 2025",משרד התחבורה
1008,נתיבי ישראל,266.001422, ,8692,266.001422,"רבעון 3, 2025",משרד התחבורה
1009,נתיבי ישראל,805.008009,TK03,0,805.008009,"רבעון 3, 2025",משרד התחבורה
1010,נתיבי ישראל,26061.397753, ,92,26061.397753,"רבעון 3, 2025",משרד התחבורה
1011,נתיבי ישראל,519.716910,LK02,0,519.716910,"רבעון 3, 2025",משרד התחבורה
1012,נתיבי ישראל,102.291414, ,3418,102.291414,"רבעון 3, 2025",משרד התחבורה
1013,נתיבי ישראל,574.175073,RZ02,0,574.175073,"רבעון 3, 2025",משרד התחבורה
1014,נתיבי ישראל,740.244811,JO01,0,740.244811,"רבעון 3, 2025",משרד התחבורה
1015,נתיבי ישראל,107.733167, ,5233,107.733167,"רבעון 3, 2025",משרד התחבורה
1016,נתיבי ישראל,3651.031811, ,7893,3651.031811,"רבעון 3, 2025",משרד התחבורה
1017,נתיבי ישראל,175.683037, ,3502,175.683037,"רבעון 3, 2025",משרד התחבורה
1018,נתיבי ישראל,878.834257, ,1,878.834257,"רבעון 3, 2025",משרד התחבורה
1019,נתיבי ישראל,341.093278,EA04,0,341.093278,"רבעון 3, 2025",משרד התחבורה
1020,נתיבי ישראל,4326.969194, ,6724,4326.969194,"רבעון 3, 2025",משרד התחבורה
1021,נתיבי ישראל,92.334286, ,3529,92.334286,"רבעון 3, 2025",משרד התחבורה
1022,נתיבי ישראל,1145.814177, ,109,1145.814177,"רבעון 3, 2025",משרד התחבורה
1023,נתיבי ישראל,39286.172988, ,211,39286.172988,"רבעון 3, 2025",משרד התחבורה
1024,נתיבי ישראל,107.136500, ,3834,107.136500,"רבעון 3, 2025",משרד התחבורה
1025,נתיבי ישראל,361.985637,HV04,0,361.985637,"רבעון 3, 2025",משרד התחבורה
1026,נתיבי ישראל,750.554030,YN04,0,750.554030,"רבעון 3, 2025",משרד התחבורה
1027,נתיבי ישראל,295.959495, ,5706,295.959495,"רבעון 3, 2025",משרד התחבורה
1028,נתיבי ישראל,4478.824424, ,5711,4478.824424,"רבעון 3, 2025",משרד התחבורה
1029,נתיבי ישראל,137.355825, ,2220,137.355825,"רבעון 3, 2025",משרד התחבורה
1030,נתיבי ישראל,663.866629,YN05,0,663.866629,"רבעון 3, 2025",משרד התחבורה
1031,נתיבי ישראל,991.486475,GR04,0,991.486475,"רבעון 3, 2025",משרד התחבורה
1032,נתיבי ישראל,9989.925597, ,581,9989.925597,"רבעון 3, 2025",משרד התחבורה
1033,נתיבי ישראל,215.128749,BI11,0,215.128749,"רבעון 3, 2025",משרד התחבורה
1034,נתיבי ישראל,22951.219260, ,316,22951.219260,"רבעון 3, 2025",משרד התחבורה
1035,נתיבי ישראל,185.317438, ,2541,185.317438,"רבעון 3, 2025",משרד התחבורה
1036,נתיבי ישראל,1049.370514,MR01,0,1049.370514,"רבעון 3, 2025",משרד התחבורה
1037,נתיבי ישראל,467.325535,GH03,0,467.325535,"רבעון 3, 2025",משרד התחבורה
1038,נתיבי ישראל,491.736932,SP06,0,491.736932,"רבעון 3, 2025",משרד התחבורה
1039,נתיבי ישראל,709.785318, ,3824,709.785318,"רבעון 3, 2025",משרד התחבורה
1040,נתיבי ישראל,477.394429,GA04,0,477.394429,"רבעון 3, 2025",משרד התחבורה
1041,נתיבי ישראל,1871.008738, ,8913,1871.008738,"רבעון 3, 2025",משרד התחבורה
1042,נתיבי ישראל,776.771450,AD06,0,776.771450,"רבעון 3, 2025",משרד התחבורה
1043,נתיבי ישראל,2451.226015, ,8554,2451.226015,"רבעון 3, 2025",משרד התחבורה
1044,נתיבי ישראל,735.770939, ,8698,735.770939,"רבעון 3, 2025",משרד התחבורה
1045,נתיבי ישראל,1099.138752,MR04,0,1099.138752,"רבעון 3, 2025",משרד התחבורה
1046,נתיבי ישראל,356.553957,NA05,0,356.553957,"רבעון 3, 2025",משרד התחבורה
1047,נתיבי ישראל,818.149911,KT01,0,818.149911,"רבעון 3, 2025",משרד התחבורה
1048,נתיבי ישראל,318.355147,OM04,0,318.355147,"רבעון 3, 2025",משרד התחבורה
1049,נתיבי ישראל,468.183864,HM04,0,468.183864,"רבעון 3, 2025",משרד התחבורה
1050,נתיבי ישראל,304.958033,GO12,0,304.958033,"רבעון 3, 2025",משרד התחבורה
1051,נתיבי ישראל,283.025011, ,1121,283.025011,"רבעון 3, 2025",משרד התחבורה
1052,נתיבי ישראל,808.832386,AD04,0,808.832386,"רבעון 3, 2025",משרד התחבורה
1053,נתיבי ישראל,573.915384,SP03,0,573.915384,"רבעון 3, 2025",משרד התחבורה
1054,נתיבי ישראל,45.653768, ,3937,45.653768,"רבעון 3, 2025",משרד התחבורה
1055,נתיבי ישראל,448.559670, ,8695,448.559670,"רבעון 3, 2025",משרד התחבורה
1056,נתיבי ישראל,257.299995,BY01,0,257.299995,"רבעון 3, 2025",משרד התחבורה
1057,נתיבי ישראל,235.625014,KR05,0,235.625014,"רבעון 3, 2025",משרד התחבורה
1058,נתיבי ישראל,1356.078382,NE03,0,1356.078382,"רבעון 3, 2025",משרד התחבורה
1059,נתיבי ישראל,235.139994,SM09,0,235.139994,"רבעון 3, 2025",משרד התחבורה
1060,נתיבי ישראל,13996.535007, ,854,13996.535007,"רבעון 3, 2025",משרד התחבורה
1061,נתיבי ישראל,441.136552,BT03,0,441.136552,"רבעון 3, 2025",משרד התחבורה
1062,נתיבי ישראל,514.676167, ,5712,514.676167,"רבעון 3, 2025",משרד התחבורה
1063,נתיבי ישראל,197.276775,MR07,0,197.276776,"רבעון 3, 2025",משרד התחבורה
1064,נתיבי ישראל,560.368478, ,8593,560.368478,"רבעון 3, 2025",משרד התחבורה
1065,נתיבי ישראל,14252.097034, ,789,14252.097034,"רבעון 3, 2025",משרד התחבורה
1066,נתיבי ישראל,297.490125,GS06,0,297.490125,"רבעון 3, 2025",משרד התחבורה
1067,נתיבי ישראל,3579.483800, ,3412,3579.483800,"רבעון 3, 2025",משרד התחבורה
1068,נתיבי ישראל,765.030060, ,0,765.030060,"רבעון 3, 2025",משרד התחבורה
1069,נתיבי ישראל,1130.084277,AM04,0,1130.084277,"רבעון 3, 2025",משרד התחבורה
1070,נתיבי ישראל,675.731905,HV02,0,675.731905,"רבעון 3, 2025",משרד התחבורה
1071,נתיבי ישראל,2665.066073, ,7155,2665.066073,"רבעון 3, 2025",משרד התחבורה
1072,נתיבי ישראל,594.613124, ,7579,594.613124,"רבעון 3, 2025",משרד התחבורה
1073,נתיבי ישראל,623.068042,EM02,0,623.068042,"רבעון 3, 2025",משרד התחבורה
1074,נתיבי ישראל,3338.458798, ,5700,3338.458798,"רבעון 3, 2025",משרד התחבורה
1075,נתיבי ישראל,14334.342007, ,264,14334.342007,"רבעון 3, 2025",משרד התחבורה
1076,נתיבי ישראל,1164.253424, ,3713,1164.253424,"רבעון 3, 2025",משרד התחבורה
1077,נתיבי ישראל,317.431835,KS02,0,317.431835,"רבעון 3, 2025",משרד התחבורה
1078,נתיבי ישראל,799.201541,KH05,0,799.201541,"רבעון 3, 2025",משרד התחבורה
1079,נתיבי ישראל,319.488472,OM03,0,319.488472,"רבעון 3, 2025",משרד התחבורה
1080,נתיבי ישראל,128.210591,YR06,0,128.210591,"רבעון 3, 2025",משרד התחבורה
1081,נתיבי ישראל,243.772587,TL02,0,243.772587,"רבעון 3, 2025",משרד התחבורה
1082,נתיבי ישראל,1740.781909, ,446,1740.781909,"רבעון 3, 2025",משרד התחבורה
1083,נתיבי ישראל,274.272503,YT03,0,274.272503,"רבעון 3, 2025",משרד התחבורה
1084,נתיבי ישראל,12949.670264, ,888,12949.670264,"רבעון 3, 2025",משרד התחבורה
1085,נתיבי ישראל,7631.733311, ,9779,7631.733311,"רבעון 3, 2025",משרד התחבורה
1086,נתיבי ישראל,566.964117,YR02,0,566.964117,"רבעון 3, 2025",משרד התחבורה
1087,נתיבי ישראל,839.451782,SK05,0,839.451782,"רבעון 3, 2025",משרד התחבורה
1088,נתיבי ישראל,927.773589,SO50,0,927.773589,"רבעון 3, 2025",משרד התחבורה
1089,נתיבי ישראל,2967.132696, ,293,2967.132696,"רבעון 3, 2025",משרד התחבורה
1090,נתיבי ישראל,713.987977,AM01,0,713.987977,"רבעון 3, 2025",משרד התחבורה
1091,נתיבי ישראל,1045.303881, ,7851,1045.303881,"רבעון 3, 2025",משרד התחבורה
1092,נתיבי ישראל,1291.080708, ,1127,1291.080708,"רבעון 3, 2025",משרד התחבורה
1093,נתיבי ישראל,131.144842, ,3857,131.144842,"רבעון 3, 2025",משרד התחבורה
1094,נתיבי ישראל,1515.521840, ,424,1515.521840,"רבעון 3, 2025",משרד התחבורה
1095,נתיבי ישראל,523.550666, ,1095,523.550666,"רבעון 3, 2025",משרד התחבורה
1096,נתיבי ישראל,965.162745, ,5311,965.162745,"רבעון 3, 2025",משרד התחבורה
1097,נתיבי ישראל,10697.158553, ,8721,10697.158553,"רבעון 3, 2025",משרד התחבורה
1098,נתיבי ישראל,13559.702036, ,3,13559.702036,"רבעון 3, 2025",משרד התחבורה
1099,נתיבי ישראל,639.623019, ,8965,639.623019,"רבעון 3, 2025",משרד התחבורה
1100,נתיבי ישראל,892.861641,NA02,0,892.861641,"רבעון 3, 2025",משרד התחבורה
1101,נתיבי ישראל,3409.195765, ,3613,3409.195765,"רבעון 3, 2025",משרד התחבורה
1102,נתיבי ישראל,1725.393766, ,2234,1725.393766,"רבעון 3, 2025",משרד התחבורה
1103,נתיבי ישראל,171.480070,KH01,0,171.480070,"רבעון 3, 2025",משרד התחבורה
1104,נתיבי ישראל,8949.368523, ,40,8949.368523,"רבעון 3, 2025",משרד התחבורה
1105,נתיבי ישראל,709.250836,MR03,0,709.250836,"רבעון 3, 2025",משרד התחבורה
1106,נתיבי ישראל,526.560406,LK03,0,526.560406,"רבעון 3, 2025",משרד התחבורה
1107,נתיבי ישראל,215.990071,RV05,0,215.990071,"רבעון 3, 2025",משרד התחבורה
1108,נתיבי ישראל,857.552733, ,7675,857.552733,"רבעון 3, 2025",משרד התחבורה
1109,נתיבי ישראל,87.971765,NG03,0,87.971765,"רבעון 3, 2025",משרד התחבורה
1110,נתיבי ישראל,332.303116, ,554,332.303116,"רבעון 3, 2025",משרד התחבורה
1111,נתיבי ישראל,161.388532,PA04,0,161.388532,"רבעון 3, 2025",משרד התחבורה
1112,נתיבי ישראל,781.859274, ,3615,781.859274,"רבעון 3, 2025",משרד התחבורה
1113,נתיבי ישראל,51.416073,MG04,0,51.416073,"רבעון 3, 2025",משרד התחבורה
1114,נתיבי ישראל,209.459033,EE07,0,209.459033,"רבעון 3, 2025",משרד התחבורה
1115,נתיבי ישראל,301.287876,BI14,0,301.287876,"רבעון 3, 2025",משרד התחבורה
1116,נתיבי ישראל,549.458361,CN05,0,549.458361,"רבעון 3, 2025",משרד התחבורה
1117,נתיבי ישראל,492.845037,EM04,0,492.845037,"רבעון 3, 2025",משרד התחבורה
1118,נתיבי ישראל,693.399071, ,9990,693.399071,"רבעון 3, 2025",משרד התחבורה
1119,נתיבי ישראל,4318.140038, ,2200,4318.140038,"רבעון 3, 2025",משרד התחבורה
1120,נתיבי ישראל,7349.277561, ,6666,7349.277561,"רבעון 3, 2025",משרד התחבורה
1121,נתיבי ישראל,375.634369,RS02,0,375.634369,"רבעון 3, 2025",משרד התחבורה
1122,נתיבי ישראל,573.283777,YT01,0,573.283777,"רבעון 3, 2025",משרד התחבורה
1123,נתיבי ישראל,119.249690, ,2501,119.249690,"רבעון 3, 2025",משרד התחבורה
1124,נתיבי ישראל,1358.534011,GO01,0,1358.534011,"רבעון 3, 2025",משרד התחבורה
1125,נתיבי ישראל,2625.725805, ,2582,2625.725805,"רבעון 3, 2025",משרד התחבורה
1126,נתיבי ישראל,4013.061491, ,9888,4013.061491,"רבעון 3, 2025",משרד התחבורה
1127,נתיבי ישראל,335.020718,SY08,0,335.020718,"רבעון 3, 2025",משרד התחבורה
1128,נתיבי ישראל,880.863480,SA04,0,880.863480,"רבעון 3, 2025",משרד התחבורה
1129,נתיבי ישראל,435.091990,HD01,0,435.091990,"רבעון 3, 2025",משרד התחבורה
1130,נתיבי ישראל,219.135681,RI06,0,219.135681,"רבעון 3, 2025",משרד התחבורה
1131,נתיבי ישראל,132.892926, ,8835,132.892926,"רבעון 3, 2025",משרד התחבורה
1132,נתיבי ישראל,585.852961, ,1126,585.852961,"רבעון 3, 2025",משרד התחבורה
1133,נתיבי ישראל,1161.717907,HE01,0,1161.717907,"רבעון 3, 2025",משרד התחבורה
1134,נתיבי ישראל,469.714970,QE11,0,469.714970,"רבעון 3, 2025",משרד התחבורה
1135,נתיבי ישראל,142.180360,RH01,0,142.180360,"רבעון 3, 2025",משרד התחבורה
1136,נתיבי ישראל,517.070353, ,6661,517.070353,"רבעון 3, 2025",משרד התחבורה
1137,נתיבי ישראל,21190.576438, ,978,21190.576438,"רבעון 3, 2025",משרד התחבורה
1138,נתיבי ישראל,642.046107,AM03,0,642.046107,"רבעון 3, 2025",משרד התחבורה
1139,נתיבי ישראל,84.657796, ,7173,84.657796,"רבעון 3, 2025",משרד התחבורה
1140,נתיבי ישראל,306.498990,SH02,0,306.498990,"רבעון 3, 2025",משרד התחבורה
1141,נתיבי ישראל,530.343052,MS03,0,530.343052,"רבעון 3, 2025",משרד התחבורה
1142,נתיבי ישראל,2526.317510, ,5714,2526.317510,"רבעון 3, 2025",משרד התחבורה
1143,נתיבי ישראל,803.631497, ,3711,803.631497,"רבעון 3, 2025",משרד התחבורה
1144,נתיבי ישראל,3946.851918, ,3825,3946.851918,"רבעון 3, 2025",משרד התחבורה
1145,נתיבי ישראל,162.951791,YO02,0,162.951791,"רבעון 3, 2025",משרד התחבורה
1146,נתיבי ישראל,3591.392888, ,3421,3591.392888,"רבעון 3, 2025",משרד התחבורה
1147,נתיבי ישראל,555.632783, ,491,555.632783,"רבעון 3, 2025",משרד התחבורה
1148,נתיבי ישראל,30204.836204, ,71,30204.836204,"רבעון 3, 2025",משרד התחבורה
1149,נתיבי ישראל,3604.491444, ,5614,3604.491444,"רבעון 3, 2025",משרד התחבורה
1150,נתיבי ישראל,6760.025012, ,79,6760.025012,"רבעון 3, 2025",משרד התחבורה
1151,נתיבי ישראל,7237.706859, ,977,7237.706859,"רבעון 3, 2025",משרד התחבורה
1152,נתיבי ישראל,830.974115, ,3251,830.974115,"רבעון 3, 2025",משרד התחבורה
1153,נתיבי ישראל,1984.669023, ,4553,1984.669023,"רבעון 3, 2025",משרד התחבורה
1154,נתיבי ישראל,1121.073348, ,3832,1121.073348,"רבעון 3, 2025",משרד התחבורה
1155,נתיבי ישראל,383.728693,OM02,0,383.728693,"רבעון 3, 2025",משרד התחבורה
1156,נתיבי ישראל,1443.370368,SG03,0,1443.370368,"רבעון 3, 2025",משרד התחבורה
1157,נתיבי ישראל,974.114863,MU01,0,974.114863,"רבעון 3, 2025",משרד התחבורה
1158,נתיבי ישראל,66.245411,MG05,0,66.245411,"רבעון 3, 2025",משרד התחבורה
1159,נתיבי ישראל,881.262276,BR05,0,881.262276,"רבעון 3, 2025",משרד התחבורה
1160,נתיבי ישראל,209.081418,EA03,0,209.081418,"רבעון 3, 2025",משרד התחבורה
1161,נתיבי ישראל,342.325357, ,7277,342.325357,"רבעון 3, 2025",משרד התחבורה
1162,נתיבי ישראל,768.615371,SG04,0,768.615371,"רבעון 3, 2025",משרד התחבורה
1163,נתיבי ישראל,2147.494465,GN08,0,2147.494465,"רבעון 3, 2025",משרד התחבורה
1164,נתיבי ישראל,3496.100355, ,8990,3496.100355,"רבעון 3, 2025",משרד התחבורה
1165,נתיבי ישראל,733.330792, ,2118,733.330792,"רבעון 3, 2025",משרד התחבורה
1166,נתיבי ישראל,1073.915963, ,8863,1073.915963,"רבעון 3, 2025",משרד התחבורה
1167,נתיבי ישראל,960.232289,LD01,0,960.232289,"רבעון 3, 2025",משרד התחבורה
1168,נתיבי ישראל,493.584073, ,8860,493.584073,"רבעון 3, 2025",משרד התחבורה
1169,נתיבי ישראל,210.535014, ,3618,210.535014,"רבעון 3, 2025",משרד התחבורה
1170,נתיבי ישראל,937.475820, ,4243,937.475820,"רבעון 3, 2025",משרד התחבורה
1171,נתיבי ישראל,726.075408,EE02,0,726.075408,"רבעון 3, 2025",משרד התחבורה
1172,נתיבי ישראל,1897.550392, ,3953,1897.550392,"רבעון 3, 2025",משרד התחבורה
1173,נתיבי ישראל,31509.644625, ,227,31509.644625,"רבעון 3, 2025",משרד התחבורה
1174,נתיבי ישראל,2145.540527, ,3583,2145.540527,"רבעון 3, 2025",משרד התחבורה
1175,נתיבי ישראל,669.585311,SA03,0,669.585311,"רבעון 3, 2025",משרד התחבורה
1176,נתיבי ישראל,2071.689736, ,8690,2071.689736,"רבעון 3, 2025",משרד התחבורה
1177,נתיבי ישראל,176.671244,NA03,0,176.671244,"רבעון 3, 2025",משרד התחבורה
1178,נתיבי ישראל,121.730448,NG01,0,121.730448,"רבעון 3, 2025",משרד התחבורה
1179,נתיבי ישראל,232.370948,HH06,0,232.370948,"רבעון 3, 2025",משרד התחבורה
1180,נתיבי ישראל,3816.542405, ,2357,3816.542405,"רבעון 3, 2025",משרד התחבורה
1181,נתיבי ישראל,12809.328602, ,352,12809.328602,"רבעון 3, 2025",משרד התחבורה
1182,נתיבי ישראל,525.930032,EE03,0,525.930032,"רבעון 3, 2025",משרד התחבורה
1183,נתיבי ישראל,296.837610,NG02,0,296.837610,"רבעון 3, 2025",משרד התחבורה
1184,נתיבי ישראל,622.381242, ,3957,622.381242,"רבעון 3, 2025",משרד התחבורה
1185,נתיבי ישראל,198.917318, ,8696,198.917318,"רבעון 3, 2025",משרד התחבורה
1186,נתיבי ישראל,184.278186,BD03,0,184.278186,"רבעון 3, 2025",משרד התחבורה
1187,נתיבי ישראל,1901.587464, ,8655,1901.587464,"רבעון 3, 2025",משרד התחבורה
1188,נתיבי ישראל,329.721424, ,8275,329.721424,"רבעון 3, 2025",משרד התחבורה
1189,נתיבי ישראל,12045.205920, ,90,12045.205920,"רבעון 3, 2025",משרד התחבורה
1190,נתיבי ישראל,588.381908, ,3401,588.381908,"רבעון 3, 2025",משרד התחבורה
1191,נתיבי ישראל,2327.481503,KS04,0,2327.481503,"רבעון 3, 2025",משרד התחבורה
1192,נתיבי ישראל,861.559399,SP01,0,861.559399,"רבעון 3, 2025",משרד התחבורה
1193,נתיבי ישראל,92.180987, ,2933,92.180987,"רבעון 3, 2025",משרד התחבורה
1194,נתיבי ישראל,642.433106, ,5535,642.433106,"רבעון 3, 2025",משרד התחבורה
1195,נתיבי ישראל,116.839432, ,3414,116.839432,"רבעון 3, 2025",משרד התחבורה
1196,נתיבי ישראל,522.568824,RA02,0,522.568824,"רבעון 3, 2025",משרד התחבורה
1197,נתיבי ישראל,664.802196,AD03,0,664.802196,"רבעון 3, 2025",משרד התחבורה
1198,נתיבי ישראל,312.315173,MZ02,0,312.315173,"רבעון 3, 2025",משרד התחבורה
1199,נתיבי ישראל,170.899658, ,7162,170.899658,"רבעון 3, 2025",משרד התחבורה
1200,נתיבי ישראל,332.436172,TL03,0,332.436172,"רבעון 3, 2025",משרד התחבורה
1201,נתיבי ישראל,579.638686, ,4831,579.638686,"רבעון 3, 2025",משרד התחבורה
1202,נתיבי ישראל,218.478934,NF02,0,218.478934,"רבעון 3, 2025",משרד התחבורה
1203,נתיבי ישראל,659.687692, ,3695,659.687692,"רבעון 3, 2025",משרד התחבורה
1204,נתיבי ישראל,404.965862,SK03,0,404.965862,"רבעון 3, 2025",משרד התחבורה
1205,נתיבי ישראל,196.810454, ,3534,196.810454,"רבעון 3, 2025",משרד התחבורה
1206,נתיבי ישראל,1376.261421,BI01,0,1376.261421,"רבעון 3, 2025",משרד התחבורה
1207,נתיבי ישראל,561.561370, ,9781,561.561370,"רבעון 3, 2025",משרד התחבורה
1208,נתיבי ישראל,990.119966, ,4431,990.119966,"רבעון 3, 2025",משרד התחבורה
1209,נתיבי ישראל,82.591537, ,2418,82.591537,"רבעון 3, 2025",משרד התחבורה
1210,נתיבי ישראל,157419.153896, ,40,157419.153896,"רבעון 3, 2025",משרד התחבורה
1211,נתיבי ישראל,305.177257,MH02,0,305.177257,"רבעון 3, 2025",משרד התחבורה
1212,נתיבי ישראל,611.119576, ,5234,611.119576,"רבעון 3, 2025",משרד התחבורה
1213,נתיבי ישראל,586.889928,RH06,0,586.889928,"רבעון 3, 2025",משרד התחבורה
1214,נתיבי ישראל,418.656459,BT01,0,418.656459,"רבעון 3, 2025",משרד התחבורה
1215,נתיבי ישראל,22293.277825, ,4,22293.277825,"רבעון 3, 2025",משרד התחבורה
1216,נתיבי ישראל,196.158007,MU02,0,196.158007,"רבעון 3, 2025",משרד התחבורה
1217,נתיבי ישראל,12436.233160, ,443,12436.233160,"רבעון 3, 2025",משרד התחבורה
1218,נתיבי ישראל,661.775432,EP01,0,661.775432,"רבעון 3, 2025",משרד התחבורה
1219,נתיבי ישראל,516.714243,LK01,0,516.714243,"רבעון 3, 2025",משרד התחבורה
1220,נתיבי ישראל,309.048440,HE04,0,309.048440,"רבעון 3, 2025",משרד התחבורה
1221,נתיבי ישראל,450.080668,KH02,0,450.080668,"רבעון 3, 2025",משרד התחבורה
1222,נתיבי ישראל,320.292794, ,2938,320.292794,"רבעון 3, 2025",משרד התחבורה
1223,נתיבי ישראל,1070.918052,LD03,0,1070.918052,"רבעון 3, 2025",משרד התחבורה
1224,נתיבי ישראל,67.520104, ,2312,67.520104,"רבעון 3, 2025",משרד התחבורה
1225,נתיבי ישראל,898.196178, ,8837,898.196178,"רבעון 3, 2025",משרד התחבורה
1226,נתיבי ישראל,1647.862799, ,5722,1647.862799,"רבעון 3, 2025",משרד התחבורה
1227,נתיבי ישראל,267.471245, ,2231,267.471245,"רבעון 3, 2025",משרד התחבורה
1228,נתיבי ישראל,977.786433,DR08,0,977.786433,"רבעון 3, 2025",משרד התחבורה
1229,נתיבי ישראל,400.623440,BL02,0,400.623440,"רבעון 3, 2025",משרד התחבורה
1230,נתיבי ישראל,650.140299,LR02,0,650.140299,"רבעון 3, 2025",משרד התחבורה
1231,נתיבי ישראל,4722.185372, ,3877,4722.185372,"רבעון 3, 2025",משרד התחבורה
1232,נתיבי ישראל,255.159157, ,0,255.159157,"רבעון 3, 2025",משרד התחבורה
1233,נתיבי ישראל,1080.830542,RD01,0,1080.830542,"רבעון 3, 2025",משרד התחבורה
1234,נתיבי ישראל,333.372462,BF04,0,333.372462,"רבעון 3, 2025",משרד התחבורה
1235,נתיבי ישראל,1145.098041, ,8861,1145.098041,"רבעון 3, 2025",משרד התחבורה
1236,נתיבי ישראל,4745.797562, ,8541,4745.797562,"רבעון 3, 2025",משרד התחבורה
1237,נתיבי ישראל,597.261065,NV03,0,597.261065,"רבעון 3, 2025",משרד התחבורה
1238,נתיבי ישראל,3224.476197, ,3633,3224.476197,"רבעון 3, 2025",משרד התחבורה
1239,נתיבי ישראל,201.268779, ,3867,201.268779,"רבעון 3, 2025",משרד התחבורה
1240,נתיבי ישראל,4698.976929, ,8925,4698.976929,"רבעון 3, 2025",משרד התחבורה
1241,נתיבי ישראל,10455.263430, ,3866,10455.263430,"רבעון 3, 2025",משרד התחבורה
1242,נתיבי ישראל,455.101352, ,4556,455.101352,"רבעון 3, 2025",משרד התחבורה
1243,נתיבי ישראל,220.054827, ,4550,220.054827,"רבעון 3, 2025",משרד התחבורה
1244,נתיבי ישראל,7697.353003, ,4404,7697.353003,"רבעון 3, 2025",משרד התחבורה
1245,נתיבי ישראל,633.504129,NA04,0,633.504129,"רבעון 3, 2025",משרד התחבורה
1246,נתיבי ישראל,578.897486,YR04,0,578.897486,"רבעון 3, 2025",משרד התחבורה
1247,נתיבי ישראל,16767.756071, ,334,16767.756071,"רבעון 3, 2025",משרד התחבורה
1248,נתיבי ישראל,31.822671, ,8831,31.822671,"רבעון 3, 2025",משרד התחבורה
1249,נתיבי ישראל,268.319974, ,3833,268.319974,"רבעון 3, 2025",משרד התחבורה
1250,נתיבי ישראל,52.269509,RS06,0,52.269509,"רבעון 3, 2025",משרד התחבורה
1251,נתיבי ישראל,1169.807603, ,8534,1169.807603,"רבעון 3, 2025",משרד התחבורה
1252,נתיבי ישראל,4482.666093, ,6688,4482.666093,"רבעון 3, 2025",משרד התחבורה
1253,נתיבי ישראל,207.838849, ,3821,207.838849,"רבעון 3, 2025",משרד התחבורה
1254,נתיבי ישראל,4494.443650, ,3112,4494.443650,"רבעון 3, 2025",משרד התחבורה
1255,נתיבי ישראל,206.154952, ,90,206.154952,"רבעון 3, 2025",משרד התחבורה
1256,נתיבי ישראל,385.946327,OM01,0,385.946327,"רבעון 3, 2025",משרד התחבורה
1257,נתיבי ישראל,783.134523,AD02,0,783.134523,"רבעון 3, 2025",משרד התחבורה
1258,נתיבי ישראל,4364.979719, ,3835,4364.979719,"רבעון 3, 2025",משרד התחבורה
1259,נתיבי ישראל,2143.177405, ,3544,2143.177405,"רבעון 3, 2025",משרד התחבורה
1260,נתיבי ישראל,7944.988860, ,9088,7944.988860,"רבעון 3, 2025",משרד התחבורה
1261,נתיבי ישראל,730.103579, ,4301,730.103579,"רבעון 3, 2025",משרד התחבורה
1262,נתיבי ישראל,432.449506,KN04,0,432.449506,"רבעון 3, 2025",משרד התחבורה
1263,נתיבי ישראל,321.337994,DV02,0,321.337994,"רבעון 3, 2025",משרד התחבורה
1264,נתיבי ישראל,344.366430, ,2543,344.366430,"רבעון 3, 2025",משרד התחבורה
1265,נתיבי ישראל,1109.322521,MR02,0,1109.322521,"רבעון 3, 2025",משרד התחבורה
1266,נתיבי ישראל,1165.868157,GO03,0,1165.868157,"רבעון 3, 2025",משרד התחבורה
1267,נתיבי ישראל,725.488784,NE04,0,725.488784,"רבעון 3, 2025",משרד התחבורה
1268,נתיבי ישראל,263.769742,DB05,0,263.769742,"רבעון 3, 2025",משרד התחבורה
1269,נתיבי ישראל,1277.305466, ,4613,1277.305466,"רבעון 3, 2025",משרד התחבורה
1270,נתיבי ישראל,589.834100,GO02,0,589.834100,"רבעון 3, 2025",משרד התחבורה
1271,נתיבי ישראל,3679.237407, ,46,3679.237407,"רבעון 3, 2025",משרד התחבורה
1272,נתיבי ישראל,400.917909, ,1093,400.917909,"רבעון 3, 2025",משרד התחבורה
1273,נתיבי ישראל,184.127636,SH04,0,184.127636,"רבעון 3, 2025",משרד התחבורה
1274,נתיבי ישראל,67.059876, ,2358,67.059876,"רבעון 3, 2025",משרד התחבורה
1275,נתיבי ישראל,381.258744,RS01,0,381.258744,"רבעון 3, 2025",משרד התחבורה
1276,נתיבי ישראל,1360.043663, ,3631,1360.043663,"רבעון 3, 2025",משרד התחבורה
1277,נתיבי ישראל,447.875207, ,2209,447.875207,"רבעון 3, 2025",משרד התחבורה
1278,נתיבי ישראל,5362.851044, ,9970,5362.851044,"רבעון 3, 2025",משרד התחבורה
1279,נתיבי ישראל,402.657691, ,2321,402.657691,"רבעון 3, 2025",משרד התחבורה
1280,נתיבי ישראל,3429.797492, ,4111,3429.797492,"רבעון 3, 2025",משרד התחבורה
1281,נתיבי ישראל,105.536036,YT04,0,105.536036,"רבעון 3, 2025",משרד התחבורה
1282,נתיבי ישראל,740.296558,HT03,0,740.296558,"רבעון 3, 2025",משרד התחבורה
1283,נתיבי ישראל,515.116074,RS05,0,515.116074,"רבעון 3, 2025",משרד התחבורה
1284,נתיבי ישראל,441.501899,GL02,0,441.501899,"רבעון 3, 2025",משרד התחבורה
1285,נתיבי ישראל,288.660566,NF01,0,288.660566,"רבעון 3, 2025",משרד התחבורה
1286,נתיבי ישראל,4032.979510, ,5710,4032.979510,"רבעון 3, 2025",משרד התחבורה
1287,נתיבי ישראל,2114.707520, ,8865,2114.707520,"רבעון 3, 2025",משרד התחבורה
1288,נתיבי ישראל,311.231764,UN07,0,311.231764,"רבעון 3, 2025",משרד התחבורה
1289,נתיבי ישראל,1715.876324, ,9898,1715.876324,"רבעון 3, 2025",משרד התחבורה
1290,נתיבי ישראל,1166.103170,KH03,0,1166.103170,"רבעון 3, 2025",משרד התחבורה
1291,נתיבי ישראל,348.277076, ,3500,348.277076,"רבעון 3, 2025",משרד התחבורה
1292,נתיבי ישראל,2903.696068, ,8933,2903.696068,"רבעון 3, 2025",משרד התחבורה
1293,נתיבי ישראל,89.967170, ,8720,89.967170,"רבעון 3, 2025",משרד התחבורה
1294,נתיבי ישראל,424.184984, ,2039,424.184984,"רבעון 3, 2025",משרד התחבורה
1295,נתיבי ישראל,744.953205,SK08,0,744.953205,"רבעון 3, 2025",משרד התחבורה
1296,נתיבי ישראל,465.085500,TS01,0,465.085500,"רבעון 3, 2025",משרד התחבורה
1297,נתיבי ישראל,190.403268,QE08,0,190.403268,"רבעון 3, 2025",משרד התחבורה
1298,נתיבי ישראל,1100.500248,HS03,0,1100.500248,"רבעון 3, 2025",משרד התחבורה
1299,נתיבי ישראל,957.293454,EP03,0,957.293454,"רבעון 3, 2025",משרד התחבורה
1300,נתיבי ישראל,1104.424158,UN01,0,1104.424158,"רבעון 3, 2025",משרד התחבורה
1301,נתיבי ישראל,249.143315,KS05,0,249.143315,"רבעון 3, 2025",משרד התחבורה
1302,נתיבי ישראל,16106.746224, ,869,16106.746224,"רבעון 3, 2025",משרד התחבורה
1303,נתיבי ישראל,2951.802650, ,5504,2951.802650,"רבעון 3, 2025",משרד התחבורה
1304,נתיבי ישראל,180.754290,GS01,0,180.754290,"רבעון 3, 2025",משרד התחבורה
1305,נתיבי ישראל,1308.101494,SG01,0,1308.101494,"רבעון 3, 2025",משרד התחבורה
1306,נתיבי ישראל,351.569693,HV03,0,351.569693,"רבעון 3, 2025",משרד התחבורה
1307,נתיבי ישראל,800.755672,GN07,0,800.755672,"רבעון 3, 2025",משרד התחבורה
1308,נתיבי ישראל,172.946389,BN40,0,172.946389,"רבעון 3, 2025",משרד התחבורה
1309,נתיבי ישראל,966.031051, ,6731,966.031051,"רבעון 3, 2025",משרד התחבורה
1310,נתיבי ישראל,24415.059629, ,353,24415.059629,"רבעון 3, 2025",משרד התחבורה
1311,נתיבי ישראל,750.864739,MR05,0,750.864739,"רבעון 3, 2025",משרד התחבורה
1312,נתיבי ישראל,543.584330,LB02,0,543.584330,"רבעון 3, 2025",משרד התחבורה
1313,נתיבי ישראל,3822.264774, ,40,3822.264774,"רבעון 3, 2025",משרד התחבורה
1314,נתיבי ישראל,164.263068,SK04,0,164.263068,"רבעון 3, 2025",משרד התחבורה
1315,נתיבי ישראל,18447.219647, ,383,18447.219647,"רבעון 3, 2025",משרד התחבורה
1316,נתיבי ישראל,679.077384, ,3715,679.077384,"רבעון 3, 2025",משרד התחבורה
1317,נתיבי ישראל,377.333293,KS01,0,377.333293,"רבעון 3, 2025",משרד התחבורה
1318,נתיבי ישראל,541.398808,GO11,0,541.398808,"רבעון 3, 2025",משרד התחבורה
1319,נתיבי ישראל,550.754192,YN02,0,550.754192,"רבעון 3, 2025",משרד התחבורה
1320,נתיבי ישראל,9877.433019, ,424,9877.433019,"רבעון 3, 2025",משרד התחבורה
1321,נתיבי ישראל,509.454617, ,3616,509.454617,"רבעון 3, 2025",משרד התחבורה
1322,נתיבי ישראל,483.955223,TS02,0,483.955223,"רבעון 3, 2025",משרד התחבורה
1323,נתיבי ישראל,386.121757,SK07,0,386.121757,"רבעון 3, 2025",משרד התחבורה
1324,נתיבי ישראל,392.565082, ,6692,392.565082,"רבעון 3, 2025",משרד התחבורה
1325,נתיבי ישראל,1052.695229,HA03,0,1052.695229,"רבעון 3, 2025",משרד התחבורה
1326,נתיבי ישראל,83.978389, ,7716,83.978389,"רבעון 3, 2025",משרד התחבורה
1327,נתיבי ישראל,2450.417592, ,446,2450.417592,"רבעון 3, 2025",משרד התחבורה
1328,נתיבי ישראל,939.990755,GE07,0,939.990755,"רבעון 3, 2025",משרד התחבורה
1329,נתיבי ישראל,575.114153, ,5507,575.114153,"רבעון 3, 2025",משרד התחבורה
1330,נתיבי ישראל,1470.076584,DR04,0,1470.076584,"רבעון 3, 2025",משרד התחבורה
1331,נתיבי ישראל,206.254503,RI08,0,206.254503,"רבעון 3, 2025",משרד התחבורה
1332,נתיבי ישראל,286.468406, ,2931,286.468406,"רבעון 3, 2025",משרד התחבורה
1333,נתיבי ישראל,220.922262,GS03,0,220.922262,"רבעון 3, 2025",משרד התחבורה
1334,נתיבי ישראל,951.475466, ,5812,951.475466,"רבעון 3, 2025",משרד התחבורה
1335,נתיבי ישראל,1176.756510, ,8078,1176.756510,"רבעון 3, 2025",משרד התחבורה
1336,נתיבי ישראל,271.609385, ,7181,271.609385,"רבעון 3, 2025",משרד התחבורה
1337,נתיבי ישראל,433.027052,RA03,0,433.027052,"רבעון 3, 2025",משרד התחבורה
1338,נתיבי ישראל,185.072987, ,1123,185.072987,"רבעון 3, 2025",משרד התחבורה
1339,נתיבי ישראל,341.283922,HL01,20,341.283922,"רבעון 3, 2025",משרד התחבורה
1340,נתיבי ישראל,563.590566,EM01,0,563.590566,"רבעון 3, 2025",משרד התחבורה
1341,נתיבי ישראל,479.663417,RZ07,0,479.663417,"רבעון 3, 2025",משרד התחבורה
1342,נתיבי ישראל,27279.297451, ,4,27279.297451,"רבעון 3, 2025",משרד התחבורה
1343,נתיבי ישראל,2786.559807, ,3752,2786.559807,"רבעון 3, 2025",משרד התחבורה
1344,נתיבי ישראל,799.331589,YV02,0,799.331589,"רבעון 3, 2025",משרד התחבורה
1345,נתיבי ישראל,468.972084, ,3836,468.972084,"רבעון 3, 2025",משרד התחבורה
1346,נתיבי ישראל,49.857089, ,7074,49.857089,"רבעון 3, 2025",משרד התחבורה
1347,נתיבי ישראל,1404.638955,RD05,0,1404.638955,"רבעון 3, 2025",משרד התחבורה
1348,נתיבי ישראל,483.500200,DR03,0,483.500200,"רבעון 3, 2025",משרד התחבורה
1349,נתיבי ישראל,244.415421,RI07,0,244.415421,"רבעון 3, 2025",משרד התחבורה
1350,נתיבי ישראל,490.807293,LM04,0,490.807293,"רבעון 3, 2025",משרד התחבורה
1351,נתיבי ישראל,39.298737, ,3250,39.298737,"רבעון 3, 2025",משרד התחבורה
1352,נתיבי ישראל,1801.970039, ,7589,1801.970039,"רבעון 3, 2025",משרד התחבורה
1353,נתיבי ישראל,886.827319, ,3347,886.827319,"רבעון 3, 2025",משרד התחבורה
1354,נתיבי ישראל,279.575519, ,6671,279.575519,"רבעון 3, 2025",משרד התחבורה
1355,נתיבי ישראל,812.711940,HT02,0,812.711940,"רבעון 3, 2025",משרד התחבורה
1356,נתיבי ישראל,1886.010515, ,40,1886.010515,"רבעון 3, 2025",משרד התחבורה
1357,נתיבי ישראל,4579.877833, ,90,4579.877833,"רבעון 3, 2025",משרד התחבורה
1358,נתיבי ישראל,22381.781835, ,8993,22381.781835,"רבעון 3, 2025",משרד התחבורה
1359,נתיבי ישראל,1743.548785, ,423,1743.548785,"רבעון 3, 2025",משרד התחבורה
1360,נתיבי ישראל,540.363406,SK02,0,540.363406,"רבעון 3, 2025",משרד התחבורה
1361,נתיבי ישראל,548.715548, ,8999,548.715548,"רבעון 3, 2025",משרד התחבורה
1362,נתיבי ישראל,496.229247,GE04,0,496.229247,"רבעון 3, 2025",משרד התחבורה
1363,נתיבי ישראל,556.069081,SI02,395,556.069081,"רבעון 3, 2025",משרד התחבורה
1364,נתיבי ישראל,3019.697344, ,806,3019.697344,"רבעון 3, 2025",משרד התחבורה
1365,נתיבי ישראל,2912.256348, ,989,2912.256348,"רבעון 3, 2025",משרד התחבורה
1366,נתיבי ישראל,231.111631, ,7177,231.111631,"רבעון 3, 2025",משרד התחבורה
1367,נתיבי ישראל,826.826617,SA01,0,826.826617,"רבעון 3, 2025",משרד התחבורה
1368,נתיבי ישראל,1060.305842, ,4123,1060.305842,"רבעון 3, 2025",משרד התחבורה
1369,נתיבי ישראל,1680.527272, ,8070,1680.527272,"רבעון 3, 2025",משרד התחבורה
1370,נתיבי ישראל,650.623311, ,7671,650.623311,"רבעון 3, 2025",משרד התחבורה
1371,נתיבי ישראל,9782.528011, ,44,9782.528011,"רבעון 3, 2025",משרד התחבורה
1372,נתיבי ישראל,530.438008,MG03,0,530.438008,"רבעון 3, 2025",משרד התחבורה
1373,נתיבי ישראל,2174.853612, ,3553,2174.853612,"רבעון 3, 2025",משרד התחבורה
1374,נתיבי ישראל,468.842764,RM03,0,468.842764,"רבעון 3, 2025",משרד התחבורה
1375,נתיבי ישראל,2508.154428, ,5511,2508.154428,"רבעון 3, 2025",משרד התחבורה
1376,נתיבי ישראל,2399.286864, ,8655,2399.286864,"רבעון 3, 2025",משרד התחבורה
1377,נתיבי ישראל,1302.490925,DR06,0,1302.490925,"רבעון 3, 2025",משרד התחבורה
1378,נתיבי ישראל,624.242851, ,8061,624.242851,"רבעון 3, 2025",משרד התחבורה
1379,נתיבי ישראל,2850.997959, ,406,2850.997959,"רבעון 3, 2025",משרד התחבורה
1380,נתיבי ישראל,809.097620, ,9895,809.097620,"רבעון 3, 2025",משרד התחבורה
1381,נתיבי ישראל,343.165556, ,4315,343.165556,"רבעון 3, 2025",משרד התחבורה
1382,נתיבי ישראל,2776.708676, ,3533,2776.708676,"רבעון 3, 2025",משרד התחבורה
1383,נתיבי ישראל,10164.233311, ,325,10164.233311,"רבעון 3, 2025",משרד התחבורה
1384,נתיבי ישראל,506.238162,HZ03,0,506.238162,"רבעון 3, 2025",משרד התחבורה
1385,נתיבי ישראל,263.298166,SI01,44,263.298166,"רבעון 3, 2025",משרד התחבורה
1386,נתיבי ישראל,12002.273730, ,531,12002.273730,"רבעון 3, 2025",משרד התחבורה
1387,נתיבי ישראל,687.345783, ,2424,687.345783,"רבעון 3, 2025",משרד התחבורה
1388,נתיבי ישראל,1842.763760, ,3936,1842.763760,"רבעון 3, 2025",משרד התחבורה
1389,נתיבי ישראל,379.995527,MH03,0,379.995527,"רבעון 3, 2025",משרד התחבורה
1390,נתיבי ישראל,2970.827773, ,3540,2970.827773,"רבעון 3, 2025",משרד התחבורה
1391,נתיבי ישראל,2398.630803, ,7688,2398.630803,"רבעון 3, 2025",משרד התחבורה
1392,נתיבי ישראל,283.797331,MG06,0,283.797331,"רבעון 3, 2025",משרד התחבורה
1393,נתיבי ישראל,1748.495738, ,3924,1748.495738,"רבעון 3, 2025",משרד התחבורה
1394,נתיבי ישראל,863.644746,GO08,0,863.644746,"רבעון 3, 2025",משרד התחבורה
1395,נתיבי ישראל,368.016336, ,3632,368.016336,"רבעון 3, 2025",משרד התחבורה
1396,נתיבי ישראל,651.187991,YN03,0,651.187991,"רבעון 3, 2025",משרד התחבורה
1397,נתיבי ישראל,651.635039, ,2325,651.635039,"רבעון 3, 2025",משרד התחבורה
1398,נתיבי ישראל,97.179067, ,3532,97.179067,"רבעון 3, 2025",משרד התחבורה
1399,נתיבי ישראל,4305.740956, ,465,4305.740956,"רבעון 3, 2025",משרד התחבורה
1400,נתיבי ישראל,576.019900,YR01,0,576.019900,"רבעון 3, 2025",משרד התחבורה
1401,נתיבי ישראל,11768.703076, ,7,11768.703076,"רבעון 3, 2025",משרד התחבורה
1402,נתיבי ישראל,2475.750566, ,443,2475.750566,"רבעון 3, 2025",משרד התחבורה
1403,נתיבי ישראל,4410.124494, ,3411,4410.124494,"רבעון 3, 2025",משרד התחבורה
1404,נתיבי ישראל,822.296613,GO10,0,822.296613,"רבעון 3, 2025",משרד התחבורה
1405,נתיבי ישראל,5282.457468, ,6672,5282.457468,"רבעון 3, 2025",משרד התחבורה
1406,נתיבי ישראל,1695.125944, ,9991,1695.125944,"רבעון 3, 2025",משרד התחבורה
1407,נתיבי ישראל,960.932011,AD05,0,960.932011,"רבעון 3, 2025",משרד התחבורה
1408,נתיבי ישראל,495.813289,RH03,0,495.813289,"רבעון 3, 2025",משרד התחבורה
1409,נתיבי ישראל,898.900261, ,3581,898.900261,"רבעון 3, 2025",משרד התחבורה
1410,נתיבי ישראל,5453.639108, ,9977,5453.639108,"רבעון 3, 2025",משרד התחבורה
1411,נתיבי ישראל,481.013372, ,4532,481.013372,"רבעון 3, 2025",משרד התחבורה
1412,נתיבי ישראל,552.309131,HE03,0,552.309131,"רבעון 3, 2025",משרד התחבורה
1413,נתיבי ישראל,1462.140796,DR01,0,1462.140796,"רבעון 3, 2025",משרד התחבורה
1414,נתיבי ישראל,127.370164, ,1129,127.370164,"רבעון 3, 2025",משרד התחבורה
1415,נתיבי ישראל,553.301168,SM01,0,553.301168,"רבעון 3, 2025",משרד התחבורה
1416,נתיבי ישראל,558.841724, ,3410,558.841724,"רבעון 3, 2025",משרד התחבורה
1417,נתיבי ישראל,757.084945,HD03,0,757.084945,"רבעון 3, 2025",משרד התחבורה
1418,נתיבי ישראל,1276.334615,BI03,0,1276.334615,"רבעון 3, 2025",משרד התחבורה
1419,נתיבי ישראל,54603.994139, ,31,54603.994139,"רבעון 3, 2025",משרד התחבורה
1420,נתיבי ישראל,44.548485, ,444,44.548485,"רבעון 3, 2025",משרד התחבורה
1421,נתיבי ישראל,605.278107,HG02,0,605.278107,"רבעון 3, 2025",משרד התחבורה
1422,נתיבי ישראל,23034.866981, ,99,23034.866981,"רבעון 3, 2025",משרד התחבורה
1423,נתיבי ישראל,11621.502475, ,224,11621.502475,"רבעון 3, 2025",משרד התחבורה
1424,נתיבי ישראל,515.675846,HS04,0,515.675846,"רבעון 3, 2025",משרד התחבורה
1425,נתיבי ישראל,48.174974, ,2546,48.174974,"רבעון 3, 2025",משרד התחבורה
1426,נתיבי ישראל,4879.520349, ,425,4879.520349,"רבעון 3, 2025",משרד התחבורה
1427,נתיבי ישראל,316.320298, ,3831,316.320298,"רבעון 3, 2025",משרד התחבורה
1428,נתיבי ישראל,2095.363500, ,7079,2095.363500,"רבעון 3, 2025",משרד התחבורה
1429,נתיבי ישראל,106.888481,YR07,0,106.888481,"רבעון 3, 2025",משרד התחבורה
1430,נתיבי ישראל,17542.526032, ,959,17542.526032,"רבעון 3, 2025",משרד התחבורה
1431,נתיבי ישראל,110.858862, ,8566,110.858862,"רבעון 3, 2025",משרד התחבורה
1432,נתיבי ישראל,287.140228,GA03,0,287.140228,"רבעון 3, 2025",משרד התחבורה
1433,נתיבי ישראל,410.968261,ZL03,0,410.968261,"רבעון 3, 2025",משרד התחבורה
1434,נתיבי ישראל,168.538018,SK06,0,168.538018,"רבעון 3, 2025",משרד התחבורה
1435,נתיבי ישראל,340.191173, ,4126,340.191173,"רבעון 3, 2025",משרד התחבורה
1436,נתיבי ישראל,997.524079,YT02,0,997.524079,"רבעון 3, 2025",משרד התחבורה
1437,נתיבי ישראל,144.361300, ,3933,144.361300,"רבעון 3, 2025",משרד התחבורה
1438,נתיבי ישראל,784.797410, ,2241,784.797410,"רבעון 3, 2025",משרד התחבורה
1439,נתיבי ישראל,326.022601,BE04,0,326.022601,"רבעון 3, 2025",משרד התחבורה
1440,נתיבי ישראל,99.393462,YR08,0,99.393462,"רבעון 3, 2025",משרד התחבורה
1441,נתיבי ישראל,30082.576423, ,204,30082.576423,"רבעון 3, 2025",משרד התחבורה
1442,נתיבי ישראל,1143.786454,TK02,0,1143.786454,"רבעון 3, 2025",משרד התחבורה
1443,נתיבי ישראל,329.742902,SY01,0,329.742902,"רבעון 3, 2025",משרד התחבורה
1444,נתיבי ישראל,454.648950,BI09,0,454.648950,"רבעון 3, 2025",משרד התחבורה
1445,נתיבי ישראל,13870.230262, ,864,13870.230262,"רבעון 3, 2025",משרד התחבורה
1446,נתיבי ישראל,1288.910352, ,4833,1288.910352,"רבעון 3, 2025",משרד התחבורה
1447,נתיבי ישראל,87.780649, ,3619,87.780649,"רבעון 3, 2025",משרד התחבורה
1448,נתיבי ישראל,520.511440,MS01,0,520.511440,"רבעון 3, 2025",משרד התחבורה
1449,נתיבי ישראל,162.599663,GR05,0,162.599663,"רבעון 3, 2025",משרד התחבורה
1450,נתיבי ישראל,68.647809,EA05,0,68.647809,"רבעון 3, 2025",משרד התחבורה
1451,נתיבי ישראל,257.020940,EP05,0,257.020940,"רבעון 3, 2025",משרד התחבורה
1452,נתיבי ישראל,1202.351554,GA01,0,1202.351554,"רבעון 3, 2025",משרד התחבורה
1453,נתיבי ישראל,489.984913,NA01,0,489.984913,"רבעון 3, 2025",משרד התחבורה
1454,נתיבי ישראל,516.820631,KT05,0,516.820631,"רבעון 3, 2025",משרד התחבורה
1455,נתיבי ישראל,710.654781,AL04,0,710.654781,"רבעון 3, 2025",משרד התחבורה
1456,נתיבי ישראל,535.450694,LK04,0,535.450694,"רבעון 3, 2025",משרד התחבורה
1457,נתיבי ישראל,8508.331004, ,40,8508.331004,"רבעון 3, 2025",משרד התחבורה
1458,נתיבי ישראל,138.572998, ,7260,138.572998,"רבעון 3, 2025",משרד התחבורה
1459,נתיבי ישראל,144.809409, ,4242,144.809409,"רבעון 3, 2025",משרד התחבורה
1460,נתיבי ישראל,524.438181,BD01,0,524.438181,"רבעון 3, 2025",משרד התחבורה
1461,נתיבי ישראל,196.863082,SH01,0,196.863082,"רבעון 3, 2025",משרד התחבורה
1462,נתיבי ישראל,577.988298,LB03,0,577.988298,"רבעון 3, 2025",משרד התחבורה
1463,נתיבי ישראל,101.458323, ,9776,101.458323,"רבעון 3, 2025",משרד התחבורה
1464,נתיבי ישראל,478.265095, ,3581,478.265095,"רבעון 3, 2025",משרד התחבורה
1465,נתיבי ישראל,915.907443, ,8510,915.907443,"רבעון 3, 2025",משרד התחבורה
1466,נתיבי ישראל,3258.139571, ,9778,3258.139571,"רבעון 3, 2025",משרד התחבורה
1467,נתיבי ישראל,101.503202,DB04,0,101.503202,"רבעון 3, 2025",משרד התחבורה
1468,נתיבי ישראל,15493.848615, ,10,15493.848615,"רבעון 3, 2025",משרד התחבורה
1469,נתיבי ישראל,350.429539,GR03,0,350.429539,"רבעון 3, 2025",משרד התחבורה
1470,נתיבי ישראל,8062.229846, ,4311,8062.229846,"רבעון 3, 2025",משרד התחבורה
1471,נתיבי ישראל,604.502924,LT01,0,604.502924,"רבעון 3, 2025",משרד התחבורה
1472,נתיבי ישראל,938.499109, ,4715,938.499109,"רבעון 3, 2025",משרד התחבורה
1473,נתיבי ישראל,313.419516,LM01,0,313.419516,"רבעון 3, 2025",משרד התחבורה
1474,נתיבי ישראל,1196.808819,HA02,0,1196.808819,"רבעון 3, 2025",משרד התחבורה
1475,נתיבי ישראל,199.976285, ,5806,199.976285,"רבעון 3, 2025",משרד התחבורה
1476,נתיבי ישראל,374.346267,BL03,0,374.346267,"רבעון 3, 2025",משרד התחבורה
1477,נתיבי ישראל,5734.909562, ,367,5734.909562,"רבעון 3, 2025",משרד התחבורה
1478,נתיבי ישראל,1395.763739,GN05,0,1395.763739,"רבעון 3, 2025",משרד התחבורה
1479,נתיבי ישראל,142.836848,NV04,0,142.836848,"רבעון 3, 2025",משרד התחבורה
1480,נתיבי ישראל,9696.929190, ,2211,9696.929190,"רבעון 3, 2025",משרד התחבורה
1481,נתיבי ישראל,30717.230753, ,222,30717.230753,"רבעון 3, 2025",משרד התחבורה
1482,נתיבי ישראל,644.457959,KA04,0,644.457959,"רבעון 3, 2025",משרד התחבורה
1483,נתיבי ישראל,802.375525, ,5235,802.375525,"רבעון 3, 2025",משרד התחבורה
1484,נתיבי ישראל,16095.634390, ,1,16095.634390,"רבעון 3, 2025",משרד התחבורה
1485,נתיבי ישראל,205.342311,HM05,3975,205.342311,"רבעון 3, 2025",משרד התחבורה
1486,נתיבי ישראל,331.898511,BF01,0,331.898511,"רבעון 3, 2025",משרד התחבורה
1487,נתיבי ישראל,2108.659254, ,3413,2108.659254,"רבעון 3, 2025",משרד התחבורה
1488,נתיבי ישראל,58.659501, ,1305,58.659501,"רבעון 3, 2025",משרד התחבורה
1489,נתיבי ישראל,253.872978,RA04,0,253.872978,"רבעון 3, 2025",משרד התחבורה
1490,נתיבי ישראל,351.473424, ,5721,351.473424,"רבעון 3, 2025",משרד התחבורה
1491,נתיבי ישראל,3755.881578, ,8933,3755.881578,"רבעון 3, 2025",משרד התחבורה
1492,נתיבי ישראל,4298.470275, ,444,4298.470275,"רבעון 3, 2025",משרד התחבורה
1493,נתיבי ישראל,366.190598,HZ02,0,366.190598,"רבעון 3, 2025",משרד התחבורה
1494,נתיבי ישראל,1436.847256, ,557,1436.847256,"רבעון 3, 2025",משרד התחבורה
1495,נתיבי ישראל,707.748600,AL03,0,707.748600,"רבעון 3, 2025",משרד התחבורה
1496,נתיבי ישראל,203.839941, ,9976,203.839941,"רבעון 3, 2025",משרד התחבורה
1497,נתיבי ישראל,1249.062335, ,4124,1249.062335,"רבעון 3, 2025",משרד התחבורה
1498,נתיבי ישראל,32639.281231, ,6,32639.281231,"רבעון 3, 2025",משרד התחבורה
1499,נתיבי ישראל,548.098889,UN04,0,548.098889,"רבעון 3, 2025",משרד התחבורה
1500,נתיבי ישראל,3987.194557, ,8992,3987.194557,"רבעון 3, 2025",משרד התחבורה
1501,נתיבי ישראל,880.342061, ,6679,880.342061,"רבעון 3, 2025",משרד התחבורה
1502,נתיבי ישראל,333.370515, ,8935,333.370515,"רבעון 3, 2025",משרד התחבורה
1503,נתיבי ישראל,1467.601313,RA07,40,1467.601313,"רבעון 3, 2025",משרד התחבורה
1504,נתיבי ישראל,310.472673,KN03,0,310.472673,"רבעון 3, 2025",משרד התחבורה
1505,נתיבי ישראל,45014.113837, ,90,45014.113837,"רבעון 3, 2025",משרד התחבורה
1506,נתיבי ישראל,268.375272,NG05,0,268.375272,"רבעון 3, 2025",משרד התחבורה
1507,נתיבי ישראל,341.073971,LR03,0,341.073971,"רבעון 3, 2025",משרד התחבורה
1508,נתיבי ישראל,534.386436, ,7670,534.386436,"רבעון 3, 2025",משרד התחבורה
1509,נתיבי ישראל,813.631818, ,1303,813.631818,"רבעון 3, 2025",משרד התחבורה
1510,נתיבי ישראל,10338.009749, ,768,10338.009749,"רבעון 3, 2025",משרד התחבורה
1511,נתיבי ישראל,132.843820, ,8963,132.843820,"רבעון 3, 2025",משרד התחבורה
1512,נתיבי ישראל,535.849003, ,4115,535.849003,"רבעון 3, 2025",משרד התחבורה
1513,נתיבי ישראל,3249.039832, ,7076,3249.039832,"רבעון 3, 2025",משרד התחבורה
1514,נתיבי ישראל,1173.519042,KH04,0,1173.519042,"רבעון 3, 2025",משרד התחבורה
1515,נתיבי ישראל,5365.731067, ,2114,5365.731067,"רבעון 3, 2025",משרד התחבורה
1516,נתיבי ישראל,930.437169,LD04,0,930.437169,"רבעון 3, 2025",משרד התחבורה
1517,נתיבי ישראל,341.524856, ,2323,341.524856,"רבעון 3, 2025",משרד התחבורה
1518,נתיבי ישראל,439.927462,BL01,0,439.927462,"רבעון 3, 2025",משרד התחבורה
1519,נתיבי ישראל,352.737503, ,2116,352.737503,"רבעון 3, 2025",משרד התחבורה
1520,נתיבי ישראל,697.230232, ,7268,697.230232,"רבעון 3, 2025",משרד התחבורה
1521,נתיבי ישראל,610.601976, ,2104,610.601976,"רבעון 3, 2025",משרד התחבורה
1522,נתיבי ישראל,29684.859026, ,91,29684.859026,"רבעון 3, 2025",משרד התחבורה
1523,נתיבי ישראל,410.018529,BE02,0,410.018529,"רבעון 3, 2025",משרד התחבורה
1524,נתיבי ישראל,64.839676, ,3417,64.839676,"רבעון 3, 2025",משרד התחבורה
1525,נתיבי ישראל,573.471174,HN02,0,573.471174,"רבעון 3, 2025",משרד התחבורה
1526,נתיבי ישראל,426.627966, ,5233,426.627966,"רבעון 3, 2025",משרד התחבורה
1527,נתיבי ישראל,406.940719,BZ03,0,406.940719,"רבעון 3, 2025",משרד התחבורה
1528,נתיבי ישראל,528.872017,UN06,0,528.872017,"רבעון 3, 2025",משרד התחבורה
1529,נתיבי ישראל,1266.305445,RD02,0,1266.305445,"רבעון 3, 2025",משרד התחבורה
1530,נתיבי ישראל,15686.062366, ,1101,15686.062366,"רבעון 3, 2025",משרד התחבורה
1531,נתיבי ישראל,76.131030, ,7715,76.131030,"רבעון 3, 2025",משרד התחבורה
1532,נתיבי ישראל,372.736847, ,8867,372.736847,"רבעון 3, 2025",משרד התחבורה
1533,נתיבי ישראל,782.578111, ,3837,782.578111,"רבעון 3, 2025",משרד התחבורה
1534,נתיבי ישראל,390.101573, ,4233,390.101573,"רבעון 3, 2025",משרד התחבורה
1535,נתיבי ישראל,778.318601,LR01,0,778.318601,"רבעון 3, 2025",משרד התחבורה
1536,נתיבי ישראל,547.782696,MS04,0,547.782696,"רבעון 3, 2025",משרד התחבורה
1537,נתיבי ישראל,156.591017,GS04,0,156.591017,"רבעון 3, 2025",משרד התחבורה
1538,נתיבי ישראל,17699.999507, ,808,17699.999507,"רבעון 3, 2025",משרד התחבורה
1539,נתיבי ישראל,39202.787223, ,886,39202.787223,"רבעון 3, 2025",משרד התחבורה
1540,נתיבי ישראל,4226.542236, ,3933,4226.542236,"רבעון 3, 2025",משרד התחבורה
1541,נתיבי ישראל,3295.913050, ,2310,3295.913050,"רבעון 3, 2025",משרד התחבורה
1542,נתיבי ישראל,1985.507961, ,4314,1985.507961,"רבעון 3, 2025",משרד התחבורה
1543,נתיבי ישראל,1007.995027,RD09,0,1007.995027,"רבעון 3, 2025",משרד התחבורה
1544,נתיבי ישראל,892.599837,TK01,0,892.599837,"רבעון 3, 2025",משרד התחבורה
1545,נתיבי ישראל,271.141504, ,8650,271.141504,"רבעון 3, 2025",משרד התחבורה
1546,נתיבי ישראל,922.557704, ,9119,922.557704,"רבעון 3, 2025",משרד התחבורה
1547,נתיבי ישראל,663.354898, ,6733,663.354898,"רבעון 3, 2025",משרד התחבורה
1548,נתיבי ישראל,685.386256,HZ07,0,685.386256,"רבעון 3, 2025",משרד התחבורה
1549,נתיבי ישראל,319.824766, ,5517,319.824766,"רבעון 3, 2025",משרד התחבורה
1550,נתיבי ישראל,1833.837843, ,8693,1833.837843,"רבעון 3, 2025",משרד התחבורה
1551,נתיבי ישראל,3365.133378, ,4613,3365.133378,"רבעון 3, 2025",משרד התחבורה
1552,נתיבי ישראל,1254.269420,SM03,0,1254.269420,"רבעון 3, 2025",משרד התחבורה
1553,נתיבי ישראל,1021.397485,BI04,0,1021.397485,"רבעון 3, 2025",משרד התחבורה
1554,נתיבי ישראל,930.732200,GE01,0,930.732200,"רבעון 3, 2025",משרד התחבורה
1555,נתיבי ישראל,251.278236,BR02,0,251.278236,"רבעון 3, 2025",משרד התחבורה
1556,נתיבי ישראל,45.619763, ,3535,45.619763,"רבעון 3, 2025",משרד התחבורה
1557,נתיבי ישראל,927.027752,GN11,0,927.027752,"רבעון 3, 2025",משרד התחבורה
1558,נתיבי ישראל,355.937683,HZ05,0,355.937683,"רבעון 3, 2025",משרד התחבורה
1559,נתיבי ישראל,359.178273, ,8511,359.178273,"רבעון 3, 2025",משרד התחבורה
1560,נתיבי ישראל,1072.865679,AH02,0,1072.865679,"רבעון 3, 2025",משרד התחבורה
1561,נתיבי ישראל,3178.621314, ,9119,3178.621314,"רבעון 3, 2025",משרד התחבורה
1562,נתיבי ישראל,7577.400012, ,8977,7577.400012,"רבעון 3, 2025",משרד התחבורה
1563,נתיבי ישראל,4650.163194, ,8677,4650.163194,"רבעון 3, 2025",משרד התחבורה
1564,נתיבי ישראל,705.696683,HA01,0,705.696683,"רבעון 3, 2025",משרד התחבורה
1565,נתיבי ישראל,548.200562,SI03,0,548.200562,"רבעון 3, 2025",משרד התחבורה
1566,נתיבי ישראל,393.525300,RZ05,0,393.525300,"רבעון 3, 2025",משרד התחבורה
1567,נתיבי ישראל,187.715302,PA02,0,187.715302,"רבעון 3, 2025",משרד התחבורה
1568,נתיבי ישראל,232.280691,MR08,0,232.280691,"רבעון 3, 2025",משרד התחבורה
1569,נתיבי ישראל,1367.478904, ,8834,1367.478904,"רבעון 3, 2025",משרד התחבורה
1570,נתיבי ישראל,364.331980,RI09,0,364.331980,"רבעון 3, 2025",משרד התחבורה
1571,נתיבי ישראל,577.504145,LT02,0,577.504145,"רבעון 3, 2025",משרד התחבורה
1572,נתיבי ישראל,12217.780482, ,807,12217.780482,"רבעון 3, 2025",משרד התחבורה
1573,נתיבי ישראל,925.378711,GO05,0,925.378711,"רבעון 3, 2025",משרד התחבורה
1574,נתיבי ישראל,447.489200, ,8543,447.489200,"רבעון 3, 2025",משרד התחבורה
1575,נתיבי ישראל,571.209225,DR07,0,571.209225,"רבעון 3, 2025",משרד התחבורה
1576,נתיבי ישראל,2685.988324, ,7266,2685.988324,"רבעון 3, 2025",משרד התחבורה
1577,נתיבי ישראל,6746.112135, ,8900,6746.112135,"רבעון 3, 2025",משרד התחבורה
1578,נתיבי ישראל,1100.058739, ,3975,1100.058739,"רבעון 3, 2025",משרד התחבורה
1579,נתיבי ישראל,2622.313948, ,5720,2622.313948,"רבעון 3, 2025",משרד התחבורה
1580,נתיבי ישראל,686.680577, ,4614,686.680577,"רבעון 3, 2025",משרד התחבורה
1581,נתיבי ישראל,247.094966, ,8915,247.094966,"רבעון 3, 2025",משרד התחבורה
1582,נתיבי ישראל,448.936979,AD08,0,448.936979,"רבעון 3, 2025",משרד התחבורה
1583,נתיבי ישראל,572.753304,GH01,0,572.753304,"רבעון 3, 2025",משרד התחבורה
1584,נתיבי ישראל,52.022487, ,1128,52.022487,"רבעון 3, 2025",משרד התחבורה
1585,נתיבי ישראל,400.726042, ,8998,400.726042,"רבעון 3, 2025",משרד התחבורה
1586,נתיבי ישראל,1330.710820,UN02,0,1330.710820,"רבעון 3, 2025",משרד התחבורה
1587,נתיבי ישראל,80.190875, ,1125,80.190875,"רבעון 3, 2025",משרד התחבורה
1588,נתיבי ישראל,1229.559914, ,7157,1229.559914,"רבעון 3, 2025",משרד התחבורה
1589,נתיבי ישראל,834.219163,NE01,0,834.219163,"רבעון 3, 2025",משרד התחבורה
1590,נתיבי ישראל,88.107412, ,5804,88.107412,"רבעון 3, 2025",משרד התחבורה
1591,נתיבי ישראל,2935.364322, ,2229,2935.364322,"רבעון 3, 2025",משרד התחבורה
1592,נתיבי ישראל,48821.582991, ,90,48821.582991,"רבעון 3, 2025",משרד התחבורה
1593,נתיבי ישראל,673.854839,GN10,0,673.854839,"רבעון 3, 2025",משרד התחבורה
1594,נתיבי ישראל,858.167740, ,3151,858.167740,"רבעון 3, 2025",משרד התחבורה
1595,נתיבי ישראל,190.466025, ,7183,190.466025,"רבעון 3, 2025",משרד התחבורה
1596,נתיבי ישראל,130.813217,LD06,0,130.813217,"רבעון 3, 2025",משרד התחבורה
1597,נתיבי ישראל,310.079101, ,204,310.079101,"רבעון 3, 2025",משרד התחבורה
1598,נתיבי ישראל,738.363354, ,7103,738.363354,"רבעון 3, 2025",משרד התחבורה
1599,נתיבי ישראל,115.561434,RM06,0,115.561434,"רבעון 3, 2025",משרד התחבורה
1600,נתיבי ישראל,64505.618982, ,899,64505.618982,"רבעון 3, 2025",משרד התחבורה
1601,נתיבי ישראל,13082.145082, ,77,13082.145082,"רבעון 3, 2025",משרד התחבורה
1602,נתיבי ישראל,60.365837, ,5802,60.365837,"רבעון 3, 2025",משרד התחבורה
1603,נתיבי ישראל,628.604816,EE06,0,628.604816,"רבעון 3, 2025",משרד התחבורה
1604,נתיבי ישראל,5745.471713, ,98,5745.471713,"רבעון 3, 2025",משרד התחבורה
1605,נתיבי ישראל,165.291294,BZ01,0,165.291294,"רבעון 3, 2025",משרד התחבורה
1606,נתיבי ישראל,472.119863,BE03,0,472.119863,"רבעון 3, 2025",משרד התחבורה
1607,נתיבי ישראל,614.485777,SM04,0,614.485777,"רבעון 3, 2025",משרד התחבורה
1608,נתיבי ישראל,881.347861, ,9092,881.347861,"רבעון 3, 2025",משרד התחבורה
1609,נתיבי ישראל,1650.312890, ,3934,1650.312890,"רבעון 3, 2025",משרד התחבורה
1610,נתיבי ישראל,227.551456,MU04,0,227.551456,"רבעון 3, 2025",משרד התחבורה
1611,נתיבי ישראל,357.744877,BF02,0,357.744877,"רבעון 3, 2025",משרד התחבורה
1612,נתיבי ישראל,61.461303, ,8722,61.461303,"רבעון 3, 2025",משרד התחבורה
1613,נתיבי ישראל,119.335664,MZ01,0,119.335664,"רבעון 3, 2025",משרד התחבורה
1614,נתיבי ישראל,13255.345861, ,675,13255.345861,"רבעון 3, 2025",משרד התחבורה
1615,נתיבי ישראל,11109.048369, ,8967,11109.048369,"רבעון 3, 2025",משרד התחבורה
1616,נתיבי ישראל,722.077050, ,7914,722.077050,"רבעון 3, 2025",משרד התחבורה
1617,נתיבי ישראל,81.186518,YO01,0,81.186518,"רבעון 3, 2025",משרד התחבורה
1618,נתיבי ישראל,125.148002,YT05,0,125.148002,"רבעון 3, 2025",משרד התחבורה
1619,נתיבי ישראל,112.730725, ,3348,112.730725,"רבעון 3, 2025",משרד התחבורה
1620,נתיבי ישראל,1161.370380, ,9884,1161.370380,"רבעון 3, 2025",משרד התחבורה
1621,נתיבי ישראל,749.432271, ,3830,749.432271,"רבעון 3, 2025",משרד התחבורה
1622,נתיבי ישראל,26485.930920, ,358,26485.930920,"רבעון 3, 2025",משרד התחבורה
1623,נתיבי ישראל,1122.608528,RD06,0,1122.608528,"רבעון 3, 2025",משרד התחבורה
1624,נתיבי ישראל,15235.708484, ,222,15235.708484,"רבעון 3, 2025",משרד התחבורה
1625,נתיבי ישראל,217.647410, ,5813,217.647410,"רבעון 3, 2025",משרד התחבורה
1626,נתיבי ישראל,2792.996992, ,5714,2792.996992,"רבעון 3, 2025",משרד התחבורה
1627,נתיבי ישראל,48.949153, ,8968,48.949153,"רבעון 3, 2025",משרד התחבורה
1628,נתיבי ישראל,344.928663,GH04,0,344.928663,"רבעון 3, 2025",משרד התחבורה
1629,נתיבי ישראל,47.441063,GA05,0,47.441063,"רבעון 3, 2025",משרד התחבורה
1630,נתיבי ישראל,356.410911,LE01,0,356.410911,"רבעון 3, 2025",משרד התחבורה
1631,נתיבי ישראל,661.702193,KA03,0,661.702193,"רבעון 3, 2025",משרד התחבורה
1632,נתיבי ישראל,4691.352921, ,5803,4691.352921,"רבעון 3, 2025",משרד התחבורה
1633,נתיבי ישראל,293.110630,MS05,0,293.110630,"רבעון 3, 2025",משרד התחבורה
1634,נתיבי ישראל,108.127488, ,3853,108.127488,"רבעון 3, 2025",משרד התחבורה
1635,נתיבי ישראל,1311.560642,BG03,0,1311.560642,"רבעון 3, 2025",משרד התחבורה
1636,נתיבי ישראל,67.820539, ,3750,67.820539,"רבעון 3, 2025",משרד התחבורה
1637,נתיבי ישראל,435.097392,RI05,0,435.097392,"רבעון 3, 2025",משרד התחבורה
1638,נתיבי ישראל,595.102801, ,3524,595.102801,"רבעון 3, 2025",משרד התחבורה
1639,נתיבי ישראל,103.760779,EA01,0,103.760779,"רבעון 3, 2025",משרד התחבורה
1640,נתיבי ישראל,64.745812, ,2937,64.745812,"רבעון 3, 2025",משרד התחבורה
1641,נתיבי ישראל,475.963503,RA05,40,475.963503,"רבעון 3, 2025",משרד התחבורה
1642,נתיבי ישראל,219.910911,GH02,0,219.910911,"רבעון 3, 2025",משרד התחבורה
1643,נתיבי ישראל,591.481674,LT03,0,591.481674,"רבעון 3, 2025",משרד התחבורה
1644,נתיבי ישראל,1752.755476, ,8071,1752.755476,"רבעון 3, 2025",משרד התחבורה
1645,נתיבי ישראל,3565.270623, ,4102,3565.270623,"רבעון 3, 2025",משרד התחבורה
1646,נתיבי ישראל,611.994558,RI02,0,611.994558,"רבעון 3, 2025",משרד התחבורה
1647,נתיבי ישראל,802.603245, ,7592,802.603245,"רבעון 3, 2025",משרד התחבורה
1648,נתיבי ישראל,707.816815, ,7703,707.816815,"רבעון 3, 2025",משרד התחבורה
1649,נתיבי ישראל,689.280556,SY07,0,689.280556,"רבעון 3, 2025",משרד התחבורה
1650,נתיבי ישראל,336.046909, ,6662,336.046909,"רבעון 3, 2025",משרד התחבורה
1651,נתיבי ישראל,2180.009724, ,483,2180.009724,"רבעון 3, 2025",משרד התחבורה
1652,נתיבי ישראל,913.550387,HM02,0,913.550387,"רבעון 3, 2025",משרד התחבורה
1653,נתיבי ישראל,136.040269,LM05,0,136.040269,"רבעון 3, 2025",משרד התחבורה
1654,נתיבי ישראל,178.821714,AS07,0,178.821714,"רבעון 3, 2025",משרד התחבורה
1655,נתיבי ישראל,199.147544,BI07,0,199.147544,"רבעון 3, 2025",משרד התחבורה
1656,נתיבי ישראל,8660.795952, ,2410,8660.795952,"רבעון 3, 2025",משרד התחבורה
1657,נתיבי ישראל,532.140680,KR03,0,532.140680,"רבעון 3, 2025",משרד התחבורה
1658,נתיבי ישראל,294.770573,RV04,0,294.770573,"רבעון 3, 2025",משרד התחבורה
1659,נתיבי ישראל,26113.949634, ,918,26113.949634,"רבעון 3, 2025",משרד התחבורה
1660,נתיבי ישראל,3661.670774, ,240,3661.670774,"רבעון 3, 2025",משרד התחבורה
1661,נתיבי ישראל,59.790187, ,9791,59.790187,"רבעון 3, 2025",משרד התחבורה
1662,נתיבי ישראל,1677.987552, ,3582,1677.987552,"רבעון 3, 2025",משרד התחבורה
1663,נתיבי ישראל,661.115595, ,3178,661.115595,"רבעון 3, 2025",משרד התחבורה
1664,נתיבי ישראל,7546.398392, ,562,7546.398392,"רבעון 3, 2025",משרד התחבורה
1665,נתיבי ישראל,258.091016,RD10,0,258.091016,"רבעון 3, 2025",משרד התחבורה
1666,נתיבי ישראל,90.104487, ,7072,90.104487,"רבעון 3, 2025",משרד התחבורה
1667,נתיבי ישראל,800.177029,EM03,0,800.177029,"רבעון 3, 2025",משרד התחבורה
1668,נתיבי ישראל,149.627974, ,8542,149.627974,"רבעון 3, 2025",משרד התחבורה
1669,נתיבי ישראל,398.236707,RV02,0,398.236707,"רבעון 3, 2025",משרד התחבורה
1670,נתיבי ישראל,520.142148,HZ01,0,520.142148,"רבעון 3, 2025",משרד התחבורה
1671,נתיבי ישראל,658.832267,AD10,0,658.832267,"רבעון 3, 2025",משרד התחבורה
1672,נתיבי ישראל,2233.369255,GN04,0,2233.369255,"רבעון 3, 2025",משרד התחבורה
1673,נתיבי ישראל,585.317727,RI04,0,585.317727,"רבעון 3, 2025",משרד התחבורה
1674,נתיבי ישראל,494.370263, ,8515,494.370263,"רבעון 3, 2025",משרד התחבורה
1675,נתיבי ישראל,4199.283623, ,3978,4199.283623,"רבעון 3, 2025",משרד התחבורה
1676,נתיבי ישראל,979.604241,YV04,0,979.604241,"רבעון 3, 2025",משרד התחבורה
1677,נתיבי ישראל,2595.292581, ,406,2595.292581,"רבעון 3, 2025",משרד התחבורה
1678,נתיבי ישראל,1468.117378, ,4101,1468.117378,"רבעון 3, 2025",משרד התחבורה
1679,נתיבי ישראל,4327.443220, ,31,4327.443220,"רבעון 3, 2025",משרד התחבורה
1680,נתיבי ישראל,100.694166, ,2420,100.694166,"רבעון 3, 2025",משרד התחבורה
1681,נתיבי ישראל,990.252555, ,3521,990.252555,"רבעון 3, 2025",משרד התחבורה
1682,נתיבי ישראל,3382.155621, ,55,3382.155621,"רבעון 3, 2025",משרד התחבורה
1683,נתיבי ישראל,3168.162014, ,8273,3168.162014,"רבעון 3, 2025",משרד התחבורה
1684,נתיבי ישראל,1438.867332, ,9972,1438.867332,"רבעון 3, 2025",משרד התחבורה
1685,נתיבי ישראל,242.950051,BN33,0,242.950051,"רבעון 3, 2025",משרד התחבורה
1686,נתיבי ישראל,321.413986,UN05,0,321.413986,"רבעון 3, 2025",משרד התחבורה
1687,נתיבי ישראל,744.043766,HA06,0,744.043766,"רבעון 3, 2025",משרד התחבורה
1688,נתיבי ישראל,632.158550, ,7811,632.158550,"רבעון 3, 2025",משרד התחבורה
1689,נתיבי ישראל,525.758934,GD02,0,525.758934,"רבעון 3, 2025",משרד התחבורה
1690,נתיבי ישראל,227.485740,SY06,0,227.485740,"רבעון 3, 2025",משרד התחבורה
1691,נתיבי ישראל,640.231586,HV01,0,640.231586,"רבעון 3, 2025",משרד התחבורה
1692,נתיבי ישראל,11523.779600, ,866,11523.779601,"רבעון 3, 2025",משרד התחבורה
1693,נתיבי ישראל,14787.045133, ,40,14787.045133,"רבעון 3, 2025",משרד התחבורה
1694,נתיבי ישראל,256.499987,NA06,4246,256.499987,"רבעון 3, 2025",משרד התחבורה
1695,נתיבי ישראל,218.497161,MS06,0,218.497161,"רבעון 3, 2025",משרד התחבורה
1696,נתיבי ישראל,241.292934, ,5713,241.292934,"רבעון 3, 2025",משרד התחבורה
1697,נתיבי ישראל,7893.157125, ,8277,7893.157124,"רבעון 3, 2025",משרד התחבורה
1698,נתיבי ישראל,721.704047,BR04,0,721.704047,"רבעון 3, 2025",משרד התחבורה
1699,נתיבי ישראל,1990.683252, ,4233,1990.683252,"רבעון 3, 2025",משרד התחבורה
1700,נתיבי ישראל,1160.394247,GD01,0,1160.394247,"רבעון 3, 2025",משרד התחבורה
1701,נתיבי ישראל,200.390732,RD04,0,200.390732,"רבעון 3, 2025",משרד התחבורה
1702,נתיבי ישראל,2382.889029, ,8697,2382.889029,"רבעון 3, 2025",משרד התחבורה
1703,נתיבי ישראל,1844.469921,AD01,0,1844.469921,"רבעון 3, 2025",משרד התחבורה
1704,נתיבי ישראל,344.496162,LE02,0,344.496162,"רבעון 3, 2025",משרד התחבורה
1705,נתיבי ישראל,5577.241490, ,7717,5577.241490,"רבעון 3, 2025",משרד התחבורה
1706,נתיבי ישראל,922.208124, ,8075,922.208124,"רבעון 3, 2025",משרד התחבורה
1707,נתיבי ישראל,11901.552056, ,38,11901.552056,"רבעון 3, 2025",משרד התחבורה
1708,נתיבי ישראל,22329.989475, ,258,22329.989474,"רבעון 3, 2025",משרד התחבורה
1709,נתיבי ישראל,1076.806375, ,5611,1076.806375,"רבעון 3, 2025",משרד התחבורה
1710,נתיבי ישראל,36095.817322, ,25,36095.817322,"רבעון 3, 2025",משרד התחבורה
1711,נתיבי ישראל,353.591235,RV03,0,353.591235,"רבעון 3, 2025",משרד התחבורה
1712,נתיבי ישראל,592.417803,LR05,0,592.417803,"רבעון 3, 2025",משרד התחבורה
1713,נתיבי ישראל,494.956795,RD11,0,494.956795,"רבעון 3, 2025",משרד התחבורה
1714,נתיבי ישראל,89.830701,BD02,0,89.830701,"רבעון 3, 2025",משרד התחבורה
1715,נתיבי ישראל,4229.360954, ,8900,4229.360954,"רבעון 3, 2025",משרד התחבורה
1716,נתיבי ישראל,425.633302,HG03,0,425.633302,"רבעון 3, 2025",משרד התחבורה
1717,נתיבי ישראל,146.715956, ,3101,146.715956,"רבעון 3, 2025",משרד התחבורה
1718,נתיבי ישראל,734.129556,TS03,0,734.129556,"רבעון 3, 2025",משרד התחבורה
1719,נתיבי ישראל,809.512702,BI06,0,809.512702,"רבעון 3, 2025",משרד התחבורה
1720,נתיבי ישראל,3038.512806, ,8081,3038.512806,"רבעון 3, 2025",משרד התחבורה
1721,נתיבי ישראל,1048.856113, ,3974,1048.856113,"רבעון 3, 2025",משרד התחבורה
1722,נתיבי ישראל,3805.844757, ,854,3805.844757,"רבעון 3, 2025",משרד התחבורה
1723,נתיבי ישראל,586.167807, ,3614,586.167807,"רבעון 3, 2025",משרד התחבורה
1724,נתיבי ישראל,413.659342,DV03,0,413.659342,"רבעון 3, 2025",משרד התחבורה
1725,נתיבי ישראל,148.463188,GS05,0,148.463188,"רבעון 3, 2025",משרד התחבורה
1726,נתיבי ישראל,48.677850, ,3954,48.677850,"רבעון 3, 2025",משרד התחבורה
1727,נתיבי ישראל,737.854777,SK01,0,737.854777,"רבעון 3, 2025",משרד התחבורה
1728,נתיבי ישראל,382.301959, ,4445,382.301959,"רבעון 3, 2025",משרד התחבורה
1729,נתיבי ישראל,2664.222259, ,40,2664.222259,"רבעון 3, 2025",משרד התחבורה
1730,נתיבי ישראל,123.472376,AL07,0,123.472376,"רבעון 3, 2025",משרד התחבורה
1731,נתיבי ישראל,6626.074868, ,412,6626.074868,"רבעון 3, 2025",משרד התחבורה
1732,נתיבי ישראל,653.592640,AM02,0,653.592640,"רבעון 3, 2025",משרד התחבורה
1733,נתיבי ישראל,80.235701,AL08,0,80.235701,"רבעון 3, 2025",משרד התחבורה
1734,נתיבי ישראל,356.005331, ,4241,356.005331,"רבעון 3, 2025",משרד התחבורה
1735,נתיבי ישראל,2174.510082, ,4105,2174.510082,"רבעון 3, 2025",משרד התחבורה
1736,נתיבי ישראל,242.140258, ,5704,242.140258,"רבעון 3, 2025",משרד התחבורה
1737,נתיבי ישראל,848.401832, ,4245,848.401832,"רבעון 3, 2025",משרד התחבורה
1738,נתיבי ישראל,893.917358,OK01,0,893.917358,"רבעון 3, 2025",משרד התחבורה
1739,נתיבי ישראל,400.283469,BE01,0,400.283469,"רבעון 3, 2025",משרד התחבורה
1740,נתיבי ישראל,583.307033,PA03,0,583.307033,"רבעון 3, 2025",משרד התחבורה
1741,נתיבי ישראל,1782.530264, ,1310,1782.530264,"רבעון 3, 2025",משרד התחבורה
1742,נתיבי ישראל,2154.295424,SG05,0,2154.295424,"רבעון 3, 2025",משרד התחבורה
1743,נתיבי ישראל,116.294600,NF04,0,116.294600,"רבעון 3, 2025",משרד התחבורה
1744,נתיבי ישראל,239.613693,CN02,0,239.613693,"רבעון 3, 2025",משרד התחבורה
1745,נתיבי ישראל,62.479170, ,3536,62.479170,"רבעון 3, 2025",משרד התחבורה
1746,נתיבי ישראל,819.682722,GO07,0,819.682722,"רבעון 3, 2025",משרד התחבורה
1747,נתיבי ישראל,619.419667,SM02,0,619.419667,"רבעון 3, 2025",משרד התחבורה
1748,נתיבי ישראל,1334.105697,KA01,0,1334.105697,"רבעון 3, 2025",משרד התחבורה
1749,נתיבי ישראל,426.471582,SO20,0,426.471582,"רבעון 3, 2025",משרד התחבורה
1750,נתיבי ישראל,448.038938, ,2227,448.038938,"רבעון 3, 2025",משרד התחבורה
1751,נתיבי ישראל,116.584169, ,90,116.584169,"רבעון 3, 2025",משרד התחבורה
1752,נתיבי ישראל,699.312931,ZL01,0,699.312931,"רבעון 3, 2025",משרד התחבורה
1753,נתיבי ישראל,778.488158,LD02,0,778.488158,"רבעון 3, 2025",משרד התחבורה
1754,נתיבי ישראל,86.542062,DB03,0,86.542062,"רבעון 3, 2025",משרד התחבורה
1755,נתיבי ישראל,48065.926436, ,90,48065.926436,"רבעון 3, 2025",משרד התחבורה
1756,נתיבי ישראל,101.955535, ,31,101.955535,"רבעון 3, 2025",משרד התחבורה
1757,נתיבי ישראל,211.532098,DB02,0,211.532098,"רבעון 3, 2025",משרד התחבורה
1758,נתיבי ישראל,533.661846,CN03,0,533.661846,"רבעון 3, 2025",משרד התחבורה
1759,נתיבי ישראל,561.219447, ,7599,561.219447,"רבעון 3, 2025",משרד התחבורה
1760,נתיבי ישראל,772.054842,HS01,0,772.054842,"רבעון 3, 2025",משרד התחבורה
1761,נתיבי ישראל,7455.271977, ,7276,7455.271977,"רבעון 3, 2025",משרד התחבורה
1762,נתיבי ישראל,714.244543,AL01,0,714.244543,"רבעון 3, 2025",משרד התחבורה
1763,נתיבי ישראל,1037.016759,RD08,0,1037.016759,"רבעון 3, 2025",משרד התחבורה
1764,נתיבי ישראל,454.553985,EA02,0,454.553985,"רבעון 3, 2025",משרד התחבורה
1765,נתיבי ישראל,355.927775,RD03,0,355.927775,"רבעון 3, 2025",משרד התחבורה
1766,נתיבי ישראל,859.169280, ,9893,859.169280,"רבעון 3, 2025",משרד התחבורה
1767,נתיבי ישראל,6149.317830, ,3612,6149.317830,"רבעון 3, 2025",משרד התחבורה
1768,נתיבי ישראל,729.995624,UN03,0,729.995624,"רבעון 3, 2025",משרד התחבורה
1769,נתיבי ישראל,252.669376, ,3522,252.669376,"רבעון 3, 2025",משרד התחבורה
1770,נתיבי ישראל,299.487186, ,4304,299.487186,"רבעון 3, 2025",משרד התחבורה
1771,נתיבי ישראל,408.072574,DV05,0,408.072574,"רבעון 3, 2025",משרד התחבורה
1772,נתיבי ישראל,353.001273,DV01,0,353.001273,"רבעון 3, 2025",משרד התחבורה
1773,נתיבי ישראל,285.693511,KN02,0,285.693511,"רבעון 3, 2025",משרד התחבורה
1774,נתיבי ישראל,65801.993101, ,25,65801.993101,"רבעון 3, 2025",משרד התחבורה
1775,נתיבי ישראל,91.878153, ,4246,91.878153,"רבעון 3, 2025",משרד התחבורה
1776,נתיבי ישראל,4403.812161, ,8544,4403.812161,"רבעון 3, 2025",משרד התחבורה
1777,נתיבי ישראל,4630.174399, ,772,4630.174399,"רבעון 3, 2025",משרד התחבורה
1778,נתיבי ישראל,755.229985,YN01,0,755.229985,"רבעון 3, 2025",משרד התחבורה
1779,נתיבי ישראל,600.000035, ,5050,600.000035,"רבעון 3, 2025",משרד התחבורה
1780,נתיבי ישראל,428.440251,RZ04,0,428.440251,"רבעון 3, 2025",משרד התחבורה
1781,נתיבי ישראל,645.255373,HZ08,0,645.255373,"רבעון 3, 2025",משרד התחבורה
1782,נתיבי ישראל,573.264618,GE05,0,573.264618,"רבעון 3, 2025",משרד התחבורה
1783,נתיבי ישראל,645.207251,MR06,0,645.207251,"רבעון 3, 2025",משרד התחבורה
1784,נתיבי ישראל,14925.592266, ,293,14925.592266,"רבעון 3, 2025",משרד התחבורה
1785,נתיבי ישראל,169.385471,BN08,0,169.385471,"רבעון 3, 2025",משרד התחבורה
1786,נתיבי ישראל,82.795832, ,3416,82.795832,"רבעון 3, 2025",משרד התחבורה
1787,נתיבי ישראל,839.873683, ,3525,839.873683,"רבעון 3, 2025",משרד התחבורה
1788,נתיבי ישראל,549.295555,MS02,0,549.295555,"רבעון 3, 2025",משרד התחבורה
1789,נתיבי ישראל,4574.039016, ,8077,4574.039016,"רבעון 3, 2025",משרד התחבורה
1790,נתיבי ישראל,4591.471900, ,2422,4591.471900,"רבעון 3, 2025",משרד התחבורה
1791,נתיבי ישראל,1715.652785, ,9798,1715.652785,"רבעון 3, 2025",משרד התחבורה
1792,נתיבי ישראל,622.167106,LT04,0,622.167106,"רבעון 3, 2025",משרד התחבורה
1793,נתיבי ישראל,21208.879334, ,241,21208.879334,"רבעון 3, 2025",משרד התחבורה
1794,נתיבי ישראל,1990.031665, ,4240,1990.031665,"רבעון 3, 2025",משרד התחבורה
1795,נתיבי ישראל,546.639071,AD07,0,546.639071,"רבעון 3, 2025",משרד התחבורה
1796,נתיבי ישראל,747.678139,HH01,0,747.678139,"רבעון 3, 2025",משרד התחבורה
1797,נתיבי ישראל,34817.621182, ,87,34817.621182,"רבעון 3, 2025",משרד התחבורה
1798,נתיבי ישראל,1159.757185, ,8531,1159.757185,"רבעון 3, 2025",משרד התחבורה
1799,נתיבי ישראל,1931.350650, ,402,1931.350650,"רבעון 3, 2025",משרד התחבורה
1800,נתיבי ישראל,3412.984031, ,2271,3412.984031,"רבעון 3, 2025",משרד התחבורה
1801,נתיבי ישראל,528.470518,TN04,0,528.470518,"רבעון 3, 2025",משרד התחבורה
1802,נתיבי ישראל,999.561472,HH03,0,999.561472,"רבעון 3, 2025",משרד התחבורה
1803,נתיבי ישראל,366.445002, ,5233,366.445002,"רבעון 3, 2025",משרד התחבורה
1804,נתיבי ישראל,248.837547,TV03,0,248.837547,"רבעון 3, 2025",משרד התחבורה
1805,נתיבי ישראל,205.500712, ,3341,205.500712,"רבעון 3, 2025",משרד התחבורה
1806,נתיבי ישראל,34.753649, ,7674,34.753649,"רבעון 3, 2025",משרד התחבורה
1807,נתיבי ישראל,2405.394037, ,6667,2405.394037,"רבעון 3, 2025",משרד התחבורה
1808,נתיבי ישראל,15777.266867, ,38,15777.266867,"רבעון 3, 2025",משרד התחבורה
1809,נתיבי ישראל,1657.406013,TK04,0,1657.406013,"רבעון 3, 2025",משרד התחבורה
1810,נתיבי ישראל,781.603422,AS02,0,781.603422,"רבעון 3, 2025",משרד התחבורה
1811,נתיבי ישראל,1481.999788, ,1099,1481.999788,"רבעון 3, 2025",משרד התחבורה
1812,נתיבי ישראל,556.451622, ,2445,556.451622,"רבעון 3, 2025",משרד התחבורה
1813,נתיבי ישראל,175.629486,AL05,0,175.629486,"רבעון 3, 2025",משרד התחבורה
1814,נתיבי ישראל,2109.161737, ,9115,2109.161737,"רבעון 3, 2025",משרד התחבורה
1815,נתיבי ישראל,5114.354354, ,554,5114.354354,"רבעון 3, 2025",משרד התחבורה
1816,נתיבי ישראל,11537.105107, ,4,11537.105107,"רבעון 3, 2025",משרד התחבורה
1817,נתיבי ישראל,743.136197, ,4303,743.136197,"רבעון 3, 2025",משרד התחבורה
1818,נתיבי ישראל,3757.794856, ,4,3757.794856,"רבעון 3, 2025",משרד התחבורה
1819,נתיבי ישראל,8087.182840, ,42,8087.182840,"רבעון 3, 2025",משרד התחבורה
1820,נתיבי ישראל,179.340213,HA09,0,179.340213,"רבעון 3, 2025",משרד התחבורה
1821,נתיבי ישראל,645.730134,HA08,0,645.730134,"רבעון 3, 2025",משרד התחבורה
1822,נתיבי ישראל,932.675549,HA04,0,932.675549,"רבעון 3, 2025",משרד התחבורה
1823,נתיבי ישראל,909.040002,SP05,0,909.040002,"רבעון 3, 2025",משרד התחבורה
1824,נתיבי ישראל,12085.703471, ,411,12085.703471,"רבעון 3, 2025",משרד התחבורה
1825,נתיבי ישראל,4950.979440, ,41,4950.979440,"רבעון 3, 2025",משרד התחבורה
1826,נתיבי ישראל,37806.576376, ,40,37806.576376,"רבעון 3, 2025",משרד התחבורה
1827,נתיבי ישראל,15419.367748, ,3,15419.367748,"רבעון 3, 2025",משרד התחבורה
1828,נתיבי ישראל,1069.428793,GE06,0,1069.428793,"רבעון 3, 2025",משרד התחבורה
1829,נתיבי ישראל,1120.500150,KA02,0,1120.500150,"רבעון 3, 2025",משרד התחבורה
1830,נתיבי ישראל,917.161764,OK02,0,917.161764,"רבעון 3, 2025",משרד התחבורה
1831,נתיבי ישראל,19202.745248, ,508,19202.745248,"רבעון 3, 2025",משרד התחבורה
1832,נתיבי ישראל,992.574214, ,5051,992.574214,"רבעון 3, 2025",משרד התחבורה
1833,נתיבי ישראל,124.576957, ,5742,124.576957,"רבעון 3, 2025",משרד התחבורה
1834,נתיבי ישראל,499.644456, ,398,499.644456,"רבעון 3, 2025",משרד התחבורה
1835,נתיבי ישראל,2005.866205, ,5615,2005.866205,"רבעון 3, 2025",משרד התחבורה
1836,נתיבי ישראל,1054.075381, ,4651,1054.075381,"רבעון 3, 2025",משרד התחבורה
1837,נתיבי ישראל,5993.718732, ,3676,5993.718732,"רבעון 3, 2025",משרד התחבורה
1838,נתיבי ישראל,3663.459131, ,45,3663.459131,"רבעון 3, 2025",משרד התחבורה
1839,נתיבי ישראל,1913.593103, ,5,1913.593103,"רבעון 3, 2025",משרד התחבורה
1840,נתיבי ישראל,199.863198, ,5850,199.863198,"רבעון 3, 2025",משרד התחבורה
1841,נתיבי ישראל,2658.838308, ,4490,2658.838308,"רבעון 3, 2025",משרד התחבורה
1842,נתיבי ישראל,388.890937, ,4571,388.890937,"רבעון 3, 2025",משרד התחבורה
1843,נתיבי ישראל,2492.040892, ,3556,2492.040892,"רבעון 3, 2025",משרד התחבורה
1844,נתיבי ישראל,1089.037868, ,5070,1089.037868,"רבעון 3, 2025",משרד התחבורה
1845,נתיבי ישראל,2601.229665, ,4578,2601.229665,"רבעון 3, 2025",משרד התחבורה
1846,נתיבי ישראל,3533.302630, ,3670,3533.302630,"רבעון 3, 2025",משרד התחבורה
1847,נתיבי ישראל,911.017110, ,4773,911.017110,"רבעון 3, 2025",משרד התחבורה
1848,נתיבי ישראל,10324.436519, ,557,10324.436519,"רבעון 3, 2025",משרד התחבורה
1849,נתיבי ישראל,216.473662, ,3260,216.473662,"רבעון 3, 2025",משרד התחבורה
1850,נתיבי ישראל,1634.343786, ,4774,1634.343786,"רבעון 3, 2025",משרד התחבורה
1851,נתיבי ישראל,69.000042, ,4779,69.000042,"רבעון 3, 2025",משרד התחבורה
1852,נתיבי ישראל,1118.038182, ,5502,1118.038182,"רבעון 3, 2025",משרד התחבורה
1853,נתיבי ישראל,1095.432233, ,3568,1095.432233,"רבעון 3, 2025",משרד התחבורה
1854,נתיבי ישראל,1323.320810, ,316,1323.320810,"רבעון 3, 2025",משרד התחבורה
1855,נתיבי ישראל,8038.783140, ,596,8038.783140,"רבעון 3, 2025",משרד התחבורה
1856,נתיבי ישראל,14588.067137, ,555,14588.067137,"רבעון 3, 2025",משרד התחבורה
1857,נתיבי ישראל,6170.114241, ,585,6170.114241,"רבעון 3, 2025",משרד התחבורה
1858,נתיבי ישראל,13790.441027, ,463,13790.441027,"רבעון 3, 2025",משרד התחבורה
1859,נתיבי ישראל,1130.229828, ,4631,1130.229828,"רבעון 3, 2025",משרד התחבורה
1860,נתיבי ישראל,1162.969388, ,5074,1162.969388,"רבעון 3, 2025",משרד התחבורה
1861,נתיבי ישראל,2924.890694, ,3545,2924.890694,"רבעון 3, 2025",משרד התחבורה
1862,נתיבי ישראל,9626.992739, ,4775,9626.992739,"רבעון 3, 2025",משרד התחבורה
1863,נתיבי ישראל,991.335489, ,463,991.335489,"רבעון 3, 2025",משרד התחבורה
1864,נתיבי ישראל,615.673326, ,584,615.673326,"רבעון 3, 2025",משרד התחבורה
1865,נתיבי ישראל,480.517181, ,6538,480.517181,"רבעון 3, 2025",משרד התחבורה
1866,נתיבי ישראל,5485.847923, ,417,5485.847923,"רבעון 3, 2025",משרד התחבורה
1867,נתיבי ישראל,17075.429059, ,35,17075.429059,"רבעון 3, 2025",משרד התחבורה
1868,נתיבי ישראל,1081.479536, ,4462,1081.479536,"רבעון 3, 2025",משרד התחבורה
1869,נתיבי ישראל,1184.146578, ,4574,1184.146578,"רבעון 3, 2025",משרד התחבורה
1870,נתיבי ישראל,3001.278090, ,5062,3001.278090,"רבעון 3, 2025",משרד התחבורה
1871,נתיבי ישראל,693.749003, ,3177,693.749003,"רבעון 3, 2025",משרד התחבורה
1872,נתיבי ישראל,939.252828, ,354,939.252828,"רבעון 3, 2025",משרד התחבורה
1873,נתיבי ישראל,877.771764, ,5055,877.771764,"רבעון 3, 2025",משרד התחבורה
1874,נתיבי ישראל,1890.303075, ,4365,1890.303075,"רבעון 3, 2025",משרד התחבורה
1875,נתיבי ישראל,2257.122519, ,5617,2257.122519,"רבעון 3, 2025",משרד התחבורה
1876,נתיבי ישראל,359.893780, ,3331,359.893780,"רבעון 3, 2025",משרד התחבורה
1877,נתיבי ישראל,1667.945894, ,4366,1667.945894,"רבעון 3, 2025",משרד התחבורה
1878,נתיבי ישראל,1537.697449, ,5746,1537.697449,"רבעון 3, 2025",משרד התחבורה
1879,נתיבי ישראל,2321.143793, ,4460,2321.143793,"רבעון 3, 2025",משרד התחבורה
1880,נתיבי ישראל,1938.197608, ,3265,1938.197608,"רבעון 3, 2025",משרד התחבורה
1881,נתיבי ישראל,5044.675266, ,5072,5044.675266,"רבעון 3, 2025",משרד התחבורה
1882,נתיבי ישראל,11005.562926, ,449,11005.562926,"רבעון 3, 2025",משרד התחבורה
1883,נתיבי ישראל,1388.185108, ,4460,1388.185108,"רבעון 3, 2025",משרד התחבורה
1884,נתיבי ישראל,1118.053695, ,354,1118.053695,"רבעון 3, 2025",משרד התחבורה
1885,נתיבי ישראל,5699.862178, ,466,5699.862178,"רבעון 3, 2025",משרד התחבורה
1886,נתיבי ישראל,490.472321, ,4577,490.472321,"רבעון 3, 2025",משרד התחבורה
1887,נתיבי ישראל,900.898950, ,3696,900.898950,"רבעון 3, 2025",משרד התחבורה
1888,נתיבי ישראל,596.644494, ,4464,596.644494,"רבעון 3, 2025",משרד התחבורה
1889,נתיבי ישראל,1185.825333, ,3692,1185.825333,"רבעון 3, 2025",משרד התחבורה
1890,נתיבי ישראל,308.952024, ,3566,308.952024,"רבעון 3, 2025",משרד התחבורה
1891,נתיבי ישראל,2248.660200, ,354,2248.660200,"רבעון 3, 2025",משרד התחבורה
1892,נתיבי ישראל,1419.171377, ,4460,1419.171377,"רבעון 3, 2025",משרד התחבורה
1893,נתיבי ישראל,4167.934796, ,4435,4167.934796,"רבעון 3, 2025",משרד התחבורה
1894,נתיבי ישראל,6805.185505, ,4578,6805.185505,"רבעון 3, 2025",משרד התחבורה
1895,נתיבי ישראל,164.186834, ,4777,164.186834,"רבעון 3, 2025",משרד התחבורה
1896,נתיבי ישראל,3637.989189, ,4498,3637.989189,"רבעון 3, 2025",משרד התחבורה
1897,נתיבי ישראל,4601.448791, ,585,4601.448791,"רבעון 3, 2025",משרד התחבורה
1898,נתיבי ישראל,2357.151139, ,6259,2357.151139,"רבעון 3, 2025",משרד התחבורה
1899,נתיבי ישראל,4220.456345, ,57,4220.456345,"רבעון 3, 2025",משרד התחבורה
1900,נתיבי ישראל,1616.649745, ,57,1616.649745,"רבעון 3, 2025",משרד התחבורה
1901,נתיבי ישראל,2244.266197, ,60,2244.266197,"רבעון 3, 2025",משרד התחבורה
1902,נתיבי ישראל,1174.237795, ,3517,1174.237795,"רבעון 3, 2025",משרד התחבורה
1903,נתיבי ישראל,2454.819250, ,3330,2454.819250,"רבעון 3, 2025",משרד התחבורה
1904,נתיבי ישראל,916.962725, ,584,916.962726,"רבעון 3, 2025",משרד התחבורה
1905,שיכון ובינוי - נת,123.704580, ,66,123.704580,"רבעון 3, 2025",משרד התחבורה
1906,נתיבי ישראל,445.259702, ,4468,445.259702,"רבעון 3, 2025",משרד התחבורה
1907,נתיבי ישראל,1606.003251, ,4552,1606.003251,"רבעון 3, 2025",משרד התחבורה
1908,נתיבי ישראל,1506.363508, ,5442,1506.363508,"רבעון 3, 2025",משרד התחבורה
1909,נתיבי ישראל,3628.124740, ,6115,3628.124740,"רבעון 3, 2025",משרד התחבורה
1910,נתיבי ישראל,1097.350357, ,4575,1097.350357,"רבעון 3, 2025",משרד התחבורה
1911,נתיבי ישראל,1739.462812, ,3699,1739.462812,"רבעון 3, 2025",משרד התחבורה
1912,נתיבי ישראל,1464.904342, ,4371,1464.904342,"רבעון 3, 2025",משרד התחבורה
1913,נתיבי ישראל,1264.892244, ,4175,1264.892244,"רבעון 3, 2025",משרד התחבורה
1914,נתיבי ישראל,3066.057836, ,463,3066.057836,"רבעון 3, 2025",משרד התחבורה
1915,נתיבי ישראל,1288.305504, ,455,1288.305504,"רבעון 3, 2025",משרד התחבורה
1916,נתיבי ישראל,614.677609, ,3554,614.677609,"רבעון 3, 2025",משרד התחבורה
1917,נתיבי ישראל,1182.948480, ,5856,1182.948480,"רבעון 3, 2025",משרד התחבורה
1918,נתיבי ישראל,1161.935381, ,3174,1161.935381,"רבעון 3, 2025",משרד התחבורה
1919,נתיבי ישראל,840.633349, ,4566,840.633349,"רבעון 3, 2025",משרד התחבורה
1920,נתיבי ישראל,176.661024, ,4632,176.661024,"רבעון 3, 2025",משרד התחבורה
1921,נתיבי ישראל,382.953236, ,3262,382.953236,"רבעון 3, 2025",משרד התחבורה
1922,נתיבי ישראל,3162.848085, ,455,3162.848085,"רבעון 3, 2025",משרד התחבורה
1923,נתיבי ישראל,1942.691173, ,5747,1942.691173,"רבעון 3, 2025",משרד התחבורה
1924,נתיבי ישראל,468.538382, ,3557,468.538382,"רבעון 3, 2025",משרד התחבורה
1925,נתיבי ישראל,2984.395376, ,3333,2984.395376,"רבעון 3, 2025",משרד התחבורה
1926,נתיבי ישראל,241.282372, ,3672,241.282372,"רבעון 3, 2025",משרד התחבורה
1927,נתיבי ישראל,1945.983973, ,5077,1945.983973,"רבעון 3, 2025",משרד התחבורה
1928,נתיבי ישראל,1275.667010, ,5743,1275.667010,"רבעון 3, 2025",משרד התחבורה
1929,נתיבי ישראל,4753.084722, ,375,4753.084722,"רבעון 3, 2025",משרד התחבורה
1930,נתיבי ישראל,2065.201142, ,3171,2065.201142,"רבעון 3, 2025",משרד התחבורה
1931,נתיבי ישראל,1539.765739, ,4432,1539.765739,"רבעון 3, 2025",משרד התחבורה
1932,נתיבי ישראל,1743.161474, ,4363,1743.161474,"רבעון 3, 2025",משרד התחבורה
1933,נתיבי ישראל,4644.508664, ,50,4644.508664,"רבעון 3, 2025",משרד התחבורה
1934,נתיבי ישראל,1016.821606, ,6614,1016.821606,"רבעון 3, 2025",משרד התחבורה
1935,נתיבי ישראל,13349.985432, ,356,13349.985432,"רבעון 3, 2025",משרד התחבורה
1936,נתיבי ישראל,7013.833667, ,436,7013.833667,"רבעון 3, 2025",משרד התחבורה
1937,נתיבי ישראל,4388.161391, ,5859,4388.161391,"רבעון 3, 2025",משרד התחבורה
1938,נתיבי ישראל,759.162844, ,354,759.162844,"רבעון 3, 2025",משרד התחבורה
1939,נתיבי ישראל,1663.064578, ,4369,1663.064578,"רבעון 3, 2025",משרד התחבורה
1940,נתיבי ישראל,4368.547012, ,60,4368.547012,"רבעון 3, 2025",משרד התחבורה
1941,נתיבי ישראל,1401.374788, ,4360,1401.374788,"רבעון 3, 2025",משרד התחבורה
1942,נתיבי ישראל,23411.924027, ,578,23411.924027,"רבעון 3, 2025",משרד התחבורה
1943,נתיבי ישראל,719.744488, ,5444,719.744488,"רבעון 3, 2025",משרד התחבורה
1944,נתיבי ישראל,26058.677353, ,446,26058.677353,"רבעון 3, 2025",משרד התחבורה
1945,נתיבי ישראל,2011.640648, ,4631,2011.640648,"רבעון 3, 2025",משרד התחבורה
1946,נתיבי ישראל,26585.472468, ,60,26585.472468,"רבעון 3, 2025",משרד התחבורה
1947,נתיבי ישראל,347.195161, ,4173,347.195161,"רבעון 3, 2025",משרד התחבורה
1948,נתיבי ישראל,320.256672, ,5487,320.256672,"רבעון 3, 2025",משרד התחבורה
1949,נתיבי ישראל,580.202518, ,3519,580.202518,"רבעון 3, 2025",משרד התחבורה
1950,נתיבי ישראל,5192.371057, ,369,5192.371057,"רבעון 3, 2025",משרד התחבורה
1951,נתיבי ישראל,1020.852651, ,3176,1020.852651,"רבעון 3, 2025",משרד התחבורה
1952,נתיבי ישראל,4814.345501, ,5486,4814.345501,"רבעון 3, 2025",משרד התחבורה
1953,נתיבי ישראל,1289.272973, ,4364,1289.272973,"רבעון 3, 2025",משרד התחבורה
1954,נתיבי ישראל,2774.789765, ,3549,2774.789765,"רבעון 3, 2025",משרד התחבורה
1955,נתיבי ישראל,360.867507, ,6612,360.867507,"רבעון 3, 2025",משרד התחבורה
1956,נתיבי ישראל,321.124005, ,3756,321.124005,"רבעון 3, 2025",משרד התחבורה
1957,נתיבי ישראל,21149.823667, ,317,21149.823667,"רבעון 3, 2025",משרד התחבורה
1958,נתיבי ישראל,881.656632, ,5573,881.656632,"רבעון 3, 2025",משרד התחבורה
1959,נתיבי ישראל,439.465814, ,3563,439.465814,"רבעון 3, 2025",משרד התחבורה
1960,נתיבי ישראל,7057.206675, ,4491,7057.206675,"רבעון 3, 2025",משרד התחבורה
1961,נתיבי ישראל,300.000015, ,5052,300.000015,"רבעון 3, 2025",משרד התחבורה
1962,נתיבי ישראל,781.391536, ,3754,781.391536,"רבעון 3, 2025",משרד התחבורה
1963,נתיבי ישראל,1701.043772, ,5576,1701.043772,"רבעון 3, 2025",משרד התחבורה
1964,נתיבי ישראל,1000.278200, ,35,1000.278200,"רבעון 3, 2025",משרד התחבורה
1965,נתיבי ישראל,799.625104, ,5506,799.625104,"רבעון 3, 2025",משרד התחבורה
1966,נתיבי ישראל,2331.841429, ,6118,2331.841429,"רבעון 3, 2025",משרד התחבורה
1967,נתיבי ישראל,6045.845609, ,3755,6045.845609,"רבעון 3, 2025",משרד התחבורה
1968,נתיבי ישראל,279.215406, ,4776,279.215406,"רבעון 3, 2025",משרד התחבורה
1969,נתיבי ישראל,2721.310520, ,3558,2721.310520,"רבעון 3, 2025",משרד התחבורה
1970,נתיבי ישראל,2311.409675, ,3555,2311.409675,"רבעון 3, 2025",משרד התחבורה
1971,נתיבי ישראל,688.495862, ,4376,688.495862,"רבעון 3, 2025",משרד התחבורה
1972,נתיבי ישראל,1543.873999, ,4778,1543.873999,"רבעון 3, 2025",משרד התחבורה
1973,נתיבי ישראל,518.388254, ,3556,518.388254,"רבעון 3, 2025",משרד התחבורה
1974,נתיבי ישראל,1093.801875, ,3518,1093.801875,"רבעון 3, 2025",משרד התחבורה
1975,נתיבי ישראל,1059.443671, ,4502,1059.443671,"רבעון 3, 2025",משרד התחבורה
1976,נתיבי ישראל,236.067845, ,5570,236.067845,"רבעון 3, 2025",משרד התחבורה
1977,נתיבי ישראל,4242.038809, ,5055,4242.038809,"רבעון 3, 2025",משרד התחבורה
1978,נתיבי ישראל,1995.883960, ,4463,1995.883960,"רבעון 3, 2025",משרד התחבורה
1979,נתיבי ישראל,2847.399852, ,4771,2847.399852,"רבעון 3, 2025",משרד התחבורה
1980,נתיבי ישראל,1366.368248, ,4654,1366.368248,"רבעון 3, 2025",משרד התחבורה
1981,נתיבי ישראל,1514.905429, ,5786,1514.905429,"רבעון 3, 2025",משרד התחבורה
1982,נתיבי ישראל,8493.458382, ,3173,8493.458382,"רבעון 3, 2025",משרד התחבורה
1983,נתיבי ישראל,982.681299, ,4662,982.681299,"רבעון 3, 2025",משרד התחבורה
1984,נתיבי ישראל,733.886906, ,5487,733.886906,"רבעון 3, 2025",משרד התחבורה
1985,נתיבי ישראל,298.191232, ,5079,298.191232,"רבעון 3, 2025",משרד התחבורה
1986,נתיבי ישראל,6349.598159, ,596,6349.598159,"רבעון 3, 2025",משרד התחבורה
1987,נתיבי ישראל,6374.730341, ,398,6374.730341,"רבעון 3, 2025",משרד התחבורה
1988,נתיבי ישראל,5542.779157, ,3254,5542.779157,"רבעון 3, 2025",משרד התחבורה
1989,נתיבי ישראל,978.933909, ,3511,978.933909,"רבעון 3, 2025",משרד התחבורה
1990,נתיבי ישראל,3082.148484, ,3557,3082.148484,"רבעון 3, 2025",משרד התחבורה
1991,נתיבי ישראל,1370.063536, ,3510,1370.063536,"רבעון 3, 2025",משרד התחבורה
1992,נתיבי ישראל,6754.856153, ,505,6754.856153,"רבעון 3, 2025",משרד התחבורה
1993,נתיבי ישראל,1325.034776, ,316,1325.034776,"רבעון 3, 2025",משרד התחבורה
1994,נתיבי ישראל,672.128417, ,5572,672.128417,"רבעון 3, 2025",משרד התחבורה
1995,נתיבי ישראל,2887.771338, ,66,2887.771338,"רבעון 3, 2025",משרד התחבורה
1996,נתיבי ישראל,10244.688487, ,367,10244.688487,"רבעון 3, 2025",משרד התחבורה
1997,נתיבי ישראל,1562.023705, ,4172,1562.023705,"רבעון 3, 2025",משרד התחבורה
1998,נתיבי ישראל,15529.320930, ,5,15529.320930,"רבעון 3, 2025",משרד התחבורה
1999,נתיבי ישראל,1641.548810, ,5054,1641.548810,"רבעון 3, 2025",משרד התחבורה
2000,נתיבי ישראל,11402.202936, ,356,11402.202936,"רבעון 3, 2025",משרד התחבורה
2001,נתיבי ישראל,3396.554055, ,3268,3396.554055,"רבעון 3, 2025",משרד התחבורה
2002,נתיבי ישראל,582.338498, ,6534,582.338498,"רבעון 3, 2025",משרד התחבורה
2003,נתיבי ישראל,2004.429568, ,584,2004.429568,"רבעון 3, 2025",משרד התחבורה
2004,נתיבי ישראל,530.371495, ,5858,530.371495,"רבעון 3, 2025",משרד התחבורה
2005,נתיבי ישראל,6886.662559, ,4771,6886.662559,"רבעון 3, 2025",משרד התחבורה
2006,נתיבי ישראל,911.819795, ,4631,911.819795,"רבעון 3, 2025",משרד התחבורה
2007,נתיבי ישראל,11155.136918, ,90,11155.136918,"רבעון 3, 2025",משרד התחבורה
2008,נתיבי ישראל,102.136867, ,5744,102.136867,"רבעון 3, 2025",משרד התחבורה
2009,נתיבי ישראל,1206.180437, ,449,1206.180437,"רבעון 3, 2025",משרד התחבורה
2010,נתיבי ישראל,4001.901934, ,5787,4001.901934,"רבעון 3, 2025",משרד התחבורה
2011,נתיבי ישראל,3079.312966, ,5052,3079.312966,"רבעון 3, 2025",משרד התחבורה
2012,נתיבי ישראל,2429.158469, ,5444,2429.158469,"רבעון 3, 2025",משרד התחבורה
2013,נתיבי ישראל,635.200910, ,5487,635.200910,"רבעון 3, 2025",משרד התחבורה
2014,נתיבי ישראל,14939.319788, ,458,14939.319788,"רבעון 3, 2025",משרד התחבורה
2015,נתיבי ישראל,1988.910611, ,5747,1988.910611,"רבעון 3, 2025",משרד התחבורה
2016,נתיבי ישראל,1167.555980, ,3677,1167.555980,"רבעון 3, 2025",משרד התחבורה
2017,נתיבי ישראל,1240.824260, ,3547,1240.824260,"רבעון 3, 2025",משרד התחבורה
2018,נתיבי ישראל,1693.353120, ,4373,1693.353120,"רבעון 3, 2025",משרד התחבורה
2019,נתיבי ישראל,454.927137, ,5071,454.927137,"רבעון 3, 2025",משרד התחבורה
2020,נתיבי ישראל,614.039930, ,6116,614.039930,"רבעון 3, 2025",משרד התחבורה
2021,נתיבי ישראל,1847.639509, ,4561,1847.639509,"רבעון 3, 2025",משרד התחבורה
2022,נתיבי ישראל,1438.776699, ,5444,1438.776699,"רבעון 3, 2025",משרד התחבורה
2023,נתיבי ישראל,5937.805078, ,4437,5937.805078,"רבעון 3, 2025",משרד התחבורה
2024,נתיבי ישראל,873.885485, ,6535,873.885485,"רבעון 3, 2025",משרד התחבורה
2025,נתיבי ישראל,19545.354010, ,450,19545.354010,"רבעון 3, 2025",משרד התחבורה
2026,נתיבי ישראל,1424.750040, ,3567,1424.750040,"רבעון 3, 2025",משרד התחבורה
2027,נתיבי ישראל,1089.217146, ,3178,1089.217146,"רבעון 3, 2025",משרד התחבורה
2028,נתיבי ישראל,745.947969, ,5799,745.947969,"רבעון 3, 2025",משרד התחבורה
2029,נתיבי ישראל,28767.901898, ,90,28767.901898,"רבעון 3, 2025",משרד התחבורה
2030,נתיבי ישראל,3651.240274, ,5852,3651.240274,"רבעון 3, 2025",משרד התחבורה
2031,נתיבי ישראל,598.528056, ,5084,598.528056,"רבעון 3, 2025",משרד התחבורה
2032,נתיבי ישראל,2239.704274, ,6539,2239.704274,"רבעון 3, 2025",משרד התחבורה
2033,נתיבי ישראל,314.593731, ,3694,314.593731,"רבעון 3, 2025",משרד התחבורה
2034,נתיבי ישראל,126.254196, ,584,126.254196,"רבעון 3, 2025",משרד התחבורה
2035,נתיבי ישראל,7250.004514, ,3175,7250.004514,"רבעון 3, 2025",משרד התחבורה
2036,נתיבי ישראל,1880.919044, ,5745,1880.919044,"רבעון 3, 2025",משרד התחבורה
2037,נתיבי ישראל,1395.303871, ,5445,1395.303871,"רבעון 3, 2025",משרד התחבורה
2038,נתיבי ישראל,2274.196663, ,5075,2274.196663,"רבעון 3, 2025",משרד התחבורה
2039,נתיבי ישראל,1898.568196, ,5082,1898.568196,"רבעון 3, 2025",משרד התחבורה
2040,נתיבי ישראל,14168.662733, ,6010,14168.662733,"רבעון 3, 2025",משרד התחבורה
2041,נתיבי ישראל,253.840001, ,6540,253.840001,"רבעון 3, 2025",משרד התחבורה
2042,נתיבי ישראל,2671.986718, ,4460,2671.986718,"רבעון 3, 2025",משרד התחבורה
2043,נתיבי ישראל,2535.344467, ,5441,2535.344467,"רבעון 3, 2025",משרד התחבורה
2044,נתיבי ישראל,2690.711443, ,3565,2690.711443,"רבעון 3, 2025",משרד התחבורה
2045,נתיבי ישראל,888.830387, ,3264,888.830387,"רבעון 3, 2025",משרד התחבורה
2046,נתיבי ישראל,2343.440437, ,3751,2343.440437,"רבעון 3, 2025",משרד התחבורה
2047,נתיבי ישראל,599.332977, ,4568,599.332977,"רבעון 3, 2025",משרד התחבורה
2048,נתיבי ישראל,24553.245371, ,458,24553.245371,"רבעון 3, 2025",משרד התחבורה
2049,נתיבי ישראל,527.319397, ,5577,527.319397,"רבעון 3, 2025",משרד התחבורה
2050,נתיבי ישראל,90.866246, ,5086,90.866246,"רבעון 3, 2025",משרד התחבורה
2051,נתיבי ישראל,4579.119340, ,457,4579.119340,"רבעון 3, 2025",משרד התחבורה
2052,נתיבי ישראל,76281.000951, ,90,76281.000951,"רבעון 3, 2025",משרד התחבורה
2053,נתיבי ישראל,369.311745, ,443,369.311745,"רבעון 3, 2025",משרד התחבורה
2054,נתיבי ישראל,1970.888039, ,3516,1970.888039,"רבעון 3, 2025",משרד התחבורה
2055,נתיבי ישראל,304.117855, ,5053,304.117855,"רבעון 3, 2025",משרד התחבורה
2056,נתיבי ישראל,1052.285266, ,354,1052.285266,"רבעון 3, 2025",משרד התחבורה
2057,נתיבי ישראל,1191.627625, ,5857,1191.627625,"רבעון 3, 2025",משרד התחבורה
2058,נתיבי ישראל,3824.956987, ,5747,3824.956987,"רבעון 3, 2025",משרד התחבורה
2059,נתיבי ישראל,516.155696, ,6115,516.155696,"רבעון 3, 2025",משרד התחבורה
2060,נתיבי ישראל,1092.780930, ,6255,1092.780930,"רבעון 3, 2025",משרד התחבורה
2061,נתיבי ישראל,963.447256, ,3569,963.447256,"רבעון 3, 2025",משרד התחבורה
2062,נתיבי ישראל,354.559844, ,5444,354.559844,"רבעון 3, 2025",משרד התחבורה
2063,נתיבי ישראל,2841.382844, ,4770,2841.382844,"רבעון 3, 2025",משרד התחבורה
2064,נתיבי ישראל,2233.880240, ,6513,2233.880240,"רבעון 3, 2025",משרד התחבורה
2065,נתיבי ישראל,1075.772005, ,4492,1075.772005,"רבעון 3, 2025",משרד התחבורה
2066,נתיבי ישראל,301.419455, ,4772,301.419455,"רבעון 3, 2025",משרד התחבורה
2067,נתיבי ישראל,413.003223, ,4576,413.003223,"רבעון 3, 2025",משרד התחבורה
2068,נתיבי ישראל,5458.382025, ,4171,5458.382025,"רבעון 3, 2025",משרד התחבורה
2069,נתיבי ישראל,5573.078998, ,325,5573.078998,"רבעון 3, 2025",משרד התחבורה
2070,נתיבי ישראל,3069.163731, ,4505,3069.163731,"רבעון 3, 2025",משרד התחבורה
2071,נתיבי ישראל,267.881215, ,5853,267.881215,"רבעון 3, 2025",משרד התחבורה
2072,נתיבי ישראל,3068.365510, ,455,3068.365510,"רבעון 3, 2025",משרד התחבורה
2073,נתיבי ישראל,391.193857, ,3530,391.193857,"רבעון 3, 2025",משרד התחבורה
2074,נתיבי ישראל,2771.817367, ,3265,2771.817367,"רבעון 3, 2025",משרד התחבורה
2075,נתיבי ישראל,2260.949283, ,3267,2260.949283,"רבעון 3, 2025",משרד התחבורה
2076,נתיבי ישראל,2030.932821, ,3513,2030.932821,"רבעון 3, 2025",משרד התחבורה
2077,נתיבי ישראל,126.337788, ,4363,126.337788,"רבעון 3, 2025",משרד התחבורה
2078,נתיבי ישראל,14371.244379, ,57,14371.244379,"רבעון 3, 2025",משרד התחבורה
2079,נתיבי ישראל,524.517005, ,584,524.517005,"רבעון 3, 2025",משרד התחבורה
2080,נתיבי ישראל,11201.856333, ,5066,11201.856332,"רבעון 3, 2025",משרד התחבורה
2081,נתיבי ישראל,2635.659618, ,4507,2635.659618,"רבעון 3, 2025",משרד התחבורה
2082,נתיבי ישראל,1917.013739, ,3551,1917.013739,"רבעון 3, 2025",משרד התחבורה
2083,נתיבי ישראל,977.506302, ,5447,977.506302,"רבעון 3, 2025",משרד התחבורה
2084,נתיבי ישראל,3551.080991, ,4430,3551.080991,"רבעון 3, 2025",משרד התחבורה
2085,נתיבי ישראל,1020.121737, ,354,1020.121737,"רבעון 3, 2025",משרד התחבורה
2086,נתיבי ישראל,3576.755037, ,6523,3576.755037,"רבעון 3, 2025",משרד התחבורה
2087,נתיבי ישראל,1838.672963, ,5050,1838.672963,"רבעון 3, 2025",משרד התחבורה
2088,נתיבי ישראל,2556.308231, ,5444,2556.308231,"רבעון 3, 2025",משרד התחבורה
2089,נתיבי ישראל,2973.289342, ,4465,2973.289342,"רבעון 3, 2025",משרד התחבורה
2090,נתיבי ישראל,1197.288565, ,3269,1197.288565,"רבעון 3, 2025",משרד התחבורה
2091,נתיבי ישראל,2412.452573, ,4712,2412.452573,"רבעון 3, 2025",משרד התחבורה
2092,נתיבי ישראל,938.596786, ,3266,938.596786,"רבעון 3, 2025",משרד התחבורה
2093,נתיבי ישראל,3521.850181, ,5571,3521.850181,"רבעון 3, 2025",משרד התחבורה
2094,נתיבי ישראל,397.131941, ,4460,397.131941,"רבעון 3, 2025",משרד התחבורה
2095,נתיבי ישראל,3517.824287, ,596,3517.824287,"רבעון 3, 2025",משרד התחבורה
2096,נתיבי ישראל,12350.014549, ,437,12350.014549,"רבעון 3, 2025",משרד התחבורה
2097,נתיבי ישראל,831.358301, ,354,831.358301,"רבעון 3, 2025",משרד התחבורה
2098,נתיבי ישראל,865.255720, ,6000,865.255720,"רבעון 3, 2025",משרד התחבורה
2099,נתיבי ישראל,201.795681, ,3564,201.795681,"רבעון 3, 2025",משרד התחבורה
2100,נתיבי ישראל,463.847882, ,3693,463.847882,"רבעון 3, 2025",משרד התחבורה
2101,נתיבי ישראל,746.673708, ,5855,746.673708,"רבעון 3, 2025",משרד התחבורה
2102,נתיבי ישראל,39650.951384, ,505,39650.951384,"רבעון 3, 2025",משרד התחבורה
2103,נתיבי ישראל,773.765751, ,5854,773.765751,"רבעון 3, 2025",משרד התחבורה
2104,נתיבי ישראל,34974.132593, ,60,34974.132593,"רבעון 3, 2025",משרד התחבורה
2105,נתיבי ישראל,3614.840402, ,5056,3614.840402,"רבעון 3, 2025",משרד התחבורה
2106,נתיבי ישראל,1041.288024, ,3512,1041.288024,"רבעון 3, 2025",משרד התחבורה
2107,נתיבי ישראל,213.285596, ,3758,213.285596,"רבעון 3, 2025",משרד התחבורה
2108,נתיבי ישראל,3344.025066, ,4712,3344.025066,"רבעון 3, 2025",משרד התחבורה
2109,נתיבי ישראל,1865.323594, ,4500,1865.323594,"רבעון 3, 2025",משרד התחבורה
2110,נתיבי ישראל,2520.863631, ,4570,2520.863631,"רבעון 3, 2025",משרד התחבורה
2111,נתיבי ישראל,2185.221495, ,4461,2185.221495,"רבעון 3, 2025",משרד התחבורה
2112,נתיבי ישראל,54.087782, ,3514,54.087782,"רבעון 3, 2025",משרד התחבורה
2113,נתיבי ישראל,5918.905851, ,585,5918.905851,"רבעון 3, 2025",משרד התחבורה
2114,נתיבי ישראל,1331.651557, ,4551,1331.651557,"רבעון 3, 2025",משרד התחבורה
2115,נתיבי ישראל,12798.783255, ,5575,12798.783255,"רבעון 3, 2025",משרד התחבורה
2116,נתיבי ישראל,1808.359970, ,5747,1808.359970,"רבעון 3, 2025",משרד התחבורה
2117,נתיבי ישראל,13014.994023, ,443,13014.994023,"רבעון 3, 2025",משרד התחבורה
2118,נתיבי ישראל,390.563937, ,4378,390.563937,"רבעון 3, 2025",משרד התחבורה
2119,נתיבי ישראל,957.833215, ,3541,957.833215,"רבעון 3, 2025",משרד התחבורה
2120,נתיבי ישראל,123.242196, ,4367,123.242196,"רבעון 3, 2025",משרד התחבורה
2121,נתיבי ישראל,2692.228215, ,4554,2692.228215,"רבעון 3, 2025",משרד התחבורה
2122,נתיבי ישראל,2378.223249, ,6257,2378.223249,"רבעון 3, 2025",משרד התחבורה
2123,נתיבי ישראל,43463.869168, ,60,43463.869168,"רבעון 3, 2025",משרד התחבורה
2124,נתיבי ישראל,1976.415947, ,5746,1976.415947,"רבעון 3, 2025",משרד התחבורה
2125,נתיבי ישראל,852.976146, ,4362,852.976146,"רבעון 3, 2025",משרד התחבורה
2126,נתיבי ישראל,19514.554891, ,55,19514.554891,"רבעון 3, 2025",משרד התחבורה
2127,נתיבי ישראל,3411.237821, ,55,3411.237821,"רבעון 3, 2025",משרד התחבורה
2128,נתיבי ישראל,159.182700,SC03,0,159.182700,"רבעון 3, 2025",משרד התחבורה
2129,נתיבי ישראל,233.322924,ST05,0,233.322924,"רבעון 3, 2025",משרד התחבורה
2130,נתיבי ישראל,235.167279,BH01,0,235.167279,"רבעון 3, 2025",משרד התחבורה
2131,נתיבי ישראל,1115.681457,ED01,0,1115.681457,"רבעון 3, 2025",משרד התחבורה
2132,נתיבי ישראל,171.578753,SC04,0,171.578753,"רבעון 3, 2025",משרד התחבורה
2133,נתיבי ישראל,531.292818,SC02,0,531.292818,"רבעון 3, 2025",משרד התחבורה
2134,נתיבי ישראל,240.089599,BK04,0,240.089599,"רבעון 3, 2025",משרד התחבורה
2135,נתיבי ישראל,198.291486,ST02,0,198.291486,"רבעון 3, 2025",משרד התחבורה
2136,נתיבי ישראל,91.278331,BK05,0,91.278331,"רבעון 3, 2025",משרד התחבורה
2137,נתיבי ישראל,355.700059,BK03,0,355.700059,"רבעון 3, 2025",משרד התחבורה
2138,נתיבי ישראל,777.056090,ED04,0,777.056090,"רבעון 3, 2025",משרד התחבורה
2139,נתיבי ישראל,807.002047,ZE02,0,807.002047,"רבעון 3, 2025",משרד התחבורה
2140,נתיבי ישראל,329.659194,BK02,0,329.659194,"רבעון 3, 2025",משרד התחבורה
2141,נתיבי ישראל,855.888992,ED02,0,855.888992,"רבעון 3, 2025",משרד התחבורה
2142,נתיבי ישראל,428.849338,AZ03,0,428.849338,"רבעון 3, 2025",משרד התחבורה
2143,נתיבי ישראל,567.858259,BH02,0,567.858259,"רבעון 3, 2025",משרד התחבורה
2144,נתיבי ישראל,837.261055,ED03,0,837.261055,"רבעון 3, 2025",משרד התחבורה
2145,נתיבי ישראל,237.902953,ST04,0,237.902953,"רבעון 3, 2025",משרד התחבורה
2146,נתיבי ישראל,368.256695,AZ01,0,368.256695,"רבעון 3, 2025",משרד התחבורה
2147,נתיבי ישראל,269.524494,BK01,0,269.524494,"רבעון 3, 2025",משרד התחבורה
2148,נתיבי ישראל,383.677375,AZ02,0,383.677375,"רבעון 3, 2025",משרד התחבורה
2149,נתיבי ישראל,183.598473,ST01,0,183.598473,"רבעון 3, 2025",משרד התחבורה
2150,נתיבי ישראל,786.034853,ED05,0,786.034853,"רבעון 3, 2025",משרד התחבורה
2151,נתיבי ישראל,256.242765,SC01,0,256.242765,"רבעון 3, 2025",משרד התחבורה
2152,נתיבי ישראל,485.537240,ZE04,0,485.537240,"רבעון 3, 2025",משרד התחבורה
2153,נתיבי ישראל,801.036297,ZE03,0,801.036297,"רבעון 3, 2025",משרד התחבורה
2154,נתיבי ישראל,177.551338,ST03,0,177.551338,"רבעון 3, 2025",משרד התחבורה
2155,נתיבי ישראל,900.000051,ZE01,0,900.000051,"רבעון 3, 2025",משרד התחבורה
2156,נתיבי ישראל,27.067384, ,6115,27.067384,"רבעון 3, 2025",משרד התחבורה
2157,נתיבי ישראל,4371.314559, ,57,4371.314559,"רבעון 3, 2025",משרד התחבורה
2158,נתיבי ישראל,3700.675544, ,60,3700.675544,"רבעון 3, 2025",משרד התחבורה
2159,נתיבי ישראל,6243.370286, ,3157,6243.370286,"רבעון 3, 2025",משרד התחבורה
2160,נתיבי ישראל,328.173471, ,4565,328.173471,"רבעון 3, 2025",משרד התחבורה
2161,נתיבי ישראל,25059.223018, ,1,25059.223018,"רבעון 3, 2025",משרד התחבורה
2162,נתיבי ישראל,865.561849, ,5077,865.561849,"רבעון 3, 2025",משרד התחבורה
2163,נתיבי ישראל,393.229423, ,4562,393.229423,"רבעון 3, 2025",משרד התחבורה
2164,נתיבי ישראל,854.026748, ,5508,854.026748,"רבעון 3, 2025",משרד התחבורה
2165,נתיבי ישראל,761.229218, ,3252,761.229218,"רבעון 3, 2025",משרד התחבורה
2166,נתיבי ישראל,198.240619, ,6613,198.240619,"רבעון 3, 2025",משרד התחבורה
2167,נתיבי ישראל,177.587471, ,3697,177.587471,"רבעון 3, 2025",משרד התחבורה
2168,נתיבי ישראל,130.515595, ,5501,130.515595,"רבעון 3, 2025",משרד התחבורה
2169,נתיבי ישראל,83.438837, ,5057,83.438837,"רבעון 3, 2025",משרד התחבורה
2170,נתיבי ישראל,1303.964587, ,5059,1303.964587,"רבעון 3, 2025",משרד התחבורה
2171,נתיבי ישראל,148.259120, ,5088,148.259120,"רבעון 3, 2025",משרד התחבורה
2172,נתיבי ישראל,97.030775, ,4634,97.030775,"רבעון 3, 2025",משרד התחבורה
2173,נתיבי ישראל,133.315133, ,3550,133.315133,"רבעון 3, 2025",משרד התחבורה
2174,נתיבי ישראל,110.998265, ,4506,110.998265,"רבעון 3, 2025",משרד התחבורה
2175,נתיבי ישראל,46.255823, ,3851,46.255823,"רבעון 3, 2025",משרד התחבורה
2176,נתיבי ישראל,103.632439, ,4174,103.632439,"רבעון 3, 2025",משרד התחבורה
2177,נתיבי ישראל,233.719224, ,4176,233.719224,"רבעון 3, 2025",משרד התחבורה
2178,נתיבי ישראל,106.453504, ,4569,106.453504,"רבעון 3, 2025",משרד התחבורה
2179,נתיבי ישראל,138.764400, ,3684,138.764400,"רבעון 3, 2025",משרד התחבורה
2180,נתיבי ישראל,208.488295, ,3679,208.488295,"רבעון 3, 2025",משרד התחבורה
2181,נתיבי ישראל,79.411803, ,3150,79.411803,"רבעון 3, 2025",משרד התחבורה
2182,נתיבי ישראל,308.962603, ,3152,308.962603,"רבעון 3, 2025",משרד התחבורה
2183,נתיבי ישראל,45.984208, ,3673,45.984208,"רבעון 3, 2025",משרד התחבורה
2184,נתיבי ישראל,309.350624, ,3674,309.350624,"רבעון 3, 2025",משרד התחבורה
2185,נתיבי ישראל,61.611027, ,3552,61.611027,"רבעון 3, 2025",משרד התחבורה
2186,נתיבי ישראל,626.834273, ,3165,626.834273,"רבעון 3, 2025",משרד התחבורה
2187,נתיבי ישראל,247.482906, ,3160,247.482906,"רבעון 3, 2025",משרד התחבורה
2188,נתיבי ישראל,84.673550, ,3180,84.673550,"רבעון 3, 2025",משרד התחבורה
2189,נתיבי ישראל,705.301805, ,3822,705.301805,"רבעון 3, 2025",משרד התחבורה
2190,נתיבי ישראל,725.870403, ,5784,725.870403,"רבעון 3, 2025",משרד התחבורה
2191,נתיבי ישראל,1350.943891, ,5785,1350.943891,"רבעון 3, 2025",משרד התחבורה
2192,נתיבי ישראל,686.450637, ,5792,686.450637,"רבעון 3, 2025",משרד התחבורה
2193,נתיבי ישראל,98.863835, ,5791,98.863835,"רבעון 3, 2025",משרד התחבורה
2194,נתיבי ישראל,1179.938913, ,3153,1179.938913,"רבעון 3, 2025",משרד התחבורה
2195,נתיבי ישראל,138.601851, ,3161,138.601851,"רבעון 3, 2025",משרד התחבורה
2196,נתיבי ישראל,286.205189, ,4658,286.205189,"רבעון 3, 2025",משרד התחבורה
2197,נתיבי ישראל,156.261838, ,4288,156.261838,"רבעון 3, 2025",משרד התחבורה
2198,נתיבי ישראל,152.477701, ,4287,152.477701,"רבעון 3, 2025",משרד התחבורה
2199,נתיבי ישראל,180.153458, ,4434,180.153458,"רבעון 3, 2025",משרד התחבורה
2200,נתיבי ישראל,532.407108, ,5565,532.407108,"רבעון 3, 2025",משרד התחבורה
2201,נתיבי ישראל,2131.397057, ,5545,2131.397057,"רבעון 3, 2025",משרד התחבורה
2202,נתיבי ישראל,331.908801, ,4309,331.908801,"רבעון 3, 2025",משרד התחבורה
2203,נתיבי ישראל,621.525097, ,3687,621.525097,"רבעון 3, 2025",משרד התחבורה
2204,נתיבי ישראל,270.096888, ,5047,270.096888,"רבעון 3, 2025",משרד התחבורה
2205,נתיבי ישראל,1240.615294, ,4653,1240.615294,"רבעון 3, 2025",משרד התחבורה
2206,נתיבי ישראל,3253.386382, ,4467,3253.386382,"רבעון 3, 2025",משרד התחבורה
2207,נתיבי ישראל,1437.239606, ,5740,1437.239606,"רבעון 3, 2025",משרד התחבורה
2208,נתיבי ישראל,3201.355972, ,5060,3201.355972,"רבעון 3, 2025",משרד התחבורה
2209,נתיבי ישראל,293.613205, ,5085,293.613205,"רבעון 3, 2025",משרד התחבורה
2210,נתיבי ישראל,287.728339, ,4495,287.728339,"רבעון 3, 2025",משרד התחבורה
2211,נתיבי ישראל,485.942950, ,5087,485.942950,"רבעון 3, 2025",משרד התחבורה
2212,נתיבי ישראל,212.800125, ,4656,212.800125,"רבעון 3, 2025",משרד התחבורה
2213,נתיבי ישראל,214.962990, ,4497,214.962990,"רבעון 3, 2025",משרד התחבורה
2214,נתיבי ישראל,1346.272825, ,5089,1346.272825,"רבעון 3, 2025",משרד התחבורה
2215,נתיבי ישראל,1719.954960, ,4499,1719.954960,"רבעון 3, 2025",משרד התחבורה
2216,נתיבי ישראל,2664.725342, ,4572,2664.725342,"רבעון 3, 2025",משרד התחבורה
2217,נתיבי ישראל,3153.178139, ,6117,3153.178139,"רבעון 3, 2025",משרד התחבורה
2218,נתיבי ישראל,1069.320853, ,4436,1069.320853,"רבעון 3, 2025",משרד התחבורה
2219,נתיבי ישראל,2182.763251, ,4436,2182.763251,"רבעון 3, 2025",משרד התחבורה
2220,נתיבי ישראל,908.479172, ,4490,908.479172,"רבעון 3, 2025",משרד התחבורה
2221,נתיבי ישראל,1497.447899, ,3515,1497.447899,"רבעון 3, 2025",משרד התחבורה
2222,נתיבי ישראל,4519.427570, ,3698,4519.427570,"רבעון 3, 2025",משרד התחבורה
2223,נתיבי ישראל,859.117801, ,3698,859.117801,"רבעון 3, 2025",משרד התחבורה
2224,נתיבי ישראל,64.059913, ,3698,64.059913,"רבעון 3, 2025",משרד התחבורה
2225,נתיבי ישראל,3791.977243, ,3546,3791.977243,"רבעון 3, 2025",משרד התחבורה
2226,נתיבי ישראל,634.096888, ,3263,634.096888,"רבעון 3, 2025",משרד התחבורה
2227,נתיבי ישראל,294.814661, ,3263,294.814661,"רבעון 3, 2025",משרד התחבורה
2228,נתיבי ישראל,1908.712121, ,4192,1908.712121,"רבעון 3, 2025",משרד התחבורה
2229,נתיבי ישראל,5308.378818, ,5574,5308.378818,"רבעון 3, 2025",משרד התחבורה
2230,נתיבי ישראל,1745.121441, ,5741,1745.121441,"רבעון 3, 2025",משרד התחבורה
2231,נתיבי ישראל,2508.299287, ,4375,2508.299287,"רבעון 3, 2025",משרד התחבורה
2232,נתיבי ישראל,1037.413995, ,4372,1037.413995,"רבעון 3, 2025",משרד התחבורה
2233,נתיבי ישראל,386.693541, ,3265,386.693541,"רבעון 3, 2025",משרד התחבורה
2234,נתיבי ישראל,1083.345756, ,3561,1083.345756,"רבעון 3, 2025",משרד התחבורה
2235,נתיבי ישראל,612.104757, ,3178,612.104757,"רבעון 3, 2025",משרד התחבורה
2236,נתיבי ישראל,58.344660, ,4655,58.344660,"רבעון 3, 2025",משרד התחבורה
2237,נתיבי ישראל,2524.456048, ,3157,2524.456048,"רבעון 3, 2025",משרד התחבורה
2238,נתיבי ישראל,710.607747, ,6117,710.607747,"רבעון 3, 2025",משרד התחבורה
2239,נתיבי ישראל,636.052085, ,4490,636.052085,"רבעון 3, 2025",משרד התחבורה
2240,נתיבי ישראל,457.164234, ,463,457.164234,"רבעון 3, 2025",משרד התחבורה
2241,נתיבי ישראל,3934.249595, ,466,3934.249595,"רבעון 3, 2025",משרד התחבורה
2242,נתיבי ישראל,1087.898478, ,57,1087.898478,"רבעון 3, 2025",משרד התחבורה
2243,נתיבי ישראל,1248.001613, ,436,1248.001613,"רבעון 3, 2025",משרד התחבורה
2244,נתיבי ישראל,717.518230, ,3518,717.518230,"רבעון 3, 2025",משרד התחבורה
2245,נתיבי ישראל,4560.639014, ,505,4560.639014,"רבעון 3, 2025",משרד התחבורה
2246,נתיבי ישראל,272.551210, ,4772,272.551210,"רבעון 3, 2025",משרד התחבורה
2247,נתיבי ישראל,2004.309753, ,325,2004.309753,"רבעון 3, 2025",משרד התחבורה
2248,נתיבי ישראל,924.075220, ,3265,924.075220,"רבעון 3, 2025",משרד התחבורה
2249,נתיבי ישראל,530.800827, ,5050,530.800827,"רבעון 3, 2025",משרד התחבורה
2250,נתיבי ישראל,357.262842, ,5571,357.262842,"רבעון 3, 2025",משרד התחבורה
2251,נתיבי ישראל,1093.876081, ,4712,1093.876081,"רבעון 3, 2025",משרד התחבורה
2252,נתיבי ישראל,961.484937, ,4570,961.484937,"רבעון 3, 2025",משרד התחבורה
2253,נתיבי ישראל,134.317006,ST06,0,134.317006,"רבעון 3, 2025",משרד התחבורה
2254,נתיבי ישראל,428.951985, ,5520,428.951985,"רבעון 3, 2025",משרד התחבורה
2255,נתיבי ישראל,839.285458, ,5044,839.285458,"רבעון 3, 2025",משרד התחבורה
2256,נתיבי ישראל,1991.301528, ,3169,1991.301528,"רבעון 3, 2025",משרד התחבורה
2257,נתיבי ישראל,1147.453672, ,4305,1147.453672,"רבעון 3, 2025",משרד התחבורה
2258,נתיבי ישראל,326.092310, ,3170,326.092310,"רבעון 3, 2025",משרד התחבורה
2259,נתיבי ישראל,213.570587, ,5046,213.570587,"רבעון 3, 2025",משרד התחבורה
2260,נתיבי ישראל,1168.427134, ,5544,1168.427134,"רבעון 3, 2025",משרד התחבורה
2261,נתיבי ישראל,499.260411, ,3258,499.260411,"רבעון 3, 2025",משרד התחבורה
2262,נתיבי ישראל,190.611966, ,3259,190.611966,"רבעון 3, 2025",משרד התחבורה
2263,נתיבי ישראל,2029.734870, ,5043,2029.734870,"רבעון 3, 2025",משרד התחבורה
2264,נתיבי ישראל,166.733575, ,6541,166.733575,"רבעון 3, 2025",משרד התחבורה
2265,נתיבי ישראל,113.183659, ,3690,113.183659,"רבעון 3, 2025",משרד התחבורה
2266,נתיבי ישראל,65.004443, ,5525,65.004443,"רבעון 3, 2025",משרד התחבורה
2267,נתיבי ישראל,212.270584, ,5543,212.270584,"רבעון 3, 2025",משרד התחבורה
2268,נתיבי ישראל,694.267458, ,5499,694.267458,"רבעון 3, 2025",משרד התחבורה
2269,נתיבי ישראל,73.013345, ,5083,73.013345,"רבעון 3, 2025",משרד התחבורה
2270,נתיבי ישראל,401.998369, ,5782,401.998369,"רבעון 3, 2025",משרד התחבורה
2271,נתיבי ישראל,123.835908, ,4633,123.835908,"רבעון 3, 2025",משרד התחבורה
2272,נתיבי ישראל,435.321521, ,3689,435.321521,"רבעון 3, 2025",משרד התחבורה
2273,נתיבי ישראל,96.980579, ,3689,96.980579,"רבעון 3, 2025",משרד התחבורה
2274,נתיבי ישראל,134.706300, ,5539,134.706300,"רבעון 3, 2025",משרד התחבורה
2275,נתיבי ישראל,164.277804, ,5500,164.277804,"רבעון 3, 2025",משרד התחבורה
2276,נתיבי ישראל,68.660654, ,4581,68.660654,"רבעון 3, 2025",משרד התחבורה
2277,נתיבי ישראל,1053.332262, ,5045,1053.332262,"רבעון 3, 2025",משרד התחבורה
2278,נתיבי ישראל,876.640138, ,5851,876.640138,"רבעון 3, 2025",משרד התחבורה
2279,נתיבי ישראל,7390.350006, ,5851,7390.350006,"רבעון 3, 2025",משרד התחבורה
2280,נתיבי ישראל,780.313618, ,5579,780.313618,"רבעון 3, 2025",משרד התחבורה
2281,נתיבי ישראל,1578.719052, ,5532,1578.719052,"רבעון 3, 2025",משרד התחבורה
2282,נתיבי ישראל,232.124852, ,5534,232.124852,"רבעון 3, 2025",משרד התחבורה
2283,נתיבי ישראל,373.796458, ,5581,373.796458,"רבעון 3, 2025",משרד התחבורה
2284,נתיבי ישראל,1032.543664, ,5449,1032.543664,"רבעון 3, 2025",משרד התחבורה
2285,נתיבי ישראל,819.935206, ,3501,819.935206,"רבעון 3, 2025",משרד התחבורה
2286,נתיבי ישראל,683.834817, ,3773,683.834817,"רבעון 3, 2025",משרד התחבורה
2287,נתיבי ישראל,218.114108, ,3683,218.114108,"רבעון 3, 2025",משרד התחבורה
2288,נתיבי ישראל,1849.094668, ,3678,1849.094668,"רבעון 3, 2025",משרד התחבורה
2289,נתיבי ישראל,471.749105, ,3680,471.749105,"רבעון 3, 2025",משרד התחבורה
2290,נתיבי ישראל,296.416936, ,3154,296.416936,"רבעון 3, 2025",משרד התחבורה
2291,נתיבי ישראל,712.510207, ,3156,712.510207,"רבעון 3, 2025",משרד התחבורה
2292,נתיבי ישראל,1737.496503, ,3162,1737.496503,"רבעון 3, 2025",משרד התחבורה
2293,נתיבי ישראל,527.369192, ,4657,527.369192,"רבעון 3, 2025",משרד התחבורה
2294,נתיבי ישראל,542.333763, ,4509,542.333763,"רבעון 3, 2025",משרד התחבורה
2295,נתיבי ישראל,576.102979, ,3261,576.102979,"רבעון 3, 2025",משרד התחבורה
2296,נתיבי ישראל,673.361775, ,4665,673.361775,"רבעון 3, 2025",משרד התחבורה
2297,נתיבי ישראל,456.458888, ,5564,456.458888,"רבעון 3, 2025",משרד התחבורה
2298,נתיבי ישראל,1297.396731, ,4351,1297.396731,"רבעון 3, 2025",משרד התחבורה
2299,נתיבי ישראל,442.645881, ,4289,442.645881,"רבעון 3, 2025",משרד התחבורה
2300,נתיבי ישראל,320.224308, ,5567,320.224308,"רבעון 3, 2025",משרד התחבורה
2301,נתיבי ישראל,306.340924, ,4472,306.340924,"רבעון 3, 2025",משרד התחבורה
2302,נתיבי ישראל,99.832650, ,5554,99.832650,"רבעון 3, 2025",משרד התחבורה
2303,נתיבי ישראל,335.045086, ,4781,335.045086,"רבעון 3, 2025",משרד התחבורה
2304,נתיבי ישראל,837.769827, ,5550,837.769827,"רבעון 3, 2025",משרד התחבורה
2305,נתיבי ישראל,972.663304, ,5551,972.663304,"רבעון 3, 2025",משרד התחבורה
2306,נתיבי ישראל,4040.859770, ,5552,4040.859770,"רבעון 3, 2025",משרד התחבורה
2307,נתיבי ישראל,375.747172, ,4661,375.747172,"רבעון 3, 2025",משרד התחבורה
2308,נתיבי ישראל,60.545705, ,4659,60.545705,"רבעון 3, 2025",משרד התחבורה
2309,נתיבי ישראל,2211.139833, ,5748,2211.139833,"רבעון 3, 2025",משרד התחבורה
2310,נתיבי ישראל,1141.490120, ,5540,1141.490120,"רבעון 3, 2025",משרד התחבורה
2311,נתיבי ישראל,405.232881, ,5546,405.232881,"רבעון 3, 2025",משרד התחבורה
2312,נתיבי ישראל,530.772820, ,4768,530.772820,"רבעון 3, 2025",משרד התחבורה
2313,נתיבי ישראל,344.852016, ,5067,344.852016,"רבעון 3, 2025",משרד התחבורה
2314,נתיבי ישראל,400.033095, ,5547,400.033095,"רבעון 3, 2025",משרד התחבורה
2315,נתיבי ישראל,671.930795, ,5049,671.930795,"רבעון 3, 2025",משרד התחבורה
2316,נתיבי ישראל,622.853937, ,4767,622.853937,"רבעון 3, 2025",משרד התחבורה
2317,נתיבי ישראל,60.858538, ,4284,60.858538,"רבעון 3, 2025",משרד התחבורה
2318,נתיבי ישראל,2316.885625, ,4300,2316.885625,"רבעון 3, 2025",משרד התחבורה
2319,נתיבי ישראל,1399.301357, ,4283,1399.301357,"רבעון 3, 2025",משרד התחבורה
2320,נתיבי ישראל,429.786938, ,4503,429.786938,"רבעון 3, 2025",משרד התחבורה
2321,נתיבי ישראל,506.957051, ,4439,506.957051,"רבעון 3, 2025",משרד התחבורה
2322,נתיבי ישראל,1118.586151, ,4178,1118.586151,"רבעון 3, 2025",משרד התחבורה
2323,נתיבי ישראל,230.675555, ,4496,230.675555,"רבעון 3, 2025",משרד התחבורה
2324,נתיבי ישראל,257.061225, ,4668,257.061225,"רבעון 3, 2025",משרד התחבורה
2325,נתיבי ישראל,679.671847, ,3768,679.671847,"רבעון 3, 2025",משרד התחבורה
2326,נתיבי ישראל,303.621330, ,4293,303.621330,"רבעון 3, 2025",משרד התחבורה
2327,נתיבי ישראל,409.273230, ,4487,409.273230,"רבעון 3, 2025",משרד התחבורה
2328,נתיבי ישראל,409.505474, ,3141,409.505474,"רבעון 3, 2025",משרד התחבורה
2329,נתיבי ישראל,502.858384, ,5090,502.858384,"רבעון 3, 2025",משרד התחבורה
2330,נתיבי ישראל,182.889647, ,3760,182.889647,"רבעון 3, 2025",משרד התחבורה
2331,נתיבי ישראל,659.353830, ,3759,659.353830,"רבעון 3, 2025",משרד התחבורה
2332,נתיבי ישראל,2576.587480, ,3753,2576.587480,"רבעון 3, 2025",משרד התחבורה
2333,נתיבי ישראל,1243.123281, ,3497,1243.123281,"רבעון 3, 2025",משרד התחבורה
2334,נתיבי ישראל,345.246513, ,3498,345.246513,"רבעון 3, 2025",משרד התחבורה
2335,נתיבי ישראל,408.729640, ,3499,408.729640,"רבעון 3, 2025",משרד התחבורה
2336,נתיבי ישראל,963.702038, ,5568,963.702038,"רבעון 3, 2025",משרד התחבורה
2337,נתיבי ישראל,377.059700, ,3504,377.059700,"רבעון 3, 2025",משרד התחבורה
2338,נתיבי ישראל,507.758348, ,3570,507.758348,"רבעון 3, 2025",משרד התחבורה
2339,נתיבי ישראל,2264.344654, ,3571,2264.344654,"רבעון 3, 2025",משרד התחבורה
2340,נתיבי ישראל,1610.667842, ,3572,1610.667842,"רבעון 3, 2025",משרד התחבורה
2341,נתיבי ישראל,673.181412, ,3573,673.181412,"רבעון 3, 2025",משרד התחבורה
2342,נתיבי ישראל,1854.318039, ,3574,1854.318039,"רבעון 3, 2025",משרד התחבורה
2343,נתיבי ישראל,566.895259, ,3575,566.895259,"רבעון 3, 2025",משרד התחבורה
2344,נתיבי ישראל,1940.044732, ,3576,1940.044732,"רבעון 3, 2025",משרד התחבורה
2345,נתיבי ישראל,3431.316931, ,5076,3431.316931,"רבעון 3, 2025",משרד התחבורה
2346,נתיבי ישראל,257.970301, ,3503,257.970301,"רבעון 3, 2025",משרד התחבורה
2347,נתיבי ישראל,186.938514, ,4291,186.938514,"רבעון 3, 2025",משרד התחבורה
2348,נתיבי ישראל,1031.267225, ,5521,1031.267225,"רבעון 3, 2025",משרד התחבורה
2349,נתיבי ישראל,281.125728, ,4292,281.125728,"רבעון 3, 2025",משרד התחבורה
2350,נתיבי ישראל,806.473131, ,5874,806.473131,"רבעון 3, 2025",משרד התחבורה
2351,נתיבי ישראל,663.317090, ,4494,663.317090,"רבעון 3, 2025",משרד התחבורה
2352,נתיבי ישראל,5460.306370, ,4352,5460.306370,"רבעון 3, 2025",משרד התחבורה
2353,נתיבי ישראל,309.413242, ,4297,309.413242,"רבעון 3, 2025",משרד התחבורה
2354,נתיבי ישראל,497.194124, ,3763,497.194124,"רבעון 3, 2025",משרד התחבורה
2355,נתיבי ישראל,76.366026, ,5555,76.366026,"רבעון 3, 2025",משרד התחבורה
2356,נתיבי ישראל,301.780396, ,3577,301.780396,"רבעון 3, 2025",משרד התחבורה
2357,נתיבי ישראל,429.415952, ,3578,429.415952,"רבעון 3, 2025",משרד התחבורה
2358,נתיבי ישראל,609.084774, ,3774,609.084774,"רבעון 3, 2025",משרד התחבורה
2359,נתיבי ישראל,707.244578, ,3256,707.244578,"רבעון 3, 2025",משרד התחבורה
2360,נתיבי ישראל,117.825777, ,5556,117.825777,"רבעון 3, 2025",משרד התחבורה
2361,נתיבי ישראל,430.493774, ,4635,430.493774,"רבעון 3, 2025",משרד התחבורה
2362,נתיבי ישראל,671.429889, ,5566,671.429889,"רבעון 3, 2025",משרד התחבורה
2363,נתיבי ישראל,556.397282, ,4179,556.397282,"רבעון 3, 2025",משרד התחבורה
2364,נתיבי ישראל,397.872998, ,3579,397.872998,"רבעון 3, 2025",משרד התחבורה
2365,נתיבי ישראל,1214.574441, ,3163,1214.574441,"רבעון 3, 2025",משרד התחבורה
2366,נתיבי ישראל,1730.577859, ,5536,1730.577859,"רבעון 3, 2025",משרד התחבורה
2367,נתיבי ישראל,392.402116, ,5578,392.402115,"רבעון 3, 2025",משרד התחבורה
2368,נתיבי ישראל,1308.366250, ,5873,1308.366250,"רבעון 3, 2025",משרד התחבורה
2369,נתיבי ישראל,625.174516, ,5876,625.174516,"רבעון 3, 2025",משרד התחבורה
2370,נתיבי ישראל,710.657886, ,5875,710.657886,"רבעון 3, 2025",משרד התחבורה
2371,נתיבי ישראל,1232.681677, ,5529,1232.681677,"רבעון 3, 2025",משרד התחבורה
2372,נתיבי ישראל,800.043173, ,5518,800.043173,"רבעון 3, 2025",משרד התחבורה
2373,נתיבי ישראל,882.953991, ,5446,882.953991,"רבעון 3, 2025",משרד התחבורה
2374,נתיבי ישראל,753.733070, ,5448,753.733070,"רבעון 3, 2025",משרד התחבורה
2375,נתיבי ישראל,473.390357, ,5523,473.390357,"רבעון 3, 2025",משרד התחבורה
2376,נתיבי ישראל,669.955766, ,5524,669.955766,"רבעון 3, 2025",משרד התחבורה
2377,נתיבי ישראל,854.273938, ,5063,854.273938,"רבעון 3, 2025",משרד התחבורה
2378,נתיבי ישראל,436.448506, ,5064,436.448506,"רבעון 3, 2025",משרד התחבורה
2379,נתיבי ישראל,699.950845, ,5065,699.950845,"רבעון 3, 2025",משרד התחבורה
2380,נתיבי ישראל,321.834877, ,3142,321.834877,"רבעון 3, 2025",משרד התחבורה
2381,נתיבי ישראל,402.529871, ,3143,402.529871,"רבעון 3, 2025",משרד התחבורה
2382,נתיבי ישראל,208.565016, ,5580,208.565016,"רבעון 3, 2025",משרד התחבורה
2383,נתיבי ישראל,436.397182, ,5061,436.397182,"רבעון 3, 2025",משרד התחבורה
2384,נתיבי ישראל,827.309482, ,4307,827.309482,"רבעון 3, 2025",משרד התחבורה
2385,נתיבי ישראל,1577.732787, ,3509,1577.732787,"רבעון 3, 2025",משרד התחבורה
2386,נתיבי ישראל,1077.041930, ,3761,1077.041930,"רבעון 3, 2025",משרד התחבורה
2387,נתיבי ישראל,759.337702, ,3757,759.337702,"רבעון 3, 2025",משרד התחבורה
2388,נתיבי ישראל,492.229906, ,3685,492.229906,"רבעון 3, 2025",משרד התחבורה
2389,נתיבי ישראל,1141.255862, ,3675,1141.255862,"רבעון 3, 2025",משרד התחבורה
2390,נתיבי ישראל,420.652145, ,3155,420.652145,"רבעון 3, 2025",משרד התחבורה
2391,נתיבי ישראל,577.605798, ,3164,577.605798,"רבעון 3, 2025",משרד התחבורה
2392,נתיבי ישראל,1179.973983, ,3764,1179.973983,"רבעון 3, 2025",משרד התחבורה
2393,נתיבי ישראל,1424.065586, ,3765,1424.065586,"רבעון 3, 2025",משרד התחבורה
2394,נתיבי ישראל,1314.119820, ,3769,1314.119820,"רבעון 3, 2025",משרד התחבורה
2395,נתיבי ישראל,1605.974214, ,4489,1605.974214,"רבעון 3, 2025",משרד התחבורה
2396,נתיבי ישראל,755.106559, ,4470,755.106559,"רבעון 3, 2025",משרד התחבורה
2397,נתיבי ישראל,184.908229, ,4290,184.908229,"רבעון 3, 2025",משרד התחבורה
2398,נתיבי ישראל,1868.982972, ,4353,1868.982972,"רבעון 3, 2025",משרד התחבורה
2399,נתיבי ישראל,1139.258385, ,4355,1139.258385,"רבעון 3, 2025",משרד התחבורה
2400,נתיבי ישראל,639.413455, ,5561,639.413455,"רבעון 3, 2025",משרד התחבורה
2401,נתיבי ישראל,605.781938, ,5557,605.781938,"רבעון 3, 2025",משרד התחבורה
2402,נתיבי ישראל,747.972460, ,4636,747.972460,"רבעון 3, 2025",משרד התחבורה
2403,נתיבי ישראל,988.707818, ,5558,988.707818,"רבעון 3, 2025",משרד התחבורה
2404,נתיבי ישראל,1636.609091, ,5749,1636.609091,"רבעון 3, 2025",משרד התחבורה
2405,נתיבי ישראל,704.954323, ,4782,704.954323,"רבעון 3, 2025",משרד התחבורה
2406,נתיבי ישראל,409.068047, ,4783,409.068047,"רבעון 3, 2025",משרד התחבורה
2407,נתיבי ישראל,1474.527519, ,4769,1474.527519,"רבעון 3, 2025",משרד התחבורה
2408,נתיבי ישראל,344.298213, ,5091,344.298213,"רבעון 3, 2025",משרד התחבורה
2409,נתיבי ישראל,1017.580284, ,5092,1017.580284,"רבעון 3, 2025",משרד התחבורה
2410,נתיבי ישראל,55.679352, ,4780,55.679352,"רבעון 3, 2025",משרד התחבורה
2411,נתיבי ישראל,228.841142, ,5049,228.841142,"רבעון 3, 2025",משרד התחבורה
2412,נתיבי ישראל,691.075010, ,5077,691.075010,"רבעון 3, 2025",משרד התחבורה
2413,נתיבי ישראל,1776.761933, ,5042,1776.761933,"רבעון 3, 2025",משרד התחבורה
2414,נתיבי ישראל,676.778532, ,5041,676.778532,"רבעון 3, 2025",משרד התחבורה
2415,נתיבי ישראל,263.866676, ,4766,263.866676,"רבעון 3, 2025",משרד התחבורה
2416,נתיבי ישראל,1200.586317, ,5562,1200.586317,"רבעון 3, 2025",משרד התחבורה
2417,נתיבי ישראל,303.108579, ,4285,303.108579,"רבעון 3, 2025",משרד התחבורה
2418,נתיבי ישראל,400.999436, ,4504,400.999436,"רבעון 3, 2025",משרד התחבורה
2419,נתיבי ישראל,202.053115, ,4298,202.053115,"רבעון 3, 2025",משרד התחבורה
2420,נתיבי ישראל,102.742816, ,4177,102.742816,"רבעון 3, 2025",משרד התחבורה
2421,נתיבי ישראל,358.768210, ,4310,358.768210,"רבעון 3, 2025",משרד התחבורה
2422,נתיבי ישראל,560.939411, ,4368,560.939411,"רבעון 3, 2025",משרד התחבורה
2423,נתיבי ישראל,245.562599, ,4368,245.562599,"רבעון 3, 2025",משרד התחבורה
2424,נתיבי ישראל,1192.697310, ,4669,1192.697310,"רבעון 3, 2025",משרד התחבורה
2425,נתיבי ישראל,3288.995347, ,4306,3288.995347,"רבעון 3, 2025",משרד התחבורה
2426,נתיבי ישראל,1835.521914, ,4357,1835.521914,"רבעון 3, 2025",משרד התחבורה
2427,נתיבי ישראל,994.002887, ,4299,994.002887,"רבעון 3, 2025",משרד התחבורה
2428,נתיבי ישראל,224.667777, ,4294,224.667777,"רבעון 3, 2025",משרד התחבורה
2429,נתיבי ישראל,202.667702, ,4295,202.667702,"רבעון 3, 2025",משרד התחבורה
2430,נתיבי ישראל,185.446214, ,4296,185.446214,"רבעון 3, 2025",משרד התחבורה
2431,נתיבי ישראל,219.876206, ,4666,219.876206,"רבעון 3, 2025",משרד התחבורה
2432,נתיבי ישראל,111.632124, ,3144,111.632124,"רבעון 3, 2025",משרד התחבורה
2433,נתיבי ישראל,158.074066, ,3145,158.074066,"רבעון 3, 2025",משרד התחבורה
2434,נתיבי ישראל,578.067737, ,3166,578.067737,"רבעון 3, 2025",משרד התחבורה
2435,נתיבי ישראל,914.783747, ,5541,914.783747,"רבעון 3, 2025",משרד התחבורה
2436,נתיבי ישראל,597.084695, ,5542,597.084695,"רבעון 3, 2025",משרד התחבורה
2437,נתיבי ישראל,437.250196, ,3762,437.250196,"רבעון 3, 2025",משרד התחבורה
2438,נתיבי ישראל,433.634556, ,4508,433.634556,"רבעון 3, 2025",משרד התחבורה
2439,נתיבי ישראל,242.390853, ,5569,242.390853,"רבעון 3, 2025",משרד התחבורה
2440,נתיבי ישראל,971.159762, ,5553,971.159762,"רבעון 3, 2025",משרד התחבורה
2441,נתיבי ישראל,135.847533, ,5488,135.847533,"רבעון 3, 2025",משרד התחבורה
2442,נתיבי ישראל,570.641347, ,5530,570.641348,"רבעון 3, 2025",משרד התחבורה
2443,נתיבי ישראל,200.842526, ,5537,200.842526,"רבעון 3, 2025",משרד התחבורה
2444,נתיבי ישראל,995.352462, ,3508,995.352462,"רבעון 3, 2025",משרד התחבורה
2445,נתיבי ישראל,284.771833, ,3159,284.771833,"רבעון 3, 2025",משרד התחבורה
2446,נתיבי ישראל,770.997877, ,4356,770.997876,"רבעון 3, 2025",משרד התחבורה
2447,נתיבי ישראל,436.353313, ,5093,436.353313,"רבעון 3, 2025",משרד התחבורה
2448,נתיבי ישראל,910.607544, ,5048,910.607544,"רבעון 3, 2025",משרד התחבורה
2449,נתיבי ישראל,162.738781, ,4286,162.738781,"רבעון 3, 2025",משרד התחבורה
2450,נתיבי ישראל,1676.258865, ,3167,1676.258865,"רבעון 3, 2025",משרד התחבורה
2451,נתיבי ישראל,942.309429, ,4638,942.309429,"רבעון 3, 2025",משרד התחבורה
2452,נתיבי ישראל,972.933167, ,3771,972.933167,"רבעון 3, 2025",משרד התחבורה
2453,נתיבי ישראל,2680.798567, ,3158,2680.798567,"רבעון 3, 2025",משרד התחבורה
2454,נתיבי ישראל,272.468885, ,4358,272.468885,"רבעון 3, 2025",משרד התחבורה
2455,נתיבי ישראל,938.590250, ,4359,938.590250,"רבעון 3, 2025",משרד התחבורה
2456,נתיבי ישראל,159.147489, ,5094,159.147489,"רבעון 3, 2025",משרד התחבורה
2457,נתיבי ישראל,49.603826, ,5526,49.603826,"רבעון 3, 2025",משרד התחבורה
2458,נתיבי ישראל,107.359097, ,4180,107.359097,"רבעון 3, 2025",משרד התחבורה
2459,נתיבי ישראל,858.263411, ,4308,858.263411,"רבעון 3, 2025",משרד התחבורה
2460,נתיבי ישראל,430.003082, ,3770,430.003082,"רבעון 3, 2025",משרד התחבורה
2461,נתיבי ישראל,753.946939, ,3766,753.946939,"רבעון 3, 2025",משרד התחבורה
2462,נתיבי ישראל,1907.399843, ,5538,1907.399843,"רבעון 3, 2025",משרד התחבורה
2463,נתיבי ישראל,322.288450, ,3767,322.288450,"רבעון 3, 2025",משרד התחבורה
2464,נתיבי ישראל,989.126262, ,4664,989.126262,"רבעון 3, 2025",משרד התחבורה
2465,נתיבי ישראל,201.207412, ,4663,201.207412,"רבעון 3, 2025",משרד התחבורה
2466,נתיבי ישראל,741.148340, ,4488,741.148340,"רבעון 3, 2025",משרד התחבורה
2467,נתיבי ישראל,201.007013, ,4471,201.007013,"רבעון 3, 2025",משרד התחבורה
2468,נתיבי ישראל,272.260745, ,4354,272.260745,"רבעון 3, 2025",משרד התחבורה
2469,נתיבי ישראל,148.646472, ,3168,148.646472,"רבעון 3, 2025",משרד התחבורה
2470,נתיבי ישראל,990.648820, ,3149,990.648820,"רבעון 3, 2025",משרד התחבורה
2471,נתיבי ישראל,714.286202, ,4181,714.286202,"רבעון 3, 2025",משרד התחבורה
2472,נתיבי ישראל,1180.521767, ,3580,1180.521767,"רבעון 3, 2025",משרד התחבורה
2473,נתיבי ישראל,613.097382, ,5527,613.097382,"רבעון 3, 2025",משרד התחבורה
2474,נתיבי ישראל,408.586305, ,5528,408.586305,"רבעון 3, 2025",משרד התחבורה
2475,נתיבי ישראל,392.529977, ,3505,392.529977,"רבעון 3, 2025",משרד התחבורה
2476,נתיבי ישראל,1718.230199, ,3506,1718.230199,"רבעון 3, 2025",משרד התחבורה
2477,נתיבי ישראל,1061.214063, ,3507,1061.214063,"רבעון 3, 2025",משרד התחבורה
2478,נתיבי ישראל,367.173030, ,3686,367.173030,"רבעון 3, 2025",משרד התחבורה
2479,נתיבי ישראל,490.069007, ,3681,490.069007,"רבעון 3, 2025",משרד התחבורה
2480,נתיבי ישראל,687.472912, ,3682,687.472912,"רבעון 3, 2025",משרד התחבורה
2481,נתיבי ישראל,720.432547, ,5548,720.432547,"רבעון 3, 2025",משרד התחבורה
2482,נתיבי ישראל,322.785795, ,4350,322.785795,"רבעון 3, 2025",משרד התחבורה
2483,נתיבי ישראל,920.614595, ,5559,920.614595,"רבעון 3, 2025",משרד התחבורה
2484,נתיבי ישראל,233.683434, ,5560,233.683434,"רבעון 3, 2025",משרד התחבורה
2485,נתיבי ישראל,248.672047, ,4655,248.672047,"רבעון 3, 2025",משרד התחבורה
2486,נתיבי ישראל,1010.741716, ,5563,1010.741716,"רבעון 3, 2025",משרד התחבורה
2487,נתיבי ישראל,232.336314, ,5549,232.336314,"רבעון 3, 2025",משרד התחבורה
2488,נתיבי ישראל,346.891679, ,4667,346.891679,"רבעון 3, 2025",משרד התחבורה
2489,נתיבי ישראל,1228.308672, ,6673,1228.308672,"רבעון 3, 2025",משרד התחבורה
2490,נתיבי ישראל,2908.985456, ,3772,2908.985456,"רבעון 3, 2025",משרד התחבורה
2491,נתיבי ישראל,725.046452, ,4182,725.046452,"רבעון 3, 2025",משרד התחבורה
2492,נתיבי ישראל,1158.275196, ,3562,1158.275196,"רבעון 3, 2025",משרד התחבורה
2493,נתיבי ישראל,1838.682576, ,5081,1838.682576,"רבעון 3, 2025",משרד התחבורה
2494,נתיבי ישראל,3600.422166, ,5058,3600.422166,"רבעון 3, 2025",משרד התחבורה
2495,נתיבי ישראל,860.745452, ,6611,860.745452,"רבעון 3, 2025",משרד התחבורה
2496,נתיבי ישראל,1876.495917, ,5078,1876.495917,"רבעון 3, 2025",משרד התחבורה
2497,נתיבי ישראל,2106.056812, ,4374,2106.056812,"רבעון 3, 2025",משרד התחבורה
2498,נתיבי ישראל,238.449008, ,3172,238.449008,"רבעון 3, 2025",משרד התחבורה
2499,נתיבי ישראל,663.297647, ,4371,663.297647,"רבעון 3, 2025",משרד התחבורה
2500,נתיבי ישראל,1295.732985, ,4660,1295.732985,"רבעון 3, 2025",משרד התחבורה
2501,נתיבי ישראל,412.587991,AN05,0,412.587991,"רבעון 3, 2025",משרד התחבורה
2502,נתיבי ישראל,766.989510,AN01,0,766.989510,"רבעון 3, 2025",משרד התחבורה
2503,נתיבי ישראל,579.555062,AN04,0,579.555062,"רבעון 3, 2025",משרד התחבורה
2504,נתיבי ישראל,570.246805,AN03,0,570.246805,"רבעון 3, 2025",משרד התחבורה
2505,נתיבי ישראל,769.349030,AN02,0,769.349030,"רבעון 3, 2025",משרד התחבורה
2506,נתיבי ישראל,1284.849405, ,3938,1284.849405,"רבעון 3, 2025",משרד התחבורה
2507,נתיבי ישראל,196.515713, ,5505,196.515713,"רבעון 3, 2025",משרד התחבורה
2508,נתיבי ישראל,3569.012901, ,5505,3569.012901,"רבעון 3, 2025",משרד התחבורה
2509,נתיבי ישראל,592.192025, ,5505,592.192025,"רבעון 3, 2025",משרד התחבורה
2510,נתיבי ישראל,139.951222,SC05,0,139.951222,"רבעון 3, 2025",משרד התחבורה
2511,נתיבי ישראל,3965.623316, ,505,3965.623316,"רבעון 3, 2025",משרד התחבורה
2512,נתיבי ישראל,119703.437401, ,90,119703.437401,"רבעון 3, 2025",משרד התחבורה
2513,נתיבי ישראל,66568.893603, ,90,66568.893603,"רבעון 3, 2025",משרד התחבורה
2514,נתיבי ישראל,1687.307791, ,3712,1687.307791,"רבעון 3, 2025",משרד התחבורה
2515,נתיבי ישראל,565.407707, ,3265,565.407707,"רבעון 3, 2025",משרד התחבורה
2516,נתיבי ישראל,453.210342, ,3557,453.210342,"רבעון 3, 2025",משרד התחבורה
2517,נתיבי ישראל,379.324292, ,4780,379.324292,"רבעון 3, 2025",משרד התחבורה
2518,נתיבי ישראל,1980.012864, ,461,1980.012864,"רבעון 3, 2025",משרד התחבורה
2519,נתיבי ישראל,1156.719685, ,4107,1156.719685,"רבעון 3, 2025",משרד התחבורה
2520,נתיבי ישראל,1047.286880,DZ02,0,1047.286880,"רבעון 3, 2025",משרד התחבורה
2521,נתיבי ישראל,900.825843,DZ03,0,900.825843,"רבעון 3, 2025",משרד התחבורה
2522,נתיבי ישראל,163.634701,RB01,0,163.634701,"רבעון 3, 2025",משרד התחבורה
2523,נתיבי ישראל,438.833703,RB02,0,438.833703,"רבעון 3, 2025",משרד התחבורה
2524,נתיבי ישראל,324.196139,RB03,0,324.196139,"רבעון 3, 2025",משרד התחבורה
2525,נתיבי ישראל,3099.656586, ,8912,3099.656586,"רבעון 3, 2025",משרד התחבורה
2526,נתיבי ישראל,37211.225846, ,89,37211.225846,"רבעון 3, 2025",משרד התחבורה
2527,נתיבי ישראל,4041.911640, ,2335,4041.911640,"רבעון 3, 2025",משרד התחבורה
2528,נתיבי ישראל,413.358337,SK09,0,413.358337,"רבעון 3, 2025",משרד התחבורה
2529,נתיבי ישראל,16790.702804, ,4,16790.702804,"רבעון 3, 2025",משרד התחבורה
2530,נתיבי ישראל,477.827895,MG07,0,477.827895,"רבעון 3, 2025",משרד התחבורה
2531,נתיבי ישראל,6930.713366, ,2,6930.713366,"רבעון 3, 2025",משרד התחבורה
2532,נתיבי ישראל,9493.504061, ,5788,9493.504061,"רבעון 3, 2025",משרד התחבורה
2533,נתיבי ישראל,1005.463580, ,8678,1005.463580,"רבעון 3, 2025",משרד התחבורה
2534,נתיבי ישראל,462.114641,AY01,0,462.114641,"רבעון 3, 2025",משרד התחבורה
2535,נתיבי ישראל,154.381583,AY02,0,154.381583,"רבעון 3, 2025",משרד התחבורה
2536,נתיבי ישראל,270.025282,AY04,0,270.025282,"רבעון 3, 2025",משרד התחבורה
2537,נתיבי ישראל,2206.911632, ,4102,2206.911632,"רבעון 3, 2025",משרד התחבורה
2538,נתיבי ישראל,1159.685121,DZ01,0,1159.685121,"רבעון 3, 2025",משרד התחבורה
2539,נתיבי ישראל,1125.154869,DZ04,0,1125.154869,"רבעון 3, 2025",משרד התחבורה
2540,נתיבי ישראל,1129.394196,DZ05,0,1129.394196,"רבעון 3, 2025",משרד התחבורה
2541,נתיבי ישראל,1277.971946,DZ06,0,1277.971946,"רבעון 3, 2025",משרד התחבורה
2542,נתיבי ישראל,10959.365796, ,4,10959.365796,"רבעון 3, 2025",משרד התחבורה
2543,נתיבי ישראל,129.076327,BI10,0,129.076327,"רבעון 3, 2025",משרד התחבורה
2544,נתיבי ישראל,5868.016988, ,471,5868.016988,"רבעון 3, 2025",משרד התחבורה
2545,נתיבי ישראל,437.929947,BI13,0,437.929947,"רבעון 3, 2025",משרד התחבורה
2546,נתיבי ישראל,804.421527,BI08,0,804.421527,"רבעון 3, 2025",משרד התחבורה
2547,נתיבי ישראל,9371.535138, ,2,9371.535138,"רבעון 3, 2025",משרד התחבורה
2548,נתיבי ישראל,2773.453298, ,444,2773.453298,"רבעון 3, 2025",משרד התחבורה
2549,נתיבי ישראל,771.289908, ,4466,771.289908,"רבעון 3, 2025",משרד התחבורה
2550,נתיבי ישראל,116.962311, ,4469,116.962311,"רבעון 3, 2025",משרד התחבורה
2551,נתיבי ישראל,1656.209285, ,31,1656.209285,"רבעון 3, 2025",משרד התחבורה
2552,נתיבי ישראל,1616.956761, ,60,1616.956761,"רבעון 3, 2025",משרד התחבורה
2553,נתיבי ישראל,379.268046,MI01,0,379.268046,"רבעון 3, 2025",משרד התחבורה
2554,נתיבי ישראל,305.343206,MI02,0,305.343206,"רבעון 3, 2025",משרד התחבורה
2555,נתיבי ישראל,320.405221,MI03,0,320.405221,"רבעון 3, 2025",משרד התחבורה
2556,נתיבי ישראל,286.683032,MI04,0,286.683032,"רבעון 3, 2025",משרד התחבורה
2557,נתיבי ישראל,55424.875013, ,232,55424.875013,"רבעון 3, 2025",משרד התחבורה
2558,נתיבי ישראל,9796.685834, ,34,9796.685834,"רבעון 3, 2025",משרד התחבורה
2559,נתיבי ישראל,8862.561877, ,34,8862.561877,"רבעון 3, 2025",משרד התחבורה
2560,נתיבי ישראל,24445.128798, ,232,24445.128798,"רבעון 3, 2025",משרד התחבורה
2561,נתיבי ישראל,8460.326684, ,3,8460.326684,"רבעון 3, 2025",משרד התחבורה
2562,נתיבי ישראל,2526.751483, ,3,2526.751483,"רבעון 3, 2025",משרד התחבורה
2563,נתיבי ישראל,646.563915,CE01,0,646.563915,"רבעון 3, 2025",משרד התחבורה
2564,נתיבי ישראל,621.109933,CE02,0,621.109933,"רבעון 3, 2025",משרד התחבורה
2565,נתיבי ישראל,636.302869,CE03,0,636.302869,"רבעון 3, 2025",משרד התחבורה
2566,נתיבי ישראל,309.166437,CE04,0,309.166437,"רבעון 3, 2025",משרד התחבורה
2567,נתיבי ישראל,423.511308,CE05,0,423.511308,"רבעון 3, 2025",משרד התחבורה
2568,נתיבי ישראל,10476.112230, ,5789,10476.112230,"רבעון 3, 2025",משרד התחבורה
2569,נתיבי ישראל,618.426484, ,7718,618.426484,"רבעון 3, 2025",משרד התחבורה
2570,נתיבי ישראל,1407.244517, ,7185,1407.244517,"רבעון 3, 2025",משרד התחבורה
2571,נתיבי ישראל,2605.691750, ,7108,2605.691750,"רבעון 3, 2025",משרד התחבורה
2572,נתיבי ישראל,336.379705, ,3855,336.379705,"רבעון 3, 2025",משרד התחבורה
2573,נתיבי ישראל,232.957325, ,3835,232.957325,"רבעון 3, 2025",משרד התחבורה
2574,נתיבי ישראל,1410.935599, ,557,1410.935599,"רבעון 3, 2025",משרד התחבורה
2575,נתיבי ישראל,594.926737, ,5533,594.926737,"רבעון 3, 2025",משרד התחבורה
2576,נתיבי ישראל,108.235094, ,465,108.235094,"רבעון 3, 2025",משרד התחבורה
2577,נתיבי ישראל,2820.514021, ,8611,2820.514021,"רבעון 3, 2025",משרד התחבורה
2578,נתיבי ישראל,938.657581, ,3865,938.657581,"רבעון 3, 2025",משרד התחבורה
2579,נתיבי ישראל,5269.277719, ,859,5269.277719,"רבעון 3, 2025",משרד התחבורה
2580,נתיבי ישראל,2969.005898, ,3255,2969.005898,"רבעון 3, 2025",משרד התחבורה
2581,נתיבי ישראל,773.599974,RZ06,0,773.599974,"רבעון 3, 2025",משרד התחבורה
2582,נתיבי ישראל,448.893439,RE01,0,448.893439,"רבעון 3, 2025",משרד התחבורה
2583,נתיבי ישראל,2744.663128, ,444,2744.663128,"רבעון 3, 2025",משרד התחבורה
2584,נתיבי ישראל,240.430273,RE06,0,240.430273,"רבעון 3, 2025",משרד התחבורה
2585,נתיבי ישראל,563.360615,RE04,0,563.360615,"רבעון 3, 2025",משרד התחבורה
2586,נתיבי ישראל,166.814956,RE02,0,166.814956,"רבעון 3, 2025",משרד התחבורה
2587,נתיבי ישראל,630.597394,RE03,0,630.597394,"רבעון 3, 2025",משרד התחבורה
2588,נתיבי ישראל,464.021160,RE05,0,464.021160,"רבעון 3, 2025",משרד התחבורה
2589,נתיבי ישראל,4214.422130,RN02,0,4214.422130,"רבעון 3, 2025",משרד התחבורה
2590,נתיבי ישראל,246.916124,AS04,0,246.916124,"רבעון 3, 2025",משרד התחבורה
2591,נתיבי ישראל,338.113830,AS05,0,338.113830,"רבעון 3, 2025",משרד התחבורה
2592,נתיבי ישראל,1782.131377,AS01,0,1782.131377,"רבעון 3, 2025",משרד התחבורה
2593,נתיבי ישראל,427.506057,0A2I,0,427.506057,"רבעון 3, 2025",משרד התחבורה
2594,נתיבי ישראל,196.443132,0A8E,0,196.443132,"רבעון 3, 2025",משרד התחבורה
2595,נתיבי ישראל,124.710001,0B0X,0,124.710001,"רבעון 3, 2025",משרד התחבורה
2596,נתיבי ישראל,80.251283,0B9P,0,80.251283,"רבעון 3, 2025",משרד התחבורה
2597,נתיבי ישראל,171.006177,0C5Y,0,171.006177,"רבעון 3, 2025",משרד התחבורה
2598,נתיבי ישראל,139.999708,0C7L,0,139.999708,"רבעון 3, 2025",משרד התחבורה
2599,נתיבי ישראל,58.258303,0D3H,0,58.258303,"רבעון 3, 2025",משרד התחבורה
2600,נתיבי ישראל,166.853995,0E3D,0,166.853995,"רבעון 3, 2025",משרד התחבורה
2601,נתיבי ישראל,44328.248952, ,85,44328.248951,"רבעון 3, 2025",משרד התחבורה
2602,נתיבי ישראל,214.897280, ,784,214.897280,"רבעון 3, 2025",משרד התחבורה
2603,נתיבי ישראל,337.900931, ,784,337.900931,"רבעון 3, 2025",משרד התחבורה
2604,נתיבי ישראל,238.798987, ,44,238.798987,"רבעון 3, 2025",משרד התחבורה
2605,נתיבי ישראל,13312.056269, ,44,13312.056269,"רבעון 3, 2025",משרד התחבורה
2606,נתיבי ישראל,3200.758606, ,44,3200.758606,"רבעון 3, 2025",משרד התחבורה
2607,נתיבי ישראל,3410.571822, ,582,3410.571822,"רבעון 3, 2025",משרד התחבורה
2608,נתיבי ישראל,529.753021,AC01,0,529.753021,"רבעון 3, 2025",משרד התחבורה
2609,נתיבי ישראל,550.420452,YA01,0,550.420452,"רבעון 3, 2025",משרד התחבורה
2610,נתיבי ישראל,702.359133, ,3819,702.359133,"רבעון 3, 2025",משרד התחבורה
2611,נתיבי ישראל,156.907672, ,3817,156.907672,"רבעון 3, 2025",משרד התחבורה
2612,נתיבי ישראל,169.527832, ,3827,169.527832,"רבעון 3, 2025",משרד התחבורה
2613,נתיבי ישראל,124.675046, ,3829,124.675046,"רבעון 3, 2025",משרד התחבורה
2614,נתיבי ישראל,2926.361251, ,5513,2926.361251,"רבעון 3, 2025",משרד התחבורה
2615,נתיבי ישראל,5494.624431, ,551,5494.624431,"רבעון 3, 2025",משרד התחבורה
2616,נתיבי ישראל,78.067167,NT07,0,78.067167,"רבעון 3, 2025",משרד התחבורה
2617,נתיבי ישראל,49.999999,NT05,0,49.999999,"רבעון 3, 2025",משרד התחבורה
2618,נתיבי ישראל,70.596680,NT04,0,70.596680,"רבעון 3, 2025",משרד התחבורה
2619,נתיבי ישראל,57.981008,NT03,0,57.981008,"רבעון 3, 2025",משרד התחבורה
2620,נתיבי ישראל,115.322391,NT02,0,115.322391,"רבעון 3, 2025",משרד התחבורה
2621,נתיבי ישראל,78.367519,NT01,0,78.367519,"רבעון 3, 2025",משרד התחבורה
2622,נתיבי ישראל,1830.593614, ,4652,1830.593614,"רבעון 3, 2025",משרד התחבורה
2623,נתיבי ישראל,32785.895246, ,465,32785.895246,"רבעון 3, 2025",משרד התחבורה
2624,שיכון ובינוי - נת,4708.079121, ,574,4708.079121,"רבעון 3, 2025",משרד התחבורה
2625,שיכון ובינוי - נת,686.237024,MY01,0,686.237024,"רבעון 3, 2025",משרד התחבורה
2626,שיכון ובינוי - נת,541.714480,MY04,0,541.714480,"רבעון 3, 2025",משרד התחבורה
2627,נתיבי ישראל,1571.276347, ,6353,1571.276347,"רבעון 3, 2025",משרד התחבורה
2628,שיכון ובינוי - נת,946.989387,MY02,0,946.989387,"רבעון 3, 2025",משרד התחבורה
2629,שיכון ובינוי - נת,1158.794547,MY03,0,1158.794547,"רבעון 3, 2025",משרד התחבורה
2630,נתיבי ישראל,60.908375, ,4650,60.908375,"רבעון 3, 2025",משרד התחבורה
2631,נתיבי ישראל,476.035457, ,3926,476.035457,"רבעון 3, 2025",משרד התחבורה
2632,נתיבי ישראל,4080.812450, ,70,4080.812450,"רבעון 3, 2025",משרד התחבורה
2633,נתיבי ישראל,3139.192094, ,780,3139.192094,"רבעון 3, 2025",משרד התחבורה
2634,נתיבי ישראל,2046.084498,RN01,0,2046.084498,"רבעון 3, 2025",משרד התחבורה
2635,נתיבי ישראל,282.236910,GR07,0,282.236910,"רבעון 3, 2025",משרד התחבורה
2636,נתיבי ישראל,15429.587356, ,77,15429.587356,"רבעון 3, 2025",משרד התחבורה
2637,נתיבי ישראל,229.377712,NT06,0,229.377712,"רבעון 3, 2025",משרד התחבורה
2638,נתיבי ישראל,12629.017939, ,553,12629.017939,"רבעון 3, 2025",משרד התחבורה
2639,נתיבי ישראל,662.227412,SR03,0,662.227412,"רבעון 3, 2025",משרד התחבורה
2640,נתיבי ישראל,2099.425947, ,5514,2099.425947,"רבעון 3, 2025",משרד התחבורה
2641,נתיבי ישראל,437.490472,ZR03,0,437.490472,"רבעון 3, 2025",משרד התחבורה
2642,שיכון ובינוי - נת,498.863209, ,574,498.863209,"רבעון 3, 2025",משרד התחבורה
2643,נתיבי ישראל,108.531347, ,6958,108.531347,"רבעון 3, 2025",משרד התחבורה
2644,נתיבי ישראל,2453.972186, ,7022,2453.972186,"רבעון 3, 2025",משרד התחבורה
2645,שיכון ובינוי - נת,509.922796, ,7021,509.922796,"רבעון 3, 2025",משרד התחבורה
2646,שיכון ובינוי - נת,866.403960, ,6522,866.403960,"רבעון 3, 2025",משרד התחבורה
2647,נתיבי ישראל,3020.932652, ,6533,3020.932652,"רבעון 3, 2025",משרד התחבורה
2648,נתיבי ישראל,745.227413, ,722,745.227413,"רבעון 3, 2025",משרד התחבורה
2649,נתיבי ישראל,64.392960,AT08,0,64.392960,"רבעון 3, 2025",משרד התחבורה
2650,נתיבי ישראל,102.082497, ,7261,102.082497,"רבעון 3, 2025",משרד התחבורה
2651,שיכון ובינוי - נת,3453.047381, ,4,3453.047381,"רבעון 3, 2025",משרד התחבורה
2652,נתיבי ישראל,324.188364,MV05,0,324.188364,"רבעון 3, 2025",משרד התחבורה
2653,נתיבי ישראל,2988.741006, ,7620,2988.741006,"רבעון 3, 2025",משרד התחבורה
2654,שיכון ובינוי - נת,6846.500098, ,653,6846.500098,"רבעון 3, 2025",משרד התחבורה
2655,נתיבי ישראל,704.491235,YS04,0,704.491235,"רבעון 3, 2025",משרד התחבורה
2656,שיכון ובינוי - נת,504.784847, ,67,504.784847,"רבעון 3, 2025",משרד התחבורה
2657,נתיבי ישראל,1537.282622, ,6519,1537.282622,"רבעון 3, 2025",משרד התחבורה
2658,נתיבי ישראל,217.021814, ,7029,217.021814,"רבעון 3, 2025",משרד התחבורה
2659,נתיבי ישראל,2131.136647, ,7557,2131.136647,"רבעון 3, 2025",משרד התחבורה
2660,נתיבי ישראל,167.486090, ,7113,167.486090,"רבעון 3, 2025",משרד התחבורה
2661,נתיבי ישראל,29072.439777, ,2,29072.439777,"רבעון 3, 2025",משרד התחבורה
2662,שיכון ובינוי - נת,1974.449706, ,6954,1974.449706,"רבעון 3, 2025",משרד התחבורה
2663,נתיבי ישראל,5116.112603, ,7255,5116.112603,"רבעון 3, 2025",משרד התחבורה
2664,נתיבי ישראל,730.148691,DE01,5877,730.148691,"רבעון 3, 2025",משרד התחבורה
2665,נתיבי ישראל,1237.192727, ,6513,1237.192727,"רבעון 3, 2025",משרד התחבורה
2666,נתיבי ישראל,385.376292,ZR04,0,385.376292,"רבעון 3, 2025",משרד התחבורה
2667,נתיבי ישראל,68.429210,AT06,0,68.429210,"רבעון 3, 2025",משרד התחבורה
2668,נתיבי ישראל,461.665967,MT03,0,461.665967,"רבעון 3, 2025",משרד התחבורה
2669,נתיבי ישראל,675.678506,AT02,0,675.678506,"רבעון 3, 2025",משרד התחבורה
2670,נתיבי ישראל,586.790732,OS02,0,586.790732,"רבעון 3, 2025",משרד התחבורה
2671,נתיבי ישראל,804.589629,MV03,0,804.589629,"רבעון 3, 2025",משרד התחבורה
2672,נתיבי ישראל,690.002005,OL04,0,690.002005,"רבעון 3, 2025",משרד התחבורה
2673,שיכון ובינוי - נת,442.179100, ,653,442.179100,"רבעון 3, 2025",משרד התחבורה
2674,נתיבי ישראל,785.781491, ,6531,785.781491,"רבעון 3, 2025",משרד התחבורה
2675,נתיבי ישראל,7122.929741, ,75,7122.929741,"רבעון 3, 2025",משרד התחבורה
2676,נתיבי ישראל,1953.806586, ,7515,1953.806586,"רבעון 3, 2025",משרד התחבורה
2677,נתיבי ישראל,20182.066234, ,4,20182.066234,"רבעון 3, 2025",משרד התחבורה
2678,נתיבי ישראל,2300.530736, ,652,2300.530736,"רבעון 3, 2025",משרד התחבורה
2679,שיכון ובינוי - נת,5069.875161, ,651,5069.875161,"רבעון 3, 2025",משרד התחבורה
2680,נתיבי ישראל,10170.963159, ,79,10170.963159,"רבעון 3, 2025",משרד התחבורה
2681,נתיבי ישראל,215.220394,KY01,0,215.220394,"רבעון 3, 2025",משרד התחבורה
2682,נתיבי ישראל,421.099652,TZ02,0,421.099652,"רבעון 3, 2025",משרד התחבורה
2683,נתיבי ישראל,574.422228,ZH04,0,574.422228,"רבעון 3, 2025",משרד התחבורה
2684,נתיבי ישראל,358.757979,ML03,0,358.757979,"רבעון 3, 2025",משרד התחבורה
2685,נתיבי ישראל,141.375728,SN05,0,141.375728,"רבעון 3, 2025",משרד התחבורה
2686,נתיבי ישראל,130.101471,TR05,0,130.101471,"רבעון 3, 2025",משרד התחבורה
2687,נתיבי ישראל,32.095735,ZR01,0,32.095735,"רבעון 3, 2025",משרד התחבורה
2688,נתיבי ישראל,829.054652,OA02,0,829.054652,"רבעון 3, 2025",משרד התחבורה
2689,שיכון ובינוי - נת,65.223300, ,7012,65.223300,"רבעון 3, 2025",משרד התחבורה
2690,נתיבי ישראל,12108.619509, ,7955,12108.619508,"רבעון 3, 2025",משרד התחבורה
2691,נתיבי ישראל,1577.878928, ,7625,1577.878928,"רבעון 3, 2025",משרד התחבורה
2692,נתיבי ישראל,206.445080, ,67,206.445080,"רבעון 3, 2025",משרד התחבורה
2693,נתיבי ישראל,827.050545,YS02,0,827.050545,"רבעון 3, 2025",משרד התחבורה
2694,נתיבי ישראל,1684.930829, ,722,1684.930829,"רבעון 3, 2025",משרד התחבורה
2695,נתיבי ישראל,545.186656,OS03,0,545.186656,"רבעון 3, 2025",משרד התחבורה
2696,נתיבי ישראל,461.894202,TZ03,0,461.894202,"רבעון 3, 2025",משרד התחבורה
2697,נתיבי ישראל,316.962919,AI04,0,316.962919,"רבעון 3, 2025",משרד התחבורה
2698,נתיבי ישראל,233.992780,KY05,0,233.992780,"רבעון 3, 2025",משרד התחבורה
2699,נתיבי ישראל,3480.331605, ,4,3480.331605,"רבעון 3, 2025",משרד התחבורה
2700,נתיבי ישראל,582.402807,OS01,0,582.402807,"רבעון 3, 2025",משרד התחבורה
2701,נתיבי ישראל,984.653866, ,7814,984.653866,"רבעון 3, 2025",משרד התחבורה
2702,חוצה ישראל,1307.226021,SO01,0,1307.226021,"רבעון 3, 2025",משרד התחבורה
2703,נתיבי ישראל,862.835563, ,6503,862.835563,"רבעון 3, 2025",משרד התחבורה
2704,נתיבי ישראל,365.988849,CC05,0,365.988849,"רבעון 3, 2025",משרד התחבורה
2705,נתיבי ישראל,1313.505519,DE04,0,1313.505519,"רבעון 3, 2025",משרד התחבורה
2706,נתיבי ישראל,3939.800138, ,8051,3939.800138,"רבעון 3, 2025",משרד התחבורה
2707,נתיבי ישראל,415.213063,TR02,0,415.213063,"רבעון 3, 2025",משרד התחבורה
2708,נתיבי ישראל,4439.538699, ,7912,4439.538699,"רבעון 3, 2025",משרד התחבורה
2709,נתיבי ישראל,570.442656,BM01,0,570.442656,"רבעון 3, 2025",משרד התחבורה
2710,נתיבי ישראל,208.804054,ML04,0,208.804054,"רבעון 3, 2025",משרד התחבורה
2711,נתיבי ישראל,524.366619, ,7012,524.366619,"רבעון 3, 2025",משרד התחבורה
2712,נתיבי ישראל,1445.646476, ,7756,1445.646476,"רבעון 3, 2025",משרד התחבורה
2713,נתיבי ישראל,900.290491,MV02,0,900.290491,"רבעון 3, 2025",משרד התחבורה
2714,נתיבי ישראל,5097.420880, ,7850,5097.420880,"רבעון 3, 2025",משרד התחבורה
2715,נתיבי ישראל,10426.119538, ,804,10426.119538,"רבעון 3, 2025",משרד התחבורה
2716,נתיבי ישראל,3027.236235, ,6526,3027.236235,"רבעון 3, 2025",משרד התחבורה
2717,נתיבי ישראל,105.589346,AT05,0,105.589346,"רבעון 3, 2025",משרד התחבורה
2718,נתיבי ישראל,85.136636, ,6505,85.136636,"רבעון 3, 2025",משרד התחבורה
2719,נתיבי ישראל,251.793553,MM02,0,251.793553,"רבעון 3, 2025",משרד התחבורה
2720,נתיבי ישראל,1909.940098, ,8040,1909.940098,"רבעון 3, 2025",משרד התחבורה
2721,נתיבי ישראל,248.067651,MV07,0,248.067651,"רבעון 3, 2025",משרד התחבורה
2722,נתיבי ישראל,1183.386321,YG06,0,1183.386321,"רבעון 3, 2025",משרד התחבורה
2723,שיכון ובינוי - נת,482.014246, ,6531,482.014246,"רבעון 3, 2025",משרד התחבורה
2724,נתיבי ישראל,715.257718,LL02,0,715.257718,"רבעון 3, 2025",משרד התחבורה
2725,נתיבי ישראל,2319.144416, ,6353,2319.144416,"רבעון 3, 2025",משרד התחבורה
2726,נתיבי ישראל,411.499063,TR01,0,411.499063,"רבעון 3, 2025",משרד התחבורה
2727,נתיבי ישראל,948.444178, ,6500,948.444178,"רבעון 3, 2025",משרד התחבורה
2728,נתיבי ישראל,349.914488,ZH01,0,349.914488,"רבעון 3, 2025",משרד התחבורה
2729,נתיבי ישראל,1020.428608, ,5815,1020.428608,"רבעון 3, 2025",משרד התחבורה
2730,נתיבי ישראל,324.198874, ,6524,324.198874,"רבעון 3, 2025",משרד התחבורה
2731,שיכון ובינוי - נת,241.789492, ,5923,241.789492,"רבעון 3, 2025",משרד התחבורה
2732,נתיבי ישראל,1328.317149, ,7911,1328.317149,"רבעון 3, 2025",משרד התחבורה
2733,נתיבי ישראל,284.496466,SN01,0,284.496466,"רבעון 3, 2025",משרד התחבורה
2734,נתיבי ישראל,5674.022413, ,7513,5674.022413,"רבעון 3, 2025",משרד התחבורה
2735,נתיבי ישראל,92.997786,SN03,0,92.997786,"רבעון 3, 2025",משרד התחבורה
2736,נתיבי ישראל,11611.060076, ,73,11611.060076,"רבעון 3, 2025",משרד התחבורה
2737,שיכון ובינוי - נת,5259.114498, ,6953,5259.114498,"רבעון 3, 2025",משרד התחבורה
2738,נתיבי ישראל,298.811939, ,7818,298.811939,"רבעון 3, 2025",משרד התחבורה
2739,נתיבי ישראל,369.436719, ,7023,369.436719,"רבעון 3, 2025",משרד התחבורה
2740,נתיבי ישראל,242.300291,AI03,0,242.300291,"רבעון 3, 2025",משרד התחבורה
2741,נתיבי ישראל,755.217511, ,6533,755.217511,"רבעון 3, 2025",משרד התחבורה
2742,נתיבי ישראל,943.704054,AT04,0,943.704054,"רבעון 3, 2025",משרד התחבורה
2743,נתיבי ישראל,273.270147,AI05,0,273.270147,"רבעון 3, 2025",משרד התחבורה
2744,שיכון ובינוי - נת,895.452926,BS04,0,895.452926,"רבעון 3, 2025",משרד התחבורה
2745,נתיבי ישראל,419.742493,TZ01,0,419.742493,"רבעון 3, 2025",משרד התחבורה
2746,נתיבי ישראל,3003.999677, ,762,3003.999677,"רבעון 3, 2025",משרד התחבורה
2747,נתיבי ישראל,101.645300,SN02,0,101.645300,"רבעון 3, 2025",משרד התחבורה
2748,נתיבי ישראל,524.792543, ,6405,524.792543,"רבעון 3, 2025",משרד התחבורה
2749,שיכון ובינוי - נת,13235.237640, ,652,13235.237639,"רבעון 3, 2025",משרד התחבורה
2750,נתיבי ישראל,930.294627, ,8050,930.294627,"רבעון 3, 2025",משרד התחבורה
2751,נתיבי ישראל,397.191546, ,7111,397.191546,"רבעון 3, 2025",משרד התחבורה
2752,שיכון ובינוי - נת,14498.089588, ,65,14498.089588,"רבעון 3, 2025",משרד התחבורה
2753,נתיבי ישראל,408.492136, ,5815,408.492136,"רבעון 3, 2025",משרד התחבורה
2754,שיכון ובינוי - נת,2359.130896, ,6528,2359.130896,"רבעון 3, 2025",משרד התחבורה
2755,נתיבי ישראל,257.059515,ML01,0,257.059515,"רבעון 3, 2025",משרד התחבורה
2756,נתיבי ישראל,63.484619, ,8043,63.484619,"רבעון 3, 2025",משרד התחבורה
2757,נתיבי ישראל,191.356903,AI02,0,191.356903,"רבעון 3, 2025",משרד התחבורה
2758,נתיבי ישראל,99.191558,TZ05,0,99.191558,"רבעון 3, 2025",משרד התחבורה
2759,נתיבי ישראל,4460.064671, ,6515,4460.064671,"רבעון 3, 2025",משרד התחבורה
2760,נתיבי ישראל,970.635058,YG02,0,970.635058,"רבעון 3, 2025",משרד התחבורה
2761,נתיבי ישראל,114.421421,OS05,0,114.421421,"רבעון 3, 2025",משרד התחבורה
2762,נתיבי ישראל,320.412486,KY02,0,320.412486,"רבעון 3, 2025",משרד התחבורה
2763,נתיבי ישראל,88.970773, ,8052,88.970773,"רבעון 3, 2025",משרד התחבורה
2764,נתיבי ישראל,279.143788,LL04,0,279.143788,"רבעון 3, 2025",משרד התחבורה
2765,נתיבי ישראל,517.142622,MT01,0,517.142622,"רבעון 3, 2025",משרד התחבורה
2766,נתיבי ישראל,869.104466,CC01,0,869.104466,"רבעון 3, 2025",משרד התחבורה
2767,נתיבי ישראל,239.820844, ,7011,239.820844,"רבעון 3, 2025",משרד התחבורה
2768,שיכון ובינוי - נת,17281.461112, ,65,17281.461112,"רבעון 3, 2025",משרד התחבורה
2769,נתיבי ישראל,5434.850698, ,762,5434.850698,"רבעון 3, 2025",משרד התחבורה
2770,נתיבי ישראל,1226.006952,YG01,0,1226.006952,"רבעון 3, 2025",משרד התחבורה
2771,שיכון ובינוי - נת,14911.926523, ,4,14911.926523,"רבעון 3, 2025",משרד התחבורה
2772,נתיבי ישראל,230.134706, ,7813,230.134706,"רבעון 3, 2025",משרד התחבורה
2773,נתיבי ישראל,583.243753, ,6522,583.243753,"רבעון 3, 2025",משרד התחבורה
2774,נתיבי ישראל,586.627989, ,7213,586.627989,"רבעון 3, 2025",משרד התחבורה
2775,נתיבי ישראל,269.035623, ,7510,269.035623,"רבעון 3, 2025",משרד התחבורה
2776,נתיבי ישראל,31.768068, ,7111,31.768068,"רבעון 3, 2025",משרד התחבורה
2777,שיכון ובינוי - נת,1016.534610,BS03,0,1016.534610,"רבעון 3, 2025",משרד התחבורה
2778,נתיבי ישראל,274.737497,TR03,0,274.737498,"רבעון 3, 2025",משרד התחבורה
2779,נתיבי ישראל,131.576441, ,7263,131.576441,"רבעון 3, 2025",משרד התחבורה
2780,נתיבי ישראל,698.477794, ,5877,698.477794,"רבעון 3, 2025",משרד התחבורה
2781,נתיבי ישראל,1385.717531, ,6502,1385.717531,"רבעון 3, 2025",משרד התחבורה
2782,נתיבי ישראל,10066.060534, ,9,10066.060534,"רבעון 3, 2025",משרד התחבורה
2783,נתיבי ישראל,158.053742, ,7622,158.053742,"רבעון 3, 2025",משרד התחבורה
2784,נתיבי ישראל,2403.898923, ,722,2403.898923,"רבעון 3, 2025",משרד התחבורה
2785,נתיבי ישראל,322.710121,ML02,0,322.710121,"רבעון 3, 2025",משרד התחבורה
2786,נתיבי ישראל,17280.019556, ,75,17280.019556,"רבעון 3, 2025",משרד התחבורה
2787,נתיבי ישראל,3767.548717, ,600,3767.548717,"רבעון 3, 2025",משרד התחבורה
2788,נתיבי ישראל,546.447065,OL02,0,546.447065,"רבעון 3, 2025",משרד התחבורה
2789,נתיבי ישראל,959.070505,YG03,0,959.070505,"רבעון 3, 2025",משרד התחבורה
2790,נתיבי ישראל,2870.748479, ,7224,2870.748479,"רבעון 3, 2025",משרד התחבורה
2791,נתיבי ישראל,274.695070,TR04,0,274.695070,"רבעון 3, 2025",משרד התחבורה
2792,נתיבי ישראל,786.881522,OA03,0,786.881522,"רבעון 3, 2025",משרד התחבורה
2793,נתיבי ישראל,149.192707,SN06,0,149.192707,"רבעון 3, 2025",משרד התחבורה
2794,נתיבי ישראל,8860.205969, ,60,8860.205969,"רבעון 3, 2025",משרד התחבורה
2795,נתיבי ישראל,710.572465,YS01,0,710.572465,"רבעון 3, 2025",משרד התחבורה
2796,נתיבי ישראל,947.077754, ,6508,947.077754,"רבעון 3, 2025",משרד התחבורה
2797,חוצה ישראל,1567.774280,SO03,0,1567.774280,"רבעון 3, 2025",משרד התחבורה
2798,נתיבי ישראל,248.288927,SE03,0,248.288927,"רבעון 3, 2025",משרד התחבורה
2799,חוצה ישראל,1616.160552,SO02,0,1616.160552,"רבעון 3, 2025",משרד התחבורה
2800,נתיבי ישראל,1612.785172,DE05,0,1612.785172,"רבעון 3, 2025",משרד התחבורה
2801,שיכון ובינוי - נת,5274.042291, ,6513,5274.042291,"רבעון 3, 2025",משרד התחבורה
2802,נתיבי ישראל,547.692532,FE02,0,547.692532,"רבעון 3, 2025",משרד התחבורה
2803,נתיבי ישראל,562.836190,MT04,0,562.836190,"רבעון 3, 2025",משרד התחבורה
2804,נתיבי ישראל,460.655184,TZ04,0,460.655184,"רבעון 3, 2025",משרד התחבורה
2805,שיכון ובינוי - נת,226.706223, ,653,226.706223,"רבעון 3, 2025",משרד התחבורה
2806,נתיבי ישראל,1132.029239, ,5811,1132.029239,"רבעון 3, 2025",משרד התחבורה
2807,נתיבי ישראל,1437.265456, ,7516,1437.265456,"רבעון 3, 2025",משרד התחבורה
2808,נתיבי ישראל,1967.277088, ,7924,1967.277088,"רבעון 3, 2025",משרד התחבורה
2809,שיכון ובינוי - נת,10832.127192, ,67,10832.127192,"רבעון 3, 2025",משרד התחבורה
2810,נתיבי ישראל,727.682946, ,7928,727.682946,"רבעון 3, 2025",משרד התחבורה
2811,נתיבי ישראל,841.872320, ,651,841.872320,"רבעון 3, 2025",משרד התחבורה
2812,נתיבי ישראל,1520.426934, ,7920,1520.426934,"רבעון 3, 2025",משרד התחבורה
2813,נתיבי ישראל,2306.818354, ,7705,2306.818354,"רבעון 3, 2025",משרד התחבורה
2814,נתיבי ישראל,363.404143,FE01,0,363.404143,"רבעון 3, 2025",משרד התחבורה
2815,נתיבי ישראל,648.091233,AT03,0,648.091233,"רבעון 3, 2025",משרד התחבורה
2816,נתיבי ישראל,2759.262363, ,7025,2759.262363,"רבעון 3, 2025",משרד התחבורה
2817,נתיבי ישראל,114.114429,CC07,0,114.114429,"רבעון 3, 2025",משרד התחבורה
2818,נתיבי ישראל,1131.328016,YS03,0,1131.328016,"רבעון 3, 2025",משרד התחבורה
2819,נתיבי ישראל,697.644423,CC04,0,697.644423,"רבעון 3, 2025",משרד התחבורה
2820,נתיבי ישראל,78.271394,SN04,0,78.271394,"רבעון 3, 2025",משרד התחבורה
2821,נתיבי ישראל,603.269387, ,7621,603.269387,"רבעון 3, 2025",משרד התחבורה
2822,נתיבי ישראל,230.400974,LL03,0,230.400974,"רבעון 3, 2025",משרד התחבורה
2823,נתיבי ישראל,579.408421,OL03,0,579.408421,"רבעון 3, 2025",משרד התחבורה
2824,שיכון ובינוי - נת,1825.952005, ,722,1825.952005,"רבעון 3, 2025",משרד התחבורה
2825,שיכון ובינוי - נת,1902.938392, ,654,1902.938392,"רבעון 3, 2025",משרד התחבורה
2826,נתיבי ישראל,230.979482,MM01,0,230.979482,"רבעון 3, 2025",משרד התחבורה
2827,נתיבי ישראל,89.408556,ZR02,0,89.408556,"רבעון 3, 2025",משרד התחבורה
2828,נתיבי ישראל,971.796611, ,6524,971.796611,"רבעון 3, 2025",משרד התחבורה
2829,נתיבי ישראל,270.759222,LH01,0,270.759222,"רבעון 3, 2025",משרד התחבורה
2830,נתיבי ישראל,1744.864288, ,7624,1744.864288,"רבעון 3, 2025",משרד התחבורה
2831,שיכון ובינוי - נת,3409.572918, ,581,3409.572918,"רבעון 3, 2025",משרד התחבורה
2832,שיכון ובינוי - נת,1076.605186,BS02,0,1076.605186,"רבעון 3, 2025",משרד התחבורה
2833,נתיבי ישראל,2365.999066, ,6400,2365.999066,"רבעון 3, 2025",משרד התחבורה
2834,נתיבי ישראל,999.371068,AI01,0,999.371068,"רבעון 3, 2025",משרד התחבורה
2835,נתיבי ישראל,187.896347, ,6504,187.896347,"רבעון 3, 2025",משרד התחבורה
2836,שיכון ובינוי - נת,1849.961976, ,7111,1849.961976,"רבעון 3, 2025",משרד התחבורה
2837,נתיבי ישראל,3113.071029, ,700,3113.071029,"רבעון 3, 2025",משרד התחבורה
2838,נתיבי ישראל,6594.447327, ,672,6594.447327,"רבעון 3, 2025",משרד התחבורה
2839,נתיבי ישראל,754.007393,CC03,0,754.007393,"רבעון 3, 2025",משרד התחבורה
2840,שיכון ובינוי - נת,127.423549,BS05,0,127.423549,"רבעון 3, 2025",משרד התחבורה
2841,נתיבי ישראל,1109.845817, ,6536,1109.845817,"רבעון 3, 2025",משרד התחבורה
2842,נתיבי ישראל,753.535108,OA04,0,753.535108,"רבעון 3, 2025",משרד התחבורה
2843,נתיבי ישראל,81.336633, ,6506,81.336633,"רבעון 3, 2025",משרד התחבורה
2844,שיכון ובינוי - נת,1971.100309, ,650,1971.100309,"רבעון 3, 2025",משרד התחבורה
2845,נתיבי ישראל,464.503408, ,6605,464.503408,"רבעון 3, 2025",משרד התחבורה
2846,נתיבי ישראל,79.920910, ,7115,79.920910,"רבעון 3, 2025",משרד התחבורה
2847,נתיבי ישראל,949.518736, ,7931,949.518736,"רבעון 3, 2025",משרד התחבורה
2848,שיכון ובינוי - נת,2569.867357, ,581,2569.867357,"רבעון 3, 2025",משרד התחבורה
2849,שיכון ובינוי - נת,1069.257263,BS01,0,1069.257263,"רבעון 3, 2025",משרד התחבורה
2850,נתיבי ישראל,1360.321272, ,7723,1360.321272,"רבעון 3, 2025",משרד התחבורה
2851,נתיבי ישראל,2632.123391, ,6952,2632.123391,"רבעון 3, 2025",משרד התחבורה
2852,נתיבי ישראל,740.254916,CC06,0,740.254916,"רבעון 3, 2025",משרד התחבורה
2853,נתיבי ישראל,5916.749978, ,6535,5916.749978,"רבעון 3, 2025",משרד התחבורה
2854,נתיבי ישראל,302.867468, ,7541,302.867468,"רבעון 3, 2025",משרד התחבורה
2855,נתיבי ישראל,2054.359269,DE03,0,2054.359269,"רבעון 3, 2025",משרד התחבורה
2856,נתיבי ישראל,69.737248,AT07,0,69.737248,"רבעון 3, 2025",משרד התחבורה
2857,נתיבי ישראל,743.245727,OL05,0,743.245727,"רבעון 3, 2025",משרד התחבורה
2858,נתיבי ישראל,237.575787,MV06,0,237.575787,"רבעון 3, 2025",משרד התחבורה
2859,נתיבי ישראל,202.982459,SN07,0,202.982459,"רבעון 3, 2025",משרד התחבורה
2860,נתיבי ישראל,912.268199,YS05,0,912.268199,"רבעון 3, 2025",משרד התחבורה
2861,נתיבי ישראל,344.937931,KY04,0,344.937931,"רבעון 3, 2025",משרד התחבורה
2862,נתיבי ישראל,1705.045514,MV01,0,1705.045514,"רבעון 3, 2025",משרד התחבורה
2863,נתיבי ישראל,588.729223, ,7220,588.729223,"רבעון 3, 2025",משרד התחבורה
2864,נתיבי ישראל,483.422396, ,581,483.422396,"רבעון 3, 2025",משרד התחבורה
2865,נתיבי ישראל,643.556907, ,7917,643.556907,"רבעון 3, 2025",משרד התחבורה
2866,נתיבי ישראל,1041.973761, ,8056,1041.973761,"רבעון 3, 2025",משרד התחבורה
2867,נתיבי ישראל,2638.890968, ,7269,2638.890968,"רבעון 3, 2025",משרד התחבורה
2868,נתיבי ישראל,436.413608, ,7027,436.413608,"רבעון 3, 2025",משרד התחבורה
2869,נתיבי ישראל,1587.298657, ,7621,1587.298657,"רבעון 3, 2025",משרד התחבורה
2870,נתיבי ישראל,280.816538, ,7265,280.816538,"רבעון 3, 2025",משרד התחבורה
2871,נתיבי ישראל,314.047736, ,7224,314.047736,"רבעון 3, 2025",משרד התחבורה
2872,נתיבי ישראל,506.722935, ,7542,506.722935,"רבעון 3, 2025",משרד התחבורה
2873,נתיבי ישראל,2057.603144, ,7013,2057.603144,"רבעון 3, 2025",משרד התחבורה
2874,נתיבי ישראל,570.932488,LL01,0,570.932488,"רבעון 3, 2025",משרד התחבורה
2875,נתיבי ישראל,23574.526730, ,805,23574.526730,"רבעון 3, 2025",משרד התחבורה
2876,נתיבי ישראל,979.377123, ,6532,979.377123,"רבעון 3, 2025",משרד התחבורה
2877,נתיבי ישראל,532.971401,OS04,0,532.971401,"רבעון 3, 2025",משרד התחבורה
2878,נתיבי ישראל,411.855182,MT02,0,411.855182,"רבעון 3, 2025",משרד התחבורה
2879,נתיבי ישראל,1163.819625, ,8054,1163.819625,"רבעון 3, 2025",משרד התחבורה
2880,נתיבי ישראל,540.309558,CC02,0,540.309558,"רבעון 3, 2025",משרד התחבורה
2881,נתיבי ישראל,1688.059907, ,6607,1688.059907,"רבעון 3, 2025",משרד התחבורה
2882,שיכון ובינוי - נת,1388.951445, ,5923,1388.951445,"רבעון 3, 2025",משרד התחבורה
2883,נתיבי ישראל,517.621019, ,7215,517.621019,"רבעון 3, 2025",משרד התחבורה
2884,נתיבי ישראל,816.057973,AT01,0,816.057973,"רבעון 3, 2025",משרד התחבורה
2885,נתיבי ישראל,8940.042492, ,781,8940.042492,"רבעון 3, 2025",משרד התחבורה
2886,שיכון ובינוי - נת,1330.011602, ,6502,1330.011602,"רבעון 3, 2025",משרד התחבורה
2887,נתיבי ישראל,634.925819,MV04,0,634.925819,"רבעון 3, 2025",משרד התחבורה
2888,נתיבי ישראל,104.310940, ,7577,104.310940,"רבעון 3, 2025",משרד התחבורה
2889,נתיבי ישראל,203.781120,SE02,0,203.781120,"רבעון 3, 2025",משרד התחבורה
2890,נתיבי ישראל,18.068533, ,7021,18.068533,"רבעון 3, 2025",משרד התחבורה
2891,נתיבי ישראל,1549.956247,DE02,0,1549.956247,"רבעון 3, 2025",משרד התחבורה
2892,נתיבי ישראל,54.850254, ,7954,54.850254,"רבעון 3, 2025",משרד התחבורה
2893,נתיבי ישראל,158.466932, ,7226,158.466932,"רבעון 3, 2025",משרד התחבורה
2894,נתיבי ישראל,1560.393743, ,8041,1560.393743,"רבעון 3, 2025",משרד התחבורה
2895,שיכון ובינוי - נת,319.004020, ,7013,319.004020,"רבעון 3, 2025",משרד התחבורה
2896,נתיבי ישראל,287.461216, ,8058,287.461216,"רבעון 3, 2025",משרד התחבורה
2897,נתיבי ישראל,487.782308,ZH03,0,487.782308,"רבעון 3, 2025",משרד התחבורה
2898,שיכון ובינוי - נת,1115.634304, ,6503,1115.634304,"רבעון 3, 2025",משרד התחבורה
2899,שיכון ובינוי - נת,23.091772, ,7022,23.091772,"רבעון 3, 2025",משרד התחבורה
2900,נתיבי ישראל,230.071213, ,6955,230.071213,"רבעון 3, 2025",משרד התחבורה
2901,נתיבי ישראל,68.830374, ,6521,68.830374,"רבעון 3, 2025",משרד התחבורה
2902,נתיבי ישראל,723.054006,SE01,0,723.054006,"רבעון 3, 2025",משרד התחבורה
2903,נתיבי ישראל,1365.299959, ,7222,1365.299959,"רבעון 3, 2025",משרד התחבורה
2904,נתיבי ישראל,252.121771, ,6956,252.121771,"רבעון 3, 2025",משרד התחבורה
2905,נתיבי ישראל,1187.817381, ,6537,1187.817382,"רבעון 3, 2025",משרד התחבורה
2906,נתיבי ישראל,564.467483, ,7355,564.467483,"רבעון 3, 2025",משרד התחבורה
2907,שיכון ובינוי - נת,54.843239, ,6959,54.843239,"רבעון 3, 2025",משרד התחבורה
2908,נתיבי ישראל,2702.970158, ,7933,2702.970158,"רבעון 3, 2025",משרד התחבורה
2909,נתיבי ישראל,4096.570713, ,7540,4096.570713,"רבעון 3, 2025",משרד התחבורה
2910,נתיבי ישראל,5517.680450, ,7626,5517.680450,"רבעון 3, 2025",משרד התחבורה
2911,נתיבי ישראל,8337.628694, ,754,8337.628694,"רבעון 3, 2025",משרד התחבורה
2912,נתיבי ישראל,1056.545235, ,6533,1056.545235,"רבעון 3, 2025",משרד התחבורה
2913,נתיבי ישראל,310.455501,SE04,0,310.455501,"רבעון 3, 2025",משרד התחבורה
2914,נתיבי ישראל,839.721715, ,581,839.721715,"רבעון 3, 2025",משרד התחבורה
2915,נתיבי ישראל,1395.616081, ,7935,1395.616081,"רבעון 3, 2025",משרד התחבורה
2916,נתיבי ישראל,395.191014,KY03,7224,395.191014,"רבעון 3, 2025",משרד התחבורה
2917,נתיבי ישראל,9153.563170, ,721,9153.563170,"רבעון 3, 2025",משרד התחבורה
2918,נתיבי ישראל,638.709224,ZH02,0,638.709224,"רבעון 3, 2025",משרד התחבורה
2919,נתיבי ישראל,121.334146,KY05,0,121.334146,"רבעון 3, 2025",משרד התחבורה
2920,חוצה ישראל,882.838861,SO04,0,882.838861,"רבעון 3, 2025",משרד התחבורה
2921,שיכון ובינוי - נת,10273.427510, ,672,10273.427510,"רבעון 3, 2025",משרד התחבורה
2922,שיכון ובינוי - נת,89.271544, ,66,89.271544,"רבעון 3, 2025",משרד התחבורה
2923,נתיבי ישראל,1577.833920, ,5856,1577.833920,"רבעון 3, 2025",משרד התחבורה
2924,נתיבי ישראל,3286.782286, ,6517,3286.782286,"רבעון 3, 2025",משרד התחבורה
2925,נתיבי ישראל,9478.604409, ,672,9478.604409,"רבעון 3, 2025",משרד התחבורה
2926,נתיבי ישראל,822.581484,OA01,0,822.581484,"רבעון 3, 2025",משרד התחבורה
2927,נתיבי ישראל,2649.107207, ,7021,2649.107206,"רבעון 3, 2025",משרד התחבורה
2928,נתיבי ישראל,543.645186, ,7224,543.645186,"רבעון 3, 2025",משרד התחבורה
2929,נתיבי ישראל,130.150306, ,7704,130.150306,"רבעון 3, 2025",משרד התחבורה
2930,נתיבי ישראל,6010.199081, ,7212,6010.199081,"רבעון 3, 2025",משרד התחבורה
2931,שיכון ובינוי - נת,2421.813096, ,7011,2421.813096,"רבעון 3, 2025",משרד התחבורה
2932,שיכון ובינוי - נת,17893.679868, ,66,17893.679867,"רבעון 3, 2025",משרד התחבורה
2933,נתיבי ישראל,1243.620072, ,7705,1243.620072,"רבעון 3, 2025",משרד התחבורה
2934,שיכון ובינוי - נת,1578.933854, ,6533,1578.933854,"רבעון 3, 2025",משרד התחבורה
2935,נתיבי ישראל,1279.624304,NZ02,0,1279.624304,"רבעון 3, 2025",משרד התחבורה
2936,נתיבי ישראל,337.689812,NZ04,0,337.689812,"רבעון 3, 2025",משרד התחבורה
2937,נתיבי ישראל,622.301742,NZ01,0,622.301742,"רבעון 3, 2025",משרד התחבורה
2938,נתיבי ישראל,705.966920,NZ03,0,705.966920,"רבעון 3, 2025",משרד התחבורה
2939,נתיבי ישראל,1107.145207, ,7253,1107.145207,"רבעון 3, 2025",משרד התחבורה
2940,שיכון ובינוי - נת,678.419458,MN01,0,678.419458,"רבעון 3, 2025",משרד התחבורה
2941,שיכון ובינוי - נת,383.559164, ,672,383.559164,"רבעון 3, 2025",משרד התחבורה
2942,נתיבי ישראל,129.462662,EL04,0,129.462662,"רבעון 3, 2025",משרד התחבורה
2943,נתיבי ישראל,212.288303,EL03,0,212.288303,"רבעון 3, 2025",משרד התחבורה
2944,נתיבי ישראל,167.242632,EL02,0,167.242632,"רבעון 3, 2025",משרד התחבורה
2945,נתיבי ישראל,228.135865,EL01,0,228.135865,"רבעון 3, 2025",משרד התחבורה
2946,נתיבי ישראל,242.901178, ,672,242.901178,"רבעון 3, 2025",משרד התחבורה
2947,שיכון ובינוי - נת,251.186177,TC09,0,251.186177,"רבעון 3, 2025",משרד התחבורה
2948,שיכון ובינוי - נת,754.569266, ,67,754.569266,"רבעון 3, 2025",משרד התחבורה
2949,נתיבי ישראל,163.748917, ,722,163.748917,"רבעון 3, 2025",משרד התחבורה
2950,שיכון ובינוי - נת,243.543031, ,66,243.543031,"רבעון 3, 2025",משרד התחבורה
2951,נתיבי ישראל,159.025959, ,7702,159.025959,"רבעון 3, 2025",משרד התחבורה
2952,חוצה ישראל,1443.634882, ,70,1443.634882,"רבעון 3, 2025",משרד התחבורה
2953,נתיבי ישראל,11185.987921, ,77,11185.987921,"רבעון 3, 2025",משרד התחבורה
2954,נתיבי ישראל,9592.938050, ,79,9592.938050,"רבעון 3, 2025",משרד התחבורה
2955,נתיבי ישראל,409.315420, ,7626,409.315420,"רבעון 3, 2025",משרד התחבורה
2956,נתיבי ישראל,5642.338461, ,75,5642.338461,"רבעון 3, 2025",משרד התחבורה
2957,נתיבי ישראל,12403.592174, ,70,12403.592174,"רבעון 3, 2025",משרד התחבורה
2958,נתיבי ישראל,238.090874, ,784,238.090874,"רבעון 3, 2025",משרד התחבורה
2959,נתיבי ישראל,1087.873683, ,7915,1087.873683,"רבעון 3, 2025",משרד התחבורה
2960,נתיבי ישראל,755.033970,YF01,0,755.033970,"רבעון 3, 2025",משרד התחבורה
2961,נתיבי ישראל,367.185724,YF02,0,367.185724,"רבעון 3, 2025",משרד התחבורה
2962,נתיבי ישראל,525.852807,YF03,0,525.852807,"רבעון 3, 2025",משרד התחבורה
2963,נתיבי ישראל,968.200979,YF04,0,968.200979,"רבעון 3, 2025",משרד התחבורה
2964,נתיבי ישראל,247.138541,YF06,0,247.138542,"רבעון 3, 2025",משרד התחבורה
2965,נתיבי ישראל,168.330903,YF07,0,168.330903,"רבעון 3, 2025",משרד התחבורה
2966,נתיבי ישראל,289.647132, ,7849,289.647132,"רבעון 3, 2025",משרד התחבורה
2967,נתיבי ישראל,660.481545, ,7926,660.481545,"רבעון 3, 2025",משרד התחבורה
2968,נתיבי ישראל,321.198890,TP01,0,321.198890,"רבעון 3, 2025",משרד התחבורה
2969,נתיבי ישראל,159.889479,TP02,0,159.889479,"רבעון 3, 2025",משרד התחבורה
2970,נתיבי ישראל,25083.454846, ,784,25083.454846,"רבעון 3, 2025",משרד התחבורה
2971,נתיבי ישראל,1713.271692,YF05,784,1713.271692,"רבעון 3, 2025",משרד התחבורה
2972,שיכון ובינוי - נת,2921.608610, ,6403,2921.608610,"רבעון 3, 2025",משרד התחבורה
2973,נתיבי ישראל,215.178750,OR01,0,215.178750,"רבעון 3, 2025",משרד התחבורה
2974,נתיבי ישראל,335.111895,OR02,0,335.111895,"רבעון 3, 2025",משרד התחבורה
2975,נתיבי ישראל,292.392327,OR03,0,292.392327,"רבעון 3, 2025",משרד התחבורה
2976,נתיבי ישראל,31971.169138, ,40,31971.169138,"רבעון 3, 2025",משרד התחבורה
2977,נתיבי ישראל,6808.390469, ,611,6808.390469,"רבעון 3, 2025",משרד התחבורה
2978,נתיבי ישראל,442.154282, ,1535,442.154282,"רבעון 3, 2025",משרד התחבורה
2979,נתיבי ישראל,1480.675842, ,6354,1480.675842,"רבעון 3, 2025",משרד התחבורה
2980,נתיבי ישראל,155.174831,CM05,0,155.174831,"רבעון 3, 2025",משרד התחבורה
2981,נתיבי ישראל,646.051212,CM01,0,646.051212,"רבעון 3, 2025",משרד התחבורה
2982,נתיבי ישראל,525.919406,CM04,0,525.919406,"רבעון 3, 2025",משרד התחבורה
2983,נתיבי ישראל,528.775451,CM03,0,528.775451,"רבעון 3, 2025",משרד התחבורה
2984,נתיבי ישראל,653.606219,CM02,0,653.606219,"רבעון 3, 2025",משרד התחבורה
2985,נתיבי ישראל,17224.508796, ,3199,17224.508796,"רבעון 3, 2025",משרד התחבורה
2986,נתיבי ישראל,3179.154716, ,4370,3179.154716,"רבעון 3, 2025",משרד התחבורה
2987,נתיבי ישראל,1118.746148, ,1,1118.746148,"רבעון 3, 2025",משרד התחבורה
2988,נתיבי ישראל,26699.110145, ,1,26699.110145,"רבעון 3, 2025",משרד התחבורה
2989,נתיבי ישראל,3118.731968, ,3965,3118.731968,"רבעון 3, 2025",משרד התחבורה
2990,נתיבי ישראל,1586.770888, ,2414,1586.770888,"רבעון 3, 2025",משרד התחבורה
2991,נתיבי ישראל,203.595957, ,4447,203.595957,"רבעון 3, 2025",משרד התחבורה
2992,נתיבי ישראל,175.387566, ,4251,175.387566,"רבעון 3, 2025",משרד התחבורה
2993,נתיבי ישראל,205.522288, ,4231,205.522288,"רבעון 3, 2025",משרד התחבורה
2994,נתיבי ישראל,112.491110, ,5312,112.491110,"רבעון 3, 2025",משרד התחבורה
2995,נתיבי ישראל,3679.419503, ,5503,3679.419503,"רבעון 3, 2025",משרד התחבורה
2996,נתיבי ישראל,236.989618, ,5510,236.989618,"רבעון 3, 2025",משרד התחבורה
2997,נתיבי ישראל,3264.402942, ,5531,3264.402942,"רבעון 3, 2025",משרד התחבורה
2998,נתיבי ישראל,2121.171035, ,3921,2121.171035,"רבעון 3, 2025",משרד התחבורה
2999,נתיבי ישראל,949.563997, ,4248,949.563997,"רבעון 3, 2025",משרד התחבורה
3000,נתיבי ישראל,221.858014, ,4197,221.858014,"רבעון 3, 2025",משרד התחבורה
3001,נתיבי ישראל,901.322174, ,2108,901.322174,"רבעון 3, 2025",משרד התחבורה
3002,נתיבי ישראל,11535.097808, ,2110,11535.097808,"רבעון 3, 2025",משרד התחבורה
3003,נתיבי ישראל,921.805850, ,7275,921.805850,"רבעון 3, 2025",משרד התחבורה
3004,נתיבי ישראל,6383.951495, ,3703,6383.951495,"רבעון 3, 2025",משרד התחבורה
3005,נתיבי ישראל,1500.082139, ,781,1500.082139,"רבעון 3, 2025",משרד התחבורה
3006,נתיבי ישראל,430.999954, ,3976,430.999954,"רבעון 3, 2025",משרד התחבורה
3007,נתיבי ישראל,330.150438, ,4121,330.150438,"רבעון 3, 2025",משרד התחבורה
3008,נתיבי ישראל,603.964159, ,4835,603.964159,"רבעון 3, 2025",משרד התחבורה
3009,נתיבי ישראל,2101.325314, ,60,2101.325314,"רבעון 3, 2025",משרד התחבורה
3010,נתיבי ישראל,653.649393,BT02,0,653.649393,"רבעון 3, 2025",משרד התחבורה
3011,נתיבי ישראל,633.886615,BT01,0,633.886615,"רבעון 3, 2025",משרד התחבורה
3012,נתיבי ישראל,34.366475,BT05,0,34.366475,"רבעון 3, 2025",משרד התחבורה
3013,נתיבי ישראל,591.599440,BT03,0,591.599440,"רבעון 3, 2025",משרד התחבורה
3014,נתיבי ישראל,540.758048,BT04,0,540.758048,"רבעון 3, 2025",משרד התחבורה
3015,נתיבי ישראל,1805.488878, ,5522,1805.488878,"רבעון 3, 2025",משרד התחבורה
3016,נתיבי ישראל,27.204027, ,781,27.204027,"רבעון 3, 2025",משרד התחבורה
3017,נתיבי ישראל,1821.014743, ,75,1821.014743,"רבעון 3, 2025",משרד התחבורה
3018,נתיבי ישראל,1590.377356, ,444,1590.377356,"רבעון 3, 2025",משרד התחבורה
3019,נתיבי ישראל,373.837861, ,44,373.837861,"רבעון 3, 2025",משרד התחבורה
3020,נתיבי ישראל,446.682201, ,483,446.682201,"רבעון 3, 2025",משרד התחבורה
3021,נתיבי ישראל,751.916016, ,44,751.916016,"רבעון 3, 2025",משרד התחבורה
3022,דרך ארץ,24.272213,NS10,0,24.272213,"רבעון 3, 2025",משרד התחבורה
3023,דרך ארץ,5.200505,NS4A,0,5.200505,"רבעון 3, 2025",משרד התחבורה
3024,נתע,54.491207, ,0,54.491207,"רבעון 3, 2025",משרד התחבורה
3025,נתע,35.327178, ,0,35.327178,"רבעון 3, 2025",משרד התחבורה
3026,נתע,31.068277, ,0,31.068277,"רבעון 3, 2025",משרד התחבורה
3027,נתע,149.398296, ,0,149.398296,"רבעון 3, 2025",משרד התחבורה
3028,נתע,303.945194, ,0,303.945194,"רבעון 3, 2025",משרד התחבורה
3029,נתע,55.081719, ,0,55.081719,"רבעון 3, 2025",משרד התחבורה
3030,נתע,136.937803, ,0,136.937803,"רבעון 3, 2025",משרד התחבורה
3031,נתע,2.048922, ,0,2.048922,"רבעון 3, 2025",משרד התחבורה
3032,נתע,0.000000, ,0,0.000000,"רבעון 3, 2025",משרד התחבורה
3033,נתע,0.000000, ,0,0.000000,"רבעון 3, 2025",משרד התחבורה
3034,נתע,54.409723, ,0,54.409723,"רבעון 3, 2025",משרד התחבורה
3035,נתע,76.685059, ,0,76.685059,"רבעון 3, 2025",משרד התחבורה
3036,נתע,60.645322, ,0,60.645322,"רבעון 3, 2025",משרד התחבורה
3037,נתע,200.215175, ,0,200.215175,"רבעון 3, 2025",משרד התחבורה
3038,נתע,52.770134, ,0,52.770134,"רבעון 3, 2025",משרד התחבורה
3039,נתע,20.168927, ,0,20.168927,"רבעון 3, 2025",משרד התחבורה
3040,נתיבי ישראל,130.850891,GH01,0,130.850891,"רבעון 3, 2025",משרד התחבורה
3041,נתיבי ישראל,117.225643,GH01,0,117.225643,"רבעון 3, 2025",משרד התחבורה
3042,נתיבי ישראל,178.677563,GH02,0,178.677563,"רבעון 3, 2025",משרד התחבורה
3043,נתע,57.795842, ,0,57.795842,"רבעון 3, 2025",משרד התחבורה
3044,נתע,12.978845, ,0,12.978845,"רבעון 3, 2025",משרד התחבורה
3045,נתע,47.882378, ,0,47.882378,"רבעון 3, 2025",משרד התחבורה
3046,נתע,0.000000, ,0,0.000000,"רבעון 3, 2025",משרד התחבורה
3047,נתע,0.000000, ,0,0.000000,"רבעון 3, 2025",משרד התחבורה
3048,נתע,391.696196, ,0,391.696196,"רבעון 3, 2025",משרד התחבורה
3049,נתע,0.000000, ,0,0.000000,"רבעון 3, 2025",משרד התחבורה
3050,נתע,0.000000, ,0,0.000000,"רבעון 3, 2025",משרד התחבורה
3051,נתע,83.803745, ,0,83.803745,"רבעון 3, 2025",משרד התחבורה
3052,נתע,59.045702, ,0,59.045702,"רבעון 3, 2025",משרד התחבורה
3053,נתע,227.335933, ,0,227.335933,"רבעון 3, 2025",משרד התחבורה
3054,נתע,54.456088, ,0,54.456088,"רבעון 3, 2025",משרד התחבורה
3055,נתע,209.059460, ,0,209.059460,"רבעון 3, 2025",משרד התחבורה
3056,נתע,53.392983, ,0,53.392983,"רבעון 3, 2025",משרד התחבורה
3057,נתע,50.436602, ,0,50.436602,"רבעון 3, 2025",משרד התחבורה
3058,נתע,153.268115, ,0,153.268115,"רבעון 3, 2025",משרד התחבורה
3059,נתע,47.126379, ,0,47.126379,"רבעון 3, 2025",משרד התחבורה
3060,נתע,53.495365, ,0,53.495365,"רבעון 3, 2025",משרד התחבורה
3061,נתע,228.616202, ,0,228.616202,"רבעון 3, 2025",משרד התחבורה
3062,נתיבי ישראל,169.463431,GH05,0,169.463431,"רבעון 3, 2025",משרד התחבורה
3063,נתע,335.123207, ,0,335.123207,"רבעון 3, 2025",משרד התחבורה
3064,נתע,60.789926, ,0,60.789926,"רבעון 3, 2025",משרד התחבורה
3065,נתע,0.000000, ,0,0.000000,"רבעון 3, 2025",משרד התחבורה
3066,נתע,0.000000, ,0,0.000000,"רבעון 3, 2025",משרד התחבורה
3067,נתע,0.000000, ,0,0.000000,"רבעון 3, 2025",משרד התחבורה
3068,נתע,0.000000, ,0,0.000000,"רבעון 3, 2025",משרד התחבורה
3069,נתע,0.000000, ,0,0.000000,"רבעון 3, 2025",משרד התחבורה
3070,נתע,0.000000, ,0,0.000000,"רבעון 3, 2025",משרד התחבורה
3071,נתע,0.000000, ,0,0.000000,"רבעון 3, 2025",משרד התחבורה
3072,נתע,329.879299, ,0,329.879299,"רבעון 3, 2025",משרד התחבורה
3073,נתע,54.914958, ,0,54.914958,"רבעון 3, 2025",משרד התחבורה
3074,נתע,58.908849, ,0,58.908849,"רבעון 3, 2025",משרד התחבורה
3075,נתע,239.958976, ,0,239.958976,"רבעון 3, 2025",משרד התחבורה
3076,נתע,45.401906, ,0,45.401906,"רבעון 3, 2025",משרד התחבורה
3077,נתע,48.091136, ,0,48.091136,"רבעון 3, 2025",משרד התחבורה
3078,נתע,243.413630, ,0,243.413630,"רבעון 3, 2025",משרד התחבורה
3079,נתע,27.558839, ,0,27.558839,"רבעון 3, 2025",משרד התחבורה
3080,נתע,41.256966, ,0,41.256966,"רבעון 3, 2025",משרד התחבורה
3081,נתע,272.817147, ,0,272.817147,"רבעון 3, 2025",משרד התחבורה
3082,נתע,48.944857, ,0,48.944857,"רבעון 3, 2025",משרד התחבורה
3083,נתע,0.000000, ,0,0.000000,"רבעון 3, 2025",משרד התחבורה
3084,נתע,323.349737, ,0,323.349737,"רבעון 3, 2025",משרד התחבורה
3085,נתע,128.860071, ,0,128.860071,"רבעון 3, 2025",משרד התחבורה
3086,נתע,131.136276, ,0,131.136276,"רבעון 3, 2025",משרד התחבורה
3087,נתע,35.262692, ,0,35.262692,"רבעון 3, 2025",משרד התחבורה
3088,נתע,7.717444, ,0,7.717444,"רבעון 3, 2025",משרד התחבורה
3089,נתע,140.426381,דרך מנחם בגין,0,140.426381,"רבעון 3, 2025",משרד התחבורה
3090,נתע,0.000000, ,0,0.000000,"רבעון 3, 2025",משרד התחבורה
3091,נתע,46.740374, ,0,46.740374,"רבעון 3, 2025",משרד התחבורה
3092,נתע,161.240804,דרך מנחם בגין,0,161.240804,"רבעון 3, 2025",משרד התחבורה
3093,נתע,56.291259, ,0,56.291259,"רבעון 3, 2025",משרד התחבורה
3094,נתע,178.288650,הרב ניסנבאום,0,178.288650,"רבעון 3, 2025",משרד התחבורה
3095,נתע,54.559142, ,0,54.559142,"רבעון 3, 2025",משרד התחבורה
3096,נתע,48.957582, ,0,48.957582,"רבעון 3, 2025",משרד התחבורה
3097,נתע,0.000000, ,0,0.000000,"רבעון 3, 2025",משרד התחבורה
3098,נתע,49.394875, ,0,49.394875,"רבעון 3, 2025",משרד התחבורה
3099,נתע,349.751278,הרב ניסנבאום,0,349.751278,"רבעון 3, 2025",משרד התחבורה
3100,נתע,373.866470,הרב ניסנבאום,0,373.866470,"רבעון 3, 2025",משרד התחבורה
3101,נתע,47.558935, ,0,47.558935,"רבעון 3, 2025",משרד התחבורה
3102,נתע,52.449241, ,0,52.449241,"רבעון 3, 2025",משרד התחבורה
3103,נתע,254.682378,הרב ניסנבאום,0,254.682378,"רבעון 3, 2025",משרד התחבורה
3104,נתע,44.947849, ,0,44.947849,"רבעון 3, 2025",משרד התחבורה
3105,נתע,194.456558,הרב ניסנבאום,0,194.456558,"רבעון 3, 2025",משרד התחבורה
3106,נתע,52.436097,יוספטל,0,52.436097,"רבעון 3, 2025",משרד התחבורה
3107,נתע,72.830805,יוספטל,0,72.830805,"רבעון 3, 2025",משרד התחבורה
3108,נתע,20.681838,יוספטל,0,20.681838,"רבעון 3, 2025",משרד התחבורה
3109,נתע,90.457228,יוספטל,0,90.457228,"רבעון 3, 2025",משרד התחבורה
3110,נתע,3.809719,יוספטל,0,3.809719,"רבעון 3, 2025",משרד התחבורה
3111,נתע,0.000000,יוספטל,0,0.000000,"רבעון 3, 2025",משרד התחבורה
3112,נתע,0.000000,יוספטל,0,0.000000,"רבעון 3, 2025",משרד התחבורה
3113,נתע,0.000000,יוספטל,0,0.000000,"רבעון 3, 2025",משרד התחבורה
3114,נתע,66.025798,יוספטל,0,66.025798,"רבעון 3, 2025",משרד התחבורה
3115,נתע,48.435161, ,0,48.435161,"רבעון 3, 2025",משרד התחבורה
3116,נתע,37.771987, ,0,37.771987,"רבעון 3, 2025",משרד התחבורה
3117,נתע,155.334971,יוספטל,0,155.334971,"רבעון 3, 2025",משרד התחבורה
3118,נתע,27.262215, ,0,27.262215,"רבעון 3, 2025",משרד התחבורה
3119,נתע,45.825328, ,0,45.825328,"רבעון 3, 2025",משרד התחבורה
3120,נתע,0.000000, ,0,0.000000,"רבעון 3, 2025",משרד התחבורה
3121,נתע,0.000000, ,0,0.000000,"רבעון 3, 2025",משרד התחבורה
3122,נתע,95.049619,יוספטל,0,95.049619,"רבעון 3, 2025",משרד התחבורה
3123,נתע,53.073014, ,0,53.073014,"רבעון 3, 2025",משרד התחבורה
3124,נתע,52.760032, ,0,52.760032,"רבעון 3, 2025",משרד התחבורה
3125,נתע,380.344164,יוספטל,0,380.344164,"רבעון 3, 2025",משרד התחבורה
3126,נתע,50.241057, ,0,50.241057,"רבעון 3, 2025",משרד התחבורה
3127,נתע,180.606909,יוספטל,0,180.606909,"רבעון 3, 2025",משרד התחבורה
3128,נתע,39.764387, ,0,39.764387,"רבעון 3, 2025",משרד התחבורה
3129,נתע,53.393971,יוספטל,0,53.393971,"רבעון 3, 2025",משרד התחבורה
3130,נתע,47.234658, ,0,47.234658,"רבעון 3, 2025",משרד התחבורה
3131,נתע,158.887355, הרצל,0,158.887355,"רבעון 3, 2025",משרד התחבורה
3132,נתע,0.406412, ,0,0.406412,"רבעון 3, 2025",משרד התחבורה
3133,נתע,2.148343, ,0,2.148343,"רבעון 3, 2025",משרד התחבורה
3134,נתע,59.819869, ,0,59.819869,"רבעון 3, 2025",משרד התחבורה
3135,נתע,0.000000, ,0,0.000000,"רבעון 3, 2025",משרד התחבורה
3136,נתע,39.783271, ,0,39.783271,"רבעון 3, 2025",משרד התחבורה
3137,נתע,314.044312, הרצל,0,314.044312,"רבעון 3, 2025",משרד התחבורה
3138,נתע,38.152695, הרצל,0,38.152695,"רבעון 3, 2025",משרד התחבורה
3139,נתע,43.207479, ,0,43.207479,"רבעון 3, 2025",משרד התחבורה
3140,נתע,47.883354, ,0,47.883354,"רבעון 3, 2025",משרד התחבורה
3141,נתע,228.977480, הרצל,0,228.977480,"רבעון 3, 2025",משרד התחבורה
3142,נתע,42.599838, ,0,42.599838,"רבעון 3, 2025",משרד התחבורה
3143,נתע,45.936933,שד רוטשילד,0,45.936933,"רבעון 3, 2025",משרד התחבורה
3144,נתע,224.605102, הרצל,0,224.605102,"רבעון 3, 2025",משרד התחבורה
3145,נתע,30.981377, ,0,30.981377,"רבעון 3, 2025",משרד התחבורה
3146,נתע,102.038524,שד רוטשילד,0,102.038524,"רבעון 3, 2025",משרד התחבורה
3147,נתע,6.539524, ,0,6.539524,"רבעון 3, 2025",משרד התחבורה
3148,נתע,95.786543,שד רוטשילד,0,95.786543,"רבעון 3, 2025",משרד התחבורה
3149,נתע,53.007439, ,0,53.007439,"רבעון 3, 2025",משרד התחבורה
3150,נתע,6.756104, ,0,6.756104,"רבעון 3, 2025",משרד התחבורה
3151,נתע,44.733625, ,0,44.733625,"רבעון 3, 2025",משרד התחבורה
3152,נתע,270.018417,שד רוטשילד,0,270.018417,"רבעון 3, 2025",משרד התחבורה
3153,נתע,108.225979,שד העצמאות,0,108.225979,"רבעון 3, 2025",משרד התחבורה
3154,נתע,55.643399,שד רוטשילד,0,55.643399,"רבעון 3, 2025",משרד התחבורה
3155,נתע,52.435394,שד רוטשילד,0,52.435394,"רבעון 3, 2025",משרד התחבורה
3156,נתע,64.085015,שד העצמאות,0,64.085015,"רבעון 3, 2025",משרד התחבורה
3157,נתע,12.025692,שד העצמאות,0,12.025692,"רבעון 3, 2025",משרד התחבורה
3158,נתע,56.251459,שד העצמאות,0,56.251459,"רבעון 3, 2025",משרד התחבורה
3159,נתע,142.994812,שד העצמאות,0,142.994812,"רבעון 3, 2025",משרד התחבורה
3160,נתע,53.375345, ,0,53.375345,"רבעון 3, 2025",משרד התחבורה
3161,נתיבי ישראל,327.020444, ,752,327.020444,"רבעון 3, 2025",משרד התחבורה
3162,נתיבי ישראל,21.206187, ,752,21.206187,"רבעון 3, 2025",משרד התחבורה
3163,נתיבי ישראל,130.111577, ,752,130.111577,"רבעון 3, 2025",משרד התחבורה
3164,נתיבי ישראל,344.587389,YG03,0,344.587389,"רבעון 3, 2025",משרד התחבורה
3165,נתיבי ישראל,20.211225,YG03,0,20.211225,"רבעון 3, 2025",משרד התחבורה
3166,נתיבי ישראל,317.744687,YG06,0,317.744687,"רבעון 3, 2025",משרד התחבורה
3167,נתיבי ישראל,22.498691,YG06,0,22.498691,"רבעון 3, 2025",משרד התחבורה
3168,נתיבי ישראל,60.665466,YG07,0,60.665466,"רבעון 3, 2025",משרד התחבורה
3169,נתיבי ישראל,94.497308,YG08,0,94.497308,"רבעון 3, 2025",משרד התחבורה
3170,נתיבי ישראל,52.207906,YG06,0,52.207906,"רבעון 3, 2025",משרד התחבורה
3171,נתיבי ישראל,56.233751,YG03,0,56.233751,"רבעון 3, 2025",משרד התחבורה
3172,נתיבי ישראל,71.654831,GH03,0,71.654831,"רבעון 3, 2025",משרד התחבורה
3173,נתיבי ישראל,40.898737,GH03,0,40.898737,"רבעון 3, 2025",משרד התחבורה
3174,נתיבי ישראל,19.226640, ,4312,19.226640,"רבעון 3, 2025",משרד התחבורה
3175,נתיבי ישראל,380.734164, ,4312,380.734164,"רבעון 3, 2025",משרד התחבורה
3176,נתיבי ישראל,392.580807, ,4312,392.580807,"רבעון 3, 2025",משרד התחבורה
3177,נתיבי ישראל,99.057339, ,5,99.057339,"רבעון 3, 2025",משרד התחבורה
3178,נתיבי ישראל,135.724828, ,402,135.724828,"רבעון 3, 2025",משרד התחבורה
3179,נתיבי ישראל,3659.546420, ,8510,3659.546420,"רבעון 3, 2025",משרד התחבורה
3180,דרך ארץ,312.965981, ,44,312.965981,"רבעון 3, 2025",משרד התחבורה
3181,נתיבי ישראל,1898.615144, ,2357,1898.615144,"רבעון 3, 2025",משרד התחבורה
3182,נתיבי ישראל,4395.076561, ,16,4395.076561,"רבעון 3, 2025",משרד התחבורה
3183,נתיבי ישראל,262.569674, ,3977,262.569674,"רבעון 3, 2025",משרד התחבורה
3184,נתיבי ישראל,691.687298, ,3977,691.687298,"רבעון 3, 2025",משרד התחבורה
3185,נתיבי ישראל,653.633862,BA01,0,653.633862,"רבעון 3, 2025",משרד התחבורה
3186,נתיבי ישראל,445.996552,BA02,0,445.996552,"רבעון 3, 2025",משרד התחבורה
3187,נתיבי ישראל,276.826573,BA03,0,276.826573,"רבעון 3, 2025",משרד התחבורה
3188,נתיבי ישראל,515.563026,BA04,0,515.563026,"רבעון 3, 2025",משרד התחבורה
3189,נתיבי ישראל,1678.361184,HR01,0,1678.361184,"רבעון 3, 2025",משרד התחבורה
3190,נתיבי ישראל,198.247912,HR02,0,198.247912,"רבעון 3, 2025",משרד התחבורה
3191,נתיבי ישראל,752.029073,HR03,0,752.029073,"רבעון 3, 2025",משרד התחבורה
3192,נתיבי ישראל,1445.864680,HR04,0,1445.864680,"רבעון 3, 2025",משרד התחבורה
3193,נתיבי ישראל,575.443048,HR05,0,575.443048,"רבעון 3, 2025",משרד התחבורה
3194,נתיבי ישראל,886.231419,HR06,0,886.231419,"רבעון 3, 2025",משרד התחבורה
3195,נתיבי ישראל,2105.828530,MO01,16,2105.828530,"רבעון 3, 2025",משרד התחבורה
3196,נתיבי ישראל,366.070246,MO02,0,366.070246,"רבעון 3, 2025",משרד התחבורה
3197,נתיבי ישראל,214.587933,MO03,0,214.587933,"רבעון 3, 2025",משרד התחבורה
3198,נתיבי ישראל,852.407699,MO04 ,16,852.407699,"רבעון 3, 2025",משרד התחבורה
3199,נתיבי ישראל,707.663173,MO05,0,707.663173,"רבעון 3, 2025",משרד התחבורה
3200,נתיבי ישראל,573.533326,MO06,0,573.533326,"רבעון 3, 2025",משרד התחבורה
3201,נתיבי ישראל,155.383872,MO07,0,155.383872,"רבעון 3, 2025",משרד התחבורה
3202,נתיבי ישראל,550.736915,RF01,0,550.736915,"רבעון 3, 2025",משרד התחבורה
3203,נתיבי ישראל,535.299447,RF02,0,535.299447,"רבעון 3, 2025",משרד התחבורה
3204,נתיבי ישראל,148.847803,RF03,0,148.847803,"רבעון 3, 2025",משרד התחבורה
3205,נתיבי ישראל,1069.663403,RF04,0,1069.663403,"רבעון 3, 2025",משרד התחבורה
3206,נתיבי ישראל,402.841880,RF05,0,402.841880,"רבעון 3, 2025",משרד התחבורה
3207,נתיבי ישראל,2332.766441, ,4004,2332.766441,"רבעון 3, 2025",משרד התחבורה
3208,נתיבי ישראל,355.267466, ,4006,355.267466,"רבעון 3, 2025",משרד התחבורה
3209,נתיבי ישראל,2034.743588, ,413,2034.743588,"רבעון 3, 2025",משרד התחבורה
3210,נתיבי ישראל,7071.872674, ,2411,7071.872674,"רבעון 3, 2025",משרד התחבורה
3211,נתיבי ישראל,3983.767242, ,334,3983.767242,"רבעון 3, 2025",משרד התחבורה
3212,נתיבי ישראל,314.744218, ,55,314.744218,"רבעון 3, 2025",משרד התחבורה
3213,נתיבי ישראל,26.079883, ,55,26.079883,"רבעון 3, 2025",משרד התחבורה
3214,נתע,191.361778, ,0,191.361778,"רבעון 3, 2025",משרד התחבורה
3215,נתע,53.597622,שמעון ישראלי,0,53.597622,"רבעון 3, 2025",משרד התחבורה
3216,נתע,52.096734,שמעון ישראלי,0,52.096734,"רבעון 3, 2025",משרד התחבורה
3217,נתע,25.808073,שמעון ישראלי,0,25.808073,"רבעון 3, 2025",משרד התחבורה
3218,נתע,173.000270,עדן,0,173.000270,"רבעון 3, 2025",משרד התחבורה
3219,נתע,60.764722,השר משה שפירא,0,60.764722,"רבעון 3, 2025",משרד התחבורה
3220,נתע,81.996376,מינסטר,0,81.996376,"רבעון 3, 2025",משרד התחבורה
3221,נתע,42.016418,מינסטר,0,42.016418,"רבעון 3, 2025",משרד התחבורה
3222,נתע,41.544760, ,0,41.544760,"רבעון 3, 2025",משרד התחבורה
3223,נתע,85.161000,עדן,0,85.161000,"רבעון 3, 2025",משרד התחבורה
3224,נתע,47.068113,פרופ' חבוט,0,47.068113,"רבעון 3, 2025",משרד התחבורה
3225,נתע,4.500706, ,0,4.500706,"רבעון 3, 2025",משרד התחבורה
3226,נתע,1.095678, ,0,1.095678,"רבעון 3, 2025",משרד התחבורה
3227,נתע,133.826538,העמית יצחק,0,133.826538,"רבעון 3, 2025",משרד התחבורה
3228,נתע,69.156258, ,0,69.156258,"רבעון 3, 2025",משרד התחבורה
3229,נתע,13.545314, ,0,13.545314,"רבעון 3, 2025",משרד התחבורה
3230,נתע,59.524003, ,0,59.524003,"רבעון 3, 2025",משרד התחבורה
3231,נתע,60.912979,כורש,0,60.912979,"רבעון 3, 2025",משרד התחבורה
3232,נתע,88.163963,כורש,0,88.163963,"רבעון 3, 2025",משרד התחבורה
3233,נתע,27.636859,כורש,0,27.636859,"רבעון 3, 2025",משרד התחבורה
3234,נתע,9.719625, ,0,9.719625,"רבעון 3, 2025",משרד התחבורה
3235,נתע,14.198999, ,0,14.198999,"רבעון 3, 2025",משרד התחבורה
3236,נתע,46.946622,עדן,0,46.946622,"רבעון 3, 2025",משרד התחבורה
3237,נתע,22.412843, ,0,22.412843,"רבעון 3, 2025",משרד התחבורה
3238,נתע,7.452591, ,0,7.452591,"רבעון 3, 2025",משרד התחבורה
3239,נתע,16.784656,כורש,0,16.784656,"רבעון 3, 2025",משרד התחבורה
3240,נתע,11.139658, ,0,11.139658,"רבעון 3, 2025",משרד התחבורה
3241,נתע,22.089794, ,0,22.089794,"רבעון 3, 2025",משרד התחבורה
3242,נתע,34.821460,חיל האוויר,0,34.821460,"רבעון 3, 2025",משרד התחבורה
3243,נתע,10.022820, ,0,10.022820,"רבעון 3, 2025",משרד התחבורה
3244,נתע,45.400296,עדן,0,45.400296,"רבעון 3, 2025",משרד התחבורה
3245,נתע,47.094767,ארגמן,0,47.094767,"רבעון 3, 2025",משרד התחבורה
3246,נתע,36.632728,זלמן שז"ר,0,36.632728,"רבעון 3, 2025",משרד התחבורה
3247,נתע,29.023891,יוסף ספיר,0,29.023891,"רבעון 3, 2025",משרד התחבורה
3248,נתע,41.096148,יוסף ספיר,0,41.096148,"רבעון 3, 2025",משרד התחבורה
3249,נתע,18.621890, ,0,18.621890,"רבעון 3, 2025",משרד התחבורה
3250,נתע,9.087657,שמעון ישראלי,0,9.087657,"רבעון 3, 2025",משרד התחבורה
3251,נתע,31.868082,יוסף ספיר,0,31.868082,"רבעון 3, 2025",משרד התחבורה
3252,נתע,32.500220,זלמן שז"ר,0,32.500220,"רבעון 3, 2025",משרד התחבורה
3253,נתע,3.909113,יוסף ספיר,0,3.909113,"רבעון 3, 2025",משרד התחבורה
3254,נתע,9.482459,יוסף ספיר,0,9.482459,"רבעון 3, 2025",משרד התחבורה
3255,נתע,174.955514,מנחם בגין,0,174.955514,"רבעון 3, 2025",משרד התחבורה
3256,נתע,1766.653704,רחבעם זאבי,0,1766.653704,"רבעון 3, 2025",משרד התחבורה
3257,נתע,0.954712, ,0,0.954712,"רבעון 3, 2025",משרד התחבורה
3258,נתע,8.960551, ,0,8.960551,"רבעון 3, 2025",משרד התחבורה
3259,נתע,31.469112,שמעון ישראלי,0,31.469112,"רבעון 3, 2025",משרד התחבורה
3260,נתע,0.419264,שמעון ישראלי,0,0.419264,"רבעון 3, 2025",משרד התחבורה
3261,נתע,18.905921, ,0,18.905921,"רבעון 3, 2025",משרד התחבורה
3262,נתע,12.095552, ,0,12.095552,"רבעון 3, 2025",משרד התחבורה
3263,נתע,83.585510,כורש,0,83.585510,"רבעון 3, 2025",משרד התחבורה
3264,נתע,224.409385,מנחם בגין,0,224.409385,"רבעון 3, 2025",משרד התחבורה
3265,נתע,74.620354,כורש,0,74.620354,"רבעון 3, 2025",משרד התחבורה
3266,נתע,10.684968, ,0,10.684968,"רבעון 3, 2025",משרד התחבורה
3267,נתע,16.717408, ,0,16.717408,"רבעון 3, 2025",משרד התחבורה
3268,נתע,16.222105, ,0,16.222105,"רבעון 3, 2025",משרד התחבורה
3269,נתע,14.044568, ,0,14.044568,"רבעון 3, 2025",משרד התחבורה
3270,נתע,15.102393, ,0,15.102393,"רבעון 3, 2025",משרד התחבורה
3271,נתע,39.938311, ,0,39.938311,"רבעון 3, 2025",משרד התחבורה
3272,נתע,308.003170,מינסטר,0,308.003170,"רבעון 3, 2025",משרד התחבורה
3273,נתע,31.950497, ,0,31.950497,"רבעון 3, 2025",משרד התחבורה
3274,נתע,42.541258,מינסטר,0,42.541258,"רבעון 3, 2025",משרד התחבורה
3275,נתע,5.072187,פרופ' חבוט,0,5.072187,"רבעון 3, 2025",משרד התחבורה
3276,נתע,156.518057,הטכנולוגיה,0,156.518057,"רבעון 3, 2025",משרד התחבורה
3277,נתע,15.975348, ,0,15.975348,"רבעון 3, 2025",משרד התחבורה
3278,נתע,19.969140, ,0,19.969140,"רבעון 3, 2025",משרד התחבורה
3279,נתע,23.963058, ,0,23.963058,"רבעון 3, 2025",משרד התחבורה
3280,נתע,89.490993,דיסקונט,0,89.490993,"רבעון 3, 2025",משרד התחבורה
3281,נתע,64.103425, ,0,64.103425,"רבעון 3, 2025",משרד התחבורה
3282,נתיבי ישראל,570.928865, ,2042,570.928865,"רבעון 3, 2025",משרד התחבורה
3283,נתיבי ישראל,314.525755, ,2044,314.525755,"רבעון 3, 2025",משרד התחבורה
3284,נתיבי ישראל,522.243002, ,3263,522.243002,"רבעון 3, 2025",משרד התחבורה
3285,נתיבי ישראל,1082.862085, ,8965,1082.862085,"רבעון 3, 2025",משרד התחבורה
3286,נתיבי היובל,1247.402189, ,0,1247.402189,"רבעון 3, 2025",משרד התחבורה
3287,נתיבי היובל,677.356128, ,0,677.356128,"רבעון 3, 2025",משרד התחבורה
3288,נתיבי היובל,679.236893, ,0,679.236893,"רבעון 3, 2025",משרד התחבורה
3289,נתיבי היובל,742.645116, ,0,742.645116,"רבעון 3, 2025",משרד התחבורה
3290,דרך ארץ,4019.327498, ,444,4019.327498,"רבעון 3, 2025",משרד התחבורה
3291,דרך ארץ,370.382626, ,444,370.382626,"רבעון 3, 2025",משרד התחבורה
3292,נתיבי ישראל,144.986083, ,5505,144.986083,"רבעון 3, 2025",משרד התחבורה
3293,נתיבי ישראל,151.630622, ,444,151.630622,"רבעון 3, 2025",משרד התחבורה
3294,נתיבי ישראל,281.171775, ,55,281.171775,"רבעון 3, 2025",משרד התחבורה
3295,נתיבי היובל,420.827743, ,0,420.827743,"רבעון 3, 2025",משרד התחבורה
3296,נתיבי ישראל,532.049793, ,5505,532.049793,"רבעון 3, 2025",משרד התחבורה
3297,שפיר נתיב מהיר,488.191184,KM01,0,488.191184,"רבעון 3, 2025",משרד התחבורה
3298,שפיר נתיב מהיר,461.062243,KM03,0,461.062243,"רבעון 3, 2025",משרד התחבורה
3299,נתיבי ישראל,579.986694,KM02,0,579.986694,"רבעון 3, 2025",משרד התחבורה
3300,נתיבי ישראל,938.251286, ,8998,938.251286,"רבעון 3, 2025",משרד התחבורה
3301,נתיבי ישראל,1881.493609, ,854,1881.493610,"רבעון 3, 2025",משרד התחבורה
3302,נתיבי ישראל,400.726042, ,8998,400.726042,"רבעון 3, 2025",משרד התחבורה
3303,נתיבי ישראל,938.251286, ,8998,938.251286,"רבעון 3, 2025",משרד התחבורה
3304,חוצה ישראל,1565.950496, ,4,1565.950496,"רבעון 3, 2025",משרד התחבורה
3305,נתיבי ישראל,2254.508142, ,4103,2254.508142,"רבעון 3, 2025",משרד התחבורה
3306,נתיבי ישראל,500.086809, ,406,500.086809,"רבעון 3, 2025",משרד התחבורה
3307,דרך ארץ,31.437422, ,5505,31.437422,"רבעון 3, 2025",משרד התחבורה
3308,נתיבי ישראל,96.226245, ,444,96.226245,"רבעון 3, 2025",משרד התחבורה
3309,נתיבי ישראל,371.930546, ,0,371.930546,"רבעון 3, 2025",משרד התחבורה
3310,נתיבי ישראל,92.676085, ,0,92.676085,"רבעון 3, 2025",משרד התחבורה
3311,נתיבי ישראל,1020.632107, ,3104,1020.632107,"רבעון 3, 2025",משרד התחבורה
3312,נתיבי ישראל,104.156364, ,0,104.156364,"רבעון 3, 2025",משרד התחבורה
3313,נתיבי ישראל,45.531509, ,3104,45.531509,"רבעון 3, 2025",משרד התחבורה
3314,נתיבי ישראל,2440.691742, ,60,2440.691742,"רבעון 3, 2025",משרד התחבורה
3315,נתיבי ישראל,2147.912763, ,60,2147.912763,"רבעון 3, 2025",משרד התחבורה
3316,נתיבי ישראל,144.884431, ,0,144.884431,"רבעון 3, 2025",משרד התחבורה
3317,נתיבי ישראל,1204.738535, ,60,1204.738535,"רבעון 3, 2025",משרד התחבורה
3318,נתיבי ישראל,142.322028, ,0,142.322028,"רבעון 3, 2025",משרד התחבורה
3319,נתיבי ישראל,50.075659, ,60,50.075659,"רבעון 3, 2025",משרד התחבורה
3320,נתיבי ישראל,168.437756, ,60,168.437756,"רבעון 3, 2025",משרד התחבורה
3321,נתיבי ישראל,129.517211, ,0,129.517211,"רבעון 3, 2025",משרד התחבורה
3322,נתיבי ישראל,182.607044, ,552,182.607044,"רבעון 3, 2025",משרד התחבורה
3323,נתיבי ישראל,84.658729, ,552,84.658729,"רבעון 3, 2025",משרד התחבורה
3324,נתיבי ישראל,138.485378, ,555,138.485378,"רבעון 3, 2025",משרד התחבורה
3325,נתיבי ישראל,16777.964053, ,60,16777.964053,"רבעון 3, 2025",משרד התחבורה
3326,נתיבי ישראל,98.640357, ,552,98.640357,"רבעון 3, 2025",משרד התחבורה
3327,נתיבי ישראל,10.784277, ,60,10.784277,"רבעון 3, 2025",משרד התחבורה
3328,נתיבי ישראל,1209.469435, ,60,1209.469435,"רבעון 3, 2025",משרד התחבורה
3329,נתיבי ישראל,411.729978, ,3515,411.729978,"רבעון 3, 2025",משרד התחבורה
3330,נתיבי ישראל,2951.044110, ,60,2951.044110,"רבעון 3, 2025",משרד התחבורה
3331,נתיבי ישראל,235.065277, ,0,235.065277,"רבעון 3, 2025",משרד התחבורה
3332,נתיבי ישראל,828.629542, ,60,828.629542,"רבעון 3, 2025",משרד התחבורה
3333,נתיבי ישראל,186.826143, ,60,186.826143,"רבעון 3, 2025",משרד התחבורה
3334,נתיבי ישראל,195.768185, ,60,195.768185,"רבעון 3, 2025",משרד התחבורה
3335,נתיבי ישראל,82.230654, ,348,82.230654,"רבעון 3, 2025",משרד התחבורה
3336,נתיבי ישראל,11117.496739, ,60,11117.496739,"רבעון 3, 2025",משרד התחבורה
3337,נתיבי ישראל,6095.196385, ,348,6095.196385,"רבעון 3, 2025",משרד התחבורה
3338,נתיבי ישראל,70.625603, ,348,70.625603,"רבעון 3, 2025",משרד התחבורה
3339,נתיבי ישראל,5552.272077, ,65,5552.272077,"רבעון 3, 2025",משרד התחבורה
3340,נתיבי ישראל,1332.564428, ,65,1332.564428,"רבעון 3, 2025",משרד התחבורה
3341,נתיבי ישראל,165.688354, ,673,165.688354,"רבעון 3, 2025",משרד התחבורה
3342,נתיבי ישראל,597.335359, ,7158,597.335359,"רבעון 3, 2025",משרד התחבורה
3343,נתיבי ישראל,121.978844, ,673,121.978844,"רבעון 3, 2025",משרד התחבורה
3344,נתיבי ישראל,10935.256797, ,65,10935.256797,"רבעון 3, 2025",משרד התחבורה
3345,נתיבי ישראל,4467.583794, ,673,4467.583794,"רבעון 3, 2025",משרד התחבורה
3346,נתיבי ישראל,1461.261304, ,71,1461.261304,"רבעון 3, 2025",משרד התחבורה
3347,נתיבי ישראל,5227.006956, ,552,5227.006956,"רבעון 3, 2025",משרד התחבורה
3348,שדה תעופה הרצליה,103.839130, ,0,103.839130,"רבעון 3, 2025",משרד התחבורה
3349,נתע,226.371979,שד ירושלים,0,226.371979,"רבעון 3, 2025",משרד התחבורה
3350,נתע,20.721417, ,0,20.721417,"רבעון 3, 2025",משרד התחבורה
3351,נתע,55.613924, ,0,55.613924,"רבעון 3, 2025",משרד התחבורה
3352,נתע,61.593824, ,0,61.593824,"רבעון 3, 2025",משרד התחבורה
3353,נתע,60.747176, ,0,60.747176,"רבעון 3, 2025",משרד התחבורה
3354,נתע,350.451154, ,0,350.451154,"רבעון 3, 2025",משרד התחבורה
3355,נתע,45.833369, ,0,45.833369,"רבעון 3, 2025",משרד התחבורה
3356,נתע,287.280369, הלוחמים,0,287.280369,"רבעון 3, 2025",משרד התחבורה
3357,נתיבי ישראל,1970.423149, ,721,1970.423149,"רבעון 3, 2025",משרד התחבורה
3358,נתיבי היובל,85.948496, ,40,85.948497,"רבעון 3, 2025",משרד התחבורה
3359,חוצה צפון,148.983720, ,7224,148.983720,"רבעון 3, 2025",משרד התחבורה
3360,נתיבי ישראל,2827.518733, ,4,2827.518733,"רבעון 3, 2025",משרד התחבורה
3361,נתיבי ישראל,3419.608624, ,4,3419.608624,"רבעון 3, 2025",משרד התחבורה
3362,נתיבי ישראל,281.480713,RA05,0,281.480713,"רבעון 3, 2025",משרד התחבורה
3363,נתיבי ישראל,3966.900938, ,77,3966.900938,"רבעון 3, 2025",משרד התחבורה
3364,חוצה צפון,1431.812076,TC06,66,1431.812076,"רבעון 3, 2025",משרד התחבורה
3365,נתיבי ישראל,6687.776590, ,2,6687.776590,"רבעון 3, 2025",משרד התחבורה
3366,שפיר נתיב מהיר,1264.437707, ,0,1264.437707,"רבעון 3, 2025",משרד התחבורה
3367,דרך ארץ,333.379967,DA1W,1,333.379967,"רבעון 3, 2025",משרד התחבורה
3368,נתיבי ישראל,167.594330,CN01,0,167.594330,"רבעון 3, 2025",משרד התחבורה
3369,נתיבי ישראל,1411.590511, ,3922,1411.590511,"רבעון 3, 2025",משרד התחבורה
3370,דרך ארץ,24.118213, ,44,24.118213,"רבעון 3, 2025",משרד התחבורה
3371,נתיבי ישראל,262.481460, ,7224,262.481460,"רבעון 3, 2025",משרד התחבורה
3372,נתיבי ישראל,1147.162473,הפלמ"ח טבריה,0,1147.162473,"רבעון 3, 2025",משרד התחבורה
3373,נתיבי ישראל,20.000391, ,7111,20.000391,"רבעון 3, 2025",משרד התחבורה
3374,נתיבי ישראל,45.694993, ,0,45.694993,"רבעון 3, 2025",משרד התחבורה
3375,נתיבי ישראל,24.373200,אלונים,0,24.373200,"רבעון 3, 2025",משרד התחבורה
3376,נתיבי ישראל,40.802607, ,0,40.802607,"רבעון 3, 2025",משרד התחבורה
3377,נתיבי ישראל,108.709745, ,8696,108.709745,"רבעון 3, 2025",משרד התחבורה
3378,נתיבי ישראל,302.038752, ,4458,302.038752,"רבעון 3, 2025",משרד התחבורה
3379,נתיבי ישראל,518.947917, ,3924,518.947917,"רבעון 3, 2025",משרד התחבורה
3380,דרך ארץ,614.737846, ,5614,614.737846,"רבעון 3, 2025",משרד התחבורה
3381,נתיבי ישראל,995.559059, ,0,995.559059,"רבעון 3, 2025",משרד התחבורה
3382,נתיבי ישראל,1470.890981, ,2112,1470.890981,"רבעון 3, 2025",משרד התחבורה
3383,נתיבי ישראל,748.868556, ,2112,748.868556,"רבעון 3, 2025",משרד התחבורה
3384,משרד הביטחון,1412.788472, ,3104,1412.788472,"רבעון 3, 2025",משרד התחבורה
3385,נתיבי ישראל,75.719244, ,0,75.719244,"רבעון 3, 2025",משרד התחבורה
3386,נתיבי ישראל,444.518882, ,5616,444.518882,"רבעון 3, 2025",משרד התחבורה
3387,נתיבי ישראל,753.844155, ,3926,753.844155,"רבעון 3, 2025",משרד התחבורה
3388,נתיבי ישראל,46.791680, ,0,46.791680,"רבעון 3, 2025",משרד התחבורה
3389,נתיבי ישראל,28.415503, ,0,28.415503,"רבעון 3, 2025",משרד התחבורה
3390,נתיבי ישראל,7775.531178, ,2,7775.531178,"רבעון 3, 2025",משרד התחבורה
3391,נתיבי ישראל,1209.737297, ,9,1209.737297,"רבעון 3, 2025",משרד התחבורה
3392,נתיבי ישראל,1156.796554, ,471,1156.796554,"רבעון 3, 2025",משרד התחבורה
3393,נתיבי ישראל,1640.501464, ,471,1640.501464,"רבעון 3, 2025",משרד התחבורה
3394,נתיבי היובל,703.739551, ,1,703.739551,"רבעון 3, 2025",משרד התחבורה
3395,נתיבי ישראל,1077.212397, ,4,1077.212397,"רבעון 3, 2025",משרד התחבורה
3396,נתיבי ישראל,21720.598387, ,6,21720.598387,"רבעון 3, 2025",משרד התחבורה
3397,נתיבי ישראל,7354.699042, ,6,7354.699042,"רבעון 3, 2025",משרד התחבורה
3398,נתיבי ישראל,376.678703, ,3571,376.678703,"רבעון 3, 2025",משרד התחבורה
3399,נתיבי ישראל,451.081483, ,0,451.081483,"רבעון 3, 2025",משרד התחבורה
3400,חוצה ישראל,39.540480, ,4,39.540480,"רבעון 3, 2025",משרד התחבורה
3401,נתע,313.449367,זבולון המר,0,313.449367,"רבעון 3, 2025",משרד התחבורה
3402,נתע,90.212370,דרך המלך,0,90.212370,"רבעון 3, 2025",משרד התחבורה
3403,נתע,85.995312,סמטת משה דיין,0,85.995312,"רבעון 3, 2025",משרד התחבורה
3404,נתע,103.598156,יוני נתניהו,0,103.598156,"רבעון 3, 2025",משרד התחבורה
3405,נתע,115.059601,מנחם בגין,0,115.059601,"רבעון 3, 2025",משרד התחבורה
3406,נתע,159.792615,אורי צבי גרינברג,0,159.792615,"רבעון 3, 2025",משרד התחבורה
3407,נתע,208.520466, ,0,208.520466,"רבעון 3, 2025",משרד התחבורה
3408,חוצה ישראל,106.985749, ,70,106.985749,"רבעון 3, 2025",משרד התחבורה
3409,חוצה ישראל,579.507030, ,79,579.507030,"רבעון 3, 2025",משרד התחבורה
3410,נתיבי ישראל,135.318961,SO03,0,135.318961,"רבעון 3, 2025",משרד התחבורה
3411,חוצה ישראל,1132.076839, ,79,1132.076839,"רבעון 3, 2025",משרד התחבורה
3412,נתיבי ישראל,771.874815, ,89,771.874815,"רבעון 3, 2025",משרד התחבורה
3413,נתיבי ישראל,18925.551352, ,89,18925.551352,"רבעון 3, 2025",משרד התחבורה
3414,נתיבי ישראל,1114.387326, ,8910,1114.387326,"רבעון 3, 2025",משרד התחבורה
